18565893			 Ser707Pro 	Protein	SUB	S|707|P
18558293	1219	1225	697C>T	DNA	SUB	C|697|T
18558293	1240	1245	R233X	Protein	SUB	R|233|X
18558293			 A39P 	Protein	SUB	A|39|P
18431743			 F31I 	Protein	SUB	F|31|I
18431743			 L10P 	Protein	SUB	L|10|P
18431743			 N372H 	Protein	SUB	N|372|H
18431743	331	340	rs2273535	SNP	SNP	rs2273535
18431743	359	367	rs144848	SNP	SNP	rs144848
18431743	380	389	rs2854344	SNP	SNP	rs2854344
18431743	411	420	rs2811712	SNP	SNP	rs2811712
18431743	441	449	rs523349	SNP	SNP	rs523349
18431743	482	491	rs1045485	SNP	SNP	rs1045485
18431743	512	521	rs1982073	SNP	SNP	rs1982073
18375489			 E545K)	Protein	SUB	E|545|K
18375489			(H1047L,	Protein	SUB	H|1047|L
18375489			 H1047R,	Protein	SUB	H|1047|R
18372405			 p.Gly160Arg 	Protein	SUB	G|160|R
18332865			(G129E)	Protein	SUB	G|129|E
18307025			 Y220C,	Protein	SUB	Y|220|C
18288683			 V925L 	Protein	SUB	V|925|L
18241035			 G479E 	Protein	SUB	G|479|E
18241035			 L792F.	Protein	SUB	L|792|F
18193092			 G735S,	Protein	SUB	G|735|S
18193092			 G796S 	Protein	SUB	G|796|S
18193092			 R841K.	Protein	SUB	R|841|K
18186519			 G12V,	Protein	SUB	G|12|V
18186519			 G13D,	Protein	SUB	G|13|D
18186519			 V600E 	Protein	SUB	V|600|E
18083510			(p.Arg259His)	Protein	SUB	R|259|H
18083510			  p.Ser313Gly,	Protein	SUB	S|313|G
18036263			 A1708V 	Protein	SUB	A|1708|V
18036263			 G1738R,	Protein	SUB	G|1738|R
18036263			 R1699Q 	Protein	SUB	R|1699|Q
17848578			 Q564H,	Protein	SUB	Q|564|H
17848578			 S761N)	Protein	SUB	S|761|N
17848578			 V695L,	Protein	SUB	V|695|L
17553133	76	81	A908G	DNA	SUB	A|908|G
17550384			 R389C)	Protein	SUB	R|389|C
17541742	604	613	13398 G>A	DNA	SUB	G|13398|A
17541742	1235	1244	14538 G>A	DNA	SUB	G|14538|A
17541742			(Arg213Gln)	Protein	SUB	R|213|Q
17541742			(Arg290His)	Protein	SUB	R|290|H
17531442			 S1280A)	Protein	SUB	S|1280|A
17517479			 asparagine for aspartic acid 	Protein	SUB	D|1853|N
17502119			 P1054R 	Protein	SUB	P|1054|R
17493881			 R1699W 	Protein	SUB	R|1699|W
17493881			 V1833M 	Protein	SUB	V|1833|M
17443496	685	690	G128T	DNA	SUB	G|128|T
17443496	825	829	T35C	DNA	SUB	T|35|C
17443496	913	917	T35C	DNA	SUB	T|35|C
17443496	941	946	G128T	DNA	SUB	G|128|T
17443496	1108	1113	G128T	DNA	SUB	G|128|T
17443496	1123	1127	T35C	DNA	SUB	T|35|C
17427234			(R337H)	Protein	SUB	R|337|H
17317153			 Pro871Leu)	Protein	SUB	P|871|L
17130833			 R280K 	Protein	SUB	R|280|K
17130833			(V143A)	Protein	SUB	V|143|A
17020975			 Arg462Gln,	Protein	SUB	R|462|Q
17001622	62	68	V2424G	Protein	SUB	V|2424|G
17001622	354	361	7271T>G	DNA	SUB	T|7271|G
17001622	363	369	V2424G	Protein	SUB	V|2424|G
17001622	573	580	7271T>G	DNA	SUB	T|7271|G
17001622	1048	1054	V2424G	Protein	SUB	V|2424|G
17001622	1346	1352	V2424G	Protein	SUB	V|2424|G
17001622	1437	1443	V2424G	Protein	SUB	V|2424|G
17001622	1589	1595	V2424G	Protein	SUB	V|2424|G
17001622	1725	1731	V2424G	Protein	SUB	V|2424|G
17001622			 V2424G 	Protein	SUB	V|2424|G
16969499			 W1837R 	Protein	SUB	W|1837|R
16963262			 P434L 	Protein	SUB	P|434|L
16963262			 V647M 	Protein	SUB	V|647|M
16941491	590	601	c.1022T > G	DNA	SUB	T|1022|G
16941491	618	632	c.108-109ins22	DNA	INS	|108_109|22
16941491	633	645	p.His37fsX13	Protein	FS	H|37||13
16941491	1024	1033	c.1160C>T	DNA	SUB	C|1160|T
16941491			/p.Phe341Cys 	Protein	SUB	F|341|C
16941491			/p.Gln136His)	Protein	SUB	Q|136|H
16941491			 Thr387 to Asn 	Protein	SUB	T|387|N
16835864	465	475	c.967A > C	DNA	SUB	A|967|C
16835864			(p.E321K)	Protein	SUB	E|321|K
16835864			(p.R117G)	Protein	SUB	R|117|G
16825437			 Ser558Pro 	Protein	SUB	S|558|P
16760288	1009	1016	1575T/C	DNA	SUB	T|1575|C
16760288	1021	1028	1767A/C	DNA	SUB	A|1767|C
16760288			 F486L 	Protein	SUB	F|486|L
16760288			 N550H 	Protein	SUB	N|550|H
16760288			 Y179C,	Protein	SUB	Y|179|C
16741917			 V274F 	Protein	SUB	V|274|F
16652348			 Phe858Leu   	Protein	SUB	F|858|L
16652348			 Ser49Cys   	Protein	SUB	S|49|C
16652348			(c.2572T>C,	DNA	SUB	T|2572|C
16503999			 H63D 	Protein	SUB	H|63|D
16333312			 Val507Met 	Protein	SUB	V|507|M
16282370			 S650D 	Protein	SUB	S|650|D
16280053			 P47A 	Protein	SUB	P|47|A
16061562	818	824	T2006C	DNA	SUB	T|2006|C
16061562	837	843	A2286G	DNA	SUB	A|2286|G
16061562	857	863	T2006C	DNA	SUB	T|2006|C
16061562	955	961	G1743C	DNA	SUB	G|1743|C
16061562			(C557S)	Protein	SUB	C|557|S
16061562			(C645R)	Protein	SUB	C|645|R
16061562			 G1743C 	DNA	SUB	G|1743|C
16061562			 I738V)	Protein	SUB	I|738|V
16061562			(S761N)	Protein	SUB	S|761|N
16039774			 R227Q,	Protein	SUB	R|227|Q
16039774			 V89L 	Protein	SUB	V|89|L
15870154	345	356	3205T --> C	DNA	SUB	T|3205|C
15870154			 Ile462Val,	Protein	SUB	I|462|V
15870154			 Thr461Asp 	Protein	SUB	T|461|D
15863270			 Arg781His)	Protein	SUB	R|781|H
15863270			(Ser217Leu,	Protein	SUB	S|217|L
15714208	427	437	471delAAAG	DNA	DEL	|471|AAAG
15714208			 D541E)	Protein	SUB	D|541|E
15714208			(I97L,	Protein	SUB	I|97|L
15714208			(R400P)	Protein	SUB	R|400|P
15714208			 R462Q)	Protein	SUB	R|462|Q
15665273			/S251A/	Protein	SUB	S|251|A
15665273			/S288A/	Protein	SUB	S|288|A
15665273			/T299A,	Protein;DNA	SUB	T|299|A
15649950			.S428F 	Protein	SUB	S|428|F
15617028			 E872Q 	Protein	SUB	E|872|Q
15617028			 G142V 	Protein	SUB	G|142|V
15617028			 M886I)	Protein	SUB	M|886|I
15235021				Protein	SUB	R|732|Q
15235021				Protein	SUB	W|409|R
15146458			 p.Tyr140His 	Protein	SUB	Y|140|H
15101044				DNA	SUB	C|3161|G
15101044				DNA	SUB	T|2572|C
15101044				Protein	SUB	F|858|L
15059511	1257	1263	A1093C	DNA	SUB	A|1093|C
15059511	1291	1298	A 3199G	DNA	SUB	A|3199|G
15059511			 C1196T 	Protein;DNA	SUB	C|1196|T
15059511			(Asn289His)	Protein	SUB	N|289|H
15059511			 Asn 371 His 	Protein	SUB	N|371|H
15059511			(Asn991Asp)	Protein	SUB	N|991|D
15059511			(Pro 359 Leu)	Protein	SUB	P|359|L
15042566			 AAG to TAG 	Protein	SUB	K|139|XAA
14683420	1384	1389	I105V	Protein	SUB	I|105|V
14683420			 R72P 	Protein	SUB	R|72|P
14583476			 G296V,	Protein	SUB	G|296|V
14583476			(G59S,	Protein	SUB	G|59|S
14583476			 I220V,	Protein	SUB	I|220|V
14583476			 I97L,	Protein	SUB	I|97|L
14583476			(R462Q)	Protein	SUB	R|462|Q
14583476			 S322F,	Protein	SUB	S|322|F
14583476			 Y529C,	Protein	SUB	Y|529|C
12949798			 Ser217Leu 	Protein	SUB	S|217|L
12949798			(Ser627Leu)	Protein	SUB	S|627|L
12872252			 Val524Ile 	Protein	SUB	V|524|I
12786840			(c.334C-->G)	DNA	SUB	C|334|G
12786840			 R156G)	Protein	SUB	R|156|G
12649339	296	301	Q563X	Protein	SUB	Q|563|X
12649339			(S215I)	Protein	SUB	S|215|I
12649339				Protein	SUB	S|215|I
12645254			 M1652I)	Protein	SUB	M|1652|I
12645254			 M1775R,	Protein	SUB	M|1775|R
12645254			(S1613G  	Protein	SUB	S|1613|G
12645254			 W1837R 	Protein	SUB	W|1837|R
12516098			 Pro1315Leu 	Protein	SUB	P|1315|L
12100746			 valine to leucine 	Protein	SUB	V|89|L
11742035			 W741C,	Protein	SUB	W|741|C
11742035	806	811	G166S	Protein	SUB	G|166|S
11369138			 TAC-->TAA 	Protein	SUB	Y|750|X
11212236			 N435S,	Protein	SUB	N|435|S
11212236			(V387M,	Protein	SUB	V|387|M
11212236			 V447A,	Protein	SUB	V|447|A
10901165			 lys291asn,	Protein	SUB	K|291|N
10901165			 pro250ala,	Protein	SUB	P|250|A
10901165			 ser240ile,	Protein	SUB	S|240|I
10485478			 G1464E,	Protein	SUB	G|1464|E
10485478			 I1572T,	Protein	SUB	I|1572|T
10485478			 Q1445H 	Protein	SUB	Q|1445|H
9585599			 R841W 	Protein	SUB	R|841|W
9407971			(R248W 	Protein	SUB	R|248|W
9407971			 R249S)	Protein	SUB	R|249|S
9407971			 R273H)	Protein	SUB	R|273|H
7798298			(AGC to ATC)	Protein	SUB	S|1081|I
22016685	1109	1118	c.1517A>G	DNA	SUB	A|1517|G
22016685	1206	1217	p.Asp506Gly	Protein	SUB	D|506|G
22016685	1254	1263	Asp506Gly	Protein	SUB	D|506|G
22016685	26	35	Asp506Gly	Protein	SUB	D|506|G
21850008	1124	1131	A11470C	DNA	SUB	A|11470|C
21850008	1133	1140	T13046C	DNA	SUB	T|13046|C
21850008	727	733	A3243G	DNA	SUB	A|3243|G
21850008	856	863	G13513A	DNA	SUB	G|13513|A
21850008	909	916	T10191C	DNA	SUB	T|10191|C
21850008	918	924	p.S45P	Protein	SUB	S|45|P
21850008	934	941	A11470C	DNA	SUB	A|11470|C
21850008	943	951	p. K237N	Protein	SUB	K|237|N
21850008	961	968	T13046C	DNA	SUB	T|13046|C
21850008	970	977	p.M237T	Protein	SUB	M|237|T
22104738	466	474	c.920T>G	DNA	SUB	T|920|G
22104738	476	487	p.Leu307Arg	Protein	SUB	L|307|R
22104738	619	627	c.920T>G	DNA	SUB	T|920|G
21499297	1552	1561	rs2297882	SNP	SNP	rs2297882
21695597	1025	1033	rs204890	SNP	SNP	rs204890
21695597	1065	1074	rs2071349	SNP	SNP	rs2071349
21695597	1110	1119	rs2844580	SNP	SNP	rs2844580
21695597	1196	1205	rs9271366	SNP	SNP	rs9271366
21695597	1576	1585	rs9271366	SNP	SNP	rs9271366
21695597	891	900	rs9271366	SNP	SNP	rs9271366
22048266	1215	1224	rs2073601	SNP	SNP	rs2073601
22048266	804	812	rs461155	SNP	SNP	rs461155
22048266	900	909	rs2073601	SNP	SNP	rs2073601
22048266	910	919	rs2073416	SNP	SNP	rs2073416
22028770	1553	1560	-491A/T	DNA	SUB	A|-491|T
22028770	1748	1755	-491A/T	DNA	SUB	A|-491|T
22028770	1757	1764	-219G/T	DNA	SUB	G|-219|T
22028770	1766	1774	rs405509	SNP	SNP	rs405509
22028770	1781	1788	+113G/C	DNA	SUB	G|+113|C
22028770	1790	1798	rs440446	SNP	SNP	rs440446
22028770	2011	2018	-491A/T	DNA	SUB	A|-491|T
22028770	49	57	-491 A/T	DNA	SUB	A|-491|T
22028770	745	752	-491A/T	DNA	SUB	A|-491|T
22028770	754	762	rs449647	SNP	SNP	rs449647
22028770	857	868	-491 A to T	DNA	SUB	A|-491|T
21904390	1245	1255	c.357-3C>G	DNA	SUB	C|357-3|G
21904390	1257	1268	p.Ser119fsX	Protein	FS	S|119||
21904390	1345	1353	c.643T>C	DNA	SUB	T|643|C
21904390	1355	1362	p.S216P	Protein	SUB	S|216|P
21904390	1434	1441	p.S216P	Protein	SUB	S|216|P
21496008	1016	1023	dup24bp	DNA	DUP	||24|
21496008	1045	1052	dup27bp	DNA	DUP	||27|
21496008	1054	1061	dup33bp	DNA	DUP	||33|
21496008	1147	1156	c.1074G>T	DNA	SUB	G|1074|T
21496008	524	537	c.304ins(GCG)	DNA	INS	|304|GCG
21496008	563	575	c.429_452dup	DNA	DUP	|429_452||
21496008	577	584	dup24bp	DNA	DUP	||24|
21496008	971	978	dup24bp	DNA	DUP	||24|
21976953	1018	1027	c.3703T>C	DNA	SUB	T|3703|C
21976953	1154	1162	p.S1235P	Protein	SUB	S|1235|P
21976953	1540	1548	p.S1235P	Protein	SUB	S|1235|P
21799811	1639	1645	677C>T	DNA	SUB	C|677|T
21799811	1708	1714	677C>T	DNA	SUB	C|677|T
21799811	22	29	677 C>T	DNA	SUB	C|677|T
21799811	360	366	677C>T	DNA	SUB	C|677|T
21799811	938	944	677C>T	DNA	SUB	C|677|T
21879313	1047	1056	rs8099917	SNP	SNP	rs8099917
21879313	1425	1434	rs8099917	SNP	SNP	rs8099917
21879313	1905	1914	rs8099917	SNP	SNP	rs8099917
21879313	9	18	rs8099917	SNP	SNP	rs8099917
20854438	1233	1237	G86R	Protein	SUB	G|86|R
20854438	1496	1500	G86R	Protein	SUB	G|86|R
20854438	1689	1693	G86R	Protein	SUB	G|86|R
20854438	1105	1142	G to A substitution in nucleotide 256	DNA	SUB	G|256|A
20887110	1165	1170	C677T	DNA	SUB	C|677|T
20887110	1443	1452	677 C-->T	DNA	SUB	C|677|T
20887110	471	505	C-->T transition at nucleotide 677	DNA	SUB	C|677|T
20887110	780	789	677 C-->T	DNA	SUB	C|677|T
20602574	1238	1244	T-189C	DNA	SUB	T|-189|C
20602574	1321	1327	G-218C	DNA	SUB	G|-218|C
20602574	1332	1338	T-189C	DNA	SUB	T|-189|C
21080147	923	960	alanine for proline at amino acid 286	Protein	SUB	P|286|A
21080147	1203	1211	c.973G>A	DNA	SUB	G|973|A
21080147	1263	1305	lysine for glutamic acid at amino acid 325	Protein	SUB	E|325|K
21080147	1307	1312	E325K	Protein	SUB	E|325|K
21080147	827	877	C-to-G transition was identified at nucleotide 857	DNA	SUB	C|857|G
20708777	1232	1238	rs4539	SNP	SNP	rs4539
20708777	1763	1769	rs4539	SNP	SNP	rs4539
20708777	791	800	rs1799998	SNP	SNP	rs1799998
20708777	802	809	C-344 T	DNA	SUB	C|-344|T
20708777	833	839	rs4539	SNP	SNP	rs4539
20708777	841	847	A2718G	DNA	SUB	A|2718|G
20708777	868	874	rs6410	SNP	SNP	rs6410
20708777	876	882	G22 5A	DNA	SUB	G|225|A
20708777	885	891	rs6387	SNP	SNP	rs6387
20708777	893	899	A2803G	DNA	SUB	A|2803|G
20806042	1071	1078	p.R198W	Protein	SUB	R|198|W
20806042	647	657	c.592C-->T	DNA	SUB	C|592|T
20806042	858	865	p.R198W	Protein	SUB	R|198|W
20949073	575	580	E831X	Protein	SUB	E|831|X
20949073	591	598	2623G>T	DNA	SUB	G|2623|T
20534762	1066	1073	313delT	DNA	DEL	|313|T
20534762	1075	1086	C105Vfs114X	Protein	FS	C|105|V|114
20534762	1209	1213	C88Y	Protein	SUB	C|88|Y
20534762	1383	1387	C88Y	Protein	SUB	C|88|Y
20534762	1519	1523	C88Y	Protein	SUB	C|88|Y
20529581	1150	1160	c.899A > T	DNA	SUB	A|899|T
20529581	1421	1432	Asp 300 Val	Protein	SUB	D|300|V
20523265	1298	1307	rs2274700	SNP	SNP	rs2274700
20523265	1312	1321	rs1410996	SNP	SNP	rs1410996
20523265	1780	1789	rs3753394	SNP	SNP	rs3753394
20523265	1804	1812	rs800292	SNP	SNP	rs800292
20523265	1827	1836	rs1061170	SNP	SNP	rs1061170
20523265	1856	1865	rs1329428	SNP	SNP	rs1329428
20523265	1888	1897	rs7535263	SNP	SNP	rs7535263
20523265	1899	1908	rs1410996	SNP	SNP	rs1410996
20523265	1913	1922	rs2274700	SNP	SNP	rs2274700
20523265	906	915	rs3753394	SNP	SNP	rs3753394
20523265	930	938	rs800292	SNP	SNP	rs800292
20523265	953	962	rs1061170	SNP	SNP	rs1061170
20523265	982	991	rs1329428	SNP	SNP	rs1329428
20005218	1009	1015	G-395A	DNA	SUB	G|-395|A
20005218	1042	1048	G-395A	DNA	SUB	G|-395|A
20005218	1481	1487	G-395A	DNA	SUB	G|-395|A
20005218	1603	1609	G-395A	DNA	SUB	G|-395|A
20005218	302	308	G-395A	DNA	SUB	G|-395|A
20005218	471	477	G-395A	DNA	SUB	G|-395|A
20005218	658	664	G-395A	DNA	SUB	G|-395|A
20005218	814	820	G-395A	DNA	SUB	G|-395|A
19897031	1039	1049	rs12203592	SNP	SNP	rs12203592
19897031	1196	1206	rs12203592	SNP	SNP	rs12203592
19897031	775	785	rs12203592	SNP	SNP	rs12203592
19766614	1090	1102	p.S124fsX127	Protein	FS	S|124||127
19766614	1339	1352	c.370-371insA	DNA	INS	|370_371|A
19766614	980	993	c.370-371insA	DNA	INS	|370_371|A
19681861	431	440	rs1799750	SNP	SNP	rs1799750
19559455	982	989	Delta32	DNA	DEL	||32
19444361	1048	1055	2209G>A	DNA	SUB	G|2209|A
19444361	7	14	2209G>A	DNA	SUB	G|2209|A
19444361	842	849	2209G>A	DNA	SUB	G|2209|A
19444361	851	860	rs1800255	SNP	SNP	rs1800255
19429807	582	591	c.3943G>A	DNA	SUB	G|3943|A
19429807	593	601	p.G1315R	Protein	SUB	G|1315|R
19429807	686	701	c.1544-?_2916+?	DNA	DEL	|1544-?_2916+?|
19394258	420	431	c.444-62C>A	DNA	SUB	C|444-62|A
19365571	1117	1125	c.892C>T	DNA	SUB	C|892|T
19365571	1130	1139	c.1072T>C	DNA	SUB	T|1072|C
19365571	1290	1297	p.Q298X	Protein	SUB	Q|298|X
19365571	1360	1367	p.Y358H	Protein	SUB	Y|358|H
19298002	956	963	16C-->A	DNA	SUB	C|16|A
19298002	969	994	reference SNP no. 4359426	SNP	SNP	rs4359426
19129715	1073	1077	C60S	Protein	SUB	C|60|S
19129715	1078	1083	L244F	Protein	SUB	L|244|F
19129715	886	900	1308_1316 dup9	DNA	DUP	|1308_1316|9|
19110214	922	935	c.6799G --> A	DNA	SUB	G|6799|A
19110214	953	961	p.D2267N	Protein	SUB	D|2267|N
19082493	1040	1052	ins/del 6 bp	DNA	INDEL	|6
19082493	1119	1131	ins/del 6 bp	DNA	INDEL	|6
19082493	886	898	ins/del 6 bp	DNA	INDEL	|6
19012332	415	424	Arg282Trp	Protein	SUB	R|282|W
18827003	1299	1304	D401H	Protein	SUB	D|401|H
18827003	1601	1606	D401H	Protein	SUB	D|401|H
18827003	1701	1706	D401H	Protein	SUB	D|401|H
18827003	558	597	(G --> C) substitution at position 1201	DNA	SUB	G|1201|C
18827003	845	850	D401H	Protein	SUB	D|401|H
18827003	935	940	D401H	Protein	SUB	D|401|H
18813858	624	631	520delG	DNA	DEL	|520|G
18813858	731	737	T1135A	DNA	SUB	T|1135|A
18806880	1378	1385	1493A>T	DNA	SUB	A|1493|T
18806880	1510	1515	E498V	Protein	SUB	E|498|V
18806880	1829	1834	E498V	Protein	SUB	E|498|V
18779591	1354	1359	I146L	Protein	SUB	I|146|L
18779591	806	820	Ile(146)-->Leu	Protein	SUB	I|146|L
18779591	963	968	I146L	Protein	SUB	I|146|L
18385169	1138	1145	-308G>A	DNA	SUB	G|-308|A
18385169	1302	1308	252A>G	DNA	SUB	A|252|G
18385169	217	224	-308G>A	DNA	SUB	G|-308|A
18385169	5	12	-308G>A	DNA	SUB	G|-308|A
18272172	1347	1356	2398+1G>C	DNA	SUB	G|2398+1|C
18272172	261	270	2398+1G>C	DNA	SUB	G|2398+1|C
18272172	397	406	2398+1G>C	DNA	SUB	G|2398+1|C
18272172	618	627	2398+1G>C	DNA	SUB	G|2398+1|C
18270997	341	346	G472A	DNA	SUB	G|472|A
18270997	360	369	Val158Met	Protein	SUB	V|158|M
18270997	679	684	G472A	DNA	SUB	G|472|A
18270997	79	88	Val158Met	Protein	SUB	V|158|M
18270997	899	904	G472A	DNA	SUB	G|472|A
18270997	973	978	G472A	DNA	SUB	G|472|A
18266724	387	392	C314T	DNA	SUB	C|314|T
18266724	429	438	Thr105Ile	Protein	SUB	T|105|I
18164595	1043	1055	1782-83delAG	DNA	DEL	|1782_83|AG
18164595	1173	1181	3097delG	DNA	DEL	|3097|G
18164595	1319	1324	N970S	Protein	SUB	N|970|S
18164595	1257	1292	A-to-G transition at nucleotide 276	DNA	SUB	A|276|G
18046082	1420	1440	arginine 150 proline	Protein	SUB	R|150|P
18046082	46	66	arginine 150 proline	Protein	SUB	R|150|P
18046082	954	1007	nucleotide G to C point mutation in exon 4 (base 308)	DNA	SUB	G|308|C
17951029	1058	1094	G>T substitution at nucleotide c.898	DNA	SUB	G|898|T
17951029	1232	1239	p.E300X	Protein	SUB	E|300|X
17951029	64	71	p.E300X	Protein	SUB	E|300|X
17868390	24	34	IVS8+4 A>G	DNA	SUB	A|IVS8+4|G
17868390	659	669	IVS8+4 A>G	DNA	SUB	A|IVS8+4|G
17868390	998	1008	IVS8+4 A>G	DNA	SUB	A|IVS8+4|G
17635946	1082	1087	F737L	Protein	SUB	F|737|L
17635946	1697	1702	F737L	Protein	SUB	F|737|L
17635946	793	832	(T --> C) substitution at position 2209	DNA	SUB	T|2209|C
17634480	1010	1018	rs713041	SNP	SNP	rs713041
17634480	797	805	rs713041	SNP	SNP	rs713041
17634480	810	818	rs757229	SNP	SNP	rs757229
17615540	1093	1097	T87M	Protein	SUB	T|87|M
17615540	743	748	C260T	DNA	SUB	C|260|T
17615540	934	939	C260T	DNA	SUB	C|260|T
17595233	2271	2276	D299G	Protein	SUB	D|299|G
17595233	2286	2291	P631H	Protein	SUB	P|631|H
17495183	1039	1048	rs2073162	SNP	SNP	rs2073162
17495183	1282	1291	rs2073162	SNP	SNP	rs2073162
17495183	1317	1326	rs2073163	SNP	SNP	rs2073163
17495183	1356	1365	rs1155974	SNP	SNP	rs1155974
17495183	824	833	rs5966709	SNP	SNP	rs5966709
17495183	835	844	rs4828037	SNP	SNP	rs4828037
17495183	855	865	rs11798018	SNP	SNP	rs11798018
17495183	876	885	rs2073163	SNP	SNP	rs2073163
17495183	890	899	rs1155794	SNP	SNP	rs1155794
17372760	1086	1096	IVS10-1G>A	DNA	SUB	G|IVS10-1|A
17372760	1140	1145	L638P	Protein	SUB	L|638|P
17221831	1428	1432	G51S	Protein	SUB	G|51|S
17221831	4	8	G51S	Protein	SUB	G|51|S
17221831	866	870	G51S	Protein	SUB	G|51|S
17177139	1107	1114	1284A>C	DNA	SUB	A|1284|C
17177139	1198	1203	E333D	Protein	SUB	E|333|D
17177139	1295	1300	E333D	Protein	SUB	E|333|D
17177139	1509	1514	E333D	Protein	SUB	E|333|D
17177139	18	23	E333D	Protein	SUB	E|333|D
17177139	1931	1936	E333D	Protein	SUB	E|333|D
17177139	497	502	E333D	Protein	SUB	E|333|D
17065190	1067	1076	rs3917887	SNP	SNP	rs3917887
17065190	1078	1094	AGCTCCTCCTTCTC/-	DNA	DEL	||AGCTCCTCCTTCTC
17065190	924	933	rs2857657	SNP	SNP	rs2857657
17065190	949	955	rs4586	SNP	SNP	rs4586
17065190	995	1002	rs13900	SNP	SNP	rs13900
17003923	1104	1111	1691G>A	DNA	SUB	G|1691|A
17003923	1140	1147	4070A>G	DNA	SUB	A|4070|G
17003923	1185	1194	Arg353Gln	Protein	SUB	R|353|Q
17003923	1208	1216	Val34Leu	Protein	SUB	V|34|L
17003923	1234	1241	-455G>A	DNA	SUB	G|-455|A
17003923	1255	1263	20210G>A	DNA	SUB	G|20210|A
17003923	1322	1328	536C>T	DNA	SUB	C|536|T
17003923	1345	1351	127G>A	DNA	SUB	G|127|A
17003923	1467	1474	1601G>A	DNA	SUB	G|1601|A
17003923	1746	1752	807C>T	DNA	SUB	C|807|T
17003923	1790	1796	677C>T	DNA	SUB	C|677|T
17003923	1849	1855	807C>T	DNA	SUB	C|807|T
17002658	1222	1238	g.10435_10809del	DNA	DEL	|10435_10809|
17002658	1332	1336	R-4Q	Protein	SUB	R|-4|Q
17002658	1440	1444	R-4Q	Protein	SUB	R|-4|Q
17002658	62	66	R-4Q	Protein	SUB	R|-4|Q
17002658	838	850	g.1755 G > A	DNA	SUB	G|1755|A
17002658	997	1001	R-4Q	Protein	SUB	R|-4|Q
16989765	1584	1593	His158Arg	Protein	SUB	H|158|R
16989765	8	17	His158Arg	Protein	SUB	H|158|R
16989765	981	990	His158Arg	Protein	SUB	H|158|R
16953235	1036	1042	p.I11T	Protein	SUB	I|11|T
16953235	1131	1137	p.I11T	Protein	SUB	I|11|T
16953235	482	489	c.32C>T	DNA	SUB	C|32|T
16953235	530	536	p.I11T	Protein	SUB	I|11|T
16911351	1027	1040	904-906delGAG	DNA	DEL	|904_906|GAG
16911351	872	882	c.646G > C	DNA	SUB	G|646|C
16911351	884	893	Asp216His	Protein	SUB	D|216|H
16840830	1003	1045	A to G transition at codon 557 (AAG-->GAG)	Protein	SUB	K|557|E
16840830	1192	1235	mutation at codon 418 of exon 9 (GAC-->TAT)	Protein	SUB	D|418|Y
16838170	1037	1046	rs4810424	SNP	SNP	rs4810424
16838170	1390	1399	rs4810424	SNP	SNP	rs4810424
16838170	1401	1410	rs2071197	SNP	SNP	rs2071197
16838170	1416	1425	rs3818247	SNP	SNP	rs3818247
16838170	828	837	rs4810424	SNP	SNP	rs4810424
16838170	839	848	rs1884614	SNP	SNP	rs1884614
16838170	854	863	rs2144908	SNP	SNP	rs2144908
16838170	944	953	rs4810424	SNP	SNP	rs4810424
16781314	87	94	888delC	DNA	DEL	|888|C
16723031	1198	1206	1494del6	DNA	DEL	|1494|6
16575011	1280	1288	1494del6	DNA	DEL	|1494|6
16575011	1895	1903	1494del6	DNA	DEL	|1494|6
16575011	27	35	1494del6	DNA	DEL	|1494|6
16575011	632	640	1494del6	DNA	DEL	|1494|6
16506214	1163	1172	+3100 T/G	DNA	SUB	T|+3100|G
16506214	1177	1186	+8365 C/T	DNA	SUB	C|+8365|T
16506214	1354	1363	+3100 T/G	DNA	SUB	T|+3100|G
16506214	1368	1377	+8365 C/T	DNA	SUB	C|+8365|T
16419642	1022	1027	F826Y	Protein	SUB	F|826|Y
16419642	1123	1128	F826Y	Protein	SUB	F|826|Y
16419642	1315	1320	F826Y	Protein	SUB	F|826|Y
16419642	1628	1633	F826Y	Protein	SUB	F|826|Y
16419642	187	192	S810L	Protein	SUB	S|810|L
16419642	27	32	F826Y	Protein	SUB	F|826|Y
16419642	611	616	S810L	Protein	SUB	S|810|L
16419642	671	676	S810L	Protein	SUB	S|810|L
16419642	734	739	S810L	Protein	SUB	S|810|L
16419642	872	877	F826Y	Protein	SUB	F|826|Y
16410744	1499	1516	codon 787 CAG/CAA	DNA	SUB	CAG|CODON787|CAA
16288197	1433	1440	144 G>A	DNA	SUB	G|144|A
16288197	1457	1461	Q48H	Protein	SUB	Q|48|H
16288197	2294	2298	Q48H	Protein	SUB	Q|48|H
16288197	2611	2615	Q48H	Protein	SUB	Q|48|H
16277682	1317	1322	M404V	Protein	SUB	M|404|V
16277682	1572	1577	M404V	Protein	SUB	M|404|V
16277682	17	22	M404V	Protein	SUB	M|404|V
16277682	298	343	methionine-->valine substitution at codon 404	Protein	SUB	M|404|V
16277682	345	350	M404V	Protein	SUB	M|404|V
16277682	646	651	M404V	Protein	SUB	M|404|V
16277682	991	996	M404V	Protein	SUB	M|404|V
16216473	1031	1036	P155S	Protein	SUB	P|155|S
16216473	918	953	C-->T transversion at cDNA base 463	DNA	SUB	C|463|T
16216473	955	960	C463T	DNA	SUB	C|463|T
16167150	1153	1160	-866G/A	DNA	SUB	G|-866|A
16167150	1193	1201	Ala55Val	Protein	SUB	A|55|V
16167150	1637	1644	-866G/A	DNA	SUB	G|-866|A
16167150	670	677	-866G/A	DNA	SUB	G|-866|A
16167150	752	760	Ala55Val	Protein	SUB	A|55|V
16167150	928	935	-866G/A	DNA	SUB	G|-866|A
16167150	983	991	Ala55Val	Protein	SUB	A|55|V
16152606	1096	1101	R215W	Protein	SUB	R|215|W
16152606	1168	1175	657del5	DNA	DEL	|657|5
16152606	1429	1436	657del5	DNA	DEL	|657|5
16152606	30	37	657del5	DNA	DEL	|657|5
16152606	427	434	657del5	DNA	DEL	|657|5
16152606	588	594	643C>T	DNA	SUB	C|643|T
16152606	596	601	R215W	Protein	SUB	R|215|W
16152606	892	899	657del5	DNA	DEL	|657|5
16120104	1382	1387	C111G	DNA	SUB	C|111|G
16120104	478	485	C-1228T	DNA	SUB	C|-1228|T
16120104	542	547	C111G	DNA	SUB	C|111|G
16120104	577	583	G3853A	DNA	SUB	G|3853|A
16046395	356	361	A118G	DNA	SUB	A|118|G
16046395	377	381	N40D	Protein	SUB	N|40|D
16046395	553	558	A118G	DNA	SUB	A|118|G
16046395	83	88	A118G	DNA	SUB	A|118|G
16005363	41	54	AFF344-345ins	Protein	INS	|344_345|AFF
16005363	649	662	AFF344-345ins	Protein	INS	|344_345|AFF
15768551	26	35	Val-->Ala	Protein	SUB	V|23|A
15680411	439	444	R194W	Protein	SUB	R|194|W
15680411	446	451	R399Q	Protein	SUB	R|399|Q
15680411	532	537	T241M	Protein	SUB	T|241|M
15680411	593	598	I134T	Protein	SUB	I|134|T
15649253	965	969	L50R	Protein	SUB	L|50|R
15609295	963	988	asparagine 86 for alanine	Protein	SUB	A|86|N
15609295	1215	1223	Asn45Ser	Protein	SUB	N|45|S
15609295	69	77	Asn45Ser	Protein	SUB	N|45|S
15607529	573	611	T to G transversion at nucleotide 1836	DNA	SUB	T|1836|G
15353880	521	586	codon 19 in exon 1, resulting in leucine-to-proline substitution	Protein	SUB	L|19|P
15316799	472	479	15T-->C	DNA	SUB	T|CODON15|C
15316799	515	536	Phe-->Ser at codon 15	Protein	SUB	F|15|S
15316799	538	557	intron 2, -352G-->A	DNA	SUB	G|IVS2-352|A
15316799	559	577	intron 3, +45C-->T	DNA	SUB	C|IVS3+45|T
15316799	579	598	intron 4, +718C-->T	DNA	SUB	C|IVS4+718|T
15205584	1045	1050	W486C	Protein	SUB	W|486|C
15205584	1233	1238	W486C	Protein	SUB	W|486|C
15205584	278	283	W486C	Protein	SUB	W|486|C
15205584	69	74	W486C	Protein	SUB	W|486|C
15205584	696	701	W486C	Protein	SUB	W|486|C
15205584	973	978	W486C	Protein	SUB	W|486|C
15200408	1495	1502	Ala7Val	Protein	SUB	A|7|V
15200408	1566	1575	Pro154Ala	Protein	SUB	P|154|A
15198485	1358	1367	Lys198Asn	Protein	SUB	K|198|N
15198485	1503	1512	Lys198Asn	Protein	SUB	K|198|N
15198485	1610	1619	Lys198Asn	Protein	SUB	K|198|N
15198485	18	27	Lys198Asn	Protein	SUB	K|198|N
15198485	315	324	Lys198Asn	Protein	SUB	K|198|N
15198485	32	40	-134delA	DNA	DEL	|-134|A
15198485	440	448	-134delA	DNA	DEL	|-134|A
15198485	542	551	Lys198Asn	Protein	SUB	K|198|N
15122708	1143	1168	del 92 nucleotide -19/+73	DNA	DEL	|-19_+73|92
15111599	1002	1011	279delGAG	DNA	DEL	|279|GAG
15111599	1311	1319	DeltaG91	Protein	DEL	|91|G
15111599	1442	1451	IVS3+1G/A	DNA	SUB	G|IVS3+1|A
15041272	1211	1223	Arg 1306 Trp	Protein	SUB	R|1306|W
15041272	1225	1231	R1306W	Protein	SUB	R|1306|W
15041272	1522	1528	R1306W	Protein	SUB	R|1306|W
15041272	72	78	R1306W	Protein	SUB	R|1306|W
15041272	1162	1168	 C to T 	Protein	SUB	C|3916|T
15018851	1328	1333	N495K	Protein	SUB	N|495|K
15018851	1422	1427	L501I	Protein	SUB	L|501|I
15003823	1011	1024	825 + 2 T-->C	DNA	SUB	T|825+2|C
15003823	1036	1043	962 G-A	DNA	SUB	G|962|A
15003823	1045	1055	1067 del A	DNA	DEL	|1067|A
15003823	1060	1078	1067-1068 ins 5 bp	DNA	INS	|1067_1068|5
15003823	835	847	33 + 2 T-->C	DNA	SUB	T|33+2|C
15003823	858	867	181 G-->C	DNA	SUB	G|181|C
15003823	880	895	267-61 del 8 bp	DNA	DEL	|267-61_267-54|8
15003823	908	919	345-1 G-->C	DNA	SUB	G|345-1|C
15003823	932	946	498 + 15 G-->T	DNA	SUB	G|498+15|T
15003823	951	979	499-13 Delta-14 bp indel TGA	DNA	INDEL	499-13_499|TGA
15003823	993	1006	825 + 1 G-->C	DNA	SUB	G|825+1|C
14962306	1004	1010	V1561M	Protein	SUB	V|1561|M
14722925	1075	1083	c.27delC	DNA	DEL	|27|C
14722925	1335	1344	c.87+1G>A	DNA	SUB	G|87+1|A
14722925	1346	1391	G>A substitution at nucleotide +1 of intron 2	DNA	SUB	G|IVS2+1|A
14722925	694	698	N34S	Protein	SUB	N|34|S
14722925	976	984	c.27delC	DNA	DEL	|27|C
14708104	830	846	c.3385_3386delTT	DNA	DEL	|3385_3386|TT
14708104	906	914	p.F1129X	Protein	SUB	F|1129|X
14568816	1128	1156	G-to-A mutation at codon 456	Protein	SUB	G|456|A
12915882	347	383	histidine to tyrosine at residue 113	Protein	SUB	H|113|Y
12915882	389	425	arginine to histidine at residue 139	Protein	SUB	R|139|H
12862311	527	537	79-1 G > T	DNA	SUB	G|79-1|T
12862311	563	569	Q1169X	Protein	SUB	Q|1169|X
12862311	573	578	R497X	Protein	SUB	R|497|X
12862311	625	630	R295C	Protein	SUB	R|295|C
12862311	855	861	Q1169X	Protein	SUB	Q|1169|X
12820697	1010	1015	P261L	Protein	SUB	P|261|L
12820697	1020	1025	V330M	Protein	SUB	V|330|M
12820697	1063	1072	1009 delA	DNA	DEL	|1009|A
12820697	1116	1121	A182T	Protein	SUB	A|182|T
12820697	1178	1183	V330M	Protein	SUB	V|330|M
12820697	1188	1196	1009delA	DNA	DEL	|1009|A
12820697	1411	1416	P261L	Protein	SUB	P|261|L
12791036	725	739	c.1285-1301dup	DNA	DUP	|1285_1301||
12791036	782	791	c.615delC	DNA	DEL	|615|C
12791036	800	805	R238X	Protein	SUB	R|238|X
12737948	657	671	IVS10+1, g-->t	DNA	SUB	G|IVS10+1|T
12737948	906	920	IVS10+1, g-->t	DNA	SUB	G|IVS10+1|T
12701064	907	930	(TAC-->AA) at codon 329	DNA	SUB	TAC|CODON329|AA
12668609	1096	1102	A-262T	DNA	SUB	A|-262|T
12636044	477	496	Ala1492 with an Asp	Protein	SUB	A|1492|D
12636044	334	346	c2403T --> C	DNA	SUB	T|2403|C
12636044	351	363	c5398T --> C	DNA	SUB	T|5398|C
12636044	434	446	c4475C --> A	DNA	SUB	C|4475|A
12631337	1379	1386	delTTCA	DNA	DEL	||TTCA
12631337	1889	1896	delTTCA	DNA	DEL	||TTCA
22106692	1481	1486	E137D	Protein	SUB	E|137|D
22106692	1494	1498	R32Q	Protein	SUB	R|32|Q
22106692	1506	1511	E101K	Protein	SUB	E|101|K
22106692	1522	1527	Y156H	Protein	SUB	Y|156|H
22106692	1561	1568	366delT	DNA	DEL	|366|T
21699520	1066	1075	g.2885G>C	DNA	SUB	G|2885|C
21699520	1129	1136	p.R962T	Protein	SUB	R|962|T
21699520	1275	1284	g.2839T>G	DNA	SUB	T|2839|G
21699520	1329	1339	p.E947stop	Protein	SUB	E|947|X
21699520	1403	1414	IVS9 + 217T	DNA	SUB	|IVS9+217|T
21542403	2094	2105	IVS19-37G/C	DNA	SUB	G|IVS19-37|C
21542403	2112	2118	D1017N	Protein	SUB	D|1017|N
21903317	1075	1082	c.28T>C	DNA	SUB	T|28|C
21903317	1084	1090	p.W10R	Protein	SUB	W|10|R
21666969	178	186	1359 G/A	DNA	SUB	G|1359|A
21684788	1186	1194	c.407C>T	DNA	SUB	C|407|T
21684788	1196	1201	P136L	Protein	SUB	P|136|L
22042570	1037	1046	c.1084G>T	DNA	SUB	G|1084|T
22042570	1048	1055	p.E362X	Protein	SUB	E|362|X
22042570	766	784	c.2708_2711delTTAG	DNA	DEL	|2708_2711|TTAG
22042570	786	799	p.V903GfsX905	Protein	FS	V|903|G|905
22042570	910	927	c.1618_1620delACT	DNA	DEL	|1618_1620|ACT
22042570	929	938	p.T540del	Protein	DEL	|540|T
21615796	303	311	rs763780	SNP	SNP	rs763780
21615796	313	320	7488T/C	DNA	SUB	T|7488|C
21615796	338	379	His-to-Arg substitution at amino acid 161	Protein	SUB	H|161|R
21937424	1005	1012	A124ins	Protein	INS	|124|A
21937424	1101	1106	R114H	Protein	SUB	R|114|H
21937424	1107	1114	D201ins	Protein	INS	|201|D
21937424	1126	1131	R114H	Protein	SUB	R|114|H
21937424	1132	1139	A124ins	Protein	INS	|124|A
21937424	1213	1218	R114H	Protein	SUB	R|114|H
21937424	1219	1224	R114H	Protein	SUB	R|114|H
21937424	1350	1355	R114H	Protein	SUB	R|114|H
21937424	1356	1363	D201ins	Protein	INS	|201|D
21937424	1375	1380	R114H	Protein	SUB	R|114|H
21937424	1381	1388	A124ins	Protein	INS	|124|A
21937424	1456	1463	D201ins	Protein	INS	|201|D
21937424	1475	1482	A124ins	Protein	INS	|124|A
21937424	1573	1578	R114H	Protein	SUB	R|114|H
21937424	1695	1700	R114A	Protein	SUB	R|114|A
21937424	1705	1710	R114K	Protein	SUB	R|114|K
21937424	22	27	R114H	Protein	SUB	R|114|H
21937424	438	443	R114H	Protein	SUB	R|114|H
21937424	610	615	R114H	Protein	SUB	R|114|H
21937424	671	678	D201ins	Protein	INS	|201|D
21937424	709	716	A124ins	Protein	INS	|124|A
21937424	759	764	R114H	Protein	SUB	R|114|H
21937424	848	853	R114H	Protein	SUB	R|114|H
21937424	854	859	R114H	Protein	SUB	R|114|H
21937424	970	977	D201ins	Protein	INS	|201|D
21937424	978	985	D201ins	Protein	INS	|201|D
21937424	997	1004	A124ins	Protein	INS	|124|A
22180037	289	312	A > G at nucleotide 313	DNA	SUB	A|313|G
22180037	359	368	Ile105Val	Protein	SUB	I|105|V
22180037	475	484	Ile105Val	Protein	SUB	I|105|V
22180037	689	698	Ile105Val	Protein	SUB	I|105|V
22180037	871	880	Ile105Val	Protein	SUB	I|105|V
22125978	825	839	c.659_660delTA	DNA	DEL	|659_660|TA
22125978	940	954	c.659_660delTA	DNA	DEL	|659_660|TA
21042587	687	698	p.R469[R,X]	Protein	SUB	R|469|X
21182502	1134	1145	IVS64+5g->a	DNA	SUB	g|IVS64+5|a
20583543	1080	1087	p.R246Q	Protein	SUB	R|246|Q
20583543	763	770	p.R246Q	Protein	SUB	R|246|Q
20583543	868	887	g.80_87delT CGCGAAG	DNA	DEL	|80_87|TCGCGAAG
20583543	889	900	p.A27fsX132	Protein	FS	A|27||132
20583543	906	913	p.R246Q	Protein	SUB	R|246|Q
20583543	980	987	p.G196S	Protein	SUB	G|196|S
21219851	1181	1191	c.2187delA	DNA	DEL	|2187|A
21219851	1220	1229	c.2992C>T	DNA	SUB	C|2992|T
21219851	1422	1431	rs1800255	SNP	SNP	rs1800255
21219851	1437	1446	rs1801184	SNP	SNP	rs1801184
21219851	1456	1465	rs2271683	SNP	SNP	rs2271683
20579626	394	404	c.1052delA	DNA	DEL	|1052|A
20579626	847	857	c.1052delA	DNA	DEL	|1052|A
21126715	1234	1241	783insG	DNA	INS	|783|G
21126715	1243	1251	Ile262fs	Protein	FS	I|262||
21126715	79	87	Ile262fs	Protein	FS	I|262||
21130517	1187	1192	L858R	Protein	SUB	L|858|R
21130517	710	715	L858R	Protein	SUB	L|858|R
21340161	648	666	c.1186_1187insGGCC	DNA	INS	|1186_1187|GGCC
21163864	327	332	T704C	DNA	SUB	T|704|C
21163864	4	9	M235T	Protein	SUB	M|235|T
21163864	913	918	M235T	Protein	SUB	M|235|T
20606392	837	842	R211H	Protein	SUB	R|211|H
20606392	903	910	899dupC	DNA	DUP	|899|C|
21406173	1064	1069	E441G	Protein	SUB	E|441|G
20577006	1019	1026	F471del	Protein	DEL	|471|F
20577006	1087	1092	R594H	Protein	SUB	R|594|H
20577006	931	936	P799L	Protein	SUB	P|799|L
20534142	1010	1016	rs6235	SNP	SNP	rs6235
20534142	1021	1027	rs6232	SNP	SNP	rs6232
20534142	1232	1238	rs6235	SNP	SNP	rs6235
20534142	1289	1295	rs6232	SNP	SNP	rs6232
20534142	1472	1478	rs6232	SNP	SNP	rs6232
20534142	1736	1742	rs6235	SNP	SNP	rs6235
20534142	1968	1974	rs6232	SNP	SNP	rs6232
20534142	2009	2014	N221D	Protein	SUB	N|221|D
20534142	383	389	rs6232	SNP	SNP	rs6232
20534142	394	400	rs6235	SNP	SNP	rs6235
20534142	613	619	rs6232	SNP	SNP	rs6232
20534142	624	630	rs6235	SNP	SNP	rs6235
20534142	916	922	rs6235	SNP	SNP	rs6235
20534142	936	942	rs6232	SNP	SNP	rs6232
20227423	1029	1038	Ser704Cys	Protein	SUB	S|704|C
20227423	1153	1162	Ser704Cys	Protein	SUB	S|704|C
20227423	1512	1521	Ser704Cys	Protein	SUB	S|704|C
20227423	884	893	Ser704Cys	Protein	SUB	S|704|C
20143913	172	179	p.R315X	Protein	SUB	R|315|X
20143913	463	476	c.899-1142del	DNA	DEL	|899_1142|
20143913	742	759	g.99367-102002del	DNA	DEL	|99367_102002|
20086182	1265	1276	-652 6N del	DNA	DEL	|-652|6
20086182	1472	1483	-652 6N del	DNA	DEL	|-652|6
20086182	358	373	-652 6N ins/del	DNA	INDEL	-652|6
20086182	403	408	D302H	Protein	SUB	D|302|H
20086182	654	665	-652 6N del	DNA	DEL	|-652|6
20086182	935	946	-652 6N del	DNA	DEL	|-652|6
20026870	81	87	A1166C	DNA	SUB	A|1166|C
20026870	853	859	A1166C	DNA	SUB	A|1166|C
19958188	452	462	-369 (C>G)	DNA	SUB	C|-369|G
19958188	464	473	-611 (-T)	DNA	DEL	|-611|T
19958188	478	494	-603/604 (GA>AG)	DNA	SUB	GA|-603_-604|AG
19958188	530	540	-588 (A>G)	DNA	SUB	A|-588|G
19958188	545	566	-AAGC at -222 to -225	DNA	DEL	|-222_-225|AAGC
19958188	957	970	IVS-II-1(G>A)	DNA	SUB	G|IVS2-1|A
19958188	971	984	IVS-II-1(G>A)	DNA	SUB	G|IVS2-1|A
19929939	1116	1133	p.Cys817Valfs X15	Protein	FS	C|817|V|15
19929939	946	956	c.2449delT	DNA	DEL	|2449|T
19918264	1179	1190	Gly(388)Arg	Protein	SUB	G|388|R
19918264	6	15	Gly388Arg	Protein	SUB	G|388|R
19880293	1006	1016	-3279, A/C	DNA	SUB	A|-3279|C
19880293	1018	1027	-924, A/G	DNA	SUB	A|-924|G
19880293	1029	1042	IVS9+459, A/G	DNA	SUB	A|IVS9+459|G
19880293	1959	1977	-6054 deletion/ATT	DNA	DEL	|-6054|ATT
19880293	1986	1994	-924 A/G	DNA	SUB	A|-924|G
19880293	985	1004	-6054, deletion/ATT	DNA	DEL	|-6054|ATT
19728872	1198	1207	c.1922G>A	DNA	SUB	G|1922|A
19728872	1209	1220	p.Arg641His	Protein	SUB	R|641|H
19728872	1755	1764	c.1922G>A	DNA	SUB	G|1922|A
19664890	1044	1056	c.387+107A>T	DNA	SUB	A|387+107|T
19592582	1025	1030	A118D	Protein	SUB	A|118|D
19592582	498	504	P686fs	Protein	FS	P|686||
19592582	571	587	2172_2173insCCCC	DNA	INS	|2172_2173|CCCC
19592582	715	723	c.467C>A	DNA	SUB	C|467|A
19592582	728	736	c.468C>T	DNA	SUB	C|468|T
19592582	781	786	A118D	Protein	SUB	A|118|D
19521089	544	551	rs25531	SNP	SNP	rs25531
19521089	771	778	rs25531	SNP	SNP	rs25531
19521089	806	813	rs25531	SNP	SNP	rs25531
19476483	1203	1210	Delta32	DNA	DEL	||32
19476483	1355	1362	Delta32	DNA	DEL	||32
19476483	1511	1518	Delta32	DNA	DEL	||32
19476483	21	28	Delta32	DNA	DEL	||32
19476483	377	384	Delta32	DNA	DEL	||32
19476483	462	469	Delta32	DNA	DEL	||32
19476483	823	830	Delta32	DNA	DEL	||32
19476483	947	954	Delta32	DNA	DEL	||32
19448408	1078	1087	T1270533G	DNA	SUB	T|1270533|G
19448408	1161	1170	T1270533G	DNA	SUB	T|1270533|G
19448408	1445	1454	T1270533G	DNA	SUB	T|1270533|G
19448408	1513	1522	T1270533G	DNA	SUB	T|1270533|G
19448408	826	835	T1270533G	DNA	SUB	T|1270533|G
19404517	503	507	N45S	Protein	SUB	N|45|S
19404517	641	645	N45S	Protein	SUB	N|45|S
19370764	1005	1019	p.G204_K247del	Protein	DEL	|204_247|
19370764	1058	1070	p.G204VfsX28	Protein	FS	G|204|V|28
19370764	1151	1169	c.609+28_610-16del	DNA	DEL	|609+28_610-16|
19370764	1237	1255	c.609+28_610-16del	DNA	DEL	|609+28_610-16|
19370764	1656	1668	p.G204VfsX17	Protein	FS	G|204|V|17
19370764	478	485	p.T286M	Protein	SUB	T|286|M
19370764	501	508	p.W111X	Protein	SUB	W|111|X
19370764	607	617	c.610-2A>G	DNA	SUB	A|610-2|G
19370764	677	686	c.611delG	DNA	DEL	|611|G
19370764	691	705	c.640_667del28	DNA	DEL	|640_667|28
19370764	758	776	c.609+28_610-16del	DNA	DEL	|609+28_610-16|
19370764	839	849	c.610-2A>G	DNA	SUB	A|610-2|G
19218574	1439	1448	Met326Ile	Protein	SUB	M|326|I
19218574	1604	1613	Met326Ile	Protein	SUB	M|326|I
19218574	1695	1704	Met326Ile	Protein	SUB	M|326|I
19218574	454	463	Met326Ile	Protein	SUB	M|326|I
19218574	607	616	Met326Ile	Protein	SUB	M|326|I
19218574	63	72	Met326Ile	Protein	SUB	M|326|I
19218574	814	823	Met326Ile	Protein	SUB	M|326|I
19218574	910	919	Met326Ile	Protein	SUB	M|326|I
19144556	673	680	1849T>A	DNA	SUB	T|1849|A
19144556	682	689	2122C>T	DNA	SUB	C|2122|T
19144556	691	698	2180C>T	DNA	SUB	C|2180|T
19144556	704	711	2192C>T	DNA	SUB	C|2192|T
19144556	820	835	1978(TATC)(1-2)	DNA	DUP	|1978|TATC|1-2
19144556	837	853	2193(ATCT)(5-13)	DNA	DUP	|2193|ATCT|5-13
19144556	859	874	2234(TGTA)(5-7)	DNA	DUP	|2234|TGTA|5-7
18790087	419	426	Delta32	DNA	DEL	||32
18790087	491	498	Delta32	DNA	DEL	||32
18790087	65	72	Delta32	DNA	DEL	||32
18681856	102	109	p.M453T	Protein	SUB	M|453|T
18681856	803	814	c.1358T-->C	DNA	SUB	T|1358|C
18681856	899	906	p.M453T	Protein	SUB	M|453|T
19808398	1508	1514	A1180V	Protein	SUB	A|1180|V
19808398	1651	1657	A1180V	Protein	SUB	A|1180|V
19808398	1801	1807	A1180V	Protein	SUB	A|1180|V
19808398	802	808	A1180V	Protein	SUB	A|1180|V
18470323	1641	1646	C417T	DNA	SUB	C|417|T
18470323	1684	1689	R124C	Protein	SUB	R|124|C
18470323	1872	1877	R124C	Protein	SUB	R|124|C
18470323	63	68	R124C	Protein	SUB	R|124|C
18470323	654	659	R124C	Protein	SUB	R|124|C
18457324	1164	1169	V244M	Protein	SUB	V|244|M
18457324	1356	1361	V244M	Protein	SUB	V|244|M
18457324	1551	1556	V244M	Protein	SUB	V|244|M
18457324	1776	1781	V244M	Protein	SUB	V|244|M
18457324	2139	2144	V244M	Protein	SUB	V|244|M
18410548	962	969	Y248del	Protein	DEL	|248|Y
18410548	971	986	c.742_744delTAC	DNA	DEL	|742_744|TAC
18408250	1139	1147	rs729302	SNP	SNP	rs729302
18408250	1331	1339	rs729302	SNP	SNP	rs729302
18408250	1649	1657	rs729302	SNP	SNP	rs729302
18385794	1212	1221	c.549delC	DNA	DEL	|549|C
18385794	1223	1240	p. Pro184ArgfsX19	Protein	FS	P|184|R|19
18385794	1476	1485	c.*557G>A	DNA	SUB	G|*557|A
18385794	1677	1688	c. *469 C>A	DNA	SUB	C|*469|A
18385794	1694	1704	rs11915160	SNP	SNP	rs11915160
18385794	1813	1822	c.471 C>T	DNA	SUB	C|471|T
18385794	1837	1847	rs35435463	SNP	SNP	rs35435463
18385794	1853	1862	c.579 G>A	DNA	SUB	G|579|A
18385794	1931	1940	c.871 G>A	DNA	SUB	G|871|A
18385794	1942	1954	p. Asp291Asn	Protein	SUB	D|291|N
18385794	943	952	c.310 G>T	DNA	SUB	G|310|T
18385794	954	964	p. Glu104X	Protein	SUB	E|104|X
18257781	1535	1542	p.F482C	Protein	SUB	F|482|C
18257781	559	570	c.1445T > G	DNA	SUB	T|1445|G
18257781	718	725	p.F482C	Protein	SUB	F|482|C
18257781	783	795	IVS21-2delAG	DNA	DEL	|IVS21-2|AG
18241046	1129	1137	g.203A>C	DNA	SUB	A|203|C
18241046	1379	1387	g.203A>C	DNA	SUB	A|203|C
18241046	681	689	g.203A>C	DNA	SUB	A|203|C
18050247	1029	1034	N673S	Protein	SUB	N|673|S
18050247	1104	1109	C203S	Protein	SUB	C|203|S
17990063	1045	1058	p.T3708fs3769	Protein	FS	T|3708||3769
17962394	1179	1186	p.R229G	Protein	SUB	R|229|G
17962394	725	733	c.686C>G	DNA	SUB	C|686|G
17962394	77	84	p.R229G	Protein	SUB	R|229|G
17962394	837	844	p.R229G	Protein	SUB	R|229|G
17959715	634	643	rs1800734	SNP	SNP	rs1800734
17910065	1008	1012	R47W	Protein	SUB	R|47|W
17910065	484	489	C139T	DNA	SUB	C|139|T
17910065	624	629	C139T	DNA	SUB	C|139|T
17910065	712	716	R47W	Protein	SUB	R|47|W
17876530	358	365	Delta32	DNA	DEL	||32
17710578	607	613	A1166C	DNA	SUB	A|1166|C
17683901	1133	1140	p.G380R	Protein	SUB	G|380|R
17683901	332	339	p.G380R	Protein	SUB	G|380|R
17683901	482	491	c.1138G>A	DNA	SUB	G|1138|A
17683901	496	505	c.1138G>C	DNA	SUB	G|1138|C
17683901	606	615	c.1138G>A	DNA	SUB	G|1138|A
17683901	69	74	G380R	Protein	SUB	G|380|R
17683901	962	971	c.1138G>A	DNA	SUB	G|1138|A
17671735	1053	1061	c.357C>T	DNA	SUB	C|357|T
17671735	1063	1071	c.798C>T	DNA	SUB	C|798|T
17671735	1076	1083	c.94C>T	DNA	SUB	C|94|T
17671735	1085	1091	p.R32W	Protein	SUB	R|32|W
17671735	1210	1218	-3170G>A	DNA	SUB	G|-3170|A
17671735	1244	1252	c.35delG	DNA	DEL	|35|G
17671735	776	784	-3170G>A	DNA	SUB	G|-3170|A
17671735	861	869	-3170G>A	DNA	SUB	G|-3170|A
17671735	899	906	p.R127H	Protein	SUB	R|127|H
17549393	1054	1060	p.Y67X	Protein	SUB	Y|67|X
17549393	32	36	Y67X	Protein	SUB	Y|67|X
17549393	972	980	c.201C>A	DNA	SUB	C|201|A
17327131	1047	1056	Asp218Asn	Protein	SUB	D|218|N
17327131	1061	1070	Gln266His	Protein	SUB	Q|266|H
17327131	1094	1105	c.14_15insC	DNA	INS	|14_15|C
17273972	749	754	H194Q	Protein	SUB	H|194|Q
17250663	1037	1044	p.D572H	Protein	SUB	D|572|H
17250663	1080	1087	p.D572N	Protein	SUB	D|572|N
17250663	678	685	p.D572H	Protein	SUB	D|572|H
17250663	687	695	c.G1714C	DNA	SUB	G|1714|C
17250663	824	831	p.D572N	Protein	SUB	D|572|N
17250663	833	841	c.G1714A	DNA	SUB	G|1714|A
17192049	401	410	Ile462Val	Protein	SUB	I|462|V
17192049	415	421	T3801C	DNA	SUB	T|3801|C
17169596	416	424	c.671G>A	DNA	SUB	G|671|A
17169596	59	67	c.671G>A	DNA	SUB	G|671|A
17169596	665	673	c.671G>A	DNA	SUB	G|671|A
17083016	1600	1636	glutamine with lysine at residue 223	Protein	SUB	Q|223|K
17050029	717	759	proline to serine substitution at codon 38	Protein	SUB	P|38|S
17000021	250	258	+1858C>T	DNA	SUB	C|+1858|T
17000021	260	265	R620W	Protein	SUB	R|620|W
17000021	27	36	-1123 G>C	DNA	SUB	G|-1123|C
17000021	40	49	+2740 A>G	DNA	SUB	A|+2740|G
17000021	900	909	rs2488457	SNP	SNP	rs2488457
17000021	919	928	rs2476601	SNP	SNP	rs2476601
17000021	934	939	R620W	Protein	SUB	R|620|W
17000021	966	975	rs1217412	SNP	SNP	rs1217412
16970763	960	969	Leu103Val	Protein	SUB	L|103|V
16970763	994	1002	His43Arg	Protein	SUB	H|43|R
16843501	1048	1087	Ser-->Cys substitution at the codon 326	Protein	SUB	S|326|C
16843501	1093	1102	Ser326Cys	Protein	SUB	S|326|C
16843501	1123	1157	G-->C substitution at position 135	DNA	SUB	G|135|C
16843501	1206	1211	G135C	DNA	SUB	G|135|C
16843501	1707	1712	G135C	DNA	SUB	G|135|C
16843501	1941	1951	Ser1245Cys	Protein	SUB	S|1245|C
16843501	2142	2147	G135C	DNA	SUB	G|135|C
16843501	982	1017	G-->C transversion at 1245 position	DNA	SUB	G|1245|C
16822828	1004	1010	V311fs	Protein	FS	V|311||
16822828	1538	1544	Y329fs	Protein	FS	Y|329||
16822828	1779	1785	Y329fs	Protein	FS	Y|329||
16822828	730	736	V311fs	Protein	FS	V|311||
16822828	741	747	Y329fs	Protein	FS	Y|329||
16822828	788	794	V311fs	Protein	FS	V|311||
16822828	848	854	Y329fs	Protein	FS	Y|329||
16822828	952	958	Y329fs	Protein	FS	Y|329||
16822828	993	999	Y329fs	Protein	FS	Y|329||
16628674	224	230	V1188E	Protein	SUB	V|1188|E
16601880	1049	1056	p.E153X	Protein	SUB	E|153|X
16601880	1058	1065	p.R236X	Protein	SUB	R|236|X
16601880	1067	1074	p.E270X	Protein	SUB	E|270|X
16601880	1076	1083	p.R337X	Protein	SUB	R|337|X
16601880	1085	1092	p.R424X	Protein	SUB	R|424|X
16601880	1126	1138	c.861+1G > T	DNA	SUB	G|861+1|T
16601880	1140	1153	c.1402-1C > G	DNA	SUB	C|1402-1|G
16601880	1155	1168	c.2316-1G > A	DNA	SUB	G|2316-1|A
16601880	1170	1183	c.2919+1G > A	DNA	SUB	G|2919+1|A
16601880	1272	1285	c.2838+5G > A	DNA	SUB	G|2838+5|A
16601880	1397	1404	p.T269M	Protein	SUB	T|269|M
16601880	1406	1413	p.R461Q	Protein	SUB	R|461|Q
16601880	1415	1422	p.G771R	Protein	SUB	G|771|R
16601880	1495	1502	p.S132W	Protein	SUB	S|132|W
16601880	1504	1511	p.Y138F	Protein	SUB	Y|138|F
16601880	1513	1520	p.G171A	Protein	SUB	G|171|A
16601880	1522	1529	p.T187K	Protein	SUB	T|187|K
16601880	1531	1538	p.R212K	Protein	SUB	R|212|K
16601880	1540	1547	p.T269M	Protein	SUB	T|269|M
16601880	1549	1556	p.R373W	Protein	SUB	R|373|W
16601880	1558	1565	p.I440N	Protein	SUB	I|440|N
16601880	1567	1574	p.R461Q	Protein	SUB	R|461|Q
16601880	1576	1583	p.N533Y	Protein	SUB	N|533|Y
16601880	1585	1592	p.C644F	Protein	SUB	C|644|F
16601880	1594	1601	p.H651R	Protein	SUB	H|651|R
16601880	1603	1610	p.V705M	Protein	SUB	V|705|M
16601880	1612	1619	p.N732K	Protein	SUB	N|732|K
16601880	1621	1628	p.G771R	Protein	SUB	G|771|R
16601880	1630	1637	p.H775R	Protein	SUB	H|775|R
16601880	1639	1646	p.T830M	Protein	SUB	T|830|M
16601880	1648	1655	p.A841P	Protein	SUB	A|841|P
16601880	1657	1664	p.D880V	Protein	SUB	D|880|V
16601880	1666	1673	p.S957P	Protein	SUB	S|957|P
16601880	1678	1685	p.R966G	Protein	SUB	R|966|G
16601880	1857	1864	p.Y138F	Protein	SUB	Y|138|F
16601880	1866	1873	p.T269M	Protein	SUB	T|269|M
16601880	1878	1885	p.E153X	Protein	SUB	E|153|X
16601880	1965	1972	p.V705M	Protein	SUB	V|705|M
16601880	1977	1984	p.R212K	Protein	SUB	R|212|K
16601880	840	848	c.28delC	DNA	DEL	|28|C
16601880	850	860	c.1175delC	DNA	DEL	|1175|C
16601880	862	872	c.2186delC	DNA	DEL	|2186|C
16601880	874	884	c.2422delA	DNA	DEL	|2422|A
16601880	909	924	c.1002_1003insT	DNA	INS	|1002_1003|T
16601880	949	967	c.1285_1286insCAAA	DNA	INS	|1285_1286|CAAA
16601880	994	1021	c.2153_2155delinsTCCTGGTTTA	DNA	INDEL	2153_2155|TCCTGGTTTA
16418600	1223	1234	457_458insG	DNA	INS	|457_458|G
16418600	816	823	p.F366L	Protein	SUB	F|366|L
16379540	850	855	D110H	Protein	SUB	D|110|H
16379540	860	865	S589N	Protein	SUB	S|589|N
16379540	932	942	del14b_17b	DNA	DEL	|14_17|
16379540	973	984	c.4002A > G	DNA	SUB	A|4002|G
16321363	404	410	338G>A	DNA	SUB	G|338|A
16211251	395	400	10G>A	DNA	SUB	G|10|A
16211251	40	49	Glu 4 Lys	Protein	SUB	E|4|K
16211251	402	411	Glu 4 Lys	Protein	SUB	E|4|K
16211251	605	614	Glu 4 Lys	Protein	SUB	E|4|K
16211251	736	745	Glu 4 Lys	Protein	SUB	E|4|K
16211251	857	866	Glu 4 Lys	Protein	SUB	E|4|K
16211251	938	947	Glu 4 Lys	Protein	SUB	E|4|K
16157158	1222	1232	Cys 23 Ser	Protein	SUB	C|23|S
16157158	1356	1366	Cys 23 Ser	Protein	SUB	C|23|S
16157158	1518	1528	Cys 23 Ser	Protein	SUB	C|23|S
16157158	2	15	Cys 23-Ser 23	Protein	SUB	C|23|S
16157158	422	432	Cys 23 Ser	Protein	SUB	C|23|S
16157158	494	504	Cys 23 Ser	Protein	SUB	C|23|S
16157158	600	610	Cys 23 Ser	Protein	SUB	C|23|S
16157158	801	811	Cys 23 Ser	Protein	SUB	C|23|S
16157158	986	996	Cys 23 Ser	Protein	SUB	C|23|S
16018252	1266	1316	T to A transition at the nucleotide position +387	DNA	SUB	T|387|A
16000134	722	737	Glu 272 to stop	Protein	SUB	E|272|X
15851735	1083	1092	c.2607C>A	DNA	SUB	C|2607|A
15851735	1305	1314	c.2607C>A	DNA	SUB	C|2607|A
15837627	519	524	V617F	Protein	SUB	V|617|F
15837627	765	770	V617F	Protein	SUB	V|617|F
15837627	951	956	V617F	Protein	SUB	V|617|F
15807692	478	486	3472delC	DNA	DEL	|3472|C
15807692	730	744	IVS51 + 1G-->A	DNA	SUB	G|IVS51+1|A
15710861	1159	1164	F219V	Protein	SUB	F|219|V
15710861	1645	1650	F219V	Protein	SUB	F|219|V
15642853	1413	1418	R396G	Protein	SUB	R|396|G
15642853	951	956	G284R	Protein	SUB	G|284|R
15623763	1051	1067	Val624-Val625del	Protein	DEL	|624_625|VV
15623763	1108	1132	arginine 124-to-cysteine	Protein	SUB	R|124|C
15623763	1134	1143	Arg124Cys	Protein	SUB	R|124|C
15623763	1179	1204	histidine 626-to-arginine	Protein	SUB	H|626|R
15623763	1206	1215	His626Arg	Protein	SUB	H|626|R
15623763	1305	1314	Gly594Val	Protein	SUB	G|594|V
15623763	1319	1335	Val624-Val625del	Protein	DEL	|624_625|VV
15623763	1401	1427	arginine 555-to-tryptophan	Protein	SUB	R|555|W
15623763	1429	1438	Arg555Trp	Protein	SUB	R|555|W
15623763	1507	1516	Arg124Leu	Protein	SUB	R|124|L
15623763	1616	1644	leucine 269 to phenylalanine	Protein	SUB	L|269|F
15623763	1646	1655	Leu269Phe	Protein	SUB	L|269|F
15623763	1697	1706	Arg555Trp	Protein	SUB	R|555|W
15623763	1730	1739	Arg124Cys	Protein	SUB	R|124|C
15623763	1744	1753	Arg555Trp	Protein	SUB	R|555|W
15623763	908	926	glycine-594-valine	Protein	SUB	G|594|V
15623763	928	937	Gly594Val	Protein	SUB	G|594|V
15623763	960	979	valine-539-aspartic	Protein	SUB	V|539|D
15623763	986	995	Val539Asp	Protein	SUB	V|539|D
15481887	183	192	Glu-->Ala	Protein	SUB	E|26|A
15481887	245	254	Gly-->Ser	Protein	SUB	G|29|S
15481887	51	60	Glu-->Ala	Protein	SUB	E|26|A
15481887	92	101	Gly-->Ser	Protein	SUB	G|29|S
15459183	204	213	Ile232Thr	Protein	SUB	I|232|T
15377356	1053	1064	1877-2A-->C	DNA	SUB	A|1877-2|C
15377356	1094	1102	3432delT	DNA	DEL	|3432|T
15191352	612	617	I280S	Protein	SUB	I|280|S
15191352	619	628	1123T-->G	DNA	SUB	T|1123|G
15191352	738	743	I280S	Protein	SUB	I|280|S
15191352	995	1000	I280S	Protein	SUB	I|280|S
15148206	621	629	429A-->C	DNA	SUB	A|429|C
15148206	632	641	Arg135Ser	Protein	SUB	R|135|S
15148206	861	870	1222ins27	DNA	INS	|1222|27
15135245	1063	1075	Arg 3500 Gln	Protein	SUB	R|3500|Q
15135245	1077	1083	R3500Q	Protein	SUB	R|3500|Q
15135245	259	265	R3500Q	Protein	SUB	R|3500|Q
15135245	45	55	His3543Tyr	Protein	SUB	H|3543|Y
15135245	471	477	R3500W	Protein	SUB	R|3500|W
15135245	479	485	R3531C	Protein	SUB	R|3531|C
15135245	490	496	R3480W	Protein	SUB	R|3480|W
15135245	882	894	CAC(3543)TAC	DNA	SUB	C|CODON3543|T
15135245	908	918	His3543Tyr	Protein	SUB	H|3543|Y
15135245	945	951	H3543Y	Protein	SUB	H|3543|Y
15135245	990	996	H3543Y	Protein	SUB	H|3543|Y
15122711	556	566	Glu873Stop	Protein	SUB	E|873|X
15122711	689	695	G1681A	DNA	SUB	G|1681|A
15122711	730	739	Ala467Thr	Protein	SUB	A|467|T
15086325	1100	1112	2238-9del AG	DNA	DEL	|2238_9|AG
15086325	1198	1208	G6410 by T	DNA	SUB	G|6410|T
15086325	1250	1260	Gly2079Val	Protein	SUB	G|2079|V
15086325	1287	1297	IVS8 -2A>G	DNA	SUB	A|IVS8-2|G
15086325	1299	1311	2238-9del AG	DNA	DEL	|2238_9|AG
15086325	1316	1322	G6410T	DNA	SUB	G|6410|T
15086325	712	722	IVS8 -2A>G	DNA	SUB	A|IVS8-2|G
15069170	1008	1017	Leu849His	Protein	SUB	L|849|H
15069170	1023	1033	c.1932delC	DNA	DEL	|1932|C
15069170	1155	1161	c.7A>T	DNA	SUB	A|7|T
15069170	1163	1170	Met1Leu	Protein	SUB	M|1|L
15069170	1173	1192	c.1181_1186+20del26	DNA	DEL	|1181_1186+20|26
15069170	1194	1210	c.1811_1812delAT	DNA	DEL	|1811_1812|AT
15069170	1215	1225	IVS16+1G>A	DNA	SUB	G|IVS16+1|A
15069170	1275	1294	c.1181_1186+20del26	DNA	DEL	|1181_1186+20|26
15069170	1408	1418	IVS16+1G>A	DNA	SUB	G|IVS16+1|A
15069170	930	938	c.185C>T	DNA	SUB	C|185|T
15069170	940	948	Thr60Met	Protein	SUB	T|60|M
15069170	951	960	c.1712C>T	DNA	SUB	C|1712|T
15069170	962	971	Ala569Val	Protein	SUB	A|569|V
15069170	974	983	c.1930C>T	DNA	SUB	C|1930|T
15069170	985	994	Arg642Cys	Protein	SUB	R|642|C
15069170	997	1006	c.2552T>A	DNA	SUB	T|2552|A
15064320	1006	1011	R227Q	Protein	SUB	R|227|Q
15064320	1203	1208	R227Q	Protein	SUB	R|227|Q
15064320	1323	1330	Tdel219	DNA	DEL	|CODON219|T
15000256	802	840	A to C substitution at nucleotide 879	DNA	SUB	A|879|C
14979495	356	365	Arg753Gln	Protein	SUB	R|753|Q
14979495	4	13	Arg753GLn	Protein	SUB	R|753|Q
14979495	556	565	Arg753Gln	Protein	SUB	R|753|Q
14979495	730	739	Arg753Gln	Protein	SUB	R|753|Q
14742428	1154	1159	H391R	Protein	SUB	H|391|R
14742428	1563	1568	H391R	Protein	SUB	H|391|R
14742428	424	429	C219W	Protein	SUB	C|219|W
14742428	473	478	H156Y	Protein	SUB	H|156|Y
14742428	498	502	V69G	Protein	SUB	V|69|G
14742428	522	538	IVS 9 del[-7:-4]	DNA	DEL	|IVS9-7_-4|
14742428	544	556	1109 ins 8bp	DNA	INS	|1109|8
14742428	594	599	H391R	Protein	SUB	H|391|R
14742428	617	625	S133stop	Protein	SUB	S|133|X
14742428	761	766	C219W	Protein	SUB	C|219|W
14742428	776	781	H156Y	Protein	SUB	H|156|Y
14742428	946	950	V69G	Protein	SUB	V|69|G
14673473	1228	1232	V30M	Protein	SUB	V|30|M
14673473	153	157	V30M	Protein	SUB	V|30|M
14673473	1597	1601	V30M	Protein	SUB	V|30|M
14673473	761	769	Val30Met	Protein	SUB	V|30|M
14673473	981	985	V30M	Protein	SUB	V|30|M
14576201	1367	1373	R1851Q	Protein	SUB	R|1851|Q
14576201	1415	1437	IVS46: del T -39...-46	DNA	DEL	|IVS46,-39_-46|T
14576201	32	54	IVS46: del T -39...-46	DNA	DEL	|IVS46,-39_-46|T
14576201	594	600	G5947A	DNA	SUB	G|5947|A
14576201	615	621	R1851Q	Protein	SUB	R|1851|Q
14510916	1315	1322	1892G>C	DNA	SUB	G|1892|C
14510916	1363	1367	A68P	Protein	SUB	A|68|P
14510916	1563	1567	A68P	Protein	SUB	A|68|P
14510914	1666	1679	del-(439-443)	DNA	DEL	|-443_-439|
12968672	1551	1558	G-1739A	DNA	SUB	G|-1739|A
12925722	1027	1076	glycine for an aspartic acid residue at codon 262	Protein	SUB	D|262|G
12898858	1403	1409	A1166C	DNA	SUB	A|1166|C
12898858	828	833	M235T	Protein	SUB	M|235|T
12898858	999	1005	A1166C	DNA	SUB	A|1166|C
12809638	146	151	C488R	Protein	SUB	C|488|R
12809638	174	178	R84Q	Protein	SUB	R|84|Q
12809638	380	396	2590_2591insCCCC	DNA	INS	|2590_2591|CCCC
12809638	423	440	752_758delGCCGGCC	DNA	DEL	|752_758|GCCGGCC
12809638	507	516	2566T-->C	DNA	SUB	T|2566|C
12809638	549	554	C488R	Protein	SUB	C|488|R
12809638	737	741	R84Q	Protein	SUB	R|84|Q
12752111	343	357	IVSI-5 (G-->C)	DNA	SUB	G|IVSI-5|C
12752111	365	379	IVSI-1 (G-->A)	DNA	SUB	G|IVSI-1|A
12752111	406	428	codon (CD)26 GAG-->GAA	DNA	SUB	GAG|CODON26|GAA
12752111	543	559	IVSI-129 (A-->C)	DNA	SUB	A|IVSI-129|C
12750403	440	448	1631delC	DNA	DEL	|1631|C
12729343	1002	1007	D543N	Protein	SUB	D|543|N
12729343	676	687	469 + 14G/C	DNA	SUB	G|469+14|C
12729343	753	758	D543N	Protein	SUB	D|543|N
12729343	809	822	1729 + 55del4	DNA	DEL	|1729+55|4
12673366			 G to C 	Protein;DNA	SUB	G|135|C
12653841	1130	1138	1936delG	DNA	DEL	|1936|G
12653841	1236	1244	1195delC	DNA	DEL	|1195|C
12653841	1260	1267	878delA	DNA	DEL	|878|A
12653841	1315	1323	1936delG	DNA	DEL	|1936|G
21738389	1323	1332	c.737delC	DNA	DEL	|737|C
21738389	1386	1402	p.Pro246HisfsX13	Protein	FS	P|246|H|13
22051099	327	336	rs2234671	SNP	SNP	rs2234671
22051099	349	359	Ex2+860G>C	DNA	SUB	G|Ex2+860|C
22051099	425	430	S276T	Protein	SUB	S|276|T
22051099	751	760	rs2234671	SNP	SNP	rs2234671
22051099	972	981	rs2234671	SNP	SNP	rs2234671
22188495	1031	1038	3190C>T	DNA	SUB	C|3190|T
22188495	1160	1169	Arg987Ter	Protein	SUB	R|987|X
22188495	1287	1296	Arg987Ter	Protein	SUB	R|987|X
21559944	902	911	c.104delT	DNA	DEL	|104|T
21559944	957	972	p.Val35AlafsX25	Protein	FS	V|35|A|25
21798259	1185	1192	rs16754	SNP	SNP	rs16754
21798259	1472	1479	rs16754	SNP	SNP	rs16754
21897748	1065	1073	c.130G>A	DNA	SUB	G|130|A
21897748	1342	1350	c.130G>A	DNA	SUB	G|130|A
21897748	1458	1464	p.V44M	Protein	SUB	V|44|M
21757944	1045	1061	CD +90 del 13 bp	DNA	DEL	|CD+90|13
21757944	818	833	IVSII-1 (G > A)	DNA	SUB	G|IVS2-1|A
21757944	874	889	IVSII-1 (G > A)	DNA	SUB	G|IVS2-1|A
22129472	1071	1089	p.(Asp569Valfs*93)	Protein	FS	D|569|V|93
22129472	579	591	c.1706-2 A>T	DNA	SUB	A|1706-2|T
22129472	847	872	c.1706-1715del.ATCTCCTCAG	DNA	DEL	|1706_1715|ATCTCCTCAG
21682595	1561	1570	Arg399Gln	Protein	SUB	R|399|Q
21682595	256	265	Arg399Gln	Protein	SUB	R|399|Q
21682595	267	274	rs25487	SNP	SNP	rs25487
21682595	359	368	Arg399Gln	Protein	SUB	R|399|Q
21682595	6	15	Arg399Gln	Protein	SUB	R|399|Q
21682595	919	928	Arg399Gln	Protein	SUB	R|399|Q
21054465	1411	1418	C35322T	DNA	SUB	C|35322|T
20648600	1019	1024	L180M	Protein	SUB	L|180|M
20648600	1029	1034	M204V	Protein	SUB	M|204|V
20648600	1130	1135	V173L	Protein	SUB	V|173|L
20648600	1239	1244	V173L	Protein	SUB	V|173|L
20648600	1249	1254	L180M	Protein	SUB	L|180|M
20648600	1259	1264	M204V	Protein	SUB	M|204|V
20648600	1312	1317	E164D	Protein	SUB	E|164|D
20648600	1321	1326	I195M	Protein	SUB	I|195|M
20648600	1358	1364	A1762T	DNA	SUB	A|1762|T
20648600	1366	1372	G1764A	DNA	SUB	G|1764|A
20648600	1401	1407	G1896A	DNA	SUB	G|1896|A
20648600	1409	1415	G1899A	DNA	SUB	G|1899|A
20846357	1712	1720	c.263C>T	DNA	SUB	C|263|T
20846357	1797	1807	p.Ala88Val	Protein	SUB	A|88|V
20846357	1903	1911	c.263C>T	DNA	SUB	C|263|T
20846357	1913	1923	p.Ala88Val	Protein	SUB	A|88|V
20846357	374	384	p.Asp50Asn	Protein	SUB	D|50|N
21325775	47	57	Arg158 Pro	Protein	SUB	R|158|P
21108633	751	759	c.69delC	DNA	DEL	|69|C
21108633	832	843	c.410+5 G/A	DNA	SUB	G|410+5|A
21099701	741	749	c.908G>A	DNA	SUB	G|908|A
21099701	891	896	G303E	Protein	SUB	G|303|E
20738799	617	622	I597T	Protein	SUB	I|597|T
20801104	1014	1022	-521 C/T	DNA	SUB	C|-521|T
20801104	1209	1217	-521 C/T	DNA	SUB	C|-521|T
20801104	600	607	-616C/G	DNA	SUB	C|-616|G
20801104	613	620	-521C/T	DNA	SUB	C|-521|T
20801104	914	923	-1240 L/S	Protein	SUB	L|-1240|S
21135151	14	21	delta32	DNA	DEL	||32
21070631	1261	1270	rs1800587	SNP	SNP	rs1800587
21070631	27	35	-1021C/T	DNA	SUB	C|-1021|T
21070631	400	409	rs1611115	SNP	SNP	rs1611115
21405999	1077	1085	c.-17T>C	DNA	SUB	T|-17|C
21405999	1087	1095	c.171T>C	DNA	SUB	T|171|C
21405999	1097	1105	c.465G>T	DNA	SUB	G|465|T
21405999	1144	1152	c.465G>T	DNA	SUB	G|465|T
21405999	1201	1212	p.Glu155Asp	Protein	SUB	E|155|D
20709368	1337	1345	10034C>T	DNA	SUB	C|10034|T
20709368	21	29	10034C>T	DNA	SUB	C|10034|T
20709368	493	501	10034C>T	DNA	SUB	C|10034|T
20709368	503	512	rs2066865	SNP	SNP	rs2066865
21493871	1072	1080	rs525549	SNP	SNP	rs525549
21493871	1085	1094	rs6589664	SNP	SNP	rs6589664
21493871	1125	1134	rs5758222	SNP	SNP	rs5758222
21493871	1136	1145	rs7286979	SNP	SNP	rs7286979
21493871	1151	1158	rs20551	SNP	SNP	rs20551
21493871	1520	1529	rs6589664	SNP	SNP	rs6589664
20801540	557	568	c.2554+1G>T	DNA	SUB	G|2554+1|T
20512659	722	741	c.2515_2519delAAGTT	DNA	DEL	|2515_2519|AAGTT
20454699	1285	1293	c.356G>A	DNA	SUB	G|356|A
20454699	1330	1335	C119Y	Protein	SUB	C|119|Y
20454699	1609	1616	rs13267	SNP	SNP	rs13267
20454699	1824	1829	C119Y	Protein	SUB	C|119|Y
20367983	550	565	c.1546_1547insC	DNA	INS	|1546_1547|C
20367983	769	783	IVS3 + 18C > T	DNA	SUB	C|IVS3+18|T
20367983	980	994	IVS3 + 18C > T	DNA	SUB	C|IVS3+18|T
20335448	1068	1116	arginine by glutamine at amino acid position 714	Protein	SUB	R|714|Q
20335448	1516	1553	arginine by glutamine at position 714	Protein	SUB	R|714|Q
20335448	988	1023	(G-->A) at nucleotide position 2141	DNA	SUB	G|2141|A
20331852	1381	1385	R68C	Protein	SUB	R|68|C
20331852	686	695	rs4112788	SNP	SNP	rs4112788
20331852	989	998	rs4112788	SNP	SNP	rs4112788
20154289	621	638	codon 104 G --> A	DNA	SUB	G|CODON104|A
20080916	1010	1020	rs10954213	SNP	SNP	rs10954213
20080916	674	683	rs2070197	SNP	SNP	rs2070197
20080916	756	765	rs2004640	SNP	SNP	rs2004640
20080916	770	780	rs10954213	SNP	SNP	rs10954213
20080916	821	831	rs10954213	SNP	SNP	rs10954213
20019594	1029	1036	p.E180K	Protein	SUB	E|180|K
20019594	1038	1045	p.R194S	Protein	SUB	R|194|S
20019594	1051	1058	p.C152G	Protein	SUB	C|152|G
20019594	1152	1164	p.D157fsX158	Protein	FS	D|157||158
20019594	1169	1181	p.S173fsX174	Protein	FS	S|173||174
19881468	1453	1462	rs1052133	SNP	SNP	rs1052133
19881468	230	239	rs1052133	SNP	SNP	rs1052133
19881468	468	477	rs1052133	SNP	SNP	rs1052133
19881468	6	15	Ser326Cys	Protein	SUB	S|326|C
19823838	607	616	c.263 G>C	DNA	SUB	G|263|C
19823838	690	699	c.264 C>A	DNA	SUB	C|264|A
19781362	604	638	G>A substitution at nucleotide 893	DNA	SUB	G|893|A
19781362	640	645	R298Q	Protein	SUB	R|298|Q
19781362	715	725	rs16864880	SNP	SNP	rs16864880
19624485	286	293	rs16375	SNP	SNP	rs16375
19565319	825	834	rs2236624	SNP	SNP	rs2236624
19565319	900	909	rs3761422	SNP	SNP	rs3761422
19565319	911	920	rs5751876	SNP	SNP	rs5751876
19565319	925	935	rs35320474	SNP	SNP	rs35320474
19429592	854	862	c.507G>T	DNA	SUB	G|507|T
19429592	864	874	p.E169stop	Protein	SUB	E|169|X
19429592	877	885	c.867G>T	DNA	SUB	G|867|T
19429592	887	897	p.G289stop	Protein	SUB	G|289|X
19429592	900	908	c.897G>T	DNA	SUB	G|897|T
19429592	910	920	p.E299stop	Protein	SUB	E|299|X
19429592	967	982	c.1558-1559insA	DNA	INS	|1558_1559|A
19429592	984	1000	p.S522fs 525stop	Protein	FS	S|522||525
19223935	1541	1552	Leu203fsX15	Protein	FS	L|203||15
19223935	1617	1623	Glu98X	Protein	SUB	E|98|X
19223935	1683	1692	Ser863Asn	Protein	SUB	S|863|N
19223935	962	968	G-669A	DNA	SUB	G|-669|A
19067809	1023	1030	A 1166C	DNA	SUB	A|1166|C
19067809	1636	1643	A 1166C	DNA	SUB	A|1166|C
19067809	722	730	A 11666C	DNA	SUB	A|11666|C
18945288	0	5	R58fs	Protein	FS	R|58||
18945288	1234	1243	c.342delA	DNA	DEL	|342|A
18945288	1322	1331	p.Arg58fs	Protein	FS	R|58||
18945288	1335	1342	p.R58fs	Protein	FS	R|58||
18945288	1479	1484	R58fs	Protein	FS	R|58||
18694509	1541	1551	rs12329760	SNP	SNP	rs12329760
18672102	1088	1101	c.1146+25insA	DNA	INS	|1146+25|A
18672102	623	629	46delS	DNA	DEL	|46|S
18672102	663	674	118-119insA	DNA	INS	|118_119|A
18672102	679	691	125-126insAA	DNA	INS	|125_126|AA
18672102	728	731	A6V	Protein	SUB	A|6|V
18672102	733	738	P163S	Protein	SUB	P|163|S
18672102	740	745	E359K	Protein	SUB	E|359|K
18672102	747	752	P407Q	Protein	SUB	P|407|Q
18672102	754	759	S429T	Protein	SUB	S|429|T
18672102	764	769	A442V	Protein	SUB	A|442|V
18672102	954	959	E359K	Protein	SUB	E|359|K
18606230	652	658	Y1854X	Protein	SUB	Y|1854|X
18606230	818	824	R1858X	Protein	SUB	R|1858|X
18606230	878	884	Y1854X	Protein	SUB	Y|1854|X
18492086	1088	1099	c.2068-4T>A	DNA	SUB	T|2068-4|A
18397285	0	6	L1503R	Protein	SUB	L|1503|R
18397285	1194	1200	L1503R	Protein	SUB	L|1503|R
18397285	1329	1335	L1503Q	Protein	SUB	L|1503|Q
18397285	1455	1461	L1503R	Protein	SUB	L|1503|R
18397285	501	538	T-->G transversion at nucleotide 4508	DNA	SUB	T|4508|G
18397285	573	579	L1503R	Protein	SUB	L|1503|R
18372165	1247	1256	c.520delC	DNA	DEL	|520|C
18372165	1258	1267	c.681dupA	DNA	DUP	|681|A|
18372165	1269	1278	c.956delC	DNA	DEL	|956|C
18372165	1319	1329	c.360+1G>C	DNA	SUB	G|360+1|C
18372165	1331	1341	c.899+1G>T	DNA	SUB	G|899+1|T
18372165	1343	1354	c.1570+2T>C	DNA	SUB	T|1570+2|C
18372165	1409	1418	p.Arg153X	Protein	SUB	R|153|X
18372165	1488	1498	c.360+1G>C	DNA	SUB	G|360+1|C
18189233	1053	1058	K294E	Protein	SUB	K|294|E
18189233	1418	1442	A/G transition -1,071 bp	DNA	SUB	A|-1071|G
18189233	720	725	R462Q	Protein	SUB	R|462|Q
18189233	730	735	D541E	Protein	SUB	D|541|E
18189233	951	956	R462Q	Protein	SUB	R|462|Q
18189233	961	966	D541E	Protein	SUB	D|541|E
18166824	1224	1229	M200V	Protein	SUB	M|200|V
18166824	950	954	P29S	Protein	SUB	P|29|S
19276632	1093	1108	c.97GCC[9]+[10]	DNA	DUP	|97|GCC|9-10
19276632	1160	1166	25*G>A	DNA	SUB	G|*25|A
19276632	1234	1242	c.262G>A	DNA	SUB	G|262|A
19276632	1280	1288	Ala88Thr	Protein	SUB	A|88|T
19276632	1366	1375	c.1272C>T	DNA	SUB	C|1272|T
19276632	1392	1401	c.1284T>C	DNA	SUB	T|1284|C
17968299	491	494	G/A	DNA	SUB	G|-1082|A
17968299	706	716	-1082(G/A)	DNA	SUB	G|-1082|A
17961316	1218	1229	IVS1-1G > C	DNA	SUB	G|IVS1-1|C
17961316	225	236	IVS1-1G > C	DNA	SUB	G|IVS1-1|C
17961316	47	56	IVS1-1G>C	DNA	SUB	G|IVS1-1|C
17961316	942	953	IVS1-1G > A	DNA	SUB	G|IVS1-1|A
17961316	957	968	IVS1-1G > C	DNA	SUB	G|IVS1-1|C
17935240	68	90	g.ORF15 + 652-653delAG	DNA	DEL	|ORF15+652_653|AG
17935240	740	762	g.ORF15 + 652-653delAG	DNA	DEL	|ORF15+652_653|AG
17909797	1134	1141	Delta32	DNA	DEL	||32
17909797	1553	1560	Delta32	DNA	DEL	||32
17909797	263	270	Delta32	DNA	DEL	||32
17909797	845	852	Delta32	DNA	DEL	||32
17395743	1265	1274	rs2720709	SNP	SNP	rs2720709
17395743	1409	1418	rs2648875	SNP	SNP	rs2648875
17395743	822	831	rs2720709	SNP	SNP	rs2720709
17391797	1208	1217	Val175Met	Protein	SUB	V|175|M
17391797	1278	1287	Val175Met	Protein	SUB	V|175|M
17391797	1461	1470	Val175Met	Protein	SUB	V|175|M
17391797	306	315	Val175Met	Protein	SUB	V|175|M
17391797	531	540	Val175Met	Protein	SUB	V|175|M
17391797	54	59	V175M	Protein	SUB	V|175|M
17391797	806	815	Val175Met	Protein	SUB	V|175|M
17391797	951	960	Val175Met	Protein	SUB	V|175|M
17292585	773	778	A149P	Protein	SUB	A|149|P
17292585	780	785	A174D	Protein	SUB	A|174|D
17292585	791	796	N334K	Protein	SUB	N|334|K
17166870	1119	1124	6bINS	DNA	INS	||6
17166870	1418	1423	6bINS	DNA	INS	||6
17166870	1552	1557	6bINS	DNA	INS	||6
17166870	491	496	6bINS	DNA	INS	||6
17166870	642	647	6bINS	DNA	INS	||6
17079875	1220	1228	-2084G>C	DNA	SUB	G|-2084|C
17079875	1233	1241	-1282G>A	DNA	SUB	G|-1282|A
17059986	1074	1085	c.2633+1G>C	DNA	SUB	G|2633+1|C
17059986	1183	1197	r.2521_2634del	DNA	DEL	|2521_2634|
17059986	754	765	p.Ser555Leu	Protein	SUB	S|555|L
17059986	846	857	c.2633+1G>C	DNA	SUB	G|2633+1|C
17033974	823	834	c.2406C-->A	DNA	SUB	C|2406|A
17003357	1216	1223	1858C/T	DNA	SUB	C|1858|T
17003357	359	366	1858C/T	DNA	SUB	C|1858|T
17003357	907	914	2250G/C	DNA	SUB	G|2250|C
16728705	1607	1642	C > A substitution at position -863	DNA	SUB	C|-863|A
16728705	1765	1774	-863C > A	DNA	SUB	C|-863|A
16728705	636	645	-863C > A	DNA	SUB	C|-863|A
16644711	1052	1062	Tyr1306Cys	Protein	SUB	Y|1306|C
16644711	13	23	Tyr1306Cys	Protein	SUB	Y|1306|C
16644711	1328	1338	Tyr1306Cys	Protein	SUB	Y|1306|C
16543197	2	8	G1103R	Protein	SUB	G|1103|R
16543197	791	797	G1103R	Protein	SUB	G|1103|R
16525586	1004	1017	c.2045-1G > A	DNA	SUB	G|2045-1|A
16525586	1219	1232	c.892_895dupG	DNA	DUP	|892_895|G|
16525586	1244	1259	Ser290/Ala291fs	Protein	FS	S,A|290,291||
16525586	1342	1357	c.1642_1644dupA	DNA	DUP	|1642_1644|A|
16525586	1371	1379	Tyr547fs	Protein	FS	Y|547||
16525586	1463	1472	Arg260His	Protein	SUB	R|260|H
16525586	1474	1483	Ser413Leu	Protein	SUB	S|413|L
16525586	1489	1498	Val414Phe	Protein	SUB	V|414|F
16525586	760	770	c.210T > G	DNA	SUB	T|210|G
16525586	823	829	Tyr69X	Protein	SUB	Y|69|X
16525586	928	938	c.791C > T	DNA	SUB	C|791|T
16525586	963	972	Ser263Phe	Protein	SUB	S|263|F
16256386	659	664	R243Q	Protein	SUB	R|243|Q
16256386	666	675	EX6-96A>G	DNA	SUB	A|EX6-96|G
16256386	677	682	R111X	Protein	SUB	R|111|X
16256386	684	689	Y356X	Protein	SUB	Y|356|X
16256386	695	700	R413P	Protein	SUB	R|413|P
16256386	860	868	I38fsX19	Protein	FS	I|38||19
16256386	870	879	IVS4+3G>C	DNA	SUB	G|IVS4+3|C
16256386	881	886	Y154H	Protein	SUB	Y|154|H
16256386	888	893	R157K	Protein	SUB	R|157|K
16256386	895	900	R157I	Protein	SUB	R|157|I
16256386	902	910	T200fsX6	Protein	FS	T|200||6
16256386	912	917	Q267H	Protein	SUB	Q|267|H
16256386	919	924	Q267E	Protein	SUB	Q|267|E
16256386	926	935	F302fsX39	Protein	FS	F|302||39
16256386	937	942	G346R	Protein	SUB	G|346|R
16256386	944	949	S349A	Protein	SUB	S|349|A
16256386	958	963	R400K	Protein	SUB	R|400|K
16256386	965	975	IVS12+4A>G	DNA	SUB	A|IVS12+4|G
16256386	981	991	IVS12+6T>A	DNA	SUB	T|IVS12+6|A
16252083	1410	1419	Gly322Asp	Protein	SUB	G|322|D
16252083	1565	1574	Gly322Asp	Protein	SUB	G|322|D
16252083	674	708	A --> G transition at 127 position	DNA	SUB	A|CODON127|G
16252083	722	759	Asn --> Ser substitution at codon 127	Protein	SUB	N|127|S
16252083	765	774	Asn127Ser	Protein	SUB	N|127|S
16252083	795	830	G --> A transition at 1032 position	DNA	SUB	G|1032|A
16252083	846	877	Gly --> Asp change at codon 322	Protein	SUB	G|322|D
16252083	883	892	Gly322Asp	Protein	SUB	G|322|D
16186368	874	879	S482X	Protein	SUB	S|482|X
16186368	884	889	K386T	Protein	SUB	K|386|T
16181814	1039	1047	E873-TAG	Protein	SUB	E|873|X
16181814	1422	1427	A467T	Protein	SUB	A|467|T
16181814	1468	1476	E873stop	Protein	SUB	E|873|X
16181814	1575	1580	A467T	Protein	SUB	A|467|T
16181814	1689	1694	A467T	Protein	SUB	A|467|T
16181814	1756	1764	E873stop	Protein	SUB	E|873|X
16181814	807	815	E873stop	Protein	SUB	E|873|X
16181814	816	821	A467T	Protein	SUB	A|467|T
16181814	827	835	E873stop	Protein	SUB	E|873|X
16181814	906	911	A467T	Protein	SUB	A|467|T
16143638	964	978	IVS2-58_55insT	DNA	INS	|IVS2-58_55|T
16088915	764	773	Arg792Gly	Protein	SUB	R|792|G
16088915	861	870	Arg792Gly	Protein	SUB	R|792|G
16051693	517	522	V175M	Protein	SUB	V|175|M
16051693	537	542	V175M	Protein	SUB	V|175|M
16051693	698	703	V175M	Protein	SUB	V|175|M
16051693	919	924	V175M	Protein	SUB	V|175|M
15983230	762	768	rs5393	SNP	SNP	rs5393
15880727	1027	1037	c.113-1G>A	DNA	SUB	G|113-1|A
15880727	1039	1049	c.799+2T>A	DNA	SUB	T|799+2|A
15880727	1075	1083	c.612T>G	DNA	SUB	T|612|G
15880727	1085	1092	p.Y204X	Protein	SUB	Y|204|X
15880727	1124	1132	c.532T>C	DNA	SUB	T|532|C
15880727	1134	1141	p.C178R	Protein	SUB	C|178|R
15880727	1144	1152	c.851T>C	DNA	SUB	T|851|C
15880727	1154	1161	p.L284P	Protein	SUB	L|284|P
15880727	679	686	p.A150P	Protein	SUB	A|150|P
15880727	694	701	p.A175D	Protein	SUB	A|175|D
15880727	712	719	p.N335K	Protein	SUB	N|335|K
15880727	775	791	c.360_363delCAAA	DNA	DEL	|360_363|CAAA
15880727	793	799	p.R60X	Protein	SUB	R|60|X
15880727	801	808	p.Y204X	Protein	SUB	Y|204|X
15880727	814	823	c.865delC	DNA	DEL	|865|C
15880727	915	943	c.1044_1049delTTCTGGinsACACT	DNA	INDEL	1044_1049|ACACT
15880727	967	981	c.345_372del28	DNA	DEL	|345_372|28
15880727	983	997	c.841_842delAC	DNA	DEL	|841_842|AC
15867855	1301	1313	157delMTTTVP	Protein	DEL	|157|MTTTVP
15867855	870	879	rs2277025	SNP	SNP	rs2277025
15867855	917	929	157delMTTTVP	Protein	DEL	|157|MTTTVP
15834874	874	879	G529A	DNA	SUB	G|529|A
15834874	895	900	C934A	DNA	SUB	C|934|A
15834874	916	922	A1053G	DNA	SUB	A|1053|G
15834874	938	946	G1915T/A	DNA	SUB	G|1915|T
15834874	938	946	G1915T/A	DNA	SUB	G|1915|A
15834874	962	970	T2005C/A	DNA	SUB	T|2005|C
15834874	962	970	T2005C/A	DNA	SUB	T|2005|A
15834874	990	996	C3026T	DNA	SUB	C|3026|T
15824163	892	901	rs1639679	SNP	SNP	rs1639679
15820770	358	410	replaces aspartic acid by glutamic acid in codon 416	Protein	SUB	D|416|E
15770495	1017	1021	V89L	Protein	SUB	V|89|L
15770495	1083	1088	A207D	Protein	SUB	A|207|D
15770495	1150	1154	A49T	Protein	SUB	A|49|T
15770495	1349	1356	del642T	DNA	DEL	|642|T
15770495	1361	1366	G158R	Protein	SUB	G|158|R
15770495	1420	1429	IVS3+1G>A	DNA	SUB	G|IVS3+1|A
15770495	1465	1476	217_218insC	DNA	INS	|217_218|C
15770495	1687	1692	G183S	Protein	SUB	G|183|S
15770495	686	691	G183S	Protein	SUB	G|183|S
15770495	702	707	R246W	Protein	SUB	R|246|W
15770495	718	725	del642T	DNA	DEL	|642|T
15770495	736	741	G196S	Protein	SUB	G|196|S
15770495	756	767	217_218insC	DNA	INS	|217_218|C
15770495	777	781	A49T	Protein	SUB	A|49|T
15770495	860	865	Q126R	Protein	SUB	Q|126|R
15770495	866	875	IVS3+1G>A	DNA	SUB	G|IVS3+1|A
15770495	886	891	Q126R	Protein	SUB	Q|126|R
15770495	892	899	del418T	DNA	DEL	|418|T
15770495	923	928	Q126R	Protein	SUB	Q|126|R
15770495	929	934	G158R	Protein	SUB	G|158|R
15770495	974	979	A207D	Protein	SUB	A|207|D
15770495	981	986	G196S	Protein	SUB	G|196|S
15770495	992	997	R266W	Protein	SUB	R|266|W
15754732	1067	1074	222insT	DNA	INS	|222|T
15754732	1110	1118	912delTA	DNA	DEL	|912|TA
15754732	1152	1160	835del18	DNA	DEL	|835|18
15754732	1197	1202	P291A	Protein	SUB	P|291|A
15754732	1249	1253	L89R	Protein	SUB	L|89|R
15754732	1290	1295	Q536X	Protein	SUB	Q|536|X
15754732	1398	1403	R171Q	Protein	SUB	R|171|Q
15749661	1011	1016	L490R	Protein	SUB	L|490|R
15749661	1050	1055	L490R	Protein	SUB	L|490|R
15749661	1060	1065	I238M	Protein	SUB	I|238|M
15749661	1309	1314	V561X	Protein	SUB	V|561|X
15749661	169	174	C282Y	Protein	SUB	C|282|Y
15749661	21	26	L490R	Protein	SUB	L|490|R
15749661	31	36	V561X	Protein	SUB	V|561|X
15749661	876	884	1469T->G	DNA	SUB	T|1469|G
15749661	886	891	L490R	Protein	SUB	L|490|R
15749661	897	905	1665delC	DNA	DEL	|1665|C
15749661	907	912	V561X	Protein	SUB	V|561|X
15749661	968	973	I238M	Protein	SUB	I|238|M
15672026	20	53	A>G polymorphism at position -670	DNA	SUB	A|-670|G
15668505	1017	1022	N372H	Protein	SUB	N|372|H
15668505	1322	1327	N372H	Protein	SUB	N|372|H
15668505	1538	1543	N372H	Protein	SUB	N|372|H
15668505	177	182	N372H	Protein	SUB	N|372|H
15668505	381	386	N372H	Protein	SUB	N|372|H
15668505	453	461	203G > A	DNA	SUB	G|203|A
15667541	801	811	g.3907G >A	DNA	SUB	G|3907|A
15667541	836	848	Glu29 to Lys	Protein	SUB	E|29|K
15667541	850	854	E29K	Protein	SUB	E|29|K
15667541	880	884	E29K	Protein	SUB	E|29|K
15636431	256	292	T to C substitution at position 1833	DNA	SUB	T|456|C
15579915	1176	1186	IVS10 + 4G	DNA	SUB	|IVS10+4|G
15485686	1366	1372	V1764M	Protein	SUB	V|1764|M
15485686	1408	1414	I1762A	Protein	SUB	I|1762|A
15485686	1566	1572	V1763M	Protein	SUB	V|1763|M
15485686	807	839	G-->A substitution at codon 1763	DNA	SUB	G|CODON1763|A
15464247	403	411	1188-A/C	DNA	SUB	A|1188|C
15461822	1083	1090	Delta30	DNA	DEL	||30
15461822	1262	1269	Delta30	DNA	DEL	||30
15461822	1287	1294	Delta30	DNA	DEL	||30
15461822	1445	1452	Delta30	DNA	DEL	||30
15461822	1495	1502	Delta30	DNA	DEL	||30
15461822	1512	1519	Delta30	DNA	DEL	||30
15461822	356	363	Delta30	DNA	DEL	||30
15461822	573	580	Delta30	DNA	DEL	||30
15461822	842	849	Delta30	DNA	DEL	||30
15304120	1126	1131	P364L	Protein	SUB	P|364|L
15304120	1133	1143	1091 C > T	DNA	SUB	C|1091|T
15304120	1177	1182	Y486D	Protein	SUB	Y|486|D
15304120	1422	1426	G71R	Protein	SUB	G|71|R
15304120	1475	1479	G71R	Protein	SUB	G|71|R
15304120	1561	1566	Y486D	Protein	SUB	Y|486|D
15304120	1576	1581	P229Q	Protein	SUB	P|229|Q
15304120	1644	1649	P364L	Protein	SUB	P|364|L
15304120	1748	1752	G71R	Protein	SUB	G|71|R
15304120	1771	1776	Y486D	Protein	SUB	Y|486|D
15304120	1841	1845	G71R	Protein	SUB	G|71|R
15304120	1913	1918	P364L	Protein	SUB	P|364|L
15200509	654	661	Tyr246X	Protein	SUB	Y|246|X
15086338	1184	1197	6573 + 1G > C	DNA	SUB	G|6573+1|C
15086338	1387	1395	5504delA	DNA	DEL	|5504|A
15086338	1778	1786	5504delA	DNA	DEL	|5504|A
15086338	1871	1884	6573 + 1G > C	DNA	SUB	G|6573+1|C
15009222	1143	1151	del 329C	DNA	DEL	|329|C
15009222	1295	1300	C435G	DNA	SUB	C|435|G
14751036	1049	1056	2068G>C	DNA	SUB	G|2068|C
14751036	1116	1123	2068G>C	DNA	SUB	G|2068|C
14751036	1326	1333	2084G>A	DNA	SUB	G|2084|A
14751036	1338	1345	1780C>A	DNA	SUB	C|1780|A
14751036	1460	1467	1242G>T	DNA	SUB	G|1242|T
14751036	1472	1479	1780C>A	DNA	SUB	C|1780|A
14751036	1594	1601	9 +1G>T	DNA	SUB	G|9+1|T
14623369	175	180	C270T	DNA	SUB	C|270|T
14623369	4	9	C270T	DNA	SUB	C|270|T
14562027	1034	1042	-1001C/T	DNA	SUB	C|-1001|T
14562027	1044	1051	-263G/A	DNA	SUB	G|-263|A
14562027	1053	1059	-13C/T	DNA	SUB	C|-13|T
14562027	1061	1068	+142C/G	DNA	SUB	C|+142|G
14562027	1074	1081	+355G/T	DNA	SUB	G|+355|T
14562027	1271	1279	-1001C/T	DNA	SUB	C|-1001|T
14562027	1281	1288	-263G/A	DNA	SUB	G|-263|A
14562027	1290	1296	-13C/T	DNA	SUB	C|-13|T
14562027	1298	1305	+142C/G	DNA	SUB	C|+142|G
14562027	1311	1318	+355G/T	DNA	SUB	G|+355|T
14562027	822	830	-1001C/T	DNA	SUB	C|-1001|T
14562027	832	839	-263G/A	DNA	SUB	G|-263|A
14562027	845	851	-13C/T	DNA	SUB	C|-13|T
14508191	1220	1226	T/C704	DNA	SUB	T|704|C
14508191	1248	1255	A/C1166	DNA	SUB	A|1166|C
14508191	1281	1288	T/C-344	DNA	SUB	T|-344|C
14508191	1547	1553	T/C704	DNA	SUB	T|704|C
14508191	1572	1579	T/C-344	DNA	SUB	T|-344|C
14508191	1600	1607	A/C1166	DNA	SUB	A|1166|C
14508191	692	698	T/C704	DNA	SUB	T|704|C
14508191	734	741	A/C1166	DNA	SUB	A|1166|C
14508191	774	781	T/C-344	DNA	SUB	T|-344|C
12925671	919	932	C877T in cDNA	DNA	SUB	C|877|T
12925671	969	987	620-621del in cDNA	DNA	DEL	|620_621|
12915397	554	573	-866 promoter (G/A)	DNA	SUB	G|-866|A
12915397	600	608	Ala55Val	Protein	SUB	A|55|V
12915397	612	616	A55V	Protein	SUB	A|55|V
12872254	1372	1388	c.399_402delAGAG	DNA	DEL	|399_402|AGAG
12872254	1429	1445	c.399_402delAGAG	DNA	DEL	|399_402|AGAG
12872254	1446	1462	c.399_402delAGAG	DNA	DEL	|399_402|AGAG
12872254	1784	1800	c.399_402delAGAG	DNA	DEL	|399_402|AGAG
12872254	629	645	c.399_402delAGAG	DNA	DEL	|399_402|AGAG
12872254	83	100	c.399_402del AGAG	DNA	DEL	|399_402|AGAG
12829659	1232	1238	G-308A	DNA	SUB	G|-308|A
12829659	359	365	G-308A	DNA	SUB	G|-308|A
12829659	392	398	C-174G	DNA	SUB	C|-174|G
12829659	41	47	G-308A	DNA	SUB	G|-308|A
12829659	59	65	C-174G	DNA	SUB	C|-174|G
12650796	1156	1164	3020insC	DNA	INS	|3020|C
12650796	1362	1370	3020insC	DNA	INS	|3020|C
12650796	295	303	3020insC	DNA	INS	|3020|C
12650796	63	71	3020insC	DNA	INS	|3020|C
12650796	990	998	3020insC	DNA	INS	|3020|C
