[{"id":0,"start":0,"end":76,"text":"TP53 mutation and haplotype analysis of two large African American families.","terms":[]},{"id":1,"start":77,"end":271,"text":"Two large apparently unrelated African American families with a high incidence of breast cancer and other tumors characteristic of Li-Fraumeni breast sarcoma cancer family syndrome were studied.","terms":[{"ids":"UMLS:C0006141:T023:ANAT","score":1.0,"id":1,"start":159,"end":165,"text":"breast","terms":[]},{"ids":"UMLS:C0020758:T047:DISO","score":1.0,"id":2,"start":208,"end":210,"text":"Li","terms":[]},{"ids":"UMLS:C0006141:T023:ANAT","score":1.0,"id":3,"start":220,"end":226,"text":"breast","terms":[]},{"ids":"UMLS:C0039082:T047:DISO","score":1.0,"id":4,"start":249,"end":257,"text":"syndrome","terms":[]}]},{"id":2,"start":272,"end":421,"text":"Mutation screening revealed that in both families the affected members carried a germline mutation of the TP53 gene at codon 133 (ATG--\u003e ACG, M133T).","terms":[{"ids":"UNIPROT:Q9H3M7:T116:PRGE","score":0.9978909112529497,"id":1,"start":378,"end":387,"text":"TP53 gene","terms":[]}]},{"id":3,"start":422,"end":576,"text":"In order to determine whether an ancestral haplotype was shared by these two families, polymorphic markers within and flanking the TP53 gene were studied.","terms":[{"ids":"UNIPROT:Q9H3M7:T116:PRGE","score":0.9951304933384229,"id":1,"start":553,"end":562,"text":"TP53 gene","terms":[]}]},{"id":4,"start":577,"end":674,"text":"Haplotype analysis using five markers revealed an identical haplotype shared by the two families.","terms":[]},{"id":5,"start":675,"end":842,"text":"Loss of heterozygosity at the TP53 locus in the probands\u0027 tumor tissues from each family  was observed; in each case, the retained allele carried the common haplotype.","terms":[]},{"id":6,"start":843,"end":928,"text":"The frequency of this haplotype in the general African American population is \u003c0.003.","terms":[]},{"id":7,"start":929,"end":1061,"text":"This unique haplotype, combined with the rare TP53 mutation, suggests that these  African American families share a common ancestry.","terms":[]},{"id":8,"start":1062,"end":1289,"text":"This finding suggests that other African Americans may be carriers of this mutation and thus may be at risk  of early-onset breast cancer or other cancers characteristic of the Li-Fraumeni breast sarcoma cancer family syndrome.","terms":[{"ids":"UMLS:C0006141:T023:ANAT","score":1.0,"id":1,"start":1186,"end":1192,"text":"breast","terms":[]},{"ids":"UMLS:C0020758:T047:DISO","score":1.0,"id":2,"start":1239,"end":1241,"text":"Li","terms":[]},{"ids":"UMLS:C0006141:T023:ANAT","score":1.0,"id":3,"start":1251,"end":1257,"text":"breast","terms":[]},{"ids":"UMLS:C0039082:T047:DISO","score":1.0,"id":4,"start":1280,"end":1288,"text":"syndrome","terms":[]}]},{"id":9,"start":1290,"end":1418,"text":"The finding of recurring mutations in African Americans may facilitate carrier screening and identification in this population..","terms":[]}]