[{"id":0,"start":0,"end":130,"text":"Altered ligand binding by insulin-like growth factor II/mannose 6-phosphate receptors bearing missense mutations in human cancers.","terms":[{"ids":"UNIPROT:P01344:T116:PRGE","score":0.9082766342426887,"id":1,"start":26,"end":55,"text":"insulin-like growth factor II","terms":[]}]},{"id":1,"start":131,"end":289,"text":"The M6P/IGF2R gene, encoding the insulin-like growth factor II (IGF-II)/mannose 6-phosphate receptor (IGF2R), is frequently inactivated during carcinogenesis.","terms":[{"ids":"UNIPROT:P11717:T116:PRGE","score":0.36731767418257166,"id":1,"start":135,"end":138,"text":"M6P","terms":[]},{"ids":"UNIPROT:P11717:T116:PRGE","score":0.36731767418257166,"id":2,"start":139,"end":144,"text":"IGF2R","terms":[]},{"ids":"UNIPROT:P01344:T116:PRGE","score":0.36731767418257166,"id":3,"start":164,"end":193,"text":"insulin-like growth factor II","terms":[]},{"ids":"UNIPROT:P09565:T116:PRGE","score":0.36731767418257166,"id":4,"start":195,"end":201,"text":"IGF-II","terms":[]},{"ids":"UNIPROT:P11717:T116:PRGE","score":0.36731767418257166,"id":5,"start":203,"end":231,"text":"mannose 6-phosphate receptor","terms":[]},{"ids":"UNIPROT:P11717:T116:PRGE","score":0.36731767418257166,"id":6,"start":233,"end":238,"text":"IGF2R","terms":[]}]},{"id":2,"start":290,"end":528,"text":"M6P/IGF2R is postulated to be a tumor suppressor gene due to its ability to bind  and degrade the mitogen IGF-II, promote activation of the growth inhibitor transforming growth factor beta, and regulate the targeting of lysosomal enzymes.","terms":[{"ids":"UNIPROT:P11717:T116:PRGE","score":0.6534846009037879,"id":1,"start":290,"end":293,"text":"M6P","terms":[]},{"ids":"UNIPROT:P11717:T116:PRGE","score":0.6534846009037879,"id":2,"start":294,"end":299,"text":"IGF2R","terms":[]},{"ids":"UNIPROT:P09565:T116:PRGE","score":0.6534846009037879,"id":3,"start":388,"end":402,"text":"mitogen IGF-II","terms":[]},{"ids":"UNIPROT:P78371:T116:PRGE|UNIPROT:P07951:T116:PRGE|UNIPROT:Q9HCC0:T116:PRGE|UNIPROT:O00459:T116:PRGE","score":0.6534846009037879,"id":4,"start":447,"end":478,"text":"transforming growth factor beta","terms":[]}]},{"id":3,"start":529,"end":756,"text":"In this study, we determined the effects of four M6P/IGF2R missense mutations associated with loss of heterozygosity in hepatocellular and breast cancers on the ligand binding properties of full-length membrane-bound receptors.","terms":[{"ids":"UNIPROT:P11717:T116:PRGE","score":0.9765681946357224,"id":1,"start":578,"end":581,"text":"M6P","terms":[]},{"ids":"UNIPROT:P11717:T116:PRGE","score":0.9765681946357224,"id":2,"start":582,"end":587,"text":"IGF2R","terms":[]},{"ids":"UMLS:C0006141:T023:ANAT","score":1.0,"id":3,"start":668,"end":674,"text":"breast","terms":[]}]},{"id":4,"start":757,"end":1036,"text":"Site-directed mutagenesis was used to prepare COOH-terminal, c-myc epitope-tagged human IGF2R cDNA expression constructs bearing point mutations that lead to the substitutions I1572T, G1464E, G1449V, and Q1445H, all of which are located in the receptor\u0027s extracytoplasmic domain.","terms":[{"ids":"UNIPROT:P01106:T116:PRGE|UNIPROT:P12524:T116:PRGE","score":0.38845005270384836,"id":1,"start":818,"end":855,"text":"c-myc epitope-tagged human IGF2R cDNA","terms":[]}]},{"id":5,"start":1037,"end":1134,"text":"Ligand binding was measured in plasma membranes from 293T cells expressing full-length receptors.","terms":[]},{"id":6,"start":1135,"end":1201,"text":"No binding of 125I-IGF-II to I1572T mutant receptors was observed.","terms":[{"ids":"UNIPROT:P09565:T116:PRGE","score":0.8259635156395323,"id":1,"start":1149,"end":1160,"text":"125I-IGF-II","terms":[]}]},{"id":7,"start":1202,"end":1285,"text":"Binding to G1449V mutant receptors was decreased by 50% relative to wild-type (WT).","terms":[]},{"id":8,"start":1286,"end":1438,"text":"However, IGF-II binding to the G1464E and Q1445H mutant receptors was equivalent to WT when plasma membranes were assayed immediately after preparation.","terms":[{"ids":"UNIPROT:P09565:T116:PRGE","score":0.7529715318367063,"id":1,"start":1295,"end":1301,"text":"IGF-II","terms":[]}]},{"id":9,"start":1439,"end":1574,"text":"The phosphomannosylated pseudoglycoprotein pentamannose 6-phosphate-BSA (PMP-BSA) was synthesized as a ligand for the M6P binding site.","terms":[{"ids":"UNIPROT:P11717:T116:PRGE","score":0.7046488479489054,"id":1,"start":1557,"end":1573,"text":"M6P binding site","terms":[]}]},{"id":10,"start":1575,"end":1745,"text":"Binding of 125I-PMP-BSA was equivalent to WT for the I1572T, G1464E, and Q1445H mutations, but there was a 60% reduction in PMP-BSA binding to the G1449V mutant receptor.","terms":[{"ids":"UNIPROT:Q08357:T116:PRGE","score":0.14109957652335464,"id":1,"start":1722,"end":1744,"text":"G1449V mutant receptor","terms":[]}]},{"id":11,"start":1746,"end":1939,"text":"Thus, several missense mutations in M6P/IGF2R disrupt the ligand binding functions of the intact IGF2R, lending further support to the hypothesis that the M6P/IGF2R is a tumor suppressor gene..","terms":[{"ids":"UNIPROT:P11717:T116:PRGE","score":0.8531072824153493,"id":1,"start":1782,"end":1785,"text":"M6P","terms":[]},{"ids":"UNIPROT:P11717:T116:PRGE","score":0.8531072824153493,"id":2,"start":1786,"end":1791,"text":"IGF2R","terms":[]},{"ids":"UNIPROT:P11717:T116:PRGE","score":0.8531072824153493,"id":3,"start":1843,"end":1848,"text":"IGF2R","terms":[]},{"ids":"UNIPROT:P11717:T116:PRGE","score":0.8531072824153493,"id":4,"start":1901,"end":1904,"text":"M6P","terms":[]},{"ids":"UNIPROT:P11717:T116:PRGE","score":0.8531072824153493,"id":5,"start":1905,"end":1910,"text":"IGF2R","terms":[]}]}]