[{"id":0,"start":0,"end":117,"text":"Identification of germline missense mutations and rare allelic variants in the ATM gene in early-onset breast cancer.","terms":[{"ids":"UNIPROT:Q13315:T116:PRGE|UNIPROT:Q14134:T116:PRGE","score":0.9352472469019596,"id":1,"start":79,"end":87,"text":"ATM gene","terms":[]},{"ids":"UMLS:C0006141:T023:ANAT","score":1.0,"id":2,"start":103,"end":109,"text":"breast","terms":[]}]},{"id":1,"start":118,"end":242,"text":"Epidemiological studies have shown an increased risk of breast cancer in obligate ataxia telangiectasia (A-T) heterozygotes.","terms":[{"ids":"UMLS:C0006141:T023:ANAT","score":1.0,"id":1,"start":174,"end":180,"text":"breast","terms":[]},{"ids":"UMLS:C0004135:T047:DISO","score":1.0,"id":2,"start":200,"end":221,"text":"ataxia telangiectasia","terms":[]}]},{"id":2,"start":243,"end":515,"text":"We analyzed 100 samples from young breast cancer patients for mutations in ataxia-telangiectasia mutated (ATM), the  gene responsible for the autosomal recessive condition, A-T, to determine whether A-T heterozygosity predisposes such individuals to develop breast cancer.","terms":[{"ids":"UMLS:C0006141:T023:ANAT","score":1.0,"id":1,"start":278,"end":284,"text":"breast","terms":[]},{"ids":"UMLS:C0004135:T047:DISO","score":1.0,"id":2,"start":318,"end":339,"text":"ataxia-telangiectasia","terms":[]},{"ids":"UMLS:C0012634:T047:DISO","score":1.0,"id":3,"start":405,"end":414,"text":"condition","terms":[]},{"ids":"UMLS:C0006141:T023:ANAT","score":1.0,"id":4,"start":501,"end":507,"text":"breast","terms":[]}]},{"id":3,"start":516,"end":670,"text":"These patients were selected from families with a moderate or absent family history of  breast cancer and included a subset of 16 radiosensitive patients.","terms":[{"ids":"UMLS:C0006141:T023:ANAT","score":1.0,"id":1,"start":604,"end":610,"text":"breast","terms":[]}]},{"id":4,"start":671,"end":787,"text":"Forty-four germline sequence variants were detected by fluorescent chemical cleavage of mismatch of RT-PCR products.","terms":[]},{"id":5,"start":788,"end":912,"text":"These included seven rare variants found in nine patients (three described for the first time), but no truncating mutations.","terms":[]},{"id":6,"start":913,"end":1061,"text":"Although three variants were detected in the radiosensitive subset, this was not  statistically significant compared to the nonradiosensitive group.","terms":[]},{"id":7,"start":1062,"end":1186,"text":"One variant, G2765S, is likely to be a missense mutation, but the other six variants probably  represent rare polymorphisms.","terms":[]},{"id":8,"start":1187,"end":1372,"text":"However, five of the seven rare germline variants detected showed loss of heterozygosity of the wild-type ATM allele for one or more markers close to the ATM locus in matched tumor DNA.","terms":[{"ids":"UNIPROT:Q13315:T116:PRGE|UNIPROT:Q14134:T116:PRGE","score":0.45756920835431747,"id":1,"start":1341,"end":1350,"text":"ATM locus","terms":[]}]},{"id":9,"start":1373,"end":1594,"text":"This high rate of somatic inactivation of ATM may indicate either that these rare variants play a role in breast cancer development or alternatively that a neighboring tumor suppressor gene is important for tumorigenesis.","terms":[{"ids":"UNIPROT:Q13315:T116:PRGE|UNIPROT:Q14134:T116:PRGE","score":0.9837535957504989,"id":1,"start":1415,"end":1418,"text":"ATM","terms":[]},{"ids":"UMLS:C0006141:T023:ANAT","score":1.0,"id":2,"start":1479,"end":1485,"text":"breast","terms":[]}]},{"id":10,"start":1595,"end":1768,"text":"We found germline truncating ATM  mutations to be rare in these young breast cancer patients and therefore they are unlikely to play a role in the etiology of their disease.","terms":[{"ids":"UMLS:C0006141:T023:ANAT","score":1.0,"id":1,"start":1665,"end":1671,"text":"breast","terms":[]}]},{"id":11,"start":1769,"end":1812,"text":"Genes Chromosomes Cancer 26:286-294, 1999..","terms":[]}]