[{"id":0,"start":0,"end":89,"text":"Altered expression of p53 and its regulated proteins in phyllodes tumours of the  breast.","terms":[{"ids":"UNIPROT:P42771:T116:PRGE","score":0.997515719063283,"id":1,"start":22,"end":25,"text":"p53","terms":[]},{"ids":"UMLS:C0006141:T023:ANAT","score":1.0,"id":2,"start":82,"end":88,"text":"breast","terms":[]}]},{"id":1,"start":90,"end":206,"text":"The histological characteristics of phyllodes tumours of the breast are often not related to their clinical outcome.","terms":[{"ids":"UMLS:C0006141:T023:ANAT","score":1.0,"id":1,"start":151,"end":157,"text":"breast","terms":[]}]},{"id":2,"start":207,"end":370,"text":"Additional studies must therefore be performed to investigate the possible relationship of cell biological parameters to the biological behaviour of these tumours.","terms":[]},{"id":3,"start":371,"end":576,"text":"The expression of Ki-67, p53, and its regulated proteins has been studied in 19 primary phyllodes tumours, from patients with known follow-up, using immunohistochemical and molecular biological techniques.","terms":[{"ids":"UNIPROT:P46013:T116:PRGE","score":0.9806948405861894,"id":1,"start":389,"end":394,"text":"Ki-67","terms":[]},{"ids":"UNIPROT:P42771:T116:PRGE","score":0.9806948405861894,"id":2,"start":396,"end":399,"text":"p53","terms":[]}]},{"id":4,"start":577,"end":664,"text":"Overexpression of the p53 protein was observed in four cases and mutation in two cases.","terms":[{"ids":"UNIPROT:P42771:T116:PRGE","score":0.9986006430063995,"id":1,"start":599,"end":610,"text":"p53 protein","terms":[]}]},{"id":5,"start":665,"end":822,"text":"In only one case, the sequence alteration, at codon 273, was associated with overexpression of p53 protein and with strong expression of Ki-67 (30 per cent).","terms":[{"ids":"UNIPROT:P42771:T116:PRGE","score":0.9252713624990883,"id":1,"start":760,"end":771,"text":"p53 protein","terms":[]}]},{"id":6,"start":823,"end":914,"text":"This alteration was found in the primary, the recurrent, and the metastatic tumour samples.","terms":[]},{"id":7,"start":915,"end":999,"text":"Moreover, the same p53 gene mutation, Arg273Cys, was detected in all tumour samples.","terms":[{"ids":"UNIPROT:P42771:T116:PRGE","score":0.7711362979683211,"id":1,"start":934,"end":942,"text":"p53 gene","terms":[]}]},{"id":8,"start":1000,"end":1102,"text":"No mutation was found in adjacent normal breast tissue, indicating that this was an acquired mutation.","terms":[{"ids":"UMLS:C0444070:T023:ANAT","score":1.0,"id":1,"start":1041,"end":1054,"text":"breast tissue","terms":[]}]},{"id":9,"start":1103,"end":1174,"text":"Unexpectedly, strong BAX expression was observed in the primary tumour.","terms":[]},{"id":10,"start":1175,"end":1220,"text":"The patient died during the follow-up period.","terms":[]},{"id":11,"start":1221,"end":1396,"text":"It is concluded that p53 gene status and an accumulation of BAX, both involved in the same apoptosis-controlling pathway, may be of prognostic relevance in phyllodes tumours..","terms":[{"ids":"UNIPROT:P42771:T116:PRGE","score":0.9478105864051368,"id":1,"start":1242,"end":1250,"text":"p53 gene","terms":[]}]}]