[{"id":0,"start":0,"end":70,"text":"Genetic polymorphism of cytochrome P450-1B1 and risk of breast cancer.","terms":[{"ids":"UNIPROT:Q9HCS2:T116:PRGE|UNIPROT:P05177:T116:PRGE|UNIPROT:Q8N1L4:T116:PRGE|UNIPROT:P13584:T116:PRGE|UNIPROT:P24462:T116:PRGE|UNIPROT:Q7Z449:T116:PRGE|UNIPROT:P20815:T116:PRGE|UNIPROT:P20853:T116:PRGE|UNIPROT:P10635:T116:PRGE|UNIPROT:P04798:T116:PRGE|UNIPROT:Q96SQ9:T116:PRGE|UNIPROT:P33261:T116:PRGE|UNIPROT:P20813:T116:PRGE|UNIPROT:Q02928:T116:PRGE|UNIPROT:P11511:T116:PRGE|UNIPROT:Q86W10:T116:PRGE|UNIPROT:Q16696:T116:PRGE|UNIPROT:Q6V0L0:T116:PRGE|UNIPROT:Q9HBI6:T116:PRGE|UNIPROT:P24903:T116:PRGE|UNIPROT:P10632:T116:PRGE|UNIPROT:P51589:T116:PRGE|UNIPROT:Q8N118:T116:PRGE|UNIPROT:P98187:T116:PRGE|UNIPROT:Q16678:T116:PRGE|UNIPROT:P33260:T116:PRGE|UNIPROT:Q9HB55:T116:PRGE","score":0.6017014917617923,"id":1,"start":24,"end":43,"text":"cytochrome P450-1B1","terms":[]},{"ids":"UMLS:C0006141:T023:ANAT","score":1.0,"id":2,"start":56,"end":62,"text":"breast","terms":[]}]},{"id":1,"start":71,"end":175,"text":"Cytochrome P450-1B1 (CYP1B1) is a major enzyme catalyzing the formation of genotoxic 4-hydroxyestradiol.","terms":[{"ids":"UNIPROT:P33261:T116:PRGE|UNIPROT:P33260:T116:PRGE","score":0.0,"id":1,"start":71,"end":81,"text":"Cytochrome","terms":[]},{"ids":"UNIPROT:Q16678:T116:PRGE","score":0.9591357885060697,"id":2,"start":92,"end":98,"text":"CYP1B1","terms":[]}]},{"id":2,"start":176,"end":337,"text":"This enzyme is also involved in the activation of polycyclic aromatic hydrocarbons and heterocyclic aromatic amines, mammary carcinogens in experimental animals.","terms":[{"ids":"UMLS:C0929301:T023:ANAT|UMLS:C0006141:T023:ANAT","score":1.0,"id":1,"start":293,"end":300,"text":"mammary","terms":[]}]},{"id":3,"start":338,"end":455,"text":"CYP1B1 is genetically polymorphic, and the variations in the CYP1B1 gene may be related to the risk of breast cancer.","terms":[{"ids":"UNIPROT:Q16678:T116:PRGE","score":0.9746626045488759,"id":1,"start":338,"end":344,"text":"CYP1B1","terms":[]},{"ids":"UNIPROT:Q16678:T116:PRGE","score":0.9746626045488759,"id":2,"start":399,"end":410,"text":"CYP1B1 gene","terms":[]},{"ids":"UMLS:C0006141:T023:ANAT","score":1.0,"id":3,"start":441,"end":447,"text":"breast","terms":[]}]},{"id":4,"start":456,"end":647,"text":"We evaluated this hypothesis among 186 breast cancer cases and 200 age-matched controls as part of a large population-based case-control study conducted in urban Shanghai during 1996 to 1998.","terms":[{"ids":"UMLS:C0006141:T023:ANAT","score":1.0,"id":1,"start":495,"end":501,"text":"breast","terms":[]}]},{"id":5,"start":648,"end":795,"text":"Genomic DNA from cases and controls was analyzed for genetic polymorphism in codon 432 (Val--\u003eLeu) of the CYP1B1 gene using a PCR-RFLP-based assay.","terms":[{"ids":"UNIPROT:Q16678:T116:PRGE","score":0.9927511450850531,"id":1,"start":754,"end":765,"text":"CYP1B1 gene","terms":[]}]},{"id":6,"start":796,"end":876,"text":"The frequency of the Leu allele was 53% in cases and 46% in controls (P \u003d 0.06).","terms":[]},{"id":7,"start":877,"end":1094,"text":"Compared with those with the Val/Val genotype, women with the Leu/Leu genotype had a 2.3-fold [95% confidence interval (CI), 1.2-4.5] elevated risk of breast cancer after adjusting for potential confounding variables.","terms":[{"ids":"UMLS:C0006141:T023:ANAT","score":1.0,"id":1,"start":1028,"end":1034,"text":"breast","terms":[]}]},{"id":8,"start":1095,"end":1255,"text":"This positive association was more pronounced among postmenopausal women (Odds ratio, 3.1; 95% CI, 1.0-9.1) than premenopausal women (OR, 1.9; 95% CI, 0.8-4.3).","terms":[]},{"id":9,"start":1256,"end":1434,"text":"Elevated risks of breast cancer associated with homozygosity for the Leu allele were observed in virtually all subgroups of women defined by major risk factors for breast cancer.","terms":[{"ids":"UMLS:C0006141:T023:ANAT","score":1.0,"id":1,"start":1274,"end":1280,"text":"breast","terms":[]},{"ids":"UMLS:C0006141:T023:ANAT","score":1.0,"id":2,"start":1420,"end":1426,"text":"breast","terms":[]}]},{"id":10,"start":1435,"end":1629,"text":"The results from this study were consistent with  recent findings from in vitro and animal experiments implicating a potentially important role of CYP1B1 in the etiology of human breast cancer..","terms":[{"ids":"UNIPROT:Q16678:T116:PRGE","score":0.9996307931654699,"id":1,"start":1582,"end":1588,"text":"CYP1B1","terms":[]},{"ids":"UMLS:C0006141:T023:ANAT","score":1.0,"id":2,"start":1614,"end":1620,"text":"breast","terms":[]}]}]