[{"id":0,"start":0,"end":112,"text":"Identification of p53 gene mutations in breast cancers and their effects on transcriptional activation function.","terms":[{"ids":"UNIPROT:P42771:T116:PRGE","score":0.9964704568458426,"id":1,"start":18,"end":26,"text":"p53 gene","terms":[]},{"ids":"UMLS:C0006141:T023:ANAT","score":1.0,"id":2,"start":40,"end":46,"text":"breast","terms":[]}]},{"id":1,"start":113,"end":232,"text":"Somatic mutations in the p53 tumor suppressor gene are the most common genetic alterations found in human malignancies.","terms":[{"ids":"UNIPROT:P42771:T116:PRGE","score":0.970802846502185,"id":1,"start":138,"end":163,"text":"p53 tumor suppressor gene","terms":[]}]},{"id":2,"start":233,"end":472,"text":"In the present study, we studied 36 primary human breast carcinomas, using a polymerase chain reaction-single-strand  conformation polymorphism (PCR-SSCP) and sequencing analysis of exons 2 through 9 for the presence of p53 gene mutations.","terms":[{"ids":"UMLS:C0006141:T023:ANAT","score":1.0,"id":1,"start":283,"end":289,"text":"breast","terms":[]},{"ids":"UNIPROT:P42771:T116:PRGE","score":0.976162887758084,"id":2,"start":453,"end":461,"text":"p53 gene","terms":[]}]},{"id":3,"start":473,"end":783,"text":"Six of 36 (17%) breast cancers contained  mutations within the core domain of the p53 protein responsible for sequence-specific DNA binding (codons 102-292); all 5 missense mutations clustered between codons 240 and 291 (codons 240, 243, 250, 285, and 291), whereas one nonsense mutation occurred at codon 199.","terms":[{"ids":"UMLS:C0006141:T023:ANAT","score":1.0,"id":1,"start":489,"end":495,"text":"breast","terms":[]},{"ids":"UNIPROT:P42771:T116:PRGE","score":0.99101481590704,"id":2,"start":555,"end":566,"text":"p53 protein","terms":[]}]},{"id":4,"start":784,"end":1166,"text":"By using recombinant PCR in  vitro mutagenesis, we introduced point mutations at codons 199 from Gly to stop (gly199stop), 240 from Ser to Ile (ser240Ile), 250 from Pro to Ala (pro250ala), 285 from Glu to Lys (glu285lys), and 291 from Lys to Asn (lys291asn), and all the p53 sequences were subcloned into the CMVneoBam vector under the control of the cytomegalovirus (CMV) promoter.","terms":[{"ids":"UNIPROT:P42771:T116:PRGE","score":0.9483573246199777,"id":1,"start":1055,"end":1068,"text":"p53 sequences","terms":[]}]},{"id":5,"start":1167,"end":1409,"text":"To test whether the mutants p53 were functionally wild-type (wt) or mutant, we transfected them to p53-null Saos-2 cells with a reporter plasmid containing a p53-responsive element, and performed chloramphenicol acetyltransferase (CAT) assay.","terms":[{"ids":"UNIPROT:P42771:T116:PRGE","score":0.747990598851579,"id":1,"start":1195,"end":1198,"text":"p53","terms":[]},{"ids":"UNIPROT:P42771:T116:PRGE","score":0.747990598851579,"id":2,"start":1266,"end":1281,"text":"p53-null Saos-2","terms":[]},{"ids":"UNIPROT:P42771:T116:PRGE","score":0.747990598851579,"id":3,"start":1325,"end":1347,"text":"p53-responsive element","terms":[]},{"ids":"UNIPROT:P18440:T116:PRGE","score":0.747990598851579,"id":4,"start":1363,"end":1396,"text":"chloramphenicol acetyltransferase","terms":[]},{"ids":"UNIPROT:Q6IB77:T116:PRGE|UNIPROT:P04040:T116:PRGE|UNIPROT:P43155:T116:PRGE","score":0.747990598851579,"id":5,"start":1398,"end":1401,"text":"CAT","terms":[]}]},{"id":6,"start":1410,"end":1711,"text":"Transient CAT assay for transcriptional activation revealed that one group, including gly199stop, ser240ile, glu285lys, and lys291asn, abolished the transcriptional activity, whereas the other group, including pro250ala, retained stronger transcriptional transactivation activity than that of wt p53..","terms":[{"ids":"UNIPROT:P42771:T116:PRGE","score":0.25686994776267824,"id":1,"start":1703,"end":1709,"text":"wt p53","terms":[]}]}]