[{"id":0,"start":0,"end":109,"text":"Inhibiting mutations in the transforming growth factor beta type 2 receptor in recurrent human breast cancer.","terms":[{"ids":"UNIPROT:P78371:T116:PRGE|UNIPROT:P07951:T116:PRGE|UNIPROT:Q9HCC0:T116:PRGE|UNIPROT:O00459:T116:PRGE","score":0.9891569383022751,"id":1,"start":28,"end":75,"text":"transforming growth factor beta type 2 receptor","terms":[]},{"ids":"UMLS:C0006141:T023:ANAT","score":1.0,"id":2,"start":95,"end":101,"text":"breast","terms":[]}]},{"id":1,"start":110,"end":241,"text":"Members of the transforming growth factor beta (TGF-beta) family are potent inhibitors of the growth of many epithelial cell types.","terms":[{"ids":"UNIPROT:P78371:T116:PRGE|UNIPROT:P07951:T116:PRGE|UNIPROT:Q9HCC0:T116:PRGE|UNIPROT:O00459:T116:PRGE","score":0.5195682248635817,"id":1,"start":125,"end":156,"text":"transforming growth factor beta","terms":[]}]},{"id":2,"start":242,"end":537,"text":"Transmembrane signaling by TGF-beta occurs via a complex of the serine/threonine kinases TGF-beta type 1  receptor and TGF-beta type 2 receptor (TGFBR2), and inactivating mutations in the latter have recently been detected in some primary tumors and in several types of tumor-derived cell lines.","terms":[{"ids":"UNIPROT:P01137:T116:PRGE|UNIPROT:P18075:T116:PRGE|UNIPROT:P22004:T116:PRGE","score":0.8596688891847136,"id":1,"start":269,"end":277,"text":"TGF-beta","terms":[]},{"ids":"UNIPROT:Q8IW75:T116:PRGE|UNIPROT:P36955:T116:PRGE|UNIPROT:P36952:T116:PRGE|UNIPROT:Q9UIV8:T116:PRGE|UNIPROT:P30740:T116:PRGE|UNIPROT:Q6UXR4:T116:PRGE|UNIPROT:P07093:T116:PRGE|UNIPROT:P05121:T116:PRGE|UNIPROT:P50453:T116:PRGE|UNIPROT:Q96P63:T116:PRGE|UNIPROT:Q96P15:T116:PRGE|UNIPROT:P50454:T116:PRGE","score":0.8596688891847136,"id":2,"start":306,"end":356,"text":"serine/threonine kinases TGF-beta type 1  receptor","terms":[]},{"ids":"UNIPROT:P01137:T116:PRGE|UNIPROT:P18075:T116:PRGE|UNIPROT:P22004:T116:PRGE","score":0.8596688891847136,"id":3,"start":361,"end":385,"text":"TGF-beta type 2 receptor","terms":[]},{"ids":"UNIPROT:P37173:T116:PRGE","score":0.8596688891847136,"id":4,"start":387,"end":393,"text":"TGFBR2","terms":[]}]},{"id":3,"start":538,"end":794,"text":"The most common mutations that have been identified in  TGFBR2 are frameshifts in a repetitive polyadenine region in replication error-positive colorectal carcinomas that result in a truncated protein and absence of receptor expression at the cell surface.","terms":[]},{"id":4,"start":795,"end":1070,"text":"A number of point mutations in the highly conserved serine/threonine kinase domain of TGFBR2 have also been reported, some of which have been correlated with either loss of trans-phosphorylation of TGF-beta type 1 receptor or constitutive activation of trans-phosphorylation.","terms":[{"ids":"UNIPROT:Q96GD4:T116:PRGE|UNIPROT:Q7KZI7:T116:PRGE|UNIPROT:Q9H2K8:T116:PRGE|UNIPROT:P42345:T116:PRGE|UNIPROT:O94806:T116:PRGE|UNIPROT:O14965:T116:PRGE|UNIPROT:Q86UE8:T116:PRGE|UNIPROT:O96013:T116:PRGE|UNIPROT:O75716:T116:PRGE|UNIPROT:Q13873:T116:PRGE","score":0.6203137693000079,"id":1,"start":847,"end":877,"text":"serine/threonine kinase domain","terms":[]},{"ids":"UNIPROT:P37173:T116:PRGE","score":0.6203137693000079,"id":2,"start":881,"end":887,"text":"TGFBR2","terms":[]},{"ids":"UNIPROT:P01137:T116:PRGE|UNIPROT:P18075:T116:PRGE|UNIPROT:P22004:T116:PRGE","score":0.6203137693000079,"id":3,"start":993,"end":1017,"text":"TGF-beta type 1 receptor","terms":[]}]},{"id":5,"start":1071,"end":1242,"text":"No TGFBR2 mutations have been reported in human breast tumors, but anomalous expression of TGF-beta in breast carcinomas suggests that TGF-beta signaling may be defective.","terms":[{"ids":"UNIPROT:P37173:T116:PRGE","score":0.3975143749482072,"id":1,"start":1074,"end":1080,"text":"TGFBR2","terms":[]},{"ids":"UMLS:C0006141:T023:ANAT","score":1.0,"id":2,"start":1119,"end":1125,"text":"breast","terms":[]},{"ids":"UNIPROT:P01137:T116:PRGE|UNIPROT:P18075:T116:PRGE|UNIPROT:P22004:T116:PRGE","score":0.3975143749482072,"id":3,"start":1162,"end":1170,"text":"TGF-beta","terms":[]},{"ids":"UMLS:C0006141:T023:ANAT","score":1.0,"id":4,"start":1174,"end":1180,"text":"breast","terms":[]},{"ids":"UNIPROT:P01137:T116:PRGE|UNIPROT:P18075:T116:PRGE|UNIPROT:P22004:T116:PRGE","score":0.3975143749482072,"id":5,"start":1206,"end":1214,"text":"TGF-beta","terms":[]}]},{"id":6,"start":1243,"end":1467,"text":"We have therefore systematically examined unmatched sets of 17 primary and 17 recurrent breast tumor samples for mutations  in TGFBR2, restricted to those regions of the gene in which mutations have previously been reported.","terms":[{"ids":"UMLS:C0006141:T023:ANAT","score":1.0,"id":1,"start":1331,"end":1337,"text":"breast","terms":[]}]},{"id":7,"start":1468,"end":1634,"text":"None of the previously reported mutations was detected, but four novel mutations (V387M, N435S, V447A, and L452M) were found in the kinase domain in recurrent tumors.","terms":[]},{"id":8,"start":1635,"end":1680,"text":"No mutations were detected in primary tumors.","terms":[]},{"id":9,"start":1682,"end":1779,"text":"TGF-beta signaling was significantly inhibited by each of the N435S, V447A, and L452M mutations..","terms":[{"ids":"UNIPROT:P01137:T116:PRGE|UNIPROT:P18075:T116:PRGE|UNIPROT:P22004:T116:PRGE","score":0.6736081601576045,"id":1,"start":1682,"end":1690,"text":"TGF-beta","terms":[]}]}]