[{"id":0,"start":0,"end":93,"text":"Contribution of germline MLH1 and MSH2 mutations to lobular carcinoma in situ of  the breast.","terms":[{"ids":"UNIPROT:P40692:T116:PRGE","score":0.9482146815193576,"id":1,"start":25,"end":29,"text":"MLH1","terms":[]},{"ids":"UNIPROT:P43246:T116:PRGE","score":0.9482146815193576,"id":2,"start":34,"end":38,"text":"MSH2","terms":[]},{"ids":"UMLS:C0006141:T023:ANAT","score":1.0,"id":3,"start":86,"end":92,"text":"breast","terms":[]}]},{"id":1,"start":94,"end":273,"text":"Lobular carcinoma in situ (LCIS) is an unusual histological pattern of non-invasive neoplastic disease of the breast occurring predominantly in women aged between 40 and 50 years.","terms":[{"ids":"UMLS:C0006141:T023:ANAT","score":1.0,"id":1,"start":204,"end":210,"text":"breast","terms":[]}]},{"id":2,"start":274,"end":362,"text":"LCIS is frequently multicentric and bilateral suggesting a genetic basis to the disease.","terms":[]},{"id":3,"start":363,"end":627,"text":"The high frequency of microsatellite instability in lobular breast cancers, coupled with increased risk of breast cancer associated with germline mismatch repair gene mutations raises the possibility that mutations MSH2 or MLH1 might confer susceptibility to LCIS.","terms":[{"ids":"UMLS:C0006141:T023:ANAT","score":1.0,"id":1,"start":423,"end":429,"text":"breast","terms":[]},{"ids":"UMLS:C0006141:T023:ANAT","score":1.0,"id":2,"start":470,"end":476,"text":"breast","terms":[]},{"ids":"UNIPROT:P43246:T116:PRGE","score":0.7434321121813862,"id":3,"start":578,"end":582,"text":"MSH2","terms":[]},{"ids":"UNIPROT:P40692:T116:PRGE","score":0.7434321121813862,"id":4,"start":586,"end":590,"text":"MLH1","terms":[]}]},{"id":4,"start":628,"end":739,"text":"To explore this possibility we have examined a series of 71 LCIS patients for germline MSH2 and MLH1 mutations.","terms":[{"ids":"UNIPROT:P43246:T116:PRGE","score":0.9746386732627798,"id":1,"start":715,"end":719,"text":"MSH2","terms":[]},{"ids":"UNIPROT:P40692:T116:PRGE","score":0.9746386732627798,"id":2,"start":724,"end":728,"text":"MLH1","terms":[]}]},{"id":5,"start":740,"end":775,"text":"No mutations were detected in MSH2.","terms":[{"ids":"UNIPROT:P43246:T116:PRGE","score":0.9672716817850253,"id":1,"start":770,"end":774,"text":"MSH2","terms":[]}]},{"id":6,"start":776,"end":822,"text":"Two sequence variants were identified in MLH1.","terms":[{"ids":"UNIPROT:P40692:T116:PRGE","score":0.9930413933378479,"id":1,"start":817,"end":821,"text":"MLH1","terms":[]}]},{"id":7,"start":823,"end":913,"text":"The first was a CTT--\u003eCAT substitution, codon 607 (exon 16) changing leucine to histidine.","terms":[{"ids":"UNIPROT:Q6IB77:T116:PRGE|UNIPROT:P04040:T116:PRGE|UNIPROT:P43155:T116:PRGE","score":0.9666953852193324,"id":1,"start":845,"end":848,"text":"CAT","terms":[]}]},{"id":8,"start":914,"end":1064,"text":"The other mutation detected in MLH1 was a TAC--\u003eTAA substitution codon 750 (exon 19) creating a stop codon, predicted to generate a truncated protein.","terms":[{"ids":"UNIPROT:P40692:T116:PRGE","score":0.997650067841387,"id":1,"start":945,"end":949,"text":"MLH1","terms":[]},{"ids":"UMLS:C0162872:T047:DISO","score":1.0,"id":2,"start":962,"end":965,"text":"TAA","terms":[]}]},{"id":9,"start":1065,"end":1149,"text":"These findings  suggest that mutations in MLH1 may underlie a subset of LCIS cases..","terms":[{"ids":"UNIPROT:P40692:T116:PRGE","score":0.9998956403745644,"id":1,"start":1107,"end":1111,"text":"MLH1","terms":[]}]}]