[{"id":0,"start":0,"end":107,"text":"Relationship between glutathione S-transferase M1, P1 and T1 polymorphisms and early onset prostate cancer.","terms":[{"ids":"UNIPROT:P28161:T116:PRGE|UNIPROT:P09488:T116:PRGE|UNIPROT:P01871:T116:PRGE","score":0.6104655189684117,"id":1,"start":21,"end":49,"text":"glutathione S-transferase M1","terms":[]},{"ids":"UMLS:C0033572:T023:ANAT","score":1.0,"id":2,"start":91,"end":99,"text":"prostate","terms":[]}]},{"id":1,"start":108,"end":248,"text":"There is evidence suggesting that polymorphic variations in the glutathione S-transferases (GSTs) are associated with cancer susceptibility.","terms":[{"ids":"UNIPROT:O60760:T116:PRGE","score":0.9775619605887367,"id":1,"start":200,"end":204,"text":"GSTs","terms":[]}]},{"id":2,"start":249,"end":415,"text":"Inter-individual differences in cancer susceptibility may be mediated in part through polymorphic  variability in the bioactivation and detoxification of carcinogens.","terms":[]},{"id":3,"start":416,"end":506,"text":"The GSTs have been consistently implicated as cancer susceptibility genes in this context.","terms":[{"ids":"UNIPROT:O60760:T116:PRGE","score":0.5137760318870901,"id":1,"start":420,"end":424,"text":"GSTs","terms":[]}]},{"id":4,"start":507,"end":593,"text":"The  GST supergene family includes several loci with well characterized polymorphisms.","terms":[{"ids":"UNIPROT:Q9Y2Q3:T116:PRGE|UNIPROT:Q86UG4:T116:PRGE|UNIPROT:Q03013:T116:PRGE","score":0.8536675942736132,"id":1,"start":512,"end":515,"text":"GST","terms":[]}]},{"id":5,"start":594,"end":817,"text":"Approximately 50% of the Caucasian population are homozygous for deletions in GSTM1 and approximately 20% are homozygous for deletions in GSTT1, resulting in conjugation deficiency of mutagenic electrophiles to glutathione.","terms":[{"ids":"UNIPROT:P09488:T116:PRGE","score":0.7309439944737933,"id":1,"start":672,"end":677,"text":"GSTM1","terms":[]},{"ids":"UNIPROT:P30711:T116:PRGE","score":0.7309439944737933,"id":2,"start":732,"end":737,"text":"GSTT1","terms":[]}]},{"id":6,"start":818,"end":1050,"text":"The GSTP1 gene  has a polymorphism at codon 105 resulting in an Ile to Val substitution which consequently alters the enzymatic activity of the protein and this has been suggested as a putative high-risk genotype in various cancers.","terms":[{"ids":"UNIPROT:P09211:T116:PRGE","score":0.9900745922750399,"id":1,"start":822,"end":832,"text":"GSTP1 gene","terms":[]}]},{"id":7,"start":1051,"end":1166,"text":"We investigated the relationship between GST polymorphisms and young onset prostate cancer in a case-control study.","terms":[{"ids":"UNIPROT:Q9Y2Q3:T116:PRGE|UNIPROT:Q86UG4:T116:PRGE|UNIPROT:Q03013:T116:PRGE","score":0.9904006671023872,"id":1,"start":1092,"end":1095,"text":"GST","terms":[]},{"ids":"UMLS:C0033572:T023:ANAT","score":1.0,"id":2,"start":1126,"end":1134,"text":"prostate","terms":[]}]},{"id":8,"start":1167,"end":1301,"text":"GSTM1, GSTT1 and GSTP1 genotypes were determined for 275 prostate cancer patients and for 280 geographically matched control subjects.","terms":[{"ids":"UNIPROT:P09488:T116:PRGE","score":0.8806077223527904,"id":1,"start":1167,"end":1172,"text":"GSTM1","terms":[]},{"ids":"UNIPROT:P30711:T116:PRGE","score":0.8806077223527904,"id":2,"start":1174,"end":1179,"text":"GSTT1","terms":[]},{"ids":"UNIPROT:P09211:T116:PRGE","score":0.8806077223527904,"id":3,"start":1184,"end":1189,"text":"GSTP1","terms":[]},{"ids":"UMLS:C0033572:T023:ANAT","score":1.0,"id":4,"start":1224,"end":1232,"text":"prostate","terms":[]}]},{"id":9,"start":1302,"end":1415,"text":"We  found no significant difference in the frequency of GSTM1 or GSTT1 null genotypes between cases and controls.","terms":[{"ids":"UNIPROT:P09488:T116:PRGE","score":0.9985737152690493,"id":1,"start":1358,"end":1363,"text":"GSTM1","terms":[]},{"ids":"UNIPROT:P30711:T116:PRGE","score":0.9985737152690493,"id":2,"start":1367,"end":1372,"text":"GSTT1","terms":[]}]},{"id":10,"start":1416,"end":1728,"text":"GSTP1 genotype was, however, significantly associated with prostate cancer risk: the Ile/Ile homozygotes had the lowest risk and there  was a trend in increasing the risk with the number of 105 Val alleles: Ile/Val odds ratio (OR)\u003d 1.30 (95% FCI 0.99-1.69), Val/Val OR \u003d 1.80 (95% FCI 1.11-2.91); Ptrend \u003d 0.026.","terms":[{"ids":"UNIPROT:P09211:T116:PRGE","score":0.6415843676631654,"id":1,"start":1416,"end":1421,"text":"GSTP1","terms":[]},{"ids":"UMLS:C0033572:T023:ANAT","score":1.0,"id":2,"start":1475,"end":1483,"text":"prostate","terms":[]}]},{"id":11,"start":1729,"end":1843,"text":"These results suggest that the GSTP1 polymorphism may be a risk factor for developing young onset prostate cancer.","terms":[{"ids":"UNIPROT:P09211:T116:PRGE","score":0.9925423643643325,"id":1,"start":1760,"end":1765,"text":"GSTP1","terms":[]},{"ids":"UMLS:C0033572:T023:ANAT","score":1.0,"id":2,"start":1827,"end":1835,"text":"prostate","terms":[]}]},{"id":12,"start":1844,"end":2069,"text":"We also found that carrying more than one putative high-risk allele in the carcinogen metabolizing GST family was associated with an elevated risk for early onset prostate cancer (OR 2.48, 95% FCI 1.22-5.04, Ptrend \u003d 0.017)..","terms":[{"ids":"UNIPROT:Q9Y2Q3:T116:PRGE|UNIPROT:Q86UG4:T116:PRGE|UNIPROT:Q03013:T116:PRGE","score":0.6812203435219242,"id":1,"start":1919,"end":1953,"text":"carcinogen metabolizing GST family","terms":[]},{"ids":"UMLS:C0033572:T023:ANAT","score":1.0,"id":2,"start":2007,"end":2015,"text":"prostate","terms":[]}]}]