[{"id":0,"start":0,"end":69,"text":"Association of E-cadherin germ-line alterations with prostate cancer.","terms":[{"ids":"UNIPROT:P12830:T116:PRGE","score":0.9872257571546854,"id":1,"start":15,"end":25,"text":"E-cadherin","terms":[]},{"ids":"UMLS:C0033572:T023:ANAT","score":1.0,"id":2,"start":53,"end":61,"text":"prostate","terms":[]}]},{"id":1,"start":70,"end":239,"text":"In our recent cancer registry-based study, the incidence of gastric carcinoma was increased up to 5-fold in male relatives of early-onset prostate cancer (PCA) patients.","terms":[{"ids":"UMLS:C0038351:T023:ANAT","score":1.0,"id":1,"start":130,"end":137,"text":"gastric","terms":[]},{"ids":"UMLS:C0033572:T023:ANAT","score":1.0,"id":2,"start":208,"end":216,"text":"prostate","terms":[]},{"ids":"UMLS:C0268398:T047:DISO|UMLS:C0220723:T047:DISO|UMLS:C0149576:T023:ANAT","score":1.0,"id":3,"start":225,"end":228,"text":"PCA","terms":[]}]},{"id":2,"start":240,"end":347,"text":"This association may reflect the influence of genetic factors predisposing individuals to both tumor types.","terms":[]},{"id":3,"start":348,"end":451,"text":"Germ-line mutations of the CDH1 gene at 16q have recently been associated with familial gastric cancer.","terms":[{"ids":"UNIPROT:P12830:T116:PRGE","score":0.9910436768902268,"id":1,"start":375,"end":384,"text":"CDH1 gene","terms":[]},{"ids":"UMLS:C0038351:T023:ANAT","score":1.0,"id":2,"start":436,"end":443,"text":"gastric","terms":[]}]},{"id":4,"start":452,"end":541,"text":"Furthermore, two genome-wide linkage studies of PCA recently reported positivity  at 16q.","terms":[{"ids":"UMLS:C0268398:T047:DISO|UMLS:C0220723:T047:DISO|UMLS:C0149576:T023:ANAT","score":1.0,"id":1,"start":500,"end":503,"text":"PCA","terms":[]}]},{"id":5,"start":542,"end":728,"text":"We therefore identified families and individual patients with both gastric and PCA and investigated whether the CDH1 gene mutations were involved in cancer predisposition in these cases.","terms":[{"ids":"UMLS:C0038351:T023:ANAT","score":1.0,"id":1,"start":609,"end":616,"text":"gastric","terms":[]},{"ids":"UMLS:C0268398:T047:DISO|UMLS:C0220723:T047:DISO|UMLS:C0149576:T023:ANAT","score":1.0,"id":2,"start":621,"end":624,"text":"PCA","terms":[]},{"ids":"UNIPROT:P12830:T116:PRGE","score":0.9696540400461656,"id":3,"start":654,"end":663,"text":"CDH1 gene","terms":[]}]},{"id":6,"start":729,"end":824,"text":"Fifteen of the 180 Finnish hereditary PCA families (8.3%) had one or more gastric cancer cases.","terms":[{"ids":"UMLS:C0268398:T047:DISO|UMLS:C0220723:T047:DISO|UMLS:C0149576:T023:ANAT","score":1.0,"id":1,"start":767,"end":770,"text":"PCA","terms":[]},{"ids":"UMLS:C0038351:T023:ANAT","score":1.0,"id":2,"start":803,"end":810,"text":"gastric","terms":[]}]},{"id":7,"start":825,"end":1025,"text":"No truncating or splice site CDH1 mutations were identified by PCR single-strand conformational polymorphism in these families or in eight individual patients who had both prostate and gastric cancer.","terms":[{"ids":"UNIPROT:P12830:T116:PRGE","score":0.9059192137895644,"id":1,"start":854,"end":858,"text":"CDH1","terms":[]},{"ids":"UMLS:C0033572:T023:ANAT","score":1.0,"id":2,"start":997,"end":1005,"text":"prostate","terms":[]},{"ids":"UMLS:C0038351:T023:ANAT","score":1.0,"id":3,"start":1010,"end":1017,"text":"gastric","terms":[]}]},{"id":8,"start":1026,"end":1165,"text":"However, a novel S270A missense mutation in exon 6 of the CDH1 gene was seen in a single family with four prostate and two gastric cancers.","terms":[{"ids":"UNIPROT:P12830:T116:PRGE","score":0.9302237094428846,"id":1,"start":1084,"end":1093,"text":"CDH1 gene","terms":[]},{"ids":"UMLS:C0033572:T023:ANAT","score":1.0,"id":2,"start":1132,"end":1140,"text":"prostate","terms":[]},{"ids":"UMLS:C0038351:T023:ANAT","score":1.0,"id":3,"start":1149,"end":1156,"text":"gastric","terms":[]}]},{"id":9,"start":1166,"end":1431,"text":"A large-scale population-based survey indicated a higher prevalence of S270A among both familial PCA cases (3.3%; n \u003d 120; P \u003d 0.01) and unselected PCA  patients (1.5%; n \u003d 472; P \u003d 0.12) as compared with blood donors serving as population controls (0.5%; n \u003d 923).","terms":[{"ids":"UMLS:C0268398:T047:DISO|UMLS:C0220723:T047:DISO|UMLS:C0149576:T023:ANAT","score":1.0,"id":1,"start":1263,"end":1266,"text":"PCA","terms":[]},{"ids":"UMLS:C0268398:T047:DISO|UMLS:C0220723:T047:DISO|UMLS:C0149576:T023:ANAT","score":1.0,"id":2,"start":1314,"end":1317,"text":"PCA","terms":[]}]},{"id":10,"start":1432,"end":1617,"text":"We conclude that individual rare mutations and polymorphisms in the CDH1 gene, such as S270A, may contribute to the onset of PCA and warrant further investigations in other populations.","terms":[{"ids":"UNIPROT:P12830:T116:PRGE","score":0.9412849721572244,"id":1,"start":1500,"end":1509,"text":"CDH1 gene","terms":[]},{"ids":"UMLS:C0268398:T047:DISO|UMLS:C0220723:T047:DISO|UMLS:C0149576:T023:ANAT","score":1.0,"id":2,"start":1557,"end":1560,"text":"PCA","terms":[]}]},{"id":11,"start":1618,"end":1714,"text":"However, the CDH1 gene does not appear to explain the link between prostate and gastric cancer..","terms":[{"ids":"UNIPROT:P12830:T116:PRGE","score":0.9924934415843136,"id":1,"start":1631,"end":1640,"text":"CDH1 gene","terms":[]},{"ids":"UMLS:C0033572:T023:ANAT","score":1.0,"id":2,"start":1685,"end":1693,"text":"prostate","terms":[]},{"ids":"UMLS:C0038351:T023:ANAT","score":1.0,"id":3,"start":1698,"end":1705,"text":"gastric","terms":[]}]}]