[{"id":0,"start":0,"end":126,"text":"Androgen receptor alterations in prostate cancer relapsed during a combined androgen blockade by orchiectomy and bicalutamide.","terms":[{"ids":"UNIPROT:P10275:T116:PRGE","score":0.6833348091663567,"id":1,"start":0,"end":17,"text":"Androgen receptor","terms":[]},{"ids":"UMLS:C0033572:T023:ANAT","score":1.0,"id":2,"start":33,"end":41,"text":"prostate","terms":[]}]},{"id":1,"start":127,"end":238,"text":"Mechanisms of prostate cancer (CaP) recurrence during a combined androgen blockade (CAB) are poorly understood.","terms":[{"ids":"UMLS:C0033572:T023:ANAT","score":1.0,"id":1,"start":141,"end":149,"text":"prostate","terms":[]},{"ids":"UMLS:C1855179:T047:DISO","score":1.0,"id":2,"start":158,"end":161,"text":"CaP","terms":[]}]},{"id":2,"start":239,"end":352,"text":"Previously, the role of androgen receptor (AR) gene mutations underlying the CAB therapy relapse has been raised.","terms":[{"ids":"UNIPROT:P10275:T116:PRGE","score":0.9138201663174761,"id":1,"start":263,"end":280,"text":"androgen receptor","terms":[]},{"ids":"UMLS:C0003504:T047:DISO|UNIPROT:P01721:T116:PRGE|UNIPROT:Q9NZJ4:T116:PRGE|UNIPROT:P10275:T116:PRGE","score":1.0,"id":2,"start":282,"end":284,"text":"AR","terms":[]},{"ids":"UMLS:C0277556:T047:DISO","score":1.0,"id":3,"start":328,"end":335,"text":"relapse","terms":[]}]},{"id":3,"start":353,"end":705,"text":"To investigate the hypothesis that AR gene aberrations are involved in CAB relapse,  11 locally recurrent CaP samples from patients treated with orchiectomy and bicalutamide were analyzed for copy number changes and DNA sequence alterations of the AR gene by fluorescence in situ hybridization and single-strand conformation polymorphism, respectively.","terms":[{"ids":"UNIPROT:P01721:T116:PRGE|UNIPROT:Q9NZJ4:T116:PRGE|UNIPROT:P10275:T116:PRGE","score":0.44263092911185803,"id":1,"start":388,"end":395,"text":"AR gene","terms":[{"ids":"UMLS:C0003504:T047:DISO","score":1.0,"id":1,"start":388,"end":390,"text":"AR","terms":[]}]},{"ids":"UMLS:C0277556:T047:DISO","score":1.0,"id":2,"start":428,"end":435,"text":"relapse","terms":[]},{"ids":"UMLS:C1855179:T047:DISO","score":1.0,"id":3,"start":459,"end":462,"text":"CaP","terms":[]},{"ids":"UNIPROT:P01721:T116:PRGE|UNIPROT:Q9NZJ4:T116:PRGE|UNIPROT:P10275:T116:PRGE","score":0.44263092911185803,"id":4,"start":601,"end":608,"text":"AR gene","terms":[{"ids":"UMLS:C0003504:T047:DISO","score":1.0,"id":1,"start":601,"end":603,"text":"AR","terms":[]}]}]},{"id":4,"start":706,"end":766,"text":"Altogether, base changes were detected in four tumors (36%).","terms":[]},{"id":5,"start":767,"end":861,"text":"Three of them were missense mutations (G166S, W741C, M749I) and two were silent polymorphisms.","terms":[]},{"id":6,"start":862,"end":917,"text":"Interestingly, none of the tumors had AR amplification.","terms":[{"ids":"UMLS:C0003504:T047:DISO|UNIPROT:P01721:T116:PRGE|UNIPROT:Q9NZJ4:T116:PRGE|UNIPROT:P10275:T116:PRGE","score":1.0,"id":1,"start":900,"end":902,"text":"AR","terms":[]}]},{"id":7,"start":918,"end":1156,"text":"These data suggest that different AR variants are developed and selected for during various types of hormonal treatments, and also, that CAB achieved by orchiectomy and bicalutamide does not act as a selective force for AR amplification..","terms":[{"ids":"UMLS:C0003504:T047:DISO|UNIPROT:P01721:T116:PRGE|UNIPROT:Q9NZJ4:T116:PRGE|UNIPROT:P10275:T116:PRGE","score":1.0,"id":1,"start":952,"end":954,"text":"AR","terms":[]},{"ids":"UNIPROT:Q9NQX5:T116:PRGE|UNIPROT:P00915:T116:PRGE|UNIPROT:P56537:T116:PRGE","score":0.5751342114410626,"id":2,"start":1055,"end":1058,"text":"CAB","terms":[]},{"ids":"UMLS:C0003504:T047:DISO|UNIPROT:P01721:T116:PRGE|UNIPROT:Q9NZJ4:T116:PRGE|UNIPROT:P10275:T116:PRGE","score":1.0,"id":3,"start":1138,"end":1140,"text":"AR","terms":[]}]}]