[{"id":0,"start":0,"end":73,"text":"Molecular cloning and expression of proto-oncogene FRAT1 in human cancer.","terms":[{"ids":"UNIPROT:Q92837:T116:PRGE","score":0.9983824094504649,"id":1,"start":36,"end":56,"text":"proto-oncogene FRAT1","terms":[]}]},{"id":1,"start":74,"end":286,"text":"FRAT1 and FRAT2 genes, clustered in human chromosome 10q24, are human homologues  to mouse proto-oncogene Frat1, which promotes carcinogenesis through activation of the WNT - beta-catenin - TCF signaling pathway.","terms":[{"ids":"UNIPROT:Q92837:T116:PRGE","score":0.6712524955542529,"id":1,"start":74,"end":79,"text":"FRAT1","terms":[]},{"ids":"UNIPROT:O75474:T116:PRGE","score":0.6712524955542529,"id":2,"start":84,"end":95,"text":"FRAT2 genes","terms":[]},{"ids":"UNIPROT:Q92837:T116:PRGE","score":0.6712524955542529,"id":3,"start":159,"end":185,"text":"mouse proto-oncogene Frat1","terms":[]},{"ids":"UNIPROT:P78371:T116:PRGE|UNIPROT:P07951:T116:PRGE|UNIPROT:Q9HCC0:T116:PRGE|UNIPROT:O00459:T116:PRGE","score":0.6712524955542529,"id":4,"start":243,"end":253,"text":"WNT - beta","terms":[]}]},{"id":2,"start":287,"end":427,"text":"FRAT1 and FRAT2 mRNAs are up-regulated together in a gastric cancer cell line TMK1, and also in 2 out of 10 cases of primary gastric cancer.","terms":[{"ids":"UNIPROT:Q92837:T116:PRGE","score":0.8022580400530459,"id":1,"start":287,"end":292,"text":"FRAT1","terms":[]},{"ids":"UNIPROT:O75474:T116:PRGE","score":0.8022580400530459,"id":2,"start":297,"end":308,"text":"FRAT2 mRNAs","terms":[]},{"ids":"UMLS:C0038351:T023:ANAT","score":1.0,"id":3,"start":340,"end":347,"text":"gastric","terms":[]},{"ids":"UMLS:C0038351:T023:ANAT","score":1.0,"id":4,"start":412,"end":419,"text":"gastric","terms":[]}]},{"id":3,"start":428,"end":610,"text":"Here, we isolated FRAT1 cDNA (AB074890), which showed two amino-acid substitutions (Gln57X and His58Asp) compared with human FRAT1 cDNA previously reported by another group (U58975).","terms":[{"ids":"UNIPROT:Q92837:T116:PRGE","score":0.4642129415106984,"id":1,"start":446,"end":451,"text":"FRAT1","terms":[]},{"ids":"UNIPROT:Q8TA86:T116:PRGE|UNIPROT:Q9H0Z9:T116:PRGE","score":0.4642129415106984,"id":2,"start":547,"end":563,"text":"human FRAT1 cDNA","terms":[]}]},{"id":4,"start":611,"end":715,"text":"The Gln57-His58 FRAT1 allele isolated in this study was also identified in human genome draft sequences.","terms":[{"ids":"UNIPROT:Q92837:T116:PRGE","score":0.9767266317112647,"id":1,"start":615,"end":639,"text":"Gln57-His58 FRAT1 allele","terms":[]}]},{"id":5,"start":716,"end":799,"text":"FRAT1 mRNA was almost ubiquitously expressed in human pancreatic cancer cell lines.","terms":[{"ids":"UNIPROT:Q92837:T116:PRGE","score":0.9871225761865948,"id":1,"start":716,"end":726,"text":"FRAT1 mRNA","terms":[]},{"ids":"UMLS:C0030274:T023:ANAT","score":1.0,"id":2,"start":770,"end":780,"text":"pancreatic","terms":[]}]},{"id":6,"start":800,"end":983,"text":"Expression level of FRAT1 mRNA was relatively higher in esophageal cancer cell lines TE2, TE3, TE4, a cervical cancer cell line SKG-IIIa, and breast cancer cell lines MCF-7 and T-47D.","terms":[{"ids":"UNIPROT:Q92837:T116:PRGE","score":0.8435567086052088,"id":1,"start":820,"end":830,"text":"FRAT1 mRNA","terms":[]},{"ids":"UNIPROT:P41227:T116:PRGE","score":0.8435567086052088,"id":2,"start":885,"end":888,"text":"TE2","terms":[]},{"ids":"UMLS:C0006141:T023:ANAT","score":1.0,"id":3,"start":942,"end":948,"text":"breast","terms":[]}]},{"id":7,"start":984,"end":1146,"text":"Expression level of FRAT1 mRNA was  not significantly changed after all-trans retinoic-acid treatment in NT2 cells with the potential of neuronal differentiation.","terms":[{"ids":"UNIPROT:Q92837:T116:PRGE","score":0.9980395310177049,"id":1,"start":1004,"end":1014,"text":"FRAT1 mRNA","terms":[]}]},{"id":8,"start":1147,"end":1251,"text":"Expression of FRAT1 mRNA in MCF-7 cells derived from breast cancer was down-regulated by beta-estradiol.","terms":[{"ids":"UNIPROT:Q92837:T116:PRGE","score":0.9973672638027073,"id":1,"start":1161,"end":1171,"text":"FRAT1 mRNA","terms":[]},{"ids":"UMLS:C0006141:T023:ANAT","score":1.0,"id":2,"start":1200,"end":1206,"text":"breast","terms":[]}]},{"id":9,"start":1252,"end":1407,"text":"This is the first report on isolation of FRAT1 cDNA derived from the more common FRAT1 allele, and also on regulation of FRAT1 mRNA in human cancer cells..","terms":[{"ids":"UNIPROT:Q92837:T116:PRGE","score":0.9780756084302488,"id":1,"start":1293,"end":1303,"text":"FRAT1 cDNA","terms":[]},{"ids":"UNIPROT:Q92837:T116:PRGE","score":0.9780756084302488,"id":2,"start":1333,"end":1345,"text":"FRAT1 allele","terms":[]},{"ids":"UNIPROT:Q92837:T116:PRGE","score":0.9780756084302488,"id":3,"start":1373,"end":1383,"text":"FRAT1 mRNA","terms":[]}]}]