[{"id":0,"start":0,"end":93,"text":"A potential role for the XRCC2 R188H polymorphic site in DNA-damage repair and breast cancer.","terms":[{"ids":"UNIPROT:O43543:T116:PRGE","score":0.7596387553004524,"id":1,"start":25,"end":30,"text":"XRCC2","terms":[]},{"ids":"UMLS:C0006141:T023:ANAT","score":1.0,"id":2,"start":79,"end":85,"text":"breast","terms":[]}]},{"id":1,"start":94,"end":246,"text":"An acquired genetic instability, resulting from the loss of some types of DNA repair, is an early event in the development of a subset of human cancers.","terms":[]},{"id":2,"start":247,"end":419,"text":"The involvement of BRCA1 and BRCA2 in the homologous recombination repair (HRR) of double-strand breaks in DNA implicates this pathway in the suppression of breast  cancer.","terms":[{"ids":"UNIPROT:P38398:T116:PRGE","score":0.7137692577221263,"id":1,"start":266,"end":271,"text":"BRCA1","terms":[]},{"ids":"UNIPROT:P51587:T116:PRGE","score":0.7137692577221263,"id":2,"start":276,"end":281,"text":"BRCA2","terms":[]},{"ids":"UMLS:C0006141:T023:ANAT","score":1.0,"id":3,"start":404,"end":410,"text":"breast","terms":[]}]},{"id":3,"start":420,"end":530,"text":"A family of proteins related to human RAD51, including XRCC2, are essential components of this repair pathway.","terms":[{"ids":"UNIPROT:Q8TA86:T116:PRGE|UNIPROT:Q9H0Z9:T116:PRGE","score":0.8434954992482114,"id":1,"start":452,"end":463,"text":"human RAD51","terms":[]},{"ids":"UNIPROT:O43543:T116:PRGE","score":0.8434954992482114,"id":2,"start":475,"end":480,"text":"XRCC2","terms":[]}]},{"id":4,"start":531,"end":859,"text":"Using site-directed mutagenesis of XRCC2, we show that non-conservative substitution or deletion of amino acid 188 of XRCC2 can significantly affect cellular sensitivity to DNA damage, and that a  polymorphic variant at this site (R188H ), present on 6% of chromosomes in the population, has a weak effect on damage sensitivity.","terms":[{"ids":"UNIPROT:O43543:T116:PRGE","score":0.9136366797252887,"id":1,"start":566,"end":571,"text":"XRCC2","terms":[]},{"ids":"UNIPROT:O43543:T116:PRGE","score":0.9136366797252887,"id":2,"start":649,"end":654,"text":"XRCC2","terms":[]}]},{"id":5,"start":860,"end":1056,"text":"We tested the hypothesis that the R188H polymorphism could be a low-penetrance susceptibility factor for breast cancer, by genotyping 521 women with breast cancer and a total of 895 control women.","terms":[{"ids":"UMLS:C0006141:T023:ANAT","score":1.0,"id":1,"start":965,"end":971,"text":"breast","terms":[]},{"ids":"UMLS:C0006141:T023:ANAT","score":1.0,"id":2,"start":1009,"end":1015,"text":"breast","terms":[]}]},{"id":6,"start":1057,"end":1353,"text":"Carriage of the rare allele of XRCC2 R188H was associated with breast cancer overall [odds ratio 1.3; 95% confidence interval (CI)\u003d(1.0, 1.8)] and when younger-onset cases with a positive family history were compared with older controls with no family history [odds ratio 1.9; 95% CI\u003d(1.0, 3.8)].","terms":[{"ids":"UNIPROT:O43543:T116:PRGE","score":0.7724162215327771,"id":1,"start":1088,"end":1099,"text":"XRCC2 R188H","terms":[]},{"ids":"UMLS:C0006141:T023:ANAT","score":1.0,"id":2,"start":1120,"end":1126,"text":"breast","terms":[]}]},{"id":7,"start":1354,"end":1492,"text":"These  results support the hypothesis that subtle variation in DNA repair capacity may influence cancer susceptibility in the population..","terms":[]}]