[{"id":0,"start":0,"end":116,"text":"A49T, V89L and TA repeat polymorphisms of steroid 5alpha-reductase type II and breast cancer risk in Japanese women.","terms":[{"ids":"UNIPROT:Q8NEX9:T116:PRGE","score":0.7452881020666781,"id":1,"start":42,"end":74,"text":"steroid 5alpha-reductase type II","terms":[]},{"ids":"UMLS:C0006141:T023:ANAT","score":1.0,"id":2,"start":79,"end":85,"text":"breast","terms":[]}]},{"id":1,"start":117,"end":219,"text":"BACKGROUND: Breast cancer is hormone related, as are cancers of the endometrium,  ovary, and prostate.","terms":[{"ids":"UMLS:C0006141:T023:ANAT","score":1.0,"id":1,"start":129,"end":135,"text":"Breast","terms":[]},{"ids":"UMLS:C0014180:T023:ANAT","score":1.0,"id":2,"start":185,"end":196,"text":"endometrium","terms":[]},{"ids":"UMLS:C0029939:T023:ANAT|UMLS:C0227898:T023:ANAT","score":1.0,"id":3,"start":199,"end":204,"text":"ovary","terms":[]},{"ids":"UMLS:C0033572:T023:ANAT","score":1.0,"id":4,"start":210,"end":218,"text":"prostate","terms":[]}]},{"id":2,"start":220,"end":403,"text":"Several studies have suggested that higher extracellular levels of androgens are associated with breast cancer risk, while biological evidence indicates that androgens are protective.","terms":[{"ids":"UMLS:C0006141:T023:ANAT","score":1.0,"id":1,"start":317,"end":323,"text":"breast","terms":[]}]},{"id":3,"start":404,"end":695,"text":"The codon 49 alanine to threonine substitution (A49T), codon 89 valine to leucine substitution (V89L) and TA repeat polymorphisms of the steroid 5alpha-reductase type II (SRD5A2) gene are considered functional with respect to enzyme activity converting testosterone into dihydrotestosterone.","terms":[{"ids":"UNIPROT:Q8NEX9:T116:PRGE","score":0.9575948105239981,"id":1,"start":541,"end":573,"text":"steroid 5alpha-reductase type II","terms":[]},{"ids":"UNIPROT:P31213:T116:PRGE","score":0.9575948105239981,"id":2,"start":575,"end":581,"text":"SRD5A2","terms":[]}]},{"id":4,"start":696,"end":874,"text":"To test the hypothesis that these three polymorphisms are associated with risk of breast cancer, a case-control study was conducted with patients of Aichi Cancer Center Hospital.","terms":[{"ids":"UMLS:C0006141:T023:ANAT","score":1.0,"id":1,"start":778,"end":784,"text":"breast","terms":[]}]},{"id":5,"start":875,"end":1005,"text":"METHODS: The cases were 237 patients histologically diagnosed with breast cancer, and the controls were 185 noncancer outpatients.","terms":[{"ids":"UMLS:C0006141:T023:ANAT","score":1.0,"id":1,"start":942,"end":948,"text":"breast","terms":[]}]},{"id":6,"start":1006,"end":1061,"text":"DNA from peripheral blood was genotyped by PCR methods.","terms":[]},{"id":7,"start":1062,"end":1130,"text":"RESULTS: The threonine allele of A49T was not found in our subjects.","terms":[]},{"id":8,"start":1131,"end":1298,"text":"Compared with the V/V genotype of V89L, the L/L genotype was associated with a decreased risk (crude odds ratio [OR] \u003d 0.61, 95% confidence interval [CI] \u003d 0.36-1.05).","terms":[]},{"id":9,"start":1299,"end":1408,"text":"This was also the case for the TA(9/9) genotype, with an OR of 0.58 (95% CI \u003d 0.13-2.63) relative to TA(0/0).","terms":[]},{"id":10,"start":1409,"end":1613,"text":"Among women with the TA(0/0) genotype, however, the OR for the L/L genotype was 0.46 (95% CI \u003d 0.24-0.88) compared with the V/V genotype, and those with the V/V and TA(0/0) genotypes had the highest risk.","terms":[]},{"id":11,"start":1614,"end":1679,"text":"The  haplotype with the L and TA(9) repeat alleles was not found.","terms":[]},{"id":12,"start":1680,"end":1849,"text":"CONCLUSION: This study is the first to our knowledge focusing on Japanese women,  suggesting that SRD5A2 polymorphisms might have an association with breast cancer risk.","terms":[{"ids":"UNIPROT:P31213:T116:PRGE","score":0.9903263422075346,"id":1,"start":1778,"end":1784,"text":"SRD5A2","terms":[]},{"ids":"UMLS:C0006141:T023:ANAT","score":1.0,"id":2,"start":1830,"end":1836,"text":"breast","terms":[]}]},{"id":13,"start":1850,"end":1982,"text":"Further large-sample studies will be required to confirm the association and to assess any interactions with environmental factors..","terms":[]}]