[{"id":0,"start":0,"end":132,"text":"The patched polymorphism Pro1315Leu (C3944T) may modulate the association between use of oral contraceptives and breast cancer risk.","terms":[{"ids":"UMLS:C0006141:T023:ANAT","score":1.0,"id":1,"start":113,"end":119,"text":"breast","terms":[]}]},{"id":1,"start":133,"end":271,"text":"The gene coding for the human homologue of the Drosophila segment polarity gene patched (PTCH1) is mutated in several common human tumors.","terms":[{"ids":"UNIPROT:Q13635:T116:PRGE","score":0.6610597182483656,"id":1,"start":222,"end":227,"text":"PTCH1","terms":[]}]},{"id":2,"start":272,"end":381,"text":"In mice, haplodeficiency at the Ptch1 locus results in severe histologic defects in mammary ductal structure.","terms":[{"ids":"UNIPROT:Q13635:T116:PRGE","score":0.9937190121438663,"id":1,"start":304,"end":315,"text":"Ptch1 locus","terms":[]},{"ids":"UMLS:C0929301:T023:ANAT|UMLS:C0006141:T023:ANAT","score":1.0,"id":2,"start":356,"end":363,"text":"mammary","terms":[]}]},{"id":3,"start":382,"end":476,"text":"We found no mutations within the coding region of PTCH1 in 17 human primary breast carcinomas.","terms":[{"ids":"UNIPROT:Q13635:T116:PRGE","score":0.9782351955578356,"id":1,"start":432,"end":437,"text":"PTCH1","terms":[]},{"ids":"UMLS:C0006141:T023:ANAT","score":1.0,"id":2,"start":458,"end":464,"text":"breast","terms":[]}]},{"id":4,"start":477,"end":646,"text":"However, the biallelic Pro1315Leu (C3944T) polymorphism of PTCH1 was significantly associated with breast cancer in 41 Bavarian patients compared to 85 healthy controls.","terms":[{"ids":"UNIPROT:Q13635:T116:PRGE","score":0.9889541096575715,"id":1,"start":536,"end":541,"text":"PTCH1","terms":[]},{"ids":"UMLS:C0006141:T023:ANAT","score":1.0,"id":2,"start":576,"end":582,"text":"breast","terms":[]}]},{"id":5,"start":647,"end":906,"text":"We investigated whether this variant influences susceptibility for breast cancer in 611 breast cancer patients diagnosed by age 50 years and 1,057 controls matched by age and study region in Germany and in 1,093 breast cancer patients from the United Kingdom.","terms":[{"ids":"UMLS:C0006141:T023:ANAT","score":1.0,"id":1,"start":714,"end":720,"text":"breast","terms":[]},{"ids":"UMLS:C0006141:T023:ANAT","score":1.0,"id":2,"start":735,"end":741,"text":"breast","terms":[]},{"ids":"UMLS:C0006141:T023:ANAT","score":1.0,"id":3,"start":859,"end":865,"text":"breast","terms":[]}]},{"id":6,"start":907,"end":985,"text":"Allele and genotype frequencies were not different between cases and controls.","terms":[]},{"id":7,"start":986,"end":1144,"text":"However, multivariate logistic regression analysis revealed an effect modification of oral contraceptive use (OC) on breast cancer risk by Leu-carrier status.","terms":[{"ids":"UMLS:C0006141:T023:ANAT","score":1.0,"id":1,"start":1103,"end":1109,"text":"breast","terms":[]}]},{"id":8,"start":1145,"end":1270,"text":"Compared to women who have Pro/Pro and never used OC, Pro/Pro OC users had an increased odds  ratio for breast cancer of 1.7.","terms":[{"ids":"UMLS:C0006141:T023:ANAT","score":1.0,"id":1,"start":1249,"end":1255,"text":"breast","terms":[]}]},{"id":9,"start":1271,"end":1403,"text":"The odds ratio was also 1.7 for Leu-carriers who  never used OC, but this was attenuated among Leu-carriers who ever used OC by 20%.","terms":[]},{"id":10,"start":1404,"end":1587,"text":"The gene-environmental interaction was confirmed in case-only analysis of the German and British studies, yielding an interaction odds ratio of 0.7 for premenopausal women (p \u003d 0.06).","terms":[]},{"id":11,"start":1588,"end":1697,"text":"Longer duration of pill use was associated with a significantly greater risk reduction (p for trend \u003d 0.015).","terms":[]},{"id":12,"start":1698,"end":1973,"text":"Our novel observation of a differential effect of OC use on breast cancer risk by PTCH1 1315Leu-carrier status suggests the interesting possibility of the Sonic hedgehog/Patched (SHH/PTCH1) signaling pathway being involved in hormone-induced development of breast carcinoma..","terms":[{"ids":"UMLS:C0006141:T023:ANAT","score":1.0,"id":1,"start":1758,"end":1764,"text":"breast","terms":[]},{"ids":"UNIPROT:Q13635:T116:PRGE","score":0.5485990589104164,"id":2,"start":1780,"end":1801,"text":"PTCH1 1315Leu-carrier","terms":[]},{"ids":"UNIPROT:Q15465:T116:PRGE","score":0.5485990589104164,"id":3,"start":1853,"end":1867,"text":"Sonic hedgehog","terms":[]},{"ids":"UNIPROT:Q13635:T116:PRGE","score":0.5485990589104164,"id":4,"start":1868,"end":1875,"text":"Patched","terms":[]},{"ids":"UNIPROT:Q15465:T116:PRGE","score":0.5485990589104164,"id":5,"start":1877,"end":1880,"text":"SHH","terms":[]},{"ids":"UNIPROT:Q13635:T116:PRGE","score":0.5485990589104164,"id":6,"start":1881,"end":1886,"text":"PTCH1","terms":[]},{"ids":"UMLS:C0006141:T023:ANAT","score":1.0,"id":7,"start":1955,"end":1961,"text":"breast","terms":[]}]}]