[{"id":0,"start":0,"end":65,"text":"Androgen receptor gene alterations in Finnish male breast cancer.","terms":[{"ids":"UNIPROT:P10275:T116:PRGE","score":0.6674026392710376,"id":1,"start":0,"end":22,"text":"Androgen receptor gene","terms":[]},{"ids":"UMLS:C0222604:T023:ANAT","score":1.0,"id":2,"start":46,"end":57,"text":"male breast","terms":[]}]},{"id":1,"start":66,"end":173,"text":"Mutations in the androgen receptor (AR) gene have been suggested to predispose to male breast cancer (MBC).","terms":[{"ids":"UNIPROT:P10275:T116:PRGE","score":0.7665261669394174,"id":1,"start":83,"end":100,"text":"androgen receptor","terms":[]},{"ids":"UMLS:C0003504:T047:DISO|UNIPROT:P01721:T116:PRGE|UNIPROT:Q9NZJ4:T116:PRGE|UNIPROT:P10275:T116:PRGE","score":1.0,"id":2,"start":102,"end":104,"text":"AR","terms":[]},{"ids":"UMLS:C0222604:T023:ANAT","score":1.0,"id":3,"start":148,"end":159,"text":"male breast","terms":[]}]},{"id":2,"start":174,"end":324,"text":"Studies on MBC patients have not been based on the mutation screening of the entire coding region of the AR and the number of subjects has been small.","terms":[{"ids":"UMLS:C0003504:T047:DISO|UNIPROT:P01721:T116:PRGE|UNIPROT:Q9NZJ4:T116:PRGE|UNIPROT:P10275:T116:PRGE","score":1.0,"id":1,"start":279,"end":281,"text":"AR","terms":[]}]},{"id":3,"start":325,"end":390,"text":"Therefore, some AR gene alterations may have remained undetected.","terms":[{"ids":"UMLS:C0003504:T047:DISO|UNIPROT:P01721:T116:PRGE|UNIPROT:Q9NZJ4:T116:PRGE|UNIPROT:P10275:T116:PRGE","score":1.0,"id":1,"start":341,"end":343,"text":"AR","terms":[]}]},{"id":4,"start":391,"end":622,"text":"In the present study, we have comprehensively screened the entire coding region of the AR gene for mutations and also studied the role of AR CAG and GGC repeat lengths as risk factors for MBC in a cohort of 32 Finnish MBC patients.","terms":[{"ids":"UNIPROT:P01721:T116:PRGE|UNIPROT:Q9NZJ4:T116:PRGE|UNIPROT:P10275:T116:PRGE","score":0.14660012598103314,"id":1,"start":478,"end":485,"text":"AR gene","terms":[{"ids":"UMLS:C0003504:T047:DISO","score":1.0,"id":1,"start":478,"end":480,"text":"AR","terms":[]}]},{"ids":"UNIPROT:P01721:T116:PRGE|UNIPROT:Q9NZJ4:T116:PRGE|UNIPROT:P10275:T116:PRGE","score":0.14660012598103314,"id":2,"start":529,"end":535,"text":"AR CAG","terms":[{"ids":"UMLS:C0003504:T047:DISO","score":1.0,"id":1,"start":529,"end":531,"text":"AR","terms":[]}]},{"ids":"UNIPROT:O75223:T116:PRGE","score":0.14660012598103314,"id":3,"start":540,"end":543,"text":"GGC","terms":[]}]},{"id":5,"start":623,"end":782,"text":"To estimate the possible involvement of the prostate cancer predisposing AR Arg726Leu germ-line mutation in MBC, this mutation was tested in  117 MBC patients.","terms":[{"ids":"UNIPROT:O15078:T116:PRGE","score":0.5247897416437532,"id":1,"start":667,"end":698,"text":"prostate cancer predisposing AR","terms":[{"ids":"UMLS:C0033572:T023:ANAT","score":1.0,"id":1,"start":667,"end":675,"text":"prostate","terms":[]},{"ids":"UMLS:C0003504:T047:DISO","score":1.0,"id":2,"start":696,"end":698,"text":"AR","terms":[]}]}]},{"id":6,"start":783,"end":914,"text":"No germ-line mutations were found and the CAG and GGC repeat lengths were similar among MBC cases as among Scandinavian population.","terms":[]},{"id":7,"start":915,"end":1007,"text":"Our data indicate that the AR gene does not substantially contribute to MBC predisposition..","terms":[{"ids":"UNIPROT:P01721:T116:PRGE|UNIPROT:Q9NZJ4:T116:PRGE|UNIPROT:P10275:T116:PRGE","score":0.8896460926109176,"id":1,"start":942,"end":949,"text":"AR gene","terms":[{"ids":"UMLS:C0003504:T047:DISO","score":1.0,"id":1,"start":942,"end":944,"text":"AR","terms":[]}]}]}]