[{"id":0,"start":0,"end":123,"text":"Detection of base sequence changes in the CEBPD gene in human breast cancer cell  lines and primary breast cancer isolates.","terms":[{"ids":"UNIPROT:P49716:T116:PRGE","score":0.9245167278923139,"id":1,"start":42,"end":52,"text":"CEBPD gene","terms":[]},{"ids":"UMLS:C0006141:T023:ANAT","score":1.0,"id":2,"start":62,"end":68,"text":"breast","terms":[]},{"ids":"UMLS:C0006141:T023:ANAT","score":1.0,"id":3,"start":100,"end":106,"text":"breast","terms":[]}]},{"id":1,"start":124,"end":326,"text":"Single strand conformation polymorphism (SSCP) analysis was performed on genomic  DNA from 97 human breast cancer samples and 10 breast cell lines to screen for mutations in the single exon C/EBPD gene.","terms":[{"ids":"UMLS:C0006141:T023:ANAT","score":1.0,"id":1,"start":224,"end":230,"text":"breast","terms":[]},{"ids":"UMLS:C0006141:T023:ANAT","score":1.0,"id":2,"start":253,"end":259,"text":"breast","terms":[]},{"ids":"UNIPROT:Q9H3M7:T116:PRGE","score":0.6923595355216636,"id":3,"start":309,"end":325,"text":"exon C/EBPD gene","terms":[]}]},{"id":2,"start":327,"end":440,"text":"Three C --\u003e T transitions resulting in  silent mutations were detected in three individual breast cancer samples.","terms":[{"ids":"UMLS:C0006141:T023:ANAT","score":1.0,"id":1,"start":418,"end":424,"text":"breast","terms":[]}]},{"id":3,"start":441,"end":512,"text":"One breast cancer sample also contained a G --\u003e T transversion (Q253H).","terms":[{"ids":"UMLS:C0006141:T023:ANAT","score":1.0,"id":1,"start":445,"end":451,"text":"breast","terms":[]}]},{"id":4,"start":513,"end":629,"text":"The SUM-52PE  cell line contained an A --\u003e T transversion (AAG --\u003e TAG) resulting in a nonsense mutation (K180Stop).","terms":[]},{"id":5,"start":630,"end":731,"text":"All mutations identified in genomic DNA isolates were in highly conserved regions of the C/EBPD gene.","terms":[{"ids":"UNIPROT:Q9H3M7:T116:PRGE","score":0.9659390221936187,"id":1,"start":719,"end":730,"text":"C/EBPD gene","terms":[]}]},{"id":6,"start":732,"end":869,"text":"This study indicates that mutational alterations in the coding region of the C/EBPD gene are relatively uncommon in human breast cancer..","terms":[{"ids":"UNIPROT:Q9H3M7:T116:PRGE","score":0.9542943672719717,"id":1,"start":809,"end":820,"text":"C/EBPD gene","terms":[]},{"ids":"UMLS:C0006141:T023:ANAT","score":1.0,"id":2,"start":854,"end":860,"text":"breast","terms":[]}]}]