[{"id":0,"start":0,"end":56,"text":"Identification of new polymorphisms in the CACNA1S gene.","terms":[{"ids":"UNIPROT:Q13698:T116:PRGE","score":0.9343348659818939,"id":1,"start":43,"end":55,"text":"CACNA1S gene","terms":[]}]},{"id":1,"start":57,"end":180,"text":"We identified four novel polymorphisms in the CACNA1S gene that encodes the alpha1-subunit of the dihydropyridine receptor.","terms":[{"ids":"UNIPROT:Q13698:T116:PRGE","score":0.42707272792685885,"id":1,"start":103,"end":115,"text":"CACNA1S gene","terms":[]},{"ids":"UNIPROT:Q13698:T116:PRGE","score":0.42707272792685885,"id":2,"start":155,"end":179,"text":"dihydropyridine receptor","terms":[]}]},{"id":2,"start":181,"end":304,"text":"Mutations in this gene are associated with two genetic diseases: malignant hyperthermia and hypokalemic periodic paralysis.","terms":[{"ids":"UMLS:C0024591:T047:DISO","score":1.0,"id":1,"start":246,"end":268,"text":"malignant hyperthermia","terms":[]},{"ids":"UMLS:C0238358:T047:DISO","score":1.0,"id":2,"start":273,"end":303,"text":"hypokalemic periodic paralysis","terms":[]}]},{"id":3,"start":305,"end":552,"text":"The nucleotide substitutions c2403T --\u003e C and c5398T --\u003e C did not result in amino acid replacement, the nucleotide substitution c4475C --\u003e A caused the replacement of the Ala1492 with an Asp residue and an A insertion was identified in intron 36.","terms":[]},{"id":4,"start":553,"end":741,"text":"By using methods based on digestion with restriction enzymes we calculated the frequencies of these novel polymorphisms, as well as heterozygosity, in normal subjects from southern Italy..","terms":[]}]