[{"id":0,"start":0,"end":95,"text":"[Studies of mutations in BRCA1 transactivation domain by visualization of chromatin structure].","terms":[{"ids":"UNIPROT:P38398:T116:PRGE","score":0.6563254129473984,"id":1,"start":25,"end":53,"text":"BRCA1 transactivation domain","terms":[]}]},{"id":1,"start":96,"end":285,"text":"Mutations in breast cancer susceptibility gene 1(BRCA1) account for approximately 40%-50% of familial breast cancer cases and for more than 80% of inherited breast and ovarian cancer cases.","terms":[{"ids":"UNIPROT:Q6WQI6:T116:PRGE","score":0.9861676429803484,"id":1,"start":109,"end":144,"text":"breast cancer susceptibility gene 1","terms":[{"ids":"UMLS:C0006141:T023:ANAT","score":1.0,"id":1,"start":109,"end":115,"text":"breast","terms":[]}]},{"ids":"UNIPROT:P38398:T116:PRGE","score":0.9861676429803484,"id":2,"start":145,"end":150,"text":"BRCA1","terms":[]},{"ids":"UMLS:C0006141:T023:ANAT","score":1.0,"id":3,"start":198,"end":204,"text":"breast","terms":[]},{"ids":"UMLS:C0006141:T023:ANAT","score":1.0,"id":4,"start":253,"end":259,"text":"breast","terms":[]},{"ids":"UMLS:C0205065:T023:ANAT","score":1.0,"id":5,"start":264,"end":271,"text":"ovarian","terms":[]}]},{"id":2,"start":286,"end":583,"text":"Many cancer-predisposing mutations are located in the C-terminal region that functions as a transcriptional activation domain, but most of the mutations in the transactivation domain identified to date cannot be readily distinguished as either disease-associated mutations or benign polymorphisms.","terms":[]},{"id":3,"start":584,"end":946,"text":"Because chromatin structure regulation is an early event in gene transcription control, the chromatin unfolding activities of different transactivation domain variants were compared with that of the wild-type transactivation domain by use of an approach that allows visualization of large-scale chromatin structure through lac repressor/lac operator recognition.","terms":[{"ids":"UNIPROT:P09848:T116:PRGE|UNIPROT:Q14566:T116:PRGE","score":0.4864556905324602,"id":1,"start":907,"end":920,"text":"lac repressor","terms":[]},{"ids":"UNIPROT:P09848:T116:PRGE|UNIPROT:Q14566:T116:PRGE","score":0.4864556905324602,"id":2,"start":921,"end":924,"text":"lac","terms":[]}]},{"id":4,"start":947,"end":1205,"text":"To do this, different constructs of the transactivation domain were selected as follows: (a) the wild-type transactivation domain; (b) two polymorphisms (S1613G  and M1652I); and (c) four cancer-predisposing mutations (A1708E, M1775R, W1837R and Y1853 term).","terms":[]},{"id":5,"start":1206,"end":1276,"text":"All of the constructs were made by fusing in frame with lac repressor.","terms":[{"ids":"UNIPROT:P09848:T116:PRGE|UNIPROT:Q14566:T116:PRGE","score":0.9899469834680016,"id":1,"start":1262,"end":1275,"text":"lac repressor","terms":[]}]},{"id":6,"start":1277,"end":1483,"text":"Western blot analysis indicated that all of the fusion proteins were expressed in A03 1 cells, in which multiple copies of the lac operator were integrated to produce a heterochromatic region of the genome.","terms":[{"ids":"UNIPROT:P09848:T116:PRGE|UNIPROT:Q14566:T116:PRGE","score":0.8698234334632857,"id":1,"start":1404,"end":1416,"text":"lac operator","terms":[]}]},{"id":7,"start":1484,"end":1684,"text":"The chromatin unfolding assay showed that, like the wild-type transactivation domain, two variants that represent benign polymorphisms did not induce chromatin unfolding or only induced subtle change.","terms":[{"ids":"UNIPROT:Q13326:T116:PRGE|UNIPROT:P38405:T116:PRGE","score":0.8085222605176244,"id":1,"start":1536,"end":1568,"text":"wild-type transactivation domain","terms":[]}]},{"id":8,"start":1685,"end":1856,"text":"Contrary to the behaviors of the wild type and two benign variants, four cancer-predisposing mutations in the transactivation domain superactivate the chromatin unfolding.","terms":[]},{"id":9,"start":1857,"end":2079,"text":"The results suggest that the chromatin unfolding assay can aid in the characterization of deterious mutations in the C-terminal transactivation domain of BRCA1 and may provide more reliable presymptomatic risk assessment..","terms":[{"ids":"UNIPROT:P38398:T116:PRGE","score":0.9748397027689825,"id":1,"start":2011,"end":2016,"text":"BRCA1","terms":[]}]}]