[{"id":0,"start":0,"end":117,"text":"Characterization of a novel breast carcinoma xenograft and cell line derived from a BRCA1 germ-line mutation carrier.","terms":[{"ids":"UMLS:C0006141:T023:ANAT","score":1.0,"id":1,"start":28,"end":34,"text":"breast","terms":[]},{"ids":"UNIPROT:P38398:T116:PRGE","score":0.4719809393017152,"id":2,"start":84,"end":89,"text":"BRCA1","terms":[]}]},{"id":1,"start":118,"end":375,"text":"A human tumor xenograft (L56Br-X1) was established from a breast cancer axillary  lymph node metastasis of a 53-year-old woman with a BRCA1 germ-line nonsense mutation (1806C\u003eT; Q563X), and a cell line (L56Br-C1) was subsequently derived from the xenograft.","terms":[{"ids":"UMLS:C0006141:T023:ANAT","score":1.0,"id":1,"start":176,"end":182,"text":"breast","terms":[]},{"ids":"UMLS:C0024204:T023:ANAT","score":1.0,"id":2,"start":200,"end":210,"text":"lymph node","terms":[]},{"ids":"UNIPROT:P38398:T116:PRGE","score":0.33071710540653376,"id":3,"start":252,"end":257,"text":"BRCA1","terms":[]}]},{"id":2,"start":376,"end":537,"text":"The xenograft carries only the mutant BRCA1 allele and expresses mutant BRCA1 mRNA but no BRCA1 protein as determined by immunoprecipitation or Western blotting.","terms":[{"ids":"UNIPROT:P38398:T116:PRGE","score":0.45985082187539733,"id":1,"start":407,"end":426,"text":"mutant BRCA1 allele","terms":[]},{"ids":"UNIPROT:P38398:T116:PRGE","score":0.45985082187539733,"id":2,"start":448,"end":458,"text":"BRCA1 mRNA","terms":[]},{"ids":"UNIPROT:P38398:T116:PRGE","score":0.45985082187539733,"id":3,"start":466,"end":479,"text":"BRCA1 protein","terms":[]}]},{"id":3,"start":538,"end":722,"text":"The primary tumor, lymph node metastasis, and xenograft were hypodiploid by DNA flow cytometry, whereas the cell line displayed an aneuploidy apparently developed via polyploidization.","terms":[{"ids":"UMLS:C0024204:T023:ANAT","score":1.0,"id":1,"start":557,"end":567,"text":"lymph node","terms":[]}]},{"id":4,"start":723,"end":898,"text":"Cytogenetic analysis, spectral karyotyping, and comparative genomic hybridization of the cell line revealed a highly complex karyotype with numerous unbalanced translocations.","terms":[]},{"id":5,"start":899,"end":1212,"text":"The xenograft and cell line had retained a somatic TP53 missense  mutation (S215I) originating from the primary tumors, as well as a lack of immunohistochemically detectable expression of steroid hormone receptors, epidermal growth factor receptor, human epidermal growth factor receptor 2 (HER-2), and keratin 8.","terms":[{"ids":"UNIPROT:P01133:T116:PRGE","score":0.3726985295429857,"id":1,"start":1114,"end":1146,"text":"epidermal growth factor receptor","terms":[]},{"ids":"UNIPROT:Q8TA86:T116:PRGE|UNIPROT:Q9H0Z9:T116:PRGE","score":0.3726985295429857,"id":2,"start":1148,"end":1188,"text":"human epidermal growth factor receptor 2","terms":[]},{"ids":"UNIPROT:P04626:T116:PRGE","score":0.3726985295429857,"id":3,"start":1190,"end":1195,"text":"HER-2","terms":[]},{"ids":"UNIPROT:P08729:T116:PRGE|UNIPROT:P02533:T116:PRGE|UNIPROT:Q14533:T116:PRGE","score":0.3726985295429857,"id":4,"start":1202,"end":1211,"text":"keratin 8","terms":[]}]},{"id":6,"start":1213,"end":1391,"text":"Global gene expression analysis by cDNA microarrays supported a correlation between the expression profiles of the primary tumor, lymph node metastasis, xenograft, and cell line.","terms":[{"ids":"UMLS:C0024204:T023:ANAT","score":1.0,"id":1,"start":1343,"end":1353,"text":"lymph node","terms":[]}]},{"id":7,"start":1392,"end":1557,"text":"We conclude that L56Br-X1 and L56Br-C1 are useful model systems for studies of the pathogenesis and new therapeutic modalities of BRCA1-induced human breast cancer..","terms":[{"ids":"UNIPROT:P98171:T116:PRGE|UNIPROT:Q9NQP4:T116:PRGE|UNIPROT:P0CF51:T116:PRGE","score":0.4355361386983947,"id":1,"start":1428,"end":1430,"text":"C1","terms":[]},{"ids":"UNIPROT:P38398:T116:PRGE","score":0.4355361386983947,"id":2,"start":1522,"end":1527,"text":"BRCA1","terms":[]},{"ids":"UMLS:C0006141:T023:ANAT","score":1.0,"id":3,"start":1542,"end":1548,"text":"breast","terms":[]}]}]