[{"id":0,"start":0,"end":67,"text":"Restricted genetic defects underlie human complement C6 deficiency.","terms":[{"ids":"","score":1.0,"id":1,"start":36,"end":66,"text":"human complement C6 deficiency","terms":[{"ids":"UNIPROT:Q8TA86:T116:PRGE|UNIPROT:Q9H0Z9:T116:PRGE","score":0.9990028329917106,"id":1,"start":36,"end":55,"text":"human complement C6","terms":[]},{"ids":"UMLS:C2676232:T047:DISO","score":1.0,"id":2,"start":53,"end":66,"text":"C6 deficiency","terms":[]}]}]},{"id":1,"start":68,"end":211,"text":"Complement C6 homozygous deficiency (C6D) has been rarely observed in Caucasians but was reported at higher prevalence among African-Americans.","terms":[{"ids":"","score":1.0,"id":1,"start":68,"end":103,"text":"Complement C6 homozygous deficiency","terms":[{"ids":"UNIPROT:P13671:T116:PRGE|UNIPROT:O14818:T116:PRGE","score":0.6719282772293871,"id":1,"start":68,"end":81,"text":"Complement C6","terms":[]},{"ids":"UNIPROT:P13671:T116:PRGE|UNIPROT:O14818:T116:PRGE","score":0.0,"id":2,"start":79,"end":103,"text":"C6 homozygous deficiency","terms":[]}]},{"ids":"UMLS:C2676232:T047:DISO","score":1.0,"id":2,"start":105,"end":108,"text":"C6D","terms":[]}]},{"id":2,"start":212,"end":343,"text":"We report on the molecular basis of C6D in seven unrelated black individuals of North or Central Africa descent who live in France.","terms":[{"ids":"UMLS:C2676232:T047:DISO","score":1.0,"id":1,"start":248,"end":251,"text":"C6D","terms":[]}]},{"id":3,"start":344,"end":558,"text":"These patients have presented Neisseria meningitidis infection (four cases), focal and segmental glomerulosclerosis with hyalinosis (one case), systemic lupus erythematosus (one case) or Still\u0027s disease (one case).","terms":[{"ids":"UMLS:C0021311:T047:DISO|UMLS:C0009450:T047:DISO","score":1.0,"id":1,"start":397,"end":406,"text":"infection","terms":[]},{"ids":"UMLS:C0333497:T047:DISO","score":1.0,"id":2,"start":431,"end":459,"text":"segmental glomerulosclerosis","terms":[]},{"ids":"UMLS:C0024141:T047:DISO","score":1.0,"id":3,"start":488,"end":516,"text":"systemic lupus erythematosus","terms":[]},{"ids":"UMLS:C0087031:T047:DISO","score":1.0,"id":4,"start":531,"end":546,"text":"Still\u0027s disease","terms":[]}]},{"id":4,"start":559,"end":641,"text":"All patients exhibited undetectable antigenic C6 by using a sensitive ELISA assay.","terms":[]},{"id":5,"start":642,"end":765,"text":"An additional four cases of complete C6 deficiency with no associated disease have been characterized after family studies.","terms":[{"ids":"UMLS:C2676232:T047:DISO","score":1.0,"id":1,"start":679,"end":692,"text":"C6 deficiency","terms":[{"ids":"UNIPROT:P13671:T116:PRGE|UNIPROT:O14818:T116:PRGE","score":0.6927852542891194,"id":1,"start":679,"end":681,"text":"C6","terms":[]}]}]},{"id":6,"start":766,"end":900,"text":"Exons 6, 7 and 12 have been described recently as the location of molecular defects on the C6 gene in randomly chosen black Americans.","terms":[{"ids":"UNIPROT:P13671:T116:PRGE|UNIPROT:O14818:T116:PRGE","score":0.8210602347120173,"id":1,"start":857,"end":864,"text":"C6 gene","terms":[]}]},{"id":7,"start":901,"end":1023,"text":"Genomic DNA from the seven patients were subjected to direct polymerase chain reaction amplification of these three exons.","terms":[]},{"id":8,"start":1024,"end":1325,"text":"Nucleotide sequencing analysis of the amplified DNA fragments revealed a homozygous single-base deletion (1936delG) in exon 12 in three cases and four compound heterozygous deletions for a single base in exon 7 (1195delC) or in exon 6 (878delA) associated with the same deletion in exon 12 (1936delG).","terms":[]},{"id":9,"start":1326,"end":1490,"text":"Our observations further establish the restricted pattern of genetic defects associated with homozygous C6 complement deficiency in individuals of African descent..","terms":[{"ids":"","score":1.0,"id":1,"start":1430,"end":1454,"text":"C6 complement deficiency","terms":[{"ids":"UNIPROT:P13671:T116:PRGE|UNIPROT:O14818:T116:PRGE","score":0.9910609458367698,"id":1,"start":1430,"end":1443,"text":"C6 complement","terms":[]},{"ids":"UMLS:C0272242:T047:DISO","score":1.0,"id":2,"start":1433,"end":1454,"text":"complement deficiency","terms":[]}]}]}]