[{"id":0,"start":0,"end":92,"text":"Card15 and Crohn\u0027s disease: healthy homozygous carriers of the 3020insC frameshift mutation.","terms":[{"ids":"UMLS:C0010346:T047:DISO","score":1.0,"id":1,"start":11,"end":26,"text":"Crohn\u0027s disease","terms":[]}]},{"id":1,"start":93,"end":221,"text":"OBJECTIVES: Single nucleotide variations in the CARD15 gene have recently been shown to be associated with Crohn\u0027s disease (CD).","terms":[{"ids":"UNIPROT:Q9HC29:T116:PRGE","score":0.9971423952853685,"id":1,"start":141,"end":152,"text":"CARD15 gene","terms":[]},{"ids":"UMLS:C0010346:T047:DISO","score":1.0,"id":2,"start":200,"end":215,"text":"Crohn\u0027s disease","terms":[]},{"ids":"UMLS:C0007570:T047:DISO","score":1.0,"id":3,"start":217,"end":219,"text":"CD","terms":[]}]},{"id":2,"start":222,"end":403,"text":"Of special interest is a cytosine insertion at position 3020 of exon 11 (3020insC), which leads to a stop codon, truncation of the CARD15 protein, and an altered function of CARD15.","terms":[{"ids":"UNIPROT:Q9HC29:T116:PRGE","score":0.9749189674874282,"id":1,"start":353,"end":367,"text":"CARD15 protein","terms":[]},{"ids":"UNIPROT:Q9HC29:T116:PRGE","score":0.9749189674874282,"id":2,"start":396,"end":402,"text":"CARD15","terms":[]}]},{"id":3,"start":404,"end":541,"text":"The aim of the study was to evaluate this frameshift mutation in Dutch, multiple-affected families with inflammatory bowel disease (IBD).","terms":[{"ids":"UMLS:C0021390:T047:DISO","score":1.0,"id":1,"start":508,"end":534,"text":"inflammatory bowel disease","terms":[{"ids":"UMLS:C0021853:T023:ANAT","score":1.0,"id":1,"start":521,"end":526,"text":"bowel","terms":[]}]},{"ids":"UMLS:C0021390:T047:DISO","score":1.0,"id":2,"start":536,"end":539,"text":"IBD","terms":[]}]},{"id":4,"start":542,"end":676,"text":"METHODS: Ninety-three Caucasian, multiple-affected families with IBD were recruited by interviewing patients attending our department.","terms":[{"ids":"UMLS:C0021390:T047:DISO|UMLS:C0022104:T047:DISO","score":1.0,"id":1,"start":607,"end":610,"text":"IBD","terms":[]}]},{"id":5,"start":677,"end":744,"text":"Sixty-one probands had CD, and 32 probands ulcerative colitis (UC).","terms":[{"ids":"UMLS:C0007570:T047:DISO","score":1.0,"id":1,"start":700,"end":702,"text":"CD","terms":[]},{"ids":"UMLS:C0009324:T047:DISO","score":1.0,"id":2,"start":720,"end":738,"text":"ulcerative colitis","terms":[]}]},{"id":6,"start":745,"end":843,"text":"The diagnosis of probands and affected family members was verified according to standard criteria.","terms":[]},{"id":7,"start":844,"end":902,"text":"In addition, 81 healthy, unrelated controls were included.","terms":[]},{"id":8,"start":903,"end":1122,"text":"Genomic DNA was isolated from venous blood of all participants to determine the CARD15 3020insC mutation by using an allele-specific polymerase chain reaction, followed by agarose gel electrophoresis and DNA sequencing.","terms":[{"ids":"UMLS:C0042449:T023:ANAT","score":1.0,"id":1,"start":933,"end":939,"text":"venous","terms":[]},{"ids":"UNIPROT:Q9HC29:T116:PRGE","score":0.9284192415224108,"id":2,"start":983,"end":998,"text":"CARD15 3020insC","terms":[]}]},{"id":9,"start":1123,"end":1218,"text":"RESULTS: Association with CARD15 3020insC was statistically significant for CD, but not for UC.","terms":[{"ids":"UNIPROT:Q9HC29:T116:PRGE","score":0.9796657683763801,"id":1,"start":1149,"end":1164,"text":"CARD15 3020insC","terms":[]},{"ids":"UMLS:C0007570:T047:DISO","score":1.0,"id":2,"start":1199,"end":1201,"text":"CD","terms":[]}]},{"id":10,"start":1219,"end":1332,"text":"In one of the multiple-affected families, middle-aged and elderly homozygous carriers were identified without CD.","terms":[{"ids":"UMLS:C0007570:T047:DISO","score":1.0,"id":1,"start":1329,"end":1331,"text":"CD","terms":[]}]},{"id":11,"start":1333,"end":1465,"text":"CONCLUSIONS: Although CARD15 3020insC appears to be etiologically important in CD, homozygous carriage does not always lead to IBD..","terms":[{"ids":"UNIPROT:Q9HC29:T116:PRGE","score":0.9949115060839692,"id":1,"start":1355,"end":1370,"text":"CARD15 3020insC","terms":[]},{"ids":"UMLS:C0007570:T047:DISO","score":1.0,"id":2,"start":1412,"end":1414,"text":"CD","terms":[]},{"ids":"UMLS:C0021390:T047:DISO|UMLS:C0022104:T047:DISO","score":1.0,"id":3,"start":1460,"end":1463,"text":"IBD","terms":[]}]}]