[{"id":0,"start":0,"end":72,"text":"Haplotypes extending across ACE are associated with Alzheimer\u0027s disease.","terms":[{"ids":"UNIPROT:P12821:T116:PRGE","score":0.8673984597850211,"id":1,"start":28,"end":31,"text":"ACE","terms":[]},{"ids":"UMLS:C0002395:T047:DISO","score":1.0,"id":2,"start":52,"end":71,"text":"Alzheimer\u0027s disease","terms":[]}]},{"id":1,"start":73,"end":293,"text":"Numerous genes have been implicated in Alzheimer\u0027s disease (AD), but, with the exception of a demonstrated association with the epsilon 4 allele of APOE, findings have not been consistently replicated across populations.","terms":[{"ids":"UMLS:C0002395:T047:DISO","score":1.0,"id":1,"start":112,"end":131,"text":"Alzheimer\u0027s disease","terms":[]},{"ids":"UMLS:C0002395:T047:DISO|UMLS:C0228318:T023:ANAT","score":1.0,"id":2,"start":133,"end":135,"text":"AD","terms":[]},{"ids":"UNIPROT:Q9UHA7:T116:PRGE|UNIPROT:P48643:T116:PRGE","score":0.6559754527959739,"id":3,"start":201,"end":217,"text":"epsilon 4 allele","terms":[]},{"ids":"UNIPROT:P02649:T116:PRGE","score":0.6559754527959739,"id":4,"start":221,"end":225,"text":"APOE","terms":[]}]},{"id":2,"start":294,"end":380,"text":"One of the most widely studied is the gene for angiotensin I converting enzyme (ACE ).","terms":[{"ids":"UNIPROT:P01019:T116:PRGE","score":0.999667832056171,"id":1,"start":341,"end":372,"text":"angiotensin I converting enzyme","terms":[]},{"ids":"UNIPROT:P12821:T116:PRGE","score":0.999667832056171,"id":2,"start":374,"end":377,"text":"ACE","terms":[]}]},{"id":3,"start":381,"end":594,"text":"A meta-analysis of published data on a common Alu indel polymorphism in ACE was performed which indicated highly significant association of the insertion allele with AD (OR 1.30; 95% CI 1.19 - 1.41; P\u003d4 x 10(-8)).","terms":[{"ids":"UNIPROT:P12821:T116:PRGE","score":0.7229010984553101,"id":1,"start":453,"end":456,"text":"ACE","terms":[]},{"ids":"UMLS:C0002395:T047:DISO|UMLS:C0228318:T023:ANAT","score":1.0,"id":2,"start":547,"end":549,"text":"AD","terms":[]}]},{"id":4,"start":595,"end":773,"text":"To further explore the influence of ACE on AD, several single-nucleotide polymorphisms (SNPs) were genotyped in five independent populations represented by over 3100 individuals.","terms":[{"ids":"UNIPROT:P12821:T116:PRGE","score":0.9670796491065758,"id":1,"start":631,"end":634,"text":"ACE","terms":[]},{"ids":"UMLS:C0002395:T047:DISO|UMLS:C0228318:T023:ANAT","score":1.0,"id":2,"start":638,"end":640,"text":"AD","terms":[]}]},{"id":5,"start":774,"end":1019,"text":"Analyses based upon single markers and haplotypes revealed strong evidence of association in case-control models and also in a model examining the influence of variation in ACE upon cerebrospinal fluid levels of amyloid beta42 peptide (Abeta42).","terms":[{"ids":"UNIPROT:P12821:T116:PRGE","score":0.977444544422361,"id":1,"start":947,"end":950,"text":"ACE","terms":[]}]},{"id":6,"start":1020,"end":1175,"text":"The most significant evidence for association with AD was found for an SNP, A-262T, located in the ACE promoter (OR 1.64; 95% CI 1.33 -1.94; P\u003d2 x 10(-5)).","terms":[{"ids":"UMLS:C0002395:T047:DISO|UMLS:C0228318:T023:ANAT","score":1.0,"id":1,"start":1071,"end":1073,"text":"AD","terms":[]},{"ids":"UNIPROT:P12821:T116:PRGE","score":0.5784244246123427,"id":2,"start":1119,"end":1131,"text":"ACE promoter","terms":[]}]},{"id":7,"start":1176,"end":1393,"text":"Estimates of population attributable risk for the common allele of this SNP suggest that it, or an allele in tight linkage disequilibrium (LD) with it, may contribute to as much as 35% of AD in the general population.","terms":[{"ids":"UMLS:C0002395:T047:DISO|UMLS:C0228318:T023:ANAT","score":1.0,"id":1,"start":1364,"end":1366,"text":"AD","terms":[]}]},{"id":8,"start":1394,"end":1531,"text":"Results support a model whereby decreased ACE activity may influence AD susceptibility by a mechanism involving beta-amyloid metabolism..","terms":[{"ids":"UNIPROT:P12821:T116:PRGE","score":0.5846809872874844,"id":1,"start":1436,"end":1439,"text":"ACE","terms":[]},{"ids":"UMLS:C0002395:T047:DISO|UMLS:C0228318:T023:ANAT","score":1.0,"id":2,"start":1463,"end":1465,"text":"AD","terms":[]}]}]