[{"id":0,"start":0,"end":154,"text":"A naturally occurring mutation in an ATP-binding domain of the recombination repair gene XRCC3 ablates its function without causing cancer susceptibility.","terms":[{"ids":"UNIPROT:Q9H3M7:T116:PRGE","score":0.9540063902891793,"id":1,"start":63,"end":94,"text":"recombination repair gene XRCC3","terms":[]}]},{"id":1,"start":155,"end":331,"text":"Inherited mutations of the BRCA1 and BRCA2 genes, whose protein products are necessary for the homology-directed DNA repair pathway, confer a dominant susceptibility to cancer.","terms":[{"ids":"UNIPROT:P38398:T116:PRGE","score":0.6089441501169599,"id":1,"start":182,"end":187,"text":"BRCA1","terms":[]},{"ids":"UNIPROT:P51587:T116:PRGE","score":0.6089441501169599,"id":2,"start":192,"end":203,"text":"BRCA2 genes","terms":[]}]},{"id":2,"start":332,"end":475,"text":"We have investigated whether mutations of genes encoding other components of the same DNA repair pathway can also affect cancer susceptibility.","terms":[]},{"id":3,"start":476,"end":595,"text":"We have identified three novel non-synonymous substitutions in one such gene, encoding the RAD51-related protein XRCC3.","terms":[{"ids":"UNIPROT:Q06609:T116:PRGE","score":0.8111110462365656,"id":1,"start":567,"end":594,"text":"RAD51-related protein XRCC3","terms":[]}]},{"id":4,"start":596,"end":785,"text":"One of these variants, D213N, occurs in a highly conserved ATP-binding domain and completely abrogates the ability of the transfected gene to correct the phenotype of XRCC3 deficient cells.","terms":[{"ids":"UNIPROT:O43542:T116:PRGE","score":0.9592642215128846,"id":1,"start":763,"end":768,"text":"XRCC3","terms":[]}]},{"id":5,"start":786,"end":879,"text":"The D213N variant was found in the heterozygous state in DNA from 3/1577 healthy individuals.","terms":[]},{"id":6,"start":880,"end":1010,"text":"However, we did not detect this variant at all amongst 187 breast cancer families and 1300 unrelated patients with common cancers.","terms":[{"ids":"UMLS:C0006141:T023:ANAT","score":1.0,"id":1,"start":939,"end":945,"text":"breast","terms":[]}]},{"id":7,"start":1011,"end":1076,"text":"Thus we have no evidence that D213N increases the risk of cancer.","terms":[]},{"id":8,"start":1077,"end":1199,"text":"We propose that not all components of the homologous recombination repair complex can act as cancer susceptibility genes..","terms":[]}]