[{"id":0,"start":0,"end":98,"text":"Analysis of the G/C polymorphism in the 5\u0027-untranslated region of the RAD51 gene in breast cancer.","terms":[{"ids":"UNIPROT:Q06609:T116:PRGE","score":0.6302250619988317,"id":1,"start":70,"end":80,"text":"RAD51 gene","terms":[]},{"ids":"UMLS:C0006141:T023:ANAT","score":1.0,"id":2,"start":84,"end":90,"text":"breast","terms":[]}]},{"id":1,"start":99,"end":331,"text":"The breast cancer suppressor proteins BRCA1 and BRCA2 interact with RAD51, a protein essential for maintaining genomic stability by playing a central role in homology-dependent recombinational repair of the DNA double-strand breaks.","terms":[{"ids":"UNIPROT:P31749:T116:PRGE","score":0.7750699214072465,"id":1,"start":103,"end":136,"text":"breast cancer suppressor proteins","terms":[{"ids":"UMLS:C0006141:T023:ANAT","score":1.0,"id":1,"start":103,"end":109,"text":"breast","terms":[]}]},{"ids":"UNIPROT:P38398:T116:PRGE","score":0.7750699214072465,"id":2,"start":137,"end":142,"text":"BRCA1","terms":[]},{"ids":"UNIPROT:P51587:T116:PRGE","score":0.7750699214072465,"id":3,"start":147,"end":152,"text":"BRCA2","terms":[]},{"ids":"UNIPROT:Q06609:T116:PRGE","score":0.7750699214072465,"id":4,"start":167,"end":172,"text":"RAD51","terms":[]}]},{"id":2,"start":332,"end":450,"text":"Therefore, genetic variability in the RAD51 gene may contribute to the appearance and/or progression of breast cancer.","terms":[{"ids":"UNIPROT:Q06609:T116:PRGE","score":0.9796728153987878,"id":1,"start":370,"end":380,"text":"RAD51 gene","terms":[]},{"ids":"UMLS:C0006141:T023:ANAT","score":1.0,"id":2,"start":436,"end":442,"text":"breast","terms":[]}]},{"id":3,"start":451,"end":629,"text":"A single nucleotide polymorphism in the 5\u0027- untranslated region of RAD51 (a G to C substitution at position 135, the G/C polymorphism) is reported to modulate breast cancer risk.","terms":[{"ids":"UNIPROT:Q06609:T116:PRGE","score":0.8254201943128942,"id":1,"start":518,"end":523,"text":"RAD51","terms":[]},{"ids":"UMLS:C0006141:T023:ANAT","score":1.0,"id":2,"start":610,"end":616,"text":"breast","terms":[]}]},{"id":4,"start":630,"end":742,"text":"We investigated the distribution of genotypes and frequency of alleles of the G/C polymorphism in breast cancer.","terms":[{"ids":"UMLS:C0006141:T023:ANAT","score":1.0,"id":1,"start":728,"end":734,"text":"breast","terms":[]}]},{"id":5,"start":743,"end":875,"text":"Tumor tissues were obtained from postmenopausal women with node-negative and node-positive breast carcinoma with uniform tumor size.","terms":[{"ids":"UMLS:C0746922:T023:ANAT","score":1.0,"id":1,"start":802,"end":806,"text":"node","terms":[]},{"ids":"UMLS:C0746922:T023:ANAT","score":1.0,"id":2,"start":820,"end":824,"text":"node","terms":[]},{"ids":"UMLS:C0006141:T023:ANAT","score":1.0,"id":3,"start":834,"end":840,"text":"breast","terms":[]}]},{"id":6,"start":876,"end":939,"text":"Blood samples from age matched healthy women served as control.","terms":[]},{"id":7,"start":940,"end":1035,"text":"The G/C polymorphism was determined by PCR-based MvaI restriction fragment length polymorphism.","terms":[]},{"id":8,"start":1036,"end":1190,"text":"The distribution of the genotypes of the G/C polymorphism did not differ significantly (P \u003e 0.05) from those predicted by the Hardy-Weinberg distribution.","terms":[]},{"id":9,"start":1191,"end":1318,"text":"There were no differences in the genotype distribution and allele frequencies between node-positive and node-negative patients.","terms":[{"ids":"UMLS:C0746922:T023:ANAT","score":1.0,"id":1,"start":1277,"end":1281,"text":"node","terms":[]},{"ids":"UMLS:C0746922:T023:ANAT","score":1.0,"id":2,"start":1295,"end":1299,"text":"node","terms":[]}]},{"id":10,"start":1319,"end":1558,"text":"There were no significant differences between distributions of the genotypes in subgroups assigned to histological grades according to Scarf-Bloom-Richardson criteria and the distribution predicted by Hardy-Weinberg equilibrium (P \u003e 0.05).","terms":[]},{"id":11,"start":1559,"end":1775,"text":"Our study implies that the G/C polymorphism of the RAD51 gene may not be directly involved in the development and/or progression of breast cancer and so it may not be useful as an independent marker in this disease..","terms":[{"ids":"UNIPROT:Q06609:T116:PRGE","score":0.7602251998059688,"id":1,"start":1610,"end":1620,"text":"RAD51 gene","terms":[]},{"ids":"UMLS:C0006141:T023:ANAT","score":1.0,"id":2,"start":1691,"end":1697,"text":"breast","terms":[]}]}]