[{"id":0,"start":0,"end":76,"text":"Prognostic value of p53 molecular status in high-risk primary breast cancer.","terms":[{"ids":"UNIPROT:P42771:T116:PRGE","score":0.5433953804810582,"id":1,"start":20,"end":33,"text":"p53 molecular","terms":[]},{"ids":"UMLS:C0006141:T023:ANAT","score":1.0,"id":2,"start":62,"end":68,"text":"breast","terms":[]}]},{"id":1,"start":77,"end":278,"text":"BACKGROUND: Mutations in the p53 gene are the most common genetic alterations in  human primary breast carcinoma and these mutations are often associated with worse prognosis and chemo/radioresistance.","terms":[{"ids":"UNIPROT:P42771:T116:PRGE","score":0.9997092067073,"id":1,"start":106,"end":114,"text":"p53 gene","terms":[]},{"ids":"UMLS:C0006141:T023:ANAT","score":1.0,"id":2,"start":173,"end":179,"text":"breast","terms":[]}]},{"id":2,"start":279,"end":527,"text":"PATIENTS AND METHODS: The analysis of the p53 gene was performed by fluorescence-assisted mismatch analysis in 13 consecutive high-risk primary breast cancer (HR-BC) patients with 10 or more involved axillary nodes to evaluate its prognostic value.","terms":[{"ids":"UNIPROT:P42771:T116:PRGE","score":0.9962882522658618,"id":1,"start":321,"end":329,"text":"p53 gene","terms":[]},{"ids":"UMLS:C0006141:T023:ANAT","score":1.0,"id":2,"start":423,"end":429,"text":"breast","terms":[]},{"ids":"UMLS:C0729594:T023:ANAT","score":1.0,"id":3,"start":479,"end":493,"text":"axillary nodes","terms":[]}]},{"id":3,"start":528,"end":603,"text":"RESULTS: Three p53 mutations (23%) and four allelic variants were detected.","terms":[{"ids":"UNIPROT:P42771:T116:PRGE","score":0.5675399200137147,"id":1,"start":543,"end":546,"text":"p53","terms":[]}]},{"id":4,"start":604,"end":713,"text":"After a median follow-up of 52 months the HR-BC disease-free survival (DFS) was 51% and overall survival 79%.","terms":[]},{"id":5,"start":714,"end":923,"text":"All patients harboring a p53 mutation (p53(mut)) relapsed within 10 months of the median DFS while 67% of those showing a wild-type p53 status (p53(wt)) survive disease-free at a median follow-up of 43 months.","terms":[{"ids":"UNIPROT:P42771:T116:PRGE","score":0.3269432663034834,"id":1,"start":739,"end":751,"text":"p53 mutation","terms":[]},{"ids":"UNIPROT:P42771:T116:PRGE","score":0.3269432663034834,"id":2,"start":753,"end":756,"text":"p53","terms":[]},{"ids":"UNIPROT:P22033:T116:PRGE","score":0.3269432663034834,"id":3,"start":757,"end":760,"text":"mut","terms":[]},{"ids":"UNIPROT:Q13326:T116:PRGE|UNIPROT:P38405:T116:PRGE","score":0.3269432663034834,"id":4,"start":836,"end":849,"text":"wild-type p53","terms":[]},{"ids":"UNIPROT:P42771:T116:PRGE","score":0.3269432663034834,"id":5,"start":858,"end":861,"text":"p53","terms":[]}]},{"id":6,"start":924,"end":1029,"text":"One p53(mut) patient is still alive while all the p53(wt) patients survive at 56 months median follow-up.","terms":[{"ids":"UNIPROT:P42771:T116:PRGE","score":0.5572976630712558,"id":1,"start":928,"end":931,"text":"p53","terms":[]},{"ids":"UNIPROT:P22033:T116:PRGE","score":0.5572976630712558,"id":2,"start":932,"end":935,"text":"mut","terms":[]},{"ids":"UNIPROT:P42771:T116:PRGE","score":0.5572976630712558,"id":3,"start":974,"end":977,"text":"p53","terms":[]}]},{"id":7,"start":1030,"end":1159,"text":"Two out of the four p53(wt) relapsing breast cancer patients showed the Arg72Pro allelic variant; one of these died at 75 months.","terms":[{"ids":"UNIPROT:P42771:T116:PRGE","score":0.2886535922932435,"id":1,"start":1050,"end":1053,"text":"p53","terms":[]},{"ids":"UMLS:C0006141:T023:ANAT","score":1.0,"id":2,"start":1068,"end":1074,"text":"breast","terms":[]}]},{"id":8,"start":1160,"end":1286,"text":"CONCLUSIONS: p53 mutations may help identify a subset of very high risk breast cancer patients (vHR-BC) with worse prognosis..","terms":[{"ids":"UNIPROT:P42771:T116:PRGE","score":0.48639879514807416,"id":1,"start":1173,"end":1186,"text":"p53 mutations","terms":[]},{"ids":"UMLS:C0006141:T023:ANAT","score":1.0,"id":2,"start":1232,"end":1238,"text":"breast","terms":[]},{"ids":"UNIPROT:P51452:T116:PRGE","score":0.48639879514807416,"id":3,"start":1256,"end":1262,"text":"vHR-BC","terms":[]}]}]