[{"id":0,"start":0,"end":138,"text":"A novel compound heterozygous mutation in the CYP17 (P450 17alpha-hydroxylase) gene leading to 17alpha-hydroxylase/17,20-lyase deficiency.","terms":[{"ids":"UNIPROT:P05093:T116:PRGE","score":0.25607637629517577,"id":1,"start":46,"end":51,"text":"CYP17","terms":[]},{"ids":"UNIPROT:P05108:T116:PRGE|UNIPROT:P20813:T116:PRGE","score":0.25607637629517577,"id":2,"start":53,"end":77,"text":"P450 17alpha-hydroxylase","terms":[]},{"ids":"UMLS:C1291557:T047:DISO","score":1.0,"id":3,"start":121,"end":137,"text":"lyase deficiency","terms":[]}]},{"id":1,"start":139,"end":370,"text":"Mutations in the CYP17 gene impair steroid biosynthesis in the adrenals and gonads and often cause 17alpha-hydroxylase/17,20-lyase deficiency, leading to amenorrhea, sexual infantilism, and hypokalemic low aldosterone hypertension.","terms":[{"ids":"UNIPROT:P05093:T116:PRGE","score":0.6980397661134937,"id":1,"start":156,"end":166,"text":"CYP17 gene","terms":[]},{"ids":"UMLS:C0001625:T023:ANAT","score":1.0,"id":2,"start":202,"end":210,"text":"adrenals","terms":[]},{"ids":"UMLS:C0018067:T023:ANAT","score":1.0,"id":3,"start":215,"end":221,"text":"gonads","terms":[]},{"ids":"UMLS:C1291557:T047:DISO","score":1.0,"id":4,"start":264,"end":280,"text":"lyase deficiency","terms":[]},{"ids":"UMLS:C0002453:T047:DISO","score":1.0,"id":5,"start":293,"end":303,"text":"amenorrhea","terms":[]},{"ids":"UMLS:C0242341:T047:DISO","score":1.0,"id":6,"start":305,"end":323,"text":"sexual infantilism","terms":[]},{"ids":"UMLS:C0020538:T047:DISO","score":1.0,"id":7,"start":357,"end":369,"text":"hypertension","terms":[]}]},{"id":2,"start":371,"end":481,"text":"Several CYP17 mutations resulting in 17alpha-hydroxylase/17,20-lyase deficiency have been reported previously.","terms":[{"ids":"UNIPROT:P05093:T116:PRGE","score":0.6972852518966379,"id":1,"start":379,"end":394,"text":"CYP17 mutations","terms":[]},{"ids":"UMLS:C1291557:T047:DISO","score":1.0,"id":2,"start":434,"end":450,"text":"lyase deficiency","terms":[]}]},{"id":3,"start":482,"end":661,"text":"In the present study, we found a novel CYP17 mutation from the molecular analysis of a Korean patient with primary amenorrhea with a 46,XX karyotype, and hypokalemic hypertension.","terms":[{"ids":"UNIPROT:P05093:T116:PRGE","score":0.6304546074459003,"id":1,"start":521,"end":535,"text":"CYP17 mutation","terms":[]},{"ids":"UMLS:C0232939:T047:DISO","score":1.0,"id":2,"start":589,"end":607,"text":"primary amenorrhea","terms":[]},{"ids":"UMLS:C0020538:T047:DISO","score":1.0,"id":3,"start":648,"end":660,"text":"hypertension","terms":[]}]},{"id":4,"start":662,"end":1083,"text":"We sequenced all 8 exons of the CYP17 gene that were amplified from patient\u0027s genomic DNA using polymerase chain reaction (PCR) and found a compound heterozygous mutation in the CYP17 structural gene; a 1-base deletion and a 1-base transversion (TAC--\u003eAA) at codon 329, leading to the production of a truncated protein (1-417 amino acids), and a 3-base deletion (TCC, either 350-351 or 351-352 codon) in the other allele.","terms":[{"ids":"UNIPROT:P05093:T116:PRGE","score":0.9674180240722065,"id":1,"start":694,"end":704,"text":"CYP17 gene","terms":[]},{"ids":"UNIPROT:P05093:T116:PRGE","score":0.9674180240722065,"id":2,"start":840,"end":861,"text":"CYP17 structural gene","terms":[]},{"ids":"UMLS:C1862382:T047:DISO","score":1.0,"id":3,"start":914,"end":916,"text":"AA","terms":[]},{"ids":"UMLS:C1861305:T047:DISO","score":1.0,"id":4,"start":1025,"end":1028,"text":"TCC","terms":[]}]},{"id":5,"start":1084,"end":1259,"text":"Restriction enzyme digestion analysis of patient\u0027s and parental DNA showed that the 1-base deletion and the 3-base deletion are inherited from mother and father, respectively.","terms":[]},{"id":6,"start":1260,"end":1429,"text":"Here we conclude that these novel compound heterozygous mutations might account for the patient\u0027s clinical manifestations of 17alpha-hydroxylase/17,20-lyase deficiency..","terms":[{"ids":"UMLS:C1291557:T047:DISO","score":1.0,"id":1,"start":1411,"end":1427,"text":"lyase deficiency","terms":[]}]}]