[{"id":0,"start":0,"end":70,"text":"NRAMP1 genetic polymorphisms as a risk factor of tuberculous pleurisy.","terms":[{"ids":"UNIPROT:P49279:T116:PRGE","score":0.7820789709806752,"id":1,"start":0,"end":6,"text":"NRAMP1","terms":[]},{"ids":"UMLS:C0041326:T047:DISO","score":1.0,"id":2,"start":49,"end":69,"text":"tuberculous pleurisy","terms":[]}]},{"id":1,"start":71,"end":211,"text":"SETTING: Nrampl encoded by the NRAMP1 gene influences the phagolysosomal function of alveolar macrophage against Mycobacterium tuberculosis.","terms":[{"ids":"UNIPROT:P49279:T116:PRGE","score":0.9385032039513858,"id":1,"start":102,"end":113,"text":"NRAMP1 gene","terms":[]},{"ids":"UMLS:C1440080:T023:ANAT","score":1.0,"id":2,"start":156,"end":164,"text":"alveolar","terms":[]},{"ids":"UMLS:C0041296:T047:DISO","score":1.0,"id":3,"start":198,"end":210,"text":"tuberculosis","terms":[]}]},{"id":2,"start":212,"end":330,"text":"Genetic polymorphisms of NRAMP1 affect innate host resistance through the defective production and function of Nrampl.","terms":[{"ids":"UNIPROT:P49279:T116:PRGE","score":0.8074659662959962,"id":1,"start":237,"end":243,"text":"NRAMP1","terms":[]}]},{"id":3,"start":331,"end":455,"text":"OBJECTIVE: To investigate this relationship, the NRAMP1 polymorphisms in patients with tuberculous pleurisy were determined.","terms":[{"ids":"UMLS:C0041326:T047:DISO","score":1.0,"id":1,"start":418,"end":438,"text":"tuberculous pleurisy","terms":[]}]},{"id":4,"start":456,"end":603,"text":"DESIGN: Pleural biopsy proven 56 patients were designated to the pleurisy group and 45 healthy adults were designated to the healthy control group.","terms":[{"ids":"UMLS:C0497354:T047:DISO|UMLS:C0032231:T047:DISO","score":1.0,"id":1,"start":521,"end":529,"text":"pleurisy","terms":[]}]},{"id":5,"start":604,"end":847,"text":"Three NRAMP1 polymorphisms such as single nucleotide change in intron 4(469 + 14G/C, INT4), a non-conservative single-base substitution at codon 543(D543N) and TGTG deletion in the 3\u0027 untranslated region (1729 + 55del4, 3\u0027UTR) were determined.","terms":[{"ids":"UNIPROT:P49279:T116:PRGE","score":0.3066543593269498,"id":1,"start":610,"end":616,"text":"NRAMP1","terms":[]},{"ids":"UNIPROT:Q96HW7:T116:PRGE","score":0.3066543593269498,"id":2,"start":689,"end":693,"text":"INT4","terms":[]}]},{"id":6,"start":848,"end":1064,"text":"RESULTS: The frequencies of mutant genotypes of INT4 and 3\u0027UTR were significantly high in the pleurisy group (P \u003d 0.01, P \u003d 0.02), but the frequencies of D543N were not significantly different between the two groups.","terms":[{"ids":"UNIPROT:Q96HW7:T116:PRGE","score":0.4648095550182819,"id":1,"start":896,"end":910,"text":"INT4 and 3\u0027UTR","terms":[]},{"ids":"UMLS:C0497354:T047:DISO|UMLS:C0032231:T047:DISO","score":1.0,"id":2,"start":942,"end":950,"text":"pleurisy","terms":[]}]},{"id":7,"start":1065,"end":1285,"text":"Odds ratios (OR), which are a comparison of the wild with the mutant genotype, were 8.02 (95%CI 2.42 approximately 26.57) for INT4 and 5.73 (95%CI 1.14 approximately 28.92) for 3\u0027UTR which were statistically significant.","terms":[{"ids":"UNIPROT:Q96HW7:T116:PRGE","score":0.6712168429879022,"id":1,"start":1191,"end":1195,"text":"INT4","terms":[]}]},{"id":8,"start":1286,"end":1535,"text":"In the combined analysis of the INT4 and 3\u0027UTR, the ORs were 6.00 (95%CI 1.46 approximately 24.64) for GC/++ genotype and 14.00 (95%CI 1.61 approximately 121.75) for GC/+del when compared with GG/++; these differences were statistically significant.","terms":[{"ids":"UNIPROT:Q96HW7:T116:PRGE","score":0.19684375997334674,"id":1,"start":1318,"end":1332,"text":"INT4 and 3\u0027UTR","terms":[]},{"ids":"UNIPROT:P02774:T116:PRGE|UNIPROT:P04062:T116:PRGE|UNIPROT:P38435:T116:PRGE","score":0.19684375997334674,"id":2,"start":1452,"end":1459,"text":"GC/+del","terms":[]}]},{"id":9,"start":1536,"end":1655,"text":"CONCLUSION: The NRAMP1 genetic polymorphisms, especially INT4 and 3\u0027UTR, were closely related to tuberculous pleurisy..","terms":[{"ids":"UNIPROT:Q96HW7:T116:PRGE","score":0.24803002466435792,"id":1,"start":1593,"end":1607,"text":"INT4 and 3\u0027UTR","terms":[]},{"ids":"UMLS:C0041326:T047:DISO","score":1.0,"id":2,"start":1633,"end":1653,"text":"tuberculous pleurisy","terms":[]}]}]