[{"id":0,"start":0,"end":199,"text":"A \"null allele\" mutation is responsible for erythropoietic protoporphyria in an Israeli patient who underwent liver transplantation: relationships among biochemical, clinical, and genetic parameters.","terms":[{"ids":"UMLS:C0162568:T047:DISO","score":1.0,"id":1,"start":44,"end":73,"text":"erythropoietic protoporphyria","terms":[]},{"ids":"UMLS:C0023884:T023:ANAT","score":1.0,"id":2,"start":110,"end":115,"text":"liver","terms":[]}]},{"id":1,"start":200,"end":331,"text":"Mutations in the human ferrochelatase gene (FECH) are the primary cause of the inborn disorder erythropoietic protoporphyria (EPP).","terms":[{"ids":"UNIPROT:P22830:T116:PRGE","score":0.0,"id":1,"start":223,"end":242,"text":"ferrochelatase gene","terms":[]},{"ids":"UNIPROT:P22830:T116:PRGE","score":0.6958594865680341,"id":2,"start":244,"end":248,"text":"FECH","terms":[]},{"ids":"UMLS:C0162568:T047:DISO","score":1.0,"id":3,"start":295,"end":324,"text":"erythropoietic protoporphyria","terms":[]},{"ids":"UMLS:C0162568:T047:DISO","score":1.0,"id":4,"start":326,"end":329,"text":"EPP","terms":[]}]},{"id":2,"start":332,"end":518,"text":"While the majority of the EPP patients exhibit only photosensitivity, a small percentage of patients (approximately 2%) develop liver complications in addition to the cutaneous symptoms.","terms":[{"ids":"UMLS:C0162568:T047:DISO","score":1.0,"id":1,"start":358,"end":361,"text":"EPP","terms":[]},{"ids":"UMLS:C0393720:T047:DISO","score":1.0,"id":2,"start":384,"end":400,"text":"photosensitivity","terms":[]},{"ids":"UMLS:C0023884:T023:ANAT","score":1.0,"id":3,"start":460,"end":465,"text":"liver","terms":[]}]},{"id":3,"start":519,"end":638,"text":"In this study, the FECH gene of an Israeli EPP patient who suffered from EPP-related liver complications was sequenced.","terms":[{"ids":"UMLS:C0162568:T047:DISO","score":1.0,"id":1,"start":562,"end":565,"text":"EPP","terms":[]},{"ids":"UMLS:C0162568:T047:DISO","score":1.0,"id":2,"start":592,"end":595,"text":"EPP","terms":[]},{"ids":"UMLS:C0023884:T023:ANAT","score":1.0,"id":3,"start":604,"end":609,"text":"liver","terms":[]}]},{"id":4,"start":639,"end":829,"text":"A splicing defect IVS10+1, g--\u003et, which is known to cause the deletion of exon 10, was identified in the index patient as well as in his symptomatic older sister and his asymptomatic mother.","terms":[{"ids":"UMLS:C1861101:T047:DISO","score":1.0,"id":1,"start":650,"end":656,"text":"defect","terms":[]}]},{"id":5,"start":830,"end":949,"text":"Like the other 12 known FECH mutations associated with liver complications, IVS10+1, g--\u003et is a \"null-allele\" mutation.","terms":[{"ids":"UMLS:C0023884:T023:ANAT","score":1.0,"id":1,"start":885,"end":890,"text":"liver","terms":[]}]},{"id":6,"start":950,"end":1336,"text":"Although the two siblings with overt EPP share an identical genotype with respect to both the mutation on one FECH allele and three intragenic single nucleotide polymorphisms, -251G, IVS1-23T, and IVS3-48C on the other allele, the sister of the index patient has so far shown no signs of liver involvement, suggesting that additional factors might account for the liver disease in EPP..","terms":[{"ids":"UMLS:C0162568:T047:DISO|UNIPROT:P01588:T116:PRGE|UNIPROT:P22830:T116:PRGE|UNIPROT:P11678:T116:PRGE","score":1.0,"id":1,"start":987,"end":990,"text":"EPP","terms":[]},{"ids":"UNIPROT:P22830:T116:PRGE","score":0.19181202910053874,"id":2,"start":1060,"end":1071,"text":"FECH allele","terms":[]},{"ids":"UMLS:C0023884:T023:ANAT","score":1.0,"id":3,"start":1238,"end":1243,"text":"liver","terms":[]},{"ids":"UMLS:C0023895:T047:DISO","score":1.0,"id":4,"start":1314,"end":1327,"text":"liver disease","terms":[{"ids":"UMLS:C0023884:T023:ANAT","score":1.0,"id":1,"start":1314,"end":1319,"text":"liver","terms":[]}]},{"ids":"UMLS:C0162568:T047:DISO","score":1.0,"id":5,"start":1331,"end":1334,"text":"EPP","terms":[]}]}]