[{"id":0,"start":0,"end":55,"text":"The molecular basis for the thalassaemias in Sri Lanka.","terms":[{"ids":"UMLS:C0039730:T047:DISO","score":1.0,"id":1,"start":28,"end":41,"text":"thalassaemias","terms":[]}]},{"id":1,"start":56,"end":230,"text":"The beta-globin gene mutations and the alpha-globin genes of 620 patients with the phenotype of severe to moderate thalassaemia from seven centres in Sri Lanka were analysed.","terms":[{"ids":"UNIPROT:P78371:T116:PRGE|UNIPROT:P07951:T116:PRGE|UNIPROT:Q9HCC0:T116:PRGE|UNIPROT:O00459:T116:PRGE","score":0.3871024467927716,"id":1,"start":60,"end":71,"text":"beta-globin","terms":[]},{"ids":"UNIPROT:P69905:T116:PRGE","score":0.3871024467927716,"id":2,"start":95,"end":113,"text":"alpha-globin genes","terms":[]},{"ids":"UMLS:C0039730:T047:DISO","score":1.0,"id":3,"start":171,"end":183,"text":"thalassaemia","terms":[]}]},{"id":2,"start":231,"end":436,"text":"Twenty-four beta-globin gene mutations were identified, three accounting for 84.5% of the 1240 alleles studied: IVSI-5 (G--\u003eC) 56.2%; IVSI-1 (G--\u003eA) 15.2%; and haemoglobin E (codon (CD)26 GAG--\u003eGAA) 13.1%.","terms":[{"ids":"UNIPROT:P78371:T116:PRGE|UNIPROT:P07951:T116:PRGE|UNIPROT:Q9HCC0:T116:PRGE|UNIPROT:O00459:T116:PRGE","score":0.48440543685295917,"id":1,"start":243,"end":259,"text":"beta-globin gene","terms":[]},{"ids":"UMLS:C0007570:T047:DISO","score":1.0,"id":2,"start":413,"end":415,"text":"CD","terms":[]}]},{"id":3,"start":437,"end":619,"text":"Three new mutations were found; a 13-bp deletion removing the last nucleotide in CD6 to CD10 inclusively, IVSI-129 (A--\u003eC) in the consensus splice site, and a frame shift, CD55 (-A).","terms":[{"ids":"UNIPROT:P30203:T116:PRGE","score":0.9399270151892449,"id":1,"start":518,"end":521,"text":"CD6","terms":[]},{"ids":"UNIPROT:P08473:T116:PRGE","score":0.9399270151892449,"id":2,"start":525,"end":529,"text":"CD10","terms":[]}]},{"id":4,"start":620,"end":733,"text":"The allele frequency of alpha+ thalassaemia was 6.5% and 1.1% for -alpha3.7 and -alpha4.2 deletions respectively.","terms":[{"ids":"UMLS:C0039730:T047:DISO","score":1.0,"id":1,"start":651,"end":663,"text":"thalassaemia","terms":[]}]},{"id":5,"start":734,"end":783,"text":"Non-deletion alpha-thalassaemia was not observed.","terms":[{"ids":"UMLS:C0002312:T047:DISO","score":1.0,"id":1,"start":747,"end":765,"text":"alpha-thalassaemia","terms":[]}]},{"id":6,"start":784,"end":853,"text":"Triplicate or quadruplicate alpha-globin genes were unusually common.","terms":[{"ids":"UNIPROT:P69905:T116:PRGE","score":0.37325923800980637,"id":1,"start":812,"end":830,"text":"alpha-globin genes","terms":[]}]},{"id":7,"start":854,"end":1181,"text":"In 1.5% of cases it was impossible to identify beta-thalassaemia alleles, but in Kurunegala detailed family studies led to an explanation for the severe thalassaemia phenotype in every case, including a previously unreported instance of homozygosity for a quadruplicated alpha-globin gene together with beta-thalassaemia trait.","terms":[{"ids":"UMLS:C0005283:T047:DISO","score":1.0,"id":1,"start":901,"end":918,"text":"beta-thalassaemia","terms":[]},{"ids":"UMLS:C0039730:T047:DISO","score":1.0,"id":2,"start":1007,"end":1019,"text":"thalassaemia","terms":[]},{"ids":"UNIPROT:P69905:T116:PRGE","score":0.8567789761307884,"id":3,"start":1125,"end":1137,"text":"alpha-globin","terms":[]},{"ids":"UMLS:C0702157:T047:DISO","score":1.0,"id":4,"start":1162,"end":1180,"text":"thalassaemia trait","terms":[]}]},{"id":8,"start":1182,"end":1308,"text":"These findings have implications for the control of thalassaemia in high-frequency populations with complex ethnic histories..","terms":[{"ids":"UMLS:C0039730:T047:DISO","score":1.0,"id":1,"start":1234,"end":1246,"text":"thalassaemia","terms":[]}]}]