[{"id":0,"start":0,"end":67,"text":"Pacemaker channel dysfunction in a patient with sinus node disease.","terms":[{"ids":"UMLS:C0428908:T047:DISO","score":1.0,"id":1,"start":48,"end":66,"text":"sinus node disease","terms":[{"ids":"UMLS:C0037189:T023:ANAT","score":1.0,"id":1,"start":48,"end":58,"text":"sinus node","terms":[]}]}]},{"id":1,"start":68,"end":218,"text":"The cardiac pacemaker current I(f) is a major determinant of diastolic depolarization in sinus nodal cells and has a key role in heartbeat generation.","terms":[{"ids":"UMLS:C0037189:T023:ANAT","score":1.0,"id":1,"start":72,"end":89,"text":"cardiac pacemaker","terms":[]}]},{"id":2,"start":219,"end":379,"text":"Therefore, we hypothesized that some forms of \"idiopathic\" sinus node dysfunction (SND) are related to inherited dysfunctions of cardiac pacemaker ion channels.","terms":[{"ids":"UMLS:C0428908:T047:DISO","score":1.0,"id":1,"start":278,"end":300,"text":"sinus node dysfunction","terms":[{"ids":"UMLS:C0037189:T023:ANAT","score":1.0,"id":1,"start":278,"end":288,"text":"sinus node","terms":[]}]},{"ids":"UMLS:C0037189:T023:ANAT","score":1.0,"id":2,"start":348,"end":365,"text":"cardiac pacemaker","terms":[]}]},{"id":3,"start":380,"end":529,"text":"In a candidate gene approach, a heterozygous 1-bp deletion (1631delC) in exon 5 of the human HCN4 gene was detected in a patient with idiopathic SND.","terms":[{"ids":"UNIPROT:Q8TA86:T116:PRGE|UNIPROT:Q9H0Z9:T116:PRGE","score":0.39440121905077546,"id":1,"start":467,"end":482,"text":"human HCN4 gene","terms":[]}]},{"id":4,"start":530,"end":641,"text":"The mutant HCN4 protein (HCN4-573X) had a truncated C-terminus and lacked the cyclic nucleotide-binding domain.","terms":[{"ids":"UNIPROT:Q9Y3Q4:T116:PRGE","score":0.4979720552538204,"id":1,"start":534,"end":553,"text":"mutant HCN4 protein","terms":[]},{"ids":"UNIPROT:Q9Y3Q4:T116:PRGE","score":0.4979720552538204,"id":2,"start":555,"end":564,"text":"HCN4-573X","terms":[]}]},{"id":5,"start":642,"end":788,"text":"COS-7 cells transiently transfected with HCN4-573X cDNA indicated normal intracellular trafficking and membrane integration of HCN4-573X subunits.","terms":[{"ids":"UNIPROT:Q9Y3Q4:T116:PRGE","score":0.46800338060190877,"id":1,"start":683,"end":697,"text":"HCN4-573X cDNA","terms":[]},{"ids":"UNIPROT:Q9Y3Q4:T116:PRGE","score":0.46800338060190877,"id":2,"start":769,"end":787,"text":"HCN4-573X subunits","terms":[]}]},{"id":6,"start":789,"end":928,"text":"Patch-clamp experiments showed that HCN4-573X channels mediated I(f)-like currents that were insensitive to increased cellular cAMP levels.","terms":[{"ids":"UNIPROT:Q9Y3Q4:T116:PRGE","score":0.6246551304984503,"id":1,"start":825,"end":829,"text":"HCN4","terms":[]}]},{"id":7,"start":929,"end":1032,"text":"Coexpression experiments showed a dominant-negative effect of HCN4-573X subunits on wild-type subunits.","terms":[{"ids":"UNIPROT:Q9Y3Q4:T116:PRGE","score":0.5728210421021018,"id":1,"start":991,"end":1009,"text":"HCN4-573X subunits","terms":[]}]},{"id":8,"start":1033,"end":1151,"text":"These data indicate that the cardiac I(f) channels are functionally expressed but with altered biophysical properties.","terms":[{"ids":"UNIPROT:Q92736:T116:PRGE|UNIPROT:P45379:T116:PRGE|UNIPROT:P19429:T116:PRGE|UNIPROT:Q6P5Q4:T116:PRGE","score":0.6635109993836841,"id":1,"start":1062,"end":1083,"text":"cardiac I(f) channels","terms":[{"ids":"UMLS:C0018787:T023:ANAT","score":1.0,"id":1,"start":1062,"end":1069,"text":"cardiac","terms":[]}]}]},{"id":9,"start":1152,"end":1309,"text":"Taken together, the clinical, genetic, and in vitro data provide a likely explanation for the patient\u0027s sinus bradycardia and the chronotropic incompetence..","terms":[]}]