[{"id":0,"start":0,"end":84,"text":"New paraoxonase 1 polymorphism I102V and the risk of prostate cancer in Finnish men.","terms":[{"ids":"UNIPROT:P01701:T116:PRGE","score":0.9311088450440245,"id":1,"start":0,"end":17,"text":"New paraoxonase 1","terms":[]},{"ids":"UMLS:C0033572:T023:ANAT","score":1.0,"id":2,"start":53,"end":61,"text":"prostate","terms":[]}]},{"id":1,"start":85,"end":168,"text":"BACKGROUND: Human serum paraoxonase eliminates carcinogenic lipid-soluble radicals.","terms":[{"ids":"UNIPROT:Q8TA86:T116:PRGE|UNIPROT:Q9H0Z9:T116:PRGE","score":0.9174569157291175,"id":1,"start":97,"end":120,"text":"Human serum paraoxonase","terms":[]}]},{"id":2,"start":169,"end":331,"text":"Because expression of the main human paraoxonase gene PON1 varies widely in humans, certain PON1 polymorphisms might be associated with increased risks of cancer.","terms":[{"ids":"UNIPROT:Q8TA86:T116:PRGE|UNIPROT:Q9H0Z9:T116:PRGE","score":0.6136814740217089,"id":1,"start":195,"end":227,"text":"main human paraoxonase gene PON1","terms":[]},{"ids":"UNIPROT:P27169:T116:PRGE","score":0.6136814740217089,"id":2,"start":261,"end":265,"text":"PON1","terms":[]}]},{"id":3,"start":332,"end":570,"text":"We sought new functional mutations in PON1 and determined whether known or new PON1 mutations were associated with the risk for prostate cancer in a prospective, random, population-based sample of Finnish men and in a  case-control study.","terms":[{"ids":"UNIPROT:P27169:T116:PRGE","score":0.3713308598072287,"id":1,"start":370,"end":374,"text":"PON1","terms":[]},{"ids":"UNIPROT:P27169:T116:PRGE","score":0.3713308598072287,"id":2,"start":411,"end":415,"text":"PON1","terms":[]},{"ids":"UMLS:C0033572:T023:ANAT","score":1.0,"id":3,"start":460,"end":468,"text":"prostate","terms":[]}]},{"id":4,"start":571,"end":695,"text":"METHODS: Serum paraoxonase activity was measured in 835 healthy men in the Kuopio Ischaemic Heart Disease Risk Factor Study.","terms":[{"ids":"UMLS:C0151744:T047:DISO|UMLS:C0010054:T047:DISO","score":1.0,"id":1,"start":653,"end":676,"text":"Ischaemic Heart Disease","terms":[{"ids":"UMLS:C0018787:T023:ANAT","score":1.0,"id":1,"start":663,"end":668,"text":"Heart","terms":[]}]}]},{"id":5,"start":696,"end":956,"text":"PON1 mutations were identified by hierarchical phenotype-targeted sequencing in DNAs from the 100 men with the lowest paraoxonase activity in this cohort, and 1595 men in the cohort were genotyped for PON1 mutations by restriction fragment length polymorphism.","terms":[{"ids":"UNIPROT:P27169:T116:PRGE","score":0.6948240877058736,"id":1,"start":696,"end":700,"text":"PON1","terms":[]},{"ids":"UNIPROT:P27169:T116:PRGE","score":0.6948240877058736,"id":2,"start":897,"end":901,"text":"PON1","terms":[]}]},{"id":6,"start":957,"end":1144,"text":"Multivariable analysis was used to investigate the association of known and new PON1 mutations with incident prostate cancer in 1569 cancer-free men in the cohort followed for 9-14 years.","terms":[{"ids":"UNIPROT:P27169:T116:PRGE","score":0.3720907460076005,"id":1,"start":1037,"end":1041,"text":"PON1","terms":[]},{"ids":"UMLS:C0033572:T023:ANAT","score":1.0,"id":2,"start":1066,"end":1074,"text":"prostate","terms":[]}]},{"id":7,"start":1145,"end":1383,"text":"In a case-control study of Finnish men, the association of prostate cancer with the PON1 mutation identified in the cohort study was investigated in 69 case patients with familial prostate cancer and 69 unmatched healthy control subjects.","terms":[{"ids":"UMLS:C0033572:T023:ANAT","score":1.0,"id":1,"start":1204,"end":1212,"text":"prostate","terms":[]},{"ids":"UNIPROT:P27169:T116:PRGE","score":0.5297946792420886,"id":2,"start":1229,"end":1242,"text":"PON1 mutation","terms":[]},{"ids":"UMLS:C0033572:T023:ANAT","score":1.0,"id":3,"start":1325,"end":1333,"text":"prostate","terms":[]}]},{"id":8,"start":1384,"end":1576,"text":"RESULTS: We identified a new single-nucleotide PON1 polymorphism associated with  decreased serum paraoxonase activity that caused an isoleucine--\u003evaline change at codon 102 in exon 4 (I102V).","terms":[]},{"id":9,"start":1577,"end":1664,"text":"Of the 1569 men cancer-free at baseline, 56 (3.6%) were carriers of the I102V mutation.","terms":[]},{"id":10,"start":1665,"end":1899,"text":"After adjusting for age and cholesterol-lowering medications, the relative risk for developing prostate cancer during follow-up was 6.3 (95% confidence interval [CI] \u003d 2.1 to 19.2) among 102V allele carriers compared with noncarriers.","terms":[{"ids":"UMLS:C0033572:T023:ANAT","score":1.0,"id":1,"start":1760,"end":1768,"text":"prostate","terms":[]}]},{"id":11,"start":1900,"end":1988,"text":"Other PON1 alleles were not statistically significantly associated with prostate cancer.","terms":[{"ids":"UNIPROT:P27169:T116:PRGE","score":0.9828939254632775,"id":1,"start":1906,"end":1918,"text":"PON1 alleles","terms":[]},{"ids":"UMLS:C0033572:T023:ANAT","score":1.0,"id":2,"start":1972,"end":1980,"text":"prostate","terms":[]}]},{"id":12,"start":1989,"end":2180,"text":"In the case-control  study, patients with familial prostate cancer were more likely to be carriers of  the PON1 I102V mutation than control subjects (odds ratio \u003d 4.3, 95% CI \u003d 0.9 to  21.5).","terms":[{"ids":"UMLS:C0033572:T023:ANAT","score":1.0,"id":1,"start":2040,"end":2048,"text":"prostate","terms":[]},{"ids":"UNIPROT:P27169:T116:PRGE","score":0.6922683825741583,"id":2,"start":2096,"end":2106,"text":"PON1 I102V","terms":[]}]},{"id":13,"start":2181,"end":2284,"text":"CONCLUSION: The PON1 102V allele appears to be associated with an increased risk  for prostate cancer..","terms":[{"ids":"UNIPROT:P27169:T116:PRGE","score":0.9912808613617556,"id":1,"start":2197,"end":2213,"text":"PON1 102V allele","terms":[]},{"ids":"UMLS:C0033572:T023:ANAT","score":1.0,"id":2,"start":2267,"end":2275,"text":"prostate","terms":[]}]}]