[{"id":0,"start":0,"end":107,"text":"Cowden\u0027s disease: clinical and molecular genetic findings in a patient with a novel PTEN germline mutation.","terms":[{"ids":"UNIPROT:P60484:T116:PRGE|UNIPROT:P36894:T116:PRGE","score":0.8492296588394522,"id":1,"start":84,"end":88,"text":"PTEN","terms":[]}]},{"id":1,"start":108,"end":231,"text":"We report a 54-year-old woman with Cowden\u0027s disease (CD) who was found to carry a novel germline mutation in the PTEN gene.","terms":[{"ids":"UMLS:C0007570:T047:DISO","score":1.0,"id":1,"start":161,"end":163,"text":"CD","terms":[]},{"ids":"UNIPROT:P60484:T116:PRGE|UNIPROT:P36894:T116:PRGE","score":0.9987162026895383,"id":2,"start":221,"end":230,"text":"PTEN gene","terms":[]}]},{"id":2,"start":232,"end":413,"text":"The mutation (c.334C--\u003eG) introduced a  splice donor site within exon 5 that caused the expression of an aberrant transcript lacking 159 nucleotides corresponding to codons 112-164.","terms":[]},{"id":3,"start":414,"end":603,"text":"Clinically, the patient showed multiple benign hamartomatous lesions of the skin, papillomatosis of the lips and oral mucosa, polyposis coli and bilateral fibrocystic disease of the breast.","terms":[{"ids":"UMLS:C0023759:T023:ANAT","score":1.0,"id":1,"start":518,"end":522,"text":"lips","terms":[]},{"ids":"UMLS:C0026639:T023:ANAT","score":1.0,"id":2,"start":527,"end":538,"text":"oral mucosa","terms":[]},{"ids":"UMLS:C0016034:T047:DISO|UMLS:C0010674:T047:DISO|UMLS:C0016033:T047:DISO","score":1.0,"id":3,"start":569,"end":588,"text":"fibrocystic disease","terms":[]},{"ids":"UMLS:C0006141:T023:ANAT","score":1.0,"id":4,"start":596,"end":602,"text":"breast","terms":[]}]},{"id":4,"start":604,"end":753,"text":"In addition, she developed different types of  malignant neoplasms, including bilateral carcinomas of the breast and malignant melanomas of the skin.","terms":[{"ids":"UMLS:C0006141:T023:ANAT","score":1.0,"id":1,"start":710,"end":716,"text":"breast","terms":[]}]},{"id":5,"start":754,"end":972,"text":"Molecular genetic analysis of a benign skin hamartoma and  an invasive ductal breast carcinoma revealed loss of heterozygosity (LOH) at microsatellite markers on chromosome 10 in the carcinoma but not in the hamartoma.","terms":[{"ids":"UMLS:C0006141:T023:ANAT","score":1.0,"id":1,"start":832,"end":838,"text":"breast","terms":[]}]},{"id":6,"start":973,"end":1139,"text":"The breast carcinoma additionally carried a somatic TP53 point mutation (c.466C--\u003eG; R156G) that was associated with LOH on 17p and nuclear p53  protein accumulation.","terms":[{"ids":"UMLS:C0006141:T023:ANAT","score":1.0,"id":1,"start":977,"end":983,"text":"breast","terms":[]},{"ids":"UNIPROT:P42771:T116:PRGE","score":0.2138596575582061,"id":2,"start":1113,"end":1125,"text":"p53  protein","terms":[]}]},{"id":7,"start":1140,"end":1481,"text":"Taken together, our findings indicate that benign hamartomas in CD may develop without loss of the second (wild-type) PTEN allele,  whereas the pathogenesis of malignant tumours, such as breast carcinomas, appears to require the complete inactivation of Pten as well as further alterations such  as the loss of p53-dependent growth control..","terms":[{"ids":"UMLS:C0007570:T047:DISO","score":1.0,"id":1,"start":1204,"end":1206,"text":"CD","terms":[]},{"ids":"UMLS:C0006141:T023:ANAT","score":1.0,"id":2,"start":1327,"end":1333,"text":"breast","terms":[]},{"ids":"UNIPROT:P60484:T116:PRGE|UNIPROT:P36894:T116:PRGE","score":0.27553155528942413,"id":3,"start":1394,"end":1398,"text":"Pten","terms":[]},{"ids":"UNIPROT:P42771:T116:PRGE","score":0.27553155528942413,"id":4,"start":1451,"end":1454,"text":"p53","terms":[]}]}]