[{"id":0,"start":0,"end":138,"text":"A cluster of autosomal recessive spondylocostal dysostosis caused by three newly identified DLL3 mutations segregating in a small village.","terms":[{"ids":"UMLS:C2931020:T047:DISO","score":1.0,"id":1,"start":13,"end":58,"text":"autosomal recessive spondylocostal dysostosis","terms":[]},{"ids":"UNIPROT:Q9NYJ7:T116:PRGE","score":0.8299196371012346,"id":2,"start":92,"end":106,"text":"DLL3 mutations","terms":[]}]},{"id":1,"start":139,"end":327,"text":"In 1982, one of us reported a cluster of eight individuals affected by spondylocostal dysostosis (SD, MIM 277300) in four nuclear families indigenous to a village from eastern Switzerland.","terms":[{"ids":"UMLS:C0265343:T047:DISO","score":1.0,"id":1,"start":210,"end":235,"text":"spondylocostal dysostosis","terms":[]},{"ids":"UMLS:C1096903:T047:DISO","score":1.0,"id":2,"start":237,"end":239,"text":"SD","terms":[]}]},{"id":2,"start":328,"end":472,"text":"We tested the hypothesis that the molecular basis for this cluster was segregation of a single mutation in the DLL3 gene, recently linked to SD.","terms":[{"ids":"UNIPROT:Q9NYJ7:T116:PRGE","score":0.9852356226012017,"id":1,"start":439,"end":448,"text":"DLL3 gene","terms":[]},{"ids":"UMLS:C1096903:T047:DISO","score":1.0,"id":2,"start":469,"end":471,"text":"SD","terms":[]}]},{"id":3,"start":473,"end":834,"text":"Marker haplotypes around the DLL3 locus contradicted this hypothesis as three different haplotypes were seen in affected individuals, but sequence analysis showed that three unreported DLL3 mutations were segregating: a duplication of 17 bp in exon 8 (c.1285-1301dup), a single-nucleotide deletion in exon 5 (c.615delC), and a R238X nonsense mutation in exon 6.","terms":[{"ids":"UNIPROT:Q9NYJ7:T116:PRGE","score":0.6388756509170158,"id":1,"start":502,"end":512,"text":"DLL3 locus","terms":[]},{"ids":"UNIPROT:Q9NYJ7:T116:PRGE","score":0.6388756509170158,"id":2,"start":658,"end":662,"text":"DLL3","terms":[]}]},{"id":4,"start":835,"end":1122,"text":"Contrary to our initial assumption of a single allele segregating in this small community, three different pathogenic alleles were observed, with a putative founder mutation occurring at the homozygous state but also compounding with, and thus revealing, two other independent mutations.","terms":[{"ids":"UMLS:C0263541:T047:DISO","score":1.0,"id":1,"start":992,"end":999,"text":"founder","terms":[]}]},{"id":5,"start":1123,"end":1394,"text":"As all three mutations predict truncation of the DLL3 protein and loss of the membrane-attaching domain, the results confirm that autosomal recessive spondylocostal dysostosis represents the null phenotype of DLL3, with remarkable phenotypic consistency across families..","terms":[{"ids":"UNIPROT:Q9NYJ7:T116:PRGE","score":0.9587011471413611,"id":1,"start":1172,"end":1184,"text":"DLL3 protein","terms":[]},{"ids":"UMLS:C2931020:T047:DISO","score":1.0,"id":2,"start":1253,"end":1298,"text":"autosomal recessive spondylocostal dysostosis","terms":[]},{"ids":"UNIPROT:Q9NYJ7:T116:PRGE","score":0.9587011471413611,"id":3,"start":1332,"end":1336,"text":"DLL3","terms":[]}]}]