[{"id":0,"start":0,"end":218,"text":"Spectrum of mutations in the arylsulfatase A gene in a Canadian DNA collection including two novel frameshift mutations, a new missense mutation (C488R) and an MLD mutation (R84Q) in cis with a pseudodeficiency allele.","terms":[{"ids":"UNIPROT:P15289:T116:PRGE","score":0.5925567148934262,"id":1,"start":29,"end":49,"text":"arylsulfatase A gene","terms":[]},{"ids":"UMLS:C0023522:T047:DISO","score":1.0,"id":2,"start":160,"end":163,"text":"MLD","terms":[]}]},{"id":1,"start":219,"end":365,"text":"We describe three novel mutations in the human arylsulfatase A gene in three patients with MLD, an autosomal recessive lysosomal storage disorder.","terms":[{"ids":"UNIPROT:P15289:T116:PRGE","score":0.4831073431610072,"id":1,"start":260,"end":286,"text":"human arylsulfatase A gene","terms":[]},{"ids":"UMLS:C0023522:T047:DISO","score":1.0,"id":2,"start":310,"end":313,"text":"MLD","terms":[]},{"ids":"UMLS:C0085078:T047:DISO","score":1.0,"id":3,"start":338,"end":364,"text":"lysosomal storage disorder","terms":[]}]},{"id":2,"start":366,"end":484,"text":"An insertion, 2590_2591insCCCC in exon 8 and a deletion, 752_758delGCCGGCC, in exon 3 will both result in frameshifts.","terms":[]},{"id":3,"start":485,"end":629,"text":"A mutation in exon 8, 2566T--\u003eC, results in a missense mutation C488R, disrupting an unusual cysteine-knot at the C-terminal end of the protein.","terms":[]},{"id":4,"start":630,"end":704,"text":"All three mutations are heterozygous with previously documented mutations.","terms":[]},{"id":5,"start":705,"end":786,"text":"A previously reported mutation, R84Q was identified on a pseudodeficiency allele.","terms":[]},{"id":6,"start":787,"end":940,"text":"These mutations are part of a heterogeneous spectrum of mutations found in a collection of DNA samples from MLD patients from across Canada and the USA..","terms":[{"ids":"UMLS:C0023522:T047:DISO","score":1.0,"id":1,"start":895,"end":898,"text":"MLD","terms":[]}]}]