[{"id":0,"start":0,"end":69,"text":"Contributions of ATM mutations to familial breast and ovarian cancer.","terms":[{"ids":"UMLS:C0006141:T023:ANAT","score":1.0,"id":1,"start":43,"end":49,"text":"breast","terms":[]},{"ids":"UMLS:C0205065:T023:ANAT","score":1.0,"id":2,"start":54,"end":61,"text":"ovarian","terms":[]}]},{"id":1,"start":70,"end":288,"text":"This study addresses the prevalence of ATM mutations and the association with breast cancer in Austrian families selected for a history of breast or ovarian cancer or both [hereditary breast and ovarian cancer (HBOC)].","terms":[{"ids":"UMLS:C0006141:T023:ANAT","score":1.0,"id":1,"start":148,"end":154,"text":"breast","terms":[]},{"ids":"UMLS:C0006141:T023:ANAT","score":1.0,"id":2,"start":209,"end":215,"text":"breast","terms":[]},{"ids":"UMLS:C0205065:T023:ANAT","score":1.0,"id":3,"start":219,"end":226,"text":"ovarian","terms":[]},{"ids":"UMLS:C0006141:T023:ANAT","score":1.0,"id":4,"start":254,"end":260,"text":"breast","terms":[]},{"ids":"UMLS:C0205065:T023:ANAT","score":1.0,"id":5,"start":265,"end":272,"text":"ovarian","terms":[]}]},{"id":2,"start":289,"end":419,"text":"In 270 HBOC families previously screened for BRCA1 and BRCA2 mutations, 137 different sequence alterations of ATM were identified.","terms":[{"ids":"UNIPROT:P38398:T116:PRGE","score":0.505140975306093,"id":1,"start":334,"end":339,"text":"BRCA1","terms":[]},{"ids":"UNIPROT:P51587:T116:PRGE","score":0.505140975306093,"id":2,"start":344,"end":349,"text":"BRCA2","terms":[]},{"ids":"UNIPROT:Q13315:T116:PRGE|UNIPROT:Q14134:T116:PRGE","score":0.505140975306093,"id":3,"start":399,"end":402,"text":"ATM","terms":[]}]},{"id":3,"start":420,"end":691,"text":"Seven of these were mutations presumed to cause ataxia telangiectasia based on their effect on the ATM protein, including five that caused a protein truncation and two missense mutations in the catalytic kinase domain of the highly conserved COOH terminus of the protein.","terms":[{"ids":"UMLS:C0004135:T047:DISO","score":1.0,"id":1,"start":468,"end":489,"text":"ataxia telangiectasia","terms":[]},{"ids":"UNIPROT:Q13315:T116:PRGE","score":0.8969011863255227,"id":2,"start":519,"end":530,"text":"ATM protein","terms":[]}]},{"id":4,"start":692,"end":745,"text":"The seven mutations were found in 10 families (3.7%).","terms":[]},{"id":5,"start":746,"end":921,"text":"In addition, one missense variant, L1420F, was observed in 13 HBOC families (4.8%) but was not observed in  any of the 122 healthy volunteers with no history of breast cancer.","terms":[{"ids":"UMLS:C0006141:T023:ANAT","score":1.0,"id":1,"start":907,"end":913,"text":"breast","terms":[]}]},{"id":6,"start":922,"end":1058,"text":"In addition,  the variant segregated with breast cancer in some of the families, suggesting that it may be pathogenic for breast cancer.","terms":[{"ids":"UMLS:C0006141:T023:ANAT","score":1.0,"id":1,"start":964,"end":970,"text":"breast","terms":[]},{"ids":"UMLS:C0006141:T023:ANAT","score":1.0,"id":2,"start":1044,"end":1050,"text":"breast","terms":[]}]},{"id":7,"start":1059,"end":1178,"text":"Sixty-two additional variants of potential significance were observed in 65 HBOC families, but not in healthy controls.","terms":[]},{"id":8,"start":1179,"end":1293,"text":"These variants included 24 sequence alterations with possible effects on splicing or protein-protein interactions.","terms":[]},{"id":9,"start":1294,"end":1517,"text":"This study indicates that there is a significant prevalence of ATM mutations in breast and ovarian cancer families and adds to a growing body of evidence that ATM mutations confer increased susceptibility to breast cancer..","terms":[{"ids":"UMLS:C0006141:T023:ANAT","score":1.0,"id":1,"start":1374,"end":1380,"text":"breast","terms":[]},{"ids":"UMLS:C0205065:T023:ANAT","score":1.0,"id":2,"start":1385,"end":1392,"text":"ovarian","terms":[]},{"ids":"UNIPROT:Q13315:T116:PRGE|UNIPROT:Q14134:T116:PRGE","score":0.8251034003566544,"id":3,"start":1453,"end":1456,"text":"ATM","terms":[]},{"ids":"UMLS:C0006141:T023:ANAT","score":1.0,"id":4,"start":1502,"end":1508,"text":"breast","terms":[]}]}]