[{"id":0,"start":0,"end":61,"text":"Mutation analysis of SLC7A9 in cystinuria patients in Sweden.","terms":[{"ids":"UMLS:C0010691:T047:DISO","score":1.0,"id":1,"start":31,"end":41,"text":"cystinuria","terms":[]}]},{"id":1,"start":62,"end":251,"text":"Cystinuria is an autosomal recessive disorder characterized by increased urinary excretion of cystine and dibasic amino acids, which cause recurrent stone formation in affected individuals.","terms":[{"ids":"UMLS:C0010691:T047:DISO","score":1.0,"id":1,"start":62,"end":72,"text":"Cystinuria","terms":[]}]},{"id":2,"start":252,"end":447,"text":"Three subtypes of cystinuria have been described (type I, II, and III): type I is caused by mutations in the SLC3A1 gene, whereas nontype I (II and III) has been associated with SLC7A9 mutations.","terms":[{"ids":"UMLS:C0010691:T047:DISO","score":1.0,"id":1,"start":270,"end":280,"text":"cystinuria","terms":[]},{"ids":"UNIPROT:Q07837:T116:PRGE","score":0.4420862700208388,"id":2,"start":361,"end":372,"text":"SLC3A1 gene","terms":[]}]},{"id":3,"start":448,"end":698,"text":"Of the 53 patients reported in our previous work, patients that showed SLC7A9 mutations in single-strand conformation polymorphism (SSCP) screening and/or either lacked or showed heterozygosity for SLC3A1 mutations were included in the present study.","terms":[{"ids":"UNIPROT:Q07837:T116:PRGE","score":0.8755397153743033,"id":1,"start":646,"end":652,"text":"SLC3A1","terms":[]}]},{"id":4,"start":699,"end":918,"text":"The entire coding region and the exon/intron boundaries of the SLC7A9 gene were analyzed by means of both SSCP and DNA sequencing in 16 patients, all but one of which were clinically diagnosed as homozygous cystinurics.","terms":[{"ids":"UNIPROT:P82251:T116:PRGE","score":0.5590849916629875,"id":1,"start":762,"end":773,"text":"SLC7A9 gene","terms":[]}]},{"id":5,"start":919,"end":1074,"text":"Three novel SLC7A9 mutations were identified in the patient group: two missense mutations (P261L and V330M), and one single base-pair deletion (1009 delA).","terms":[]},{"id":6,"start":1075,"end":1167,"text":"We also detected the previously reported A182T and nine novel polymorphisms in the patients.","terms":[]},{"id":7,"start":1168,"end":1315,"text":"Mutations V330M and 1009delA occurred on different alleles in one individual, and we suggest that these mutations cause cystinuria in this patient.","terms":[{"ids":"UMLS:C0010691:T047:DISO","score":1.0,"id":1,"start":1288,"end":1298,"text":"cystinuria","terms":[]}]},{"id":8,"start":1316,"end":1418,"text":"One patient that was homozygously mutated in the SLC3A1 gene carried the third novel mutation (P261L).","terms":[{"ids":"UNIPROT:Q07837:T116:PRGE","score":0.9630134288130583,"id":1,"start":1365,"end":1376,"text":"SLC3A1 gene","terms":[]}]},{"id":9,"start":1419,"end":1596,"text":"We conclude that SLC3A1 is still the major disease gene among Swedish cystinuria patients, with only a minor contribution of SLC7A9 mutations as the genetic basis of cystinuria.","terms":[{"ids":"UNIPROT:Q07837:T116:PRGE","score":0.34757656712209056,"id":1,"start":1436,"end":1442,"text":"SLC3A1","terms":[]},{"ids":"UMLS:C0010691:T047:DISO","score":1.0,"id":2,"start":1489,"end":1499,"text":"cystinuria","terms":[]},{"ids":"UMLS:C0010691:T047:DISO","score":1.0,"id":3,"start":1585,"end":1595,"text":"cystinuria","terms":[]}]},{"id":10,"start":1597,"end":1837,"text":"The absence of SLC3A1 and SLC7A9 mutations in a substantial proportion of the patients implies that mutations in parts of the genes that were not analyzed may be present, as well as large deletions that escape detection by the methods used.","terms":[{"ids":"UNIPROT:Q07837:T116:PRGE","score":0.7813195547868336,"id":1,"start":1612,"end":1618,"text":"SLC3A1","terms":[]},{"ids":"UNIPROT:P82251:T116:PRGE","score":0.7813195547868336,"id":2,"start":1623,"end":1629,"text":"SLC7A9","terms":[]}]},{"id":11,"start":1838,"end":1954,"text":"However, our results raise the question of whether other, as yet unknown genes, may also be involved in cystinuria..","terms":[{"ids":"UMLS:C0010691:T047:DISO","score":1.0,"id":1,"start":1942,"end":1952,"text":"cystinuria","terms":[]}]}]