[{"id":0,"start":0,"end":186,"text":"Promoter polymorphisms of the TNF-alpha (G-308A) and IL-6 (C-174G) genes predict the conversion from impaired glucose tolerance to type 2 diabetes: the Finnish Diabetes Prevention Study.","terms":[{"ids":"UNIPROT:P01375:T116:PRGE","score":0.6351730701707516,"id":1,"start":30,"end":39,"text":"TNF-alpha","terms":[]},{"ids":"UNIPROT:Q07889:T116:PRGE","score":0.6351730701707516,"id":2,"start":53,"end":57,"text":"IL-6","terms":[]},{"ids":"UMLS:C0271650:T047:DISO","score":1.0,"id":3,"start":101,"end":127,"text":"impaired glucose tolerance","terms":[]},{"ids":"UMLS:C0011860:T047:DISO","score":1.0,"id":4,"start":131,"end":146,"text":"type 2 diabetes","terms":[]},{"ids":"UMLS:C0011847:T047:DISO|UMLS:C0011849:T047:DISO","score":1.0,"id":5,"start":160,"end":168,"text":"Diabetes","terms":[]}]},{"id":1,"start":187,"end":249,"text":"High levels of cytokines are risk factors for type 2 diabetes.","terms":[{"ids":"UMLS:C0011860:T047:DISO","score":1.0,"id":1,"start":233,"end":248,"text":"type 2 diabetes","terms":[]}]},{"id":2,"start":250,"end":527,"text":"Therefore, we investigated whether the promoter polymorphisms of the tumor necrosis factor-alpha (TNF-alpha; G-308A) and interleukin 6 (IL-6; C-174G) genes predict the conversion from impaired glucose tolerance (IGT) to type 2 diabetes in the Finnish Diabetes Prevention Study.","terms":[{"ids":"UNIPROT:P01375:T116:PRGE","score":0.845994517298252,"id":1,"start":319,"end":346,"text":"tumor necrosis factor-alpha","terms":[]},{"ids":"UNIPROT:P01375:T116:PRGE","score":0.845994517298252,"id":2,"start":348,"end":357,"text":"TNF-alpha","terms":[]},{"ids":"UNIPROT:P05231:T116:PRGE","score":0.845994517298252,"id":3,"start":371,"end":384,"text":"interleukin 6","terms":[]},{"ids":"UNIPROT:Q07889:T116:PRGE","score":0.845994517298252,"id":4,"start":386,"end":390,"text":"IL-6","terms":[]},{"ids":"UMLS:C0271650:T047:DISO","score":1.0,"id":5,"start":434,"end":460,"text":"impaired glucose tolerance","terms":[]},{"ids":"UMLS:C0011860:T047:DISO","score":1.0,"id":6,"start":470,"end":485,"text":"type 2 diabetes","terms":[]},{"ids":"UMLS:C0011847:T047:DISO|UMLS:C0011849:T047:DISO","score":1.0,"id":7,"start":501,"end":509,"text":"Diabetes","terms":[]}]},{"id":3,"start":528,"end":751,"text":"Altogether, 490 overweight subjects with IGT whose DNA was available were randomly divided into one of the two treatment assignments: the control group and the intensive, individualized diet and exercise intervention group.","terms":[]},{"id":4,"start":752,"end":947,"text":"The -308A allele of the TNF-alpha gene was associated with an approximate twofold higher risk for type 2 diabetes compared with the G-308G genotype (odds ratio 1.80, 95% CI 1.05-3.09; P \u003d 0.034).","terms":[{"ids":"UNIPROT:Q9UHZ2:T116:PRGE","score":0.5779037408106487,"id":1,"start":776,"end":790,"text":"TNF-alpha gene","terms":[]},{"ids":"UMLS:C0011860:T047:DISO","score":1.0,"id":2,"start":850,"end":865,"text":"type 2 diabetes","terms":[]}]},{"id":5,"start":948,"end":1167,"text":"Subjects with both the A allele of the TNF-alpha gene and the C-174C genotype of the IL-6 gene had a 2.2-fold (CI 1.02-4.85, P \u003d 0.045) higher risk of developing type 2 diabetes than subjects without the risk genotypes.","terms":[{"ids":"UNIPROT:Q9UHZ2:T116:PRGE","score":0.26861426996608223,"id":1,"start":987,"end":1001,"text":"TNF-alpha gene","terms":[]},{"ids":"UNIPROT:Q07889:T116:PRGE","score":0.26861426996608223,"id":2,"start":1033,"end":1042,"text":"IL-6 gene","terms":[]},{"ids":"UMLS:C0011860:T047:DISO","score":1.0,"id":3,"start":1110,"end":1125,"text":"type 2 diabetes","terms":[]}]},{"id":6,"start":1168,"end":1324,"text":"We conclude that the -308A allele of the promoter polymorphism (G-308A) of the TNF-alpha gene is a predictor for the conversion from IGT to type 2 diabetes.","terms":[{"ids":"UNIPROT:Q9UHZ2:T116:PRGE","score":0.914184325011462,"id":1,"start":1247,"end":1261,"text":"TNF-alpha gene","terms":[]},{"ids":"UMLS:C0011860:T047:DISO","score":1.0,"id":2,"start":1308,"end":1323,"text":"type 2 diabetes","terms":[]}]},{"id":7,"start":1325,"end":1437,"text":"Furthermore, this polymorphism seems to have a gene-gene interaction with the C-174C genotype of the IL-6 gene..","terms":[{"ids":"UNIPROT:Q07889:T116:PRGE","score":0.4471626698392671,"id":1,"start":1426,"end":1435,"text":"IL-6 gene","terms":[]}]}]