[{"id":0,"start":0,"end":147,"text":"Elevated serum triiodothyronine (t3) in Ashkenazi Jewish prostate cancer patients carrying the I1307k allele of the APC (adenopolyposis coli) gene.","terms":[{"ids":"UMLS:C1235740:T023:ANAT","score":1.0,"id":1,"start":33,"end":35,"text":"t3","terms":[]},{"ids":"UMLS:C0033572:T023:ANAT","score":1.0,"id":2,"start":57,"end":65,"text":"prostate","terms":[]},{"ids":"UNIPROT:P25054:T116:PRGE|UNIPROT:P05177:T116:PRGE|UNIPROT:P04070:T116:PRGE","score":0.6702954033398479,"id":3,"start":116,"end":146,"text":"APC (adenopolyposis coli) gene","terms":[{"ids":"UMLS:C0033036:T047:DISO","score":1.0,"id":1,"start":116,"end":119,"text":"APC","terms":[]}]}]},{"id":1,"start":148,"end":320,"text":"PURPOSE: The risk of developing any cancer in carriers of the I1307K mutation of  the adenopolyposis coli (APC) gene is significantly increased (odds ratio 1.5, P  \u003d 0.01).","terms":[{"ids":"UMLS:C0033036:T047:DISO|UNIPROT:P25054:T116:PRGE|UNIPROT:P05177:T116:PRGE|UNIPROT:P04070:T116:PRGE","score":1.0,"id":1,"start":255,"end":258,"text":"APC","terms":[]}]},{"id":2,"start":321,"end":422,"text":"One of the cancers associated with the I1307K mutation is prostate cancer (odds ratio 2.0, P \u003d 0.14).","terms":[{"ids":"UMLS:C0033572:T023:ANAT","score":1.0,"id":1,"start":379,"end":387,"text":"prostate","terms":[]}]},{"id":3,"start":423,"end":490,"text":"Also, there is an association of APC mutations with thyroid cancer.","terms":[{"ids":"UNIPROT:P25054:T116:PRGE|UNIPROT:P05177:T116:PRGE|UNIPROT:P04070:T116:PRGE","score":0.5236512737915735,"id":1,"start":456,"end":469,"text":"APC mutations","terms":[{"ids":"UMLS:C0033036:T047:DISO","score":1.0,"id":1,"start":456,"end":459,"text":"APC","terms":[]}]},{"ids":"UMLS:C0040132:T023:ANAT","score":1.0,"id":2,"start":475,"end":482,"text":"thyroid","terms":[]}]},{"id":4,"start":491,"end":646,"text":"In this study, we measured triiodothyronine (t3) levels in Ashkenazi Jewish prostate cancer patients, with and without the I1307K mutation of the APC gene.","terms":[{"ids":"UMLS:C1235740:T023:ANAT","score":1.0,"id":1,"start":536,"end":538,"text":"t3","terms":[]},{"ids":"UMLS:C0033572:T023:ANAT","score":1.0,"id":2,"start":567,"end":575,"text":"prostate","terms":[]},{"ids":"UNIPROT:P25054:T116:PRGE","score":0.9151472167936717,"id":3,"start":637,"end":645,"text":"APC gene","terms":[{"ids":"UMLS:C0033036:T047:DISO","score":1.0,"id":1,"start":637,"end":640,"text":"APC","terms":[]}]}]},{"id":5,"start":647,"end":771,"text":"MATERIALS AND METHODS: Participants in our study were found through urology and radiation oncology clinics in 1999 and 2000.","terms":[]},{"id":6,"start":772,"end":819,"text":"All eligible patients were asked to  take part.","terms":[]},{"id":7,"start":820,"end":922,"text":"All patients had been initially diagnosed on the basis of rising PSA or abnormal physical examination.","terms":[]},{"id":8,"start":923,"end":992,"text":"Histological confirmation of diagnosis was obtained for all subjects.","terms":[]},{"id":9,"start":993,"end":1070,"text":"Ethnic background was confirmed for all subjects by self-report or interview.","terms":[]},{"id":10,"start":1071,"end":1251,"text":"The I1307K allele of the APC gene was detected by amplification of DNA isolated from peripheral blood according to standard polymerase chain reaction (PCR) and dot blot procedures.","terms":[{"ids":"UNIPROT:P25054:T116:PRGE","score":0.4768619644770823,"id":1,"start":1096,"end":1104,"text":"APC gene","terms":[{"ids":"UMLS:C0033036:T047:DISO","score":1.0,"id":1,"start":1096,"end":1099,"text":"APC","terms":[]}]}]},{"id":11,"start":1252,"end":1360,"text":"Serum t3 level was determined by fluorescent immunoassay with a standard, commercially available instrument.","terms":[{"ids":"UMLS:C1235740:T023:ANAT","score":1.0,"id":1,"start":1258,"end":1260,"text":"t3","terms":[]}]},{"id":12,"start":1361,"end":1393,"text":"RESULTS: We studied 77 patients.","terms":[]},{"id":13,"start":1394,"end":1475,"text":"The youngest patient was 46, the oldest 88, average age 67 +/- 7.2 (mean +/- SD).","terms":[{"ids":"UMLS:C1096903:T047:DISO","score":1.0,"id":1,"start":1471,"end":1473,"text":"SD","terms":[]}]},{"id":14,"start":1476,"end":1605,"text":"Eleven males carrying the APCI 1307K allele had significantly higher serum t3 levels than 66 males carrying the wild type allele.","terms":[{"ids":"UMLS:C1235740:T023:ANAT","score":1.0,"id":1,"start":1551,"end":1553,"text":"t3","terms":[]}]},{"id":15,"start":1606,"end":1654,"text":"There were no homozygotes for the I1307K allele.","terms":[]},{"id":16,"start":1655,"end":1752,"text":"None of the males had a  t3 level that was above the normal range for our laboratory (137 ng/dl).","terms":[{"ids":"UMLS:C1235740:T023:ANAT","score":1.0,"id":1,"start":1680,"end":1682,"text":"t3","terms":[]}]},{"id":17,"start":1753,"end":1918,"text":"CONCLUSIONS: Our findings of increased serum t3 level with the APC I1307K allele  in prostate cancer patients is not surprising, given the mitogenic potential of t3.","terms":[{"ids":"UMLS:C1235740:T023:ANAT","score":1.0,"id":1,"start":1798,"end":1800,"text":"t3","terms":[]},{"ids":"UNIPROT:P25054:T116:PRGE|UNIPROT:P05177:T116:PRGE|UNIPROT:P04070:T116:PRGE","score":0.8090441623482667,"id":2,"start":1816,"end":1833,"text":"APC I1307K allele","terms":[{"ids":"UMLS:C0033036:T047:DISO","score":1.0,"id":1,"start":1816,"end":1819,"text":"APC","terms":[]}]},{"ids":"UMLS:C0033572:T023:ANAT","score":1.0,"id":3,"start":1838,"end":1846,"text":"prostate","terms":[]},{"ids":"UMLS:C1235740:T023:ANAT","score":1.0,"id":4,"start":1915,"end":1917,"text":"t3","terms":[]}]},{"id":18,"start":1919,"end":2112,"text":"Further studies may clarify whether t3 elevation is the mechanism whereby APC gene mutations increase the risk of prostate cancer, or whether other pathophysiologic abnormalities are involved..","terms":[{"ids":"UMLS:C1235740:T023:ANAT","score":1.0,"id":1,"start":1955,"end":1957,"text":"t3","terms":[]},{"ids":"UNIPROT:P25054:T116:PRGE","score":0.5543699040275263,"id":2,"start":1993,"end":2001,"text":"APC gene","terms":[{"ids":"UMLS:C0033036:T047:DISO","score":1.0,"id":1,"start":1993,"end":1996,"text":"APC","terms":[]}]},{"ids":"UMLS:C0033572:T023:ANAT","score":1.0,"id":3,"start":2033,"end":2041,"text":"prostate","terms":[]}]}]