[{"id":0,"start":0,"end":104,"text":"Detection of PHKA2 gene mutation in four Japanese patients with hepatic phosphorylase kinase deficiency.","terms":[{"ids":"UNIPROT:P46019:T116:PRGE","score":0.8352405555287699,"id":1,"start":13,"end":23,"text":"PHKA2 gene","terms":[]},{"ids":"UMLS:C0268147:T047:DISO","score":1.0,"id":2,"start":64,"end":103,"text":"hepatic phosphorylase kinase deficiency","terms":[{"ids":"UNIPROT:P15735:T116:PRGE|UNIPROT:Q16816:T116:PRGE|UNIPROT:P46020:T116:PRGE|UNIPROT:P46019:T116:PRGE|UNIPROT:Q93100:T116:PRGE","score":0.8352405555287699,"id":1,"start":72,"end":92,"text":"phosphorylase kinase","terms":[]}]}]},{"id":1,"start":105,"end":209,"text":"We analyzed the PHKA2 gene in four Japanese families with hepatic phosphorylase kinase (PhK) deficiency.","terms":[{"ids":"UNIPROT:P46019:T116:PRGE","score":0.714765095678503,"id":1,"start":121,"end":131,"text":"PHKA2 gene","terms":[]},{"ids":"UNIPROT:P15735:T116:PRGE|UNIPROT:Q16816:T116:PRGE|UNIPROT:P46020:T116:PRGE|UNIPROT:P46019:T116:PRGE|UNIPROT:Q93100:T116:PRGE","score":0.0,"id":2,"start":171,"end":191,"text":"phosphorylase kinase","terms":[]},{"ids":"UNIPROT:P15735:T116:PRGE|UNIPROT:Q16816:T116:PRGE|UNIPROT:P46019:T116:PRGE","score":0.714765095678503,"id":3,"start":193,"end":196,"text":"PhK","terms":[]}]},{"id":2,"start":210,"end":390,"text":"Mutational analysis of PHKA2 cDNA was performed by reverse-transcribed polymerase chain reaction (RT-PCR) and direct sequencing, and each mutation was confirmed on the genomic DNA.","terms":[{"ids":"UNIPROT:P46019:T116:PRGE","score":0.7132096449518738,"id":1,"start":233,"end":243,"text":"PHKA2 cDNA","terms":[]}]},{"id":3,"start":391,"end":594,"text":"In boys with low erythrocyte PhK activity (i.e., x-linked liver glycogenosis [XLG] type I), deletion of exon 2 (splice site mutation of 79-1 G \u003e T) or nonsense mutation of Q1169X or R497X was identified.","terms":[{"ids":"UNIPROT:P15735:T116:PRGE|UNIPROT:Q16816:T116:PRGE|UNIPROT:P46019:T116:PRGE","score":0.4885548247796476,"id":1,"start":420,"end":423,"text":"PhK","terms":[]},{"ids":"UMLS:C0023884:T023:ANAT","score":1.0,"id":2,"start":449,"end":454,"text":"liver","terms":[]},{"ids":"UMLS:C0017919:T047:DISO","score":1.0,"id":3,"start":455,"end":467,"text":"glycogenosis","terms":[]}]},{"id":4,"start":595,"end":714,"text":"However, missense mutation of R295C was identified in one boy with normal erythrocyte PhK activity (i.e., XLG type II).","terms":[{"ids":"UNIPROT:P46019:T116:PRGE","score":0.3903234398156019,"id":1,"start":701,"end":712,"text":"XLG type II","terms":[]}]},{"id":5,"start":715,"end":844,"text":"This mutation was not found in 100 control alleles, and was considered responsible for presentation of the XLG type II phenotype.","terms":[{"ids":"UNIPROT:P46019:T116:PRGE","score":0.962046420690943,"id":1,"start":822,"end":833,"text":"XLG type II","terms":[]}]},{"id":6,"start":845,"end":928,"text":"Excluding Q1169X, all mutations detected in this study represented novel mutations.","terms":[]},{"id":7,"start":929,"end":997,"text":"All mothers were found to be heterozygous carriers of the mutations.","terms":[]},{"id":8,"start":998,"end":1172,"text":"Gene analysis was confirmed to represent a useful procedure for diagnosing XLG type II, for which liver biopsy had previously been required to detect hepatic PhK deficiency..","terms":[{"ids":"UMLS:C0023884:T023:ANAT","score":1.0,"id":1,"start":1096,"end":1101,"text":"liver","terms":[]},{"ids":"UNIPROT:P15735:T116:PRGE|UNIPROT:Q16816:T116:PRGE|UNIPROT:P46019:T116:PRGE","score":0.3179970140147095,"id":2,"start":1156,"end":1159,"text":"PhK","terms":[]}]}]