[{"id":0,"start":0,"end":161,"text":"A genetic and phenotypic analysis in Spanish spinal muscular atrophy patients with c.399_402del AGAG, the most frequently found subtle mutation in the SMN1 gene.","terms":[{"ids":"UMLS:C0026847:T047:DISO","score":1.0,"id":1,"start":45,"end":68,"text":"spinal muscular atrophy","terms":[]},{"ids":"UNIPROT:Q16637:T116:PRGE","score":0.9096827841494535,"id":2,"start":151,"end":160,"text":"SMN1 gene","terms":[]}]},{"id":1,"start":162,"end":302,"text":"Spinal muscular atrophy (SMA) is an autosomal recessive neuromuscular disorder caused by mutations in the SMN1 (survival motor neuron) gene.","terms":[{"ids":"UMLS:C0026847:T047:DISO","score":1.0,"id":1,"start":162,"end":185,"text":"Spinal muscular atrophy","terms":[]},{"ids":"UMLS:C0026847:T047:DISO","score":1.0,"id":2,"start":187,"end":190,"text":"SMA","terms":[]},{"ids":"UMLS:C0027868:T047:DISO","score":1.0,"id":3,"start":218,"end":240,"text":"neuromuscular disorder","terms":[]}]},{"id":2,"start":303,"end":449,"text":"It is classified by age of onset and maximal motor milestones achieved in type I, II, and III (severe, intermediate, and mild form, respectively).","terms":[]},{"id":3,"start":450,"end":601,"text":"Of 369 unrelated SMA patients who were investigated for homozygous deletions in the SMN1 gene, 18 patients (4.8%) revealed at least one copy of exon 7.","terms":[{"ids":"UMLS:C0026847:T047:DISO","score":1.0,"id":1,"start":467,"end":470,"text":"SMA","terms":[]},{"ids":"UNIPROT:Q16637:T116:PRGE","score":0.9396646827597317,"id":2,"start":534,"end":543,"text":"SMN1 gene","terms":[]}]},{"id":4,"start":602,"end":692,"text":"A 4-bp deletion in exon 3 (c.399_402delAGAG) was detected in 15 patients from 10 families.","terms":[]},{"id":5,"start":693,"end":795,"text":"This mutation was associated with a large spectrum of phenotypes from type I to asymptomatic patients.","terms":[]},{"id":6,"start":796,"end":905,"text":"Five patients from two consanguineous families were homozygous for the mutation with diverse mild phenotypes.","terms":[]},{"id":7,"start":906,"end":1037,"text":"Determination of the SMN2 copy number showed that the presence of two or three copies generally correlated with a better evolution.","terms":[{"ids":"UNIPROT:Q16637:T116:PRGE","score":0.6253554266589963,"id":1,"start":927,"end":931,"text":"SMN2","terms":[]}]},{"id":8,"start":1038,"end":1257,"text":"RT-PCR studies of SMN transcripts in control and patients with the same SMN2 copy number showed that the full-length/Delta7 ratio is influenced by the SMN1 genotype although it seems independent of the SMN2 copy number.","terms":[{"ids":"UNIPROT:Q14CA7:T116:PRGE|UNIPROT:P63162:T116:PRGE|UNIPROT:Q16637:T116:PRGE|UNIPROT:P16949:T116:PRGE","score":0.3948316537856467,"id":1,"start":1056,"end":1071,"text":"SMN transcripts","terms":[]},{"ids":"UNIPROT:Q16637:T116:PRGE","score":0.3948316537856467,"id":2,"start":1189,"end":1202,"text":"SMN1 genotype","terms":[]}]},{"id":9,"start":1258,"end":1472,"text":"Moreover, protein analysis in these patients showed a reduction in SMN protein in compound heterozygous patients (c.399_402delAGAG/deletion) when compared with homozygous c.399_402delAGAG/c.399_402delAGAG patients.","terms":[]},{"id":10,"start":1473,"end":1683,"text":"Microsatellite DNA markers flanking the SMA locus revealed the occurrence of the 4-bp deletion in the background of the same haplotype, suggesting that a single mutational event was involved in the 10 families.","terms":[{"ids":"UMLS:C0026847:T047:DISO","score":1.0,"id":1,"start":1513,"end":1516,"text":"SMA","terms":[]}]},{"id":11,"start":1684,"end":1779,"text":"The geographic origins of ancestors point to a founder effect from the south and east of Spain.","terms":[{"ids":"UMLS:C0263541:T047:DISO","score":1.0,"id":1,"start":1731,"end":1738,"text":"founder","terms":[]}]},{"id":12,"start":1780,"end":1914,"text":"The c.399_402delAGAG, which is to date unique to the Spanish population, constitutes the most frequently found subtle mutation in SMA.","terms":[{"ids":"UMLS:C0026847:T047:DISO","score":1.0,"id":1,"start":1910,"end":1913,"text":"SMA","terms":[]}]},{"id":13,"start":1915,"end":1943,"text":"Hum Mutat 22:136-143, 2003..","terms":[]}]