[{"id":0,"start":0,"end":224,"text":"Mutational analysis of the BRCA1-interacting genes ZNF350/ZBRK1 and BRIP1/BACH1 among BRCA1 and BRCA2-negative probands from breast-ovarian cancer families and among early-onset breast cancer cases and reference individuals.","terms":[{"ids":"UNIPROT:P38398:T116:PRGE","score":0.42023992306549396,"id":1,"start":27,"end":32,"text":"BRCA1","terms":[]},{"ids":"UNIPROT:Q9GZX5:T116:PRGE","score":0.42023992306549396,"id":2,"start":51,"end":57,"text":"ZNF350","terms":[]},{"ids":"UNIPROT:Q9GZX5:T116:PRGE","score":0.42023992306549396,"id":3,"start":58,"end":63,"text":"ZBRK1","terms":[]},{"ids":"UNIPROT:Q9BX63:T116:PRGE|UNIPROT:Q9P0J6:T116:PRGE","score":0.42023992306549396,"id":4,"start":68,"end":73,"text":"BRIP1","terms":[]},{"ids":"UNIPROT:O14867:T116:PRGE|UNIPROT:Q9BX63:T116:PRGE","score":0.42023992306549396,"id":5,"start":74,"end":79,"text":"BACH1","terms":[]},{"ids":"UNIPROT:P38398:T116:PRGE","score":0.42023992306549396,"id":6,"start":86,"end":91,"text":"BRCA1","terms":[]},{"ids":"UNIPROT:P51587:T116:PRGE","score":0.42023992306549396,"id":7,"start":96,"end":101,"text":"BRCA2","terms":[]},{"ids":"UMLS:C0006141:T023:ANAT","score":1.0,"id":8,"start":125,"end":131,"text":"breast","terms":[]},{"ids":"UMLS:C0205065:T023:ANAT","score":1.0,"id":9,"start":132,"end":139,"text":"ovarian","terms":[]},{"ids":"UMLS:C0006141:T023:ANAT","score":1.0,"id":10,"start":178,"end":184,"text":"breast","terms":[]}]},{"id":1,"start":225,"end":405,"text":"Two potential breast cancer susceptibility genes, encoding the BRCA1-interacting  proteins ZNF350 (or ZBRK1) and BRIP1 (or BACH1), have been identified in yeast two-hybrid screens.","terms":[{"ids":"UNIPROT:Q14CZ8:T116:PRGE","score":0.18753366501557364,"id":1,"start":239,"end":273,"text":"breast cancer susceptibility genes","terms":[{"ids":"UMLS:C0006141:T023:ANAT","score":1.0,"id":1,"start":239,"end":245,"text":"breast","terms":[]}]},{"ids":"UNIPROT:P38398:T116:PRGE","score":0.18753366501557364,"id":2,"start":288,"end":315,"text":"BRCA1-interacting  proteins","terms":[]},{"ids":"UNIPROT:Q9GZX5:T116:PRGE","score":0.18753366501557364,"id":3,"start":316,"end":333,"text":"ZNF350 (or ZBRK1)","terms":[]},{"ids":"UNIPROT:Q9BX63:T116:PRGE|UNIPROT:Q9P0J6:T116:PRGE","score":0.18753366501557364,"id":4,"start":338,"end":343,"text":"BRIP1","terms":[]}]},{"id":2,"start":406,"end":563,"text":"We sequenced these genes in probands from 21 families with potentially inherited breast/ovarian cancer, all of which were negative for BRCA1/BRCA2 mutations.","terms":[{"ids":"UMLS:C0006141:T023:ANAT","score":1.0,"id":1,"start":487,"end":493,"text":"breast","terms":[]},{"ids":"UMLS:C0205065:T023:ANAT","score":1.0,"id":2,"start":494,"end":501,"text":"ovarian","terms":[]},{"ids":"UNIPROT:P38398:T116:PRGE","score":0.9547249176587028,"id":3,"start":541,"end":546,"text":"BRCA1","terms":[]},{"ids":"UNIPROT:P51587:T116:PRGE","score":0.9547249176587028,"id":4,"start":547,"end":552,"text":"BRCA2","terms":[]}]},{"id":3,"start":564,"end":700,"text":"Families had at least one case of male breast cancer, two  cases of ovarian cancer, or three or more cases of breast and ovarian cancer.","terms":[{"ids":"UMLS:C0222604:T023:ANAT","score":1.0,"id":1,"start":598,"end":609,"text":"male breast","terms":[]},{"ids":"UMLS:C0205065:T023:ANAT","score":1.0,"id":2,"start":632,"end":639,"text":"ovarian","terms":[]},{"ids":"UMLS:C0006141:T023:ANAT","score":1.0,"id":3,"start":674,"end":680,"text":"breast","terms":[]},{"ids":"UMLS:C0205065:T023:ANAT","score":1.0,"id":4,"start":685,"end":692,"text":"ovarian","terms":[]}]},{"id":4,"start":701,"end":809,"text":"In  addition, 58 early-onset (before age 35) breast cancer cases and 30 reference individuals were analyzed.","terms":[{"ids":"UMLS:C0006141:T023:ANAT","score":1.0,"id":1,"start":746,"end":752,"text":"breast","terms":[]}]},{"id":5,"start":810,"end":985,"text":"Of 17 variants detected in ZBRK1, a missense mutation  Val524Ile was identified in the proband of one high-risk family, but no other family members were available for testing.","terms":[{"ids":"UNIPROT:Q9GZX5:T116:PRGE","score":0.9863302125368945,"id":1,"start":837,"end":842,"text":"ZBRK1","terms":[]}]},{"id":6,"start":986,"end":1281,"text":"Of 25 variants identified in BRIP1, in addition to four common silent or missense mutations, we identified Gln540Leu, a  non-conservative amino acid change, in a single familial proband with inflammatory breast cancer, but this mutation was not present in her three relatives with breast cancer.","terms":[{"ids":"UNIPROT:Q9BX63:T116:PRGE|UNIPROT:Q9P0J6:T116:PRGE","score":0.7882141116521335,"id":1,"start":1015,"end":1020,"text":"BRIP1","terms":[]},{"ids":"UMLS:C0006141:T023:ANAT","score":1.0,"id":2,"start":1190,"end":1196,"text":"breast","terms":[]},{"ids":"UMLS:C0006141:T023:ANAT","score":1.0,"id":3,"start":1267,"end":1273,"text":"breast","terms":[]}]},{"id":7,"start":1282,"end":1511,"text":"Haplotype analysis suggests that all ZBRK1 SNPs fall within a single block with two SNPs capturing 92% of the haplotype diversity, while the BRIP1 SNPs fall in two blocks, with five SNPs capturing 89%  of the haplotype diversity.","terms":[{"ids":"UNIPROT:Q9GZX5:T116:PRGE","score":0.8253874523987407,"id":1,"start":1319,"end":1329,"text":"ZBRK1 SNPs","terms":[]},{"ids":"UNIPROT:Q9BX63:T116:PRGE|UNIPROT:Q9P0J6:T116:PRGE","score":0.8253874523987407,"id":2,"start":1423,"end":1433,"text":"BRIP1 SNPs","terms":[]}]},{"id":8,"start":1512,"end":1742,"text":"Based on sequencing of ZBRK1 and BRIP1 in 21 BRCA1/2-negative probands from inherited breast/ovarian cancer families, it appears unlikely that mutations in these genes account for a significant fraction of inherited breast cancer.","terms":[{"ids":"UNIPROT:Q9GZX5:T116:PRGE","score":0.8981655885891346,"id":1,"start":1535,"end":1540,"text":"ZBRK1","terms":[]},{"ids":"UNIPROT:Q9BX63:T116:PRGE|UNIPROT:Q9P0J6:T116:PRGE","score":0.8981655885891346,"id":2,"start":1545,"end":1550,"text":"BRIP1","terms":[]},{"ids":"UMLS:C0006141:T023:ANAT","score":1.0,"id":3,"start":1598,"end":1604,"text":"breast","terms":[]},{"ids":"UMLS:C0205065:T023:ANAT","score":1.0,"id":4,"start":1605,"end":1612,"text":"ovarian","terms":[]},{"ids":"UMLS:C0006141:T023:ANAT","score":1.0,"id":5,"start":1728,"end":1734,"text":"breast","terms":[]}]},{"id":9,"start":1743,"end":1919,"text":"Further analysis in unselected cases will be required to know whether the identified variants play a role in genetic predisposition to  breast cancer in the general population.","terms":[{"ids":"UMLS:C0006141:T023:ANAT","score":1.0,"id":1,"start":1879,"end":1885,"text":"breast","terms":[]}]},{"id":10,"start":1920,"end":1947,"text":"Hum Mutat 22:121-128, 2003.","terms":[]},{"id":11,"start":1948,"end":1980,"text":"Published 2003 Wiley-Liss, Inc..","terms":[]}]