[{"id":0,"start":0,"end":92,"text":"Genetic polymorphisms of renin-angiotensin system and progression of interstitial nephritis.","terms":[{"ids":"UNIPROT:P00797:T116:PRGE","score":0.9191306861328146,"id":1,"start":25,"end":30,"text":"renin","terms":[]},{"ids":"UMLS:C0027707:T047:DISO","score":1.0,"id":2,"start":69,"end":91,"text":"interstitial nephritis","terms":[]}]},{"id":1,"start":93,"end":186,"text":"Genes of the renin-angiotensin system (RAS) are involved in the progression of renal failure.","terms":[{"ids":"UNIPROT:P00797:T116:PRGE","score":0.7843429045565129,"id":1,"start":106,"end":111,"text":"renin","terms":[]},{"ids":"UNIPROT:P01116:T116:PRGE|UNIPROT:P01112:T116:PRGE","score":0.7843429045565129,"id":2,"start":132,"end":135,"text":"RAS","terms":[]},{"ids":"UMLS:C0341697:T047:DISO|UMLS:C0035078:T047:DISO","score":1.0,"id":3,"start":172,"end":185,"text":"renal failure","terms":[{"ids":"UMLS:C0022646:T023:ANAT","score":1.0,"id":1,"start":172,"end":177,"text":"renal","terms":[]}]}]},{"id":2,"start":187,"end":337,"text":"Among them, the angiotensin-converting enzyme (ACE), angiotensinogen (AGT) and angiotensin II type 1 receptor (AT1R) genes are of particular interest.","terms":[{"ids":"UNIPROT:P12821:T116:PRGE","score":0.7905220685181924,"id":1,"start":234,"end":237,"text":"ACE","terms":[]},{"ids":"UNIPROT:P01019:T116:PRGE","score":0.0,"id":2,"start":240,"end":255,"text":"angiotensinogen","terms":[]},{"ids":"UNIPROT:P30556:T116:PRGE|UNIPROT:P01019:T116:PRGE","score":0.7905220685181924,"id":3,"start":266,"end":296,"text":"angiotensin II type 1 receptor","terms":[]},{"ids":"UNIPROT:P30556:T116:PRGE","score":0.7905220685181924,"id":4,"start":298,"end":302,"text":"AT1R","terms":[]}]},{"id":3,"start":338,"end":491,"text":"We examined polymorphisms of these three genes for association with the development of interstitial nephritis and progression to end-stage renal failure.","terms":[{"ids":"UMLS:C0027707:T047:DISO","score":1.0,"id":1,"start":425,"end":447,"text":"interstitial nephritis","terms":[]},{"ids":"UMLS:C0022661:T047:DISO","score":1.0,"id":2,"start":467,"end":490,"text":"end-stage renal failure","terms":[{"ids":"UMLS:C0022646:T023:ANAT","score":1.0,"id":1,"start":477,"end":482,"text":"renal","terms":[]}]}]},{"id":4,"start":492,"end":621,"text":"The allele frequency and genotype distribution were compared in 90 patients with interstitial nephritis and 200 healthy controls.","terms":[{"ids":"UMLS:C0027707:T047:DISO","score":1.0,"id":1,"start":573,"end":595,"text":"interstitial nephritis","terms":[]}]},{"id":5,"start":622,"end":684,"text":"DNA samples were genotyped by polymerase chain reaction (PCR).","terms":[]},{"id":6,"start":685,"end":809,"text":"We did not find statistically significant differences between groups in the insertion/deletion polymorphism of the ACE gene.","terms":[{"ids":"UNIPROT:P12821:T116:PRGE","score":0.9847453672154929,"id":1,"start":800,"end":808,"text":"ACE gene","terms":[]}]},{"id":7,"start":810,"end":906,"text":"An involvement of M235T polymorphism of the AGT gene in renal disease was observed in our study.","terms":[{"ids":"UNIPROT:P21549:T116:PRGE|UNIPROT:P01019:T116:PRGE|UNIPROT:Q9BYV1:T116:PRGE","score":0.8033120777956145,"id":1,"start":854,"end":862,"text":"AGT gene","terms":[]},{"ids":"UMLS:C0022658:T047:DISO","score":1.0,"id":2,"start":866,"end":879,"text":"renal disease","terms":[{"ids":"UMLS:C0022646:T023:ANAT","score":1.0,"id":1,"start":866,"end":871,"text":"renal","terms":[]}]}]},{"id":8,"start":907,"end":985,"text":"The frequency of the T allele was higher in patients than in controls (32% vs.","terms":[]},{"id":9,"start":986,"end":991,"text":"24%).","terms":[]},{"id":10,"start":992,"end":1116,"text":"In the A1166C AT1R polymorphism the homozygous CC genotype was also more frequent in interstitial nephritis patients (7% vs.","terms":[{"ids":"UNIPROT:P30556:T116:PRGE","score":0.8415865602456646,"id":1,"start":999,"end":1010,"text":"A1166C AT1R","terms":[]},{"ids":"UMLS:C0027707:T047:DISO","score":1.0,"id":2,"start":1077,"end":1099,"text":"interstitial nephritis","terms":[]}]},{"id":11,"start":1117,"end":1123,"text":"3.5%).","terms":[]},{"id":12,"start":1124,"end":1247,"text":"In patients carrying the C allele, an average time to ESRD was significantly shorter than in subjects with the AA genotype.","terms":[{"ids":"UMLS:C2316810:T047:DISO|UMLS:C0022661:T047:DISO","score":1.0,"id":1,"start":1178,"end":1182,"text":"ESRD","terms":[]},{"ids":"UMLS:C1862382:T047:DISO","score":1.0,"id":2,"start":1235,"end":1237,"text":"AA","terms":[]}]},{"id":13,"start":1248,"end":1382,"text":"Our study shows the association of the AGT and AT1R gene polymorphisms with the development and progression of interstitial nephritis.","terms":[{"ids":"UNIPROT:P21549:T116:PRGE|UNIPROT:P01019:T116:PRGE|UNIPROT:Q9BYV1:T116:PRGE","score":0.8342405551957375,"id":1,"start":1287,"end":1290,"text":"AGT","terms":[]},{"ids":"UNIPROT:P30556:T116:PRGE","score":0.8342405551957375,"id":2,"start":1295,"end":1304,"text":"AT1R gene","terms":[]},{"ids":"UMLS:C0027707:T047:DISO","score":1.0,"id":3,"start":1359,"end":1381,"text":"interstitial nephritis","terms":[]}]},{"id":14,"start":1383,"end":1483,"text":"The C allele of the A1166C polymorphism appears to be a risk factor for faster disease progression..","terms":[]}]