[{"id":0,"start":0,"end":101,"text":"The relationship between twenty missense ATM variants and breast cancer risk: the Multiethnic Cohort.","terms":[{"ids":"UMLS:C0006141:T023:ANAT","score":1.0,"id":1,"start":58,"end":64,"text":"breast","terms":[]}]},{"id":1,"start":102,"end":232,"text":"Deficiencies in tasks of detecting and repairing DNA damage lead to mutations and chromosomal abnormalities, a hallmark of cancer.","terms":[]},{"id":2,"start":233,"end":336,"text":"The gene mutated in ataxia-telangiectasia (A-T), ATM, is a proximal component in performing such tasks.","terms":[{"ids":"UMLS:C0004135:T047:DISO","score":1.0,"id":1,"start":253,"end":274,"text":"ataxia-telangiectasia","terms":[]},{"ids":"UNIPROT:Q13315:T116:PRGE|UNIPROT:Q14134:T116:PRGE","score":0.8636794018222693,"id":2,"start":282,"end":285,"text":"ATM","terms":[]}]},{"id":3,"start":337,"end":473,"text":"Studies of A-T families have suggested an increased risk of breast cancer  among obligate female heterozygous carriers of ATM mutations.","terms":[{"ids":"UNIPROT:Q13315:T116:PRGE","score":0.2673745366712184,"id":1,"start":348,"end":360,"text":"A-T families","terms":[]},{"ids":"UMLS:C0006141:T023:ANAT","score":1.0,"id":2,"start":397,"end":403,"text":"breast","terms":[]},{"ids":"UNIPROT:Q13315:T116:PRGE|UNIPROT:Q14134:T116:PRGE","score":0.2673745366712184,"id":3,"start":459,"end":462,"text":"ATM","terms":[]}]},{"id":4,"start":474,"end":625,"text":"Paradoxically, studies of sporadic and familial breast cancer have failed to demonstrate an elevated prevalence of mutations among breast cancer cases.","terms":[{"ids":"UMLS:C0006141:T023:ANAT","score":1.0,"id":1,"start":522,"end":528,"text":"breast","terms":[]},{"ids":"UMLS:C0006141:T023:ANAT","score":1.0,"id":2,"start":605,"end":611,"text":"breast","terms":[]}]},{"id":5,"start":626,"end":900,"text":"We characterized the  prevalence and distribution of 20 ATM missense mutations/polymorphisms in a population-based case-control study of 854 African-American, Latina, Japanese, and Caucasian women aged \u003e/\u003d\u003d\" BORDER\u003d\"0\"\u003e45 years participating in the Multiethnic Cohort Study.","terms":[]},{"id":6,"start":901,"end":981,"text":"The study population included 428 incident breast cancer cases and 426 controls.","terms":[{"ids":"UMLS:C0006141:T023:ANAT","score":1.0,"id":1,"start":944,"end":950,"text":"breast","terms":[]}]},{"id":7,"start":982,"end":1082,"text":"The prevalence of variants ranged from 0% to 13.6% among controls and varied by ethnicity (0-32.5%).","terms":[]},{"id":8,"start":1083,"end":1208,"text":"Overall, these data provide little support for an association of ATM missense mutations with breast cancer among older women.","terms":[{"ids":"UNIPROT:Q13315:T116:PRGE|UNIPROT:Q14134:T116:PRGE","score":0.8764599584143523,"id":1,"start":1148,"end":1151,"text":"ATM","terms":[]},{"ids":"UMLS:C0006141:T023:ANAT","score":1.0,"id":2,"start":1176,"end":1182,"text":"breast","terms":[]}]},{"id":9,"start":1209,"end":1415,"text":"We observed only one sequence variation (L546V), common among  African-American women, to be overrepresented among all high-stage breast cancer  cases (odds ratio, 3.35; 95% confidence interval, 1.27-8.84).","terms":[{"ids":"UMLS:C0006141:T023:ANAT","score":1.0,"id":1,"start":1339,"end":1345,"text":"breast","terms":[]}]},{"id":10,"start":1416,"end":1531,"text":"After correction for multiple comparisons, this observed risk modification did not attain statistical significance.","terms":[]},{"id":11,"start":1532,"end":1645,"text":"The distribution of ATM missense mutations and polymorphisms varied widely across the four ethnic groups studied.","terms":[{"ids":"UNIPROT:Q13315:T116:PRGE|UNIPROT:Q14134:T116:PRGE","score":0.8079666721473759,"id":1,"start":1552,"end":1555,"text":"ATM","terms":[]}]},{"id":12,"start":1646,"end":1829,"text":"Although a single missense variant (L546V) appeared to act as a modest predictor of risk, the remaining variants were no more common in breast cancer cases as compared with controls..","terms":[{"ids":"UMLS:C0006141:T023:ANAT","score":1.0,"id":1,"start":1782,"end":1788,"text":"breast","terms":[]}]}]