[{"id":0,"start":0,"end":79,"text":"Association of microsomal epoxide hydrolase polymorphisms and lung cancer risk.","terms":[{"ids":"UNIPROT:P00167:T116:PRGE","score":0.9989940247399164,"id":1,"start":15,"end":43,"text":"microsomal epoxide hydrolase","terms":[]},{"ids":"UMLS:C0024109:T023:ANAT","score":1.0,"id":2,"start":62,"end":66,"text":"lung","terms":[]}]},{"id":1,"start":80,"end":196,"text":"Microsomal epoxide hydrolase (mEH) plays a dual role in the detoxification and activation of tobacco procarcinogens.","terms":[{"ids":"UNIPROT:P00167:T116:PRGE","score":0.9968733973957963,"id":1,"start":80,"end":108,"text":"Microsomal epoxide hydrolase","terms":[]}]},{"id":2,"start":197,"end":440,"text":"Two polymorphisms affecting enzyme activity have been described in the exons 3 and 4 of the mEH gene, which result in the substitution of amino acids histidine to tyrosine at residue 113, and arginine to histidine at residue 139, respectively.","terms":[{"ids":"UNIPROT:Q9H3M7:T116:PRGE","score":0.9980404240047012,"id":1,"start":289,"end":297,"text":"mEH gene","terms":[]}]},{"id":3,"start":441,"end":661,"text":"We performed a hospital-based case-control study consisting of 277 newly diagnosed lung cancer patients and 496 control subjects to investigate a possible association between these two polymorphisms and lung cancer risk.","terms":[{"ids":"UMLS:C0024109:T023:ANAT","score":1.0,"id":1,"start":524,"end":528,"text":"lung","terms":[]},{"ids":"UMLS:C0024109:T023:ANAT","score":1.0,"id":2,"start":644,"end":648,"text":"lung","terms":[]}]},{"id":4,"start":662,"end":827,"text":"The polymorphisms were determined by polymerase chain reaction/restriction fragment length polymorphism and TaqMan assay using DNA from peripheral white blood cells.","terms":[]},{"id":5,"start":828,"end":957,"text":"Logistic regression was performed to calculate odds ratios (ORs), confidence limits (CL) and to control for possible confounders.","terms":[]},{"id":6,"start":958,"end":1064,"text":"The exon 3 polymorphism of the mEH gene was associated with a significantly decreased risk of lung cancer.","terms":[{"ids":"UNIPROT:Q9H3M7:T116:PRGE","score":0.9939332585292274,"id":1,"start":989,"end":997,"text":"mEH gene","terms":[]},{"ids":"UMLS:C0024109:T023:ANAT","score":1.0,"id":2,"start":1052,"end":1056,"text":"lung","terms":[]}]},{"id":7,"start":1065,"end":1207,"text":"The adjusted OR, calculated relative to subjects with the Tyr113/Tyr113 wild type, for the His113/His113 genotype was 0.38 (95% CL 0.20-0.75).","terms":[]},{"id":8,"start":1208,"end":1400,"text":"An analysis according to histological subtypes revealed a statistically significant association for adenocarcinomas; the adjusted OR for the His113/His113 genotype was 0.40 (95% CL 0.17-0.94).","terms":[]},{"id":9,"start":1401,"end":1493,"text":"In contrast, no relationship between the exon 4 polymorphism and lung cancer risk was found.","terms":[{"ids":"UMLS:C0024109:T023:ANAT","score":1.0,"id":1,"start":1466,"end":1470,"text":"lung","terms":[]}]},{"id":10,"start":1494,"end":1615,"text":"The adjusted OR, calculated relative to the His139/His139 wild type, was for the Arg139/Arg139 genotype 1.83 (0.76-4.44).","terms":[]},{"id":11,"start":1616,"end":1728,"text":"Our results support the hypothesis that genetically reduced mEH activity may be protective against lung cancer..","terms":[{"ids":"UMLS:C0024109:T023:ANAT","score":1.0,"id":1,"start":1715,"end":1719,"text":"lung","terms":[]}]}]