[{"id":0,"start":0,"end":86,"text":"Uncoupling protein-2 polymorphisms in type 2 diabetes, obesity, and insulin secretion.","terms":[{"ids":"UMLS:C0011860:T047:DISO","score":1.0,"id":1,"start":38,"end":53,"text":"type 2 diabetes","terms":[]},{"ids":"UMLS:C0028754:T047:DISO","score":1.0,"id":2,"start":55,"end":62,"text":"obesity","terms":[]},{"ids":"UNIPROT:P01308:T116:PRGE","score":0.7869567572566701,"id":3,"start":68,"end":75,"text":"insulin","terms":[]}]},{"id":1,"start":87,"end":199,"text":"The onset of type 2 diabetes (T2DM) is preceded by obesity, insulin resistance, and impaired beta-cell function.","terms":[{"ids":"UMLS:C0011860:T047:DISO","score":1.0,"id":1,"start":100,"end":115,"text":"type 2 diabetes","terms":[]},{"ids":"UMLS:C0028754:T047:DISO","score":1.0,"id":2,"start":138,"end":145,"text":"obesity","terms":[]},{"ids":"UNIPROT:P01308:T116:PRGE","score":0.4252718964636311,"id":3,"start":147,"end":154,"text":"insulin","terms":[]}]},{"id":2,"start":200,"end":287,"text":"Uncoupling protein-2 (UCP2) is a widely expressed inner mitochondrial membrane protein.","terms":[{"ids":"UNIPROT:Q92791:T116:PRGE|UNIPROT:O14495:T116:PRGE|UNIPROT:Q5T1R4:T116:PRGE|UNIPROT:Q13526:T116:PRGE|UNIPROT:Q15233:T116:PRGE","score":0.9833479962344883,"id":1,"start":211,"end":220,"text":"protein-2","terms":[]},{"ids":"UNIPROT:P55851:T116:PRGE","score":0.9833479962344883,"id":2,"start":222,"end":226,"text":"UCP2","terms":[]}]},{"id":3,"start":288,"end":409,"text":"Common polymorphisms of the UCP2 gene have been implicated in diabetes, in obesity, and with changes in UCP2 mRNA levels.","terms":[{"ids":"UNIPROT:P55851:T116:PRGE","score":0.39990032611573184,"id":1,"start":316,"end":325,"text":"UCP2 gene","terms":[]},{"ids":"UMLS:C0011847:T047:DISO|UMLS:C0011849:T047:DISO","score":1.0,"id":2,"start":350,"end":358,"text":"diabetes","terms":[]},{"ids":"UMLS:C0028754:T047:DISO","score":1.0,"id":3,"start":363,"end":370,"text":"obesity","terms":[]},{"ids":"UNIPROT:P55851:T116:PRGE","score":0.39990032611573184,"id":4,"start":392,"end":396,"text":"UCP2","terms":[]}]},{"id":4,"start":410,"end":540,"text":"We tested the hypothesis that common UCP2 variants influence T2DM susceptibility in four parallel studies of separate populations.","terms":[{"ids":"UNIPROT:P55851:T116:PRGE","score":0.4811222377037071,"id":1,"start":447,"end":460,"text":"UCP2 variants","terms":[]}]},{"id":5,"start":541,"end":720,"text":"We typed the -866 promoter (G/A) variant, a nonsynonymous (Ala55Val or A55V) single-nucleotide polymorphism in exon 4, and a 45-nt insertion in the 3\u0027-untranslated (3\u0027UTR) region.","terms":[]},{"id":6,"start":721,"end":917,"text":"Study populations included a case-control population study, a family-based association study, and a metabolic study of individuals who had been characterized for insulin sensitivity and secretion.","terms":[{"ids":"UNIPROT:P01308:T116:PRGE","score":0.9940876798543881,"id":1,"start":883,"end":890,"text":"insulin","terms":[]}]},{"id":7,"start":918,"end":1035,"text":"To evaluate UCP2 mRNA levels, we examined a fourth population of subjects, who had undergone subcutaneous fat biopsy.","terms":[{"ids":"UNIPROT:P55851:T116:PRGE","score":0.5076910832083178,"id":1,"start":930,"end":934,"text":"UCP2","terms":[]}]},{"id":8,"start":1036,"end":1178,"text":"All three variants showed a trend to an association with T2DM (P \u003d 0.05 to 0.07) in the population but not the family-based association study.","terms":[]},{"id":9,"start":1179,"end":1311,"text":"The 3\u0027 insertion/deletion (3\u0027UTR I/D) variant was associated with body mass index (BMI, P \u003d 0.035) among nondiabetic family members.","terms":[{"ids":"UNIPROT:Q15849:T116:PRGE|UNIPROT:Q9UKP6:T116:PRGE","score":0.6603648944579623,"id":1,"start":1206,"end":1215,"text":"3\u0027UTR I/D","terms":[]}]},{"id":10,"start":1312,"end":1560,"text":"Haplotype combinations were significantly associated with BMI (P \u003d 0.028), triglyceride levels (P \u003d 0.026), and fasting insulin (P \u003d 0.029); highest values for the three traits were observed in individuals with the heterozygous combination GVI/AVD.","terms":[{"ids":"UNIPROT:P01308:T116:PRGE","score":0.8108186181827456,"id":1,"start":1432,"end":1439,"text":"insulin","terms":[]},{"ids":"UNIPROT:O60733:T116:PRGE","score":0.8108186181827456,"id":2,"start":1540,"end":1559,"text":"combination GVI/AVD","terms":[]}]},{"id":11,"start":1561,"end":1771,"text":"In the metabolic study, all three variants were associated with an index of beta-cell compensation for insulin sensitivity (disposition index), particularly in interaction with family membership (P \u003c 0.000001).","terms":[{"ids":"UNIPROT:P01308:T116:PRGE","score":0.9992125322470155,"id":1,"start":1664,"end":1671,"text":"insulin","terms":[]}]},{"id":12,"start":1772,"end":1957,"text":"Individuals homozygous for the -866 A allele had decreased adipose mRNA levels relative to GG homozygous individuals (P \u003d 0.009), but the 3\u0027UTR I/D variant had no impact on mRNA levels.","terms":[{"ids":"UNIPROT:Q15849:T116:PRGE|UNIPROT:Q9UKP6:T116:PRGE","score":0.4983999687934304,"id":1,"start":1910,"end":1919,"text":"3\u0027UTR I/D","terms":[]}]},{"id":13,"start":1958,"end":2111,"text":"We confirm modest effects of UCP2 variants on BMI and T2DM and show significant effects on insulin secretion in interaction with family-specific factors.","terms":[{"ids":"UNIPROT:P55851:T116:PRGE","score":0.5864434526719549,"id":1,"start":1987,"end":1991,"text":"UCP2","terms":[]},{"ids":"UNIPROT:P01308:T116:PRGE","score":0.5864434526719549,"id":2,"start":2049,"end":2056,"text":"insulin","terms":[]}]},{"id":14,"start":2112,"end":2221,"text":"However, the associated allele and the effects on gene expression are opposite to those reported previously..","terms":[]}]