[{"id":0,"start":0,"end":144,"text":"Distinct mutations in IRAK-4 confer hyporesponsiveness to lipopolysaccharide and interleukin-1 in a patient with recurrent bacterial infections.","terms":[{"ids":"UNIPROT:Q9NWZ3:T116:PRGE","score":0.9797976095794224,"id":1,"start":22,"end":28,"text":"IRAK-4","terms":[]},{"ids":"UNIPROT:P60568:T116:PRGE","score":0.9797976095794224,"id":2,"start":81,"end":94,"text":"interleukin-1","terms":[]},{"ids":"UMLS:C1844383:T047:DISO","score":1.0,"id":3,"start":113,"end":143,"text":"recurrent bacterial infections","terms":[]}]},{"id":1,"start":145,"end":345,"text":"We identified previously a patient with recurrent bacterial infections who failed to respond to gram-negative LPS in vivo, and whose leukocytes were profoundly hyporesponsive to LPS and IL-1 in vitro.","terms":[{"ids":"UMLS:C1844383:T047:DISO","score":1.0,"id":1,"start":185,"end":215,"text":"recurrent bacterial infections","terms":[]},{"ids":"UMLS:C0175697:T047:DISO","score":1.0,"id":2,"start":255,"end":258,"text":"LPS","terms":[]},{"ids":"UMLS:C0175697:T047:DISO|UNIPROT:O14896:T116:PRGE","score":1.0,"id":3,"start":323,"end":326,"text":"LPS","terms":[]},{"ids":"UNIPROT:P01584:T116:PRGE","score":0.7066259836925322,"id":4,"start":331,"end":335,"text":"IL-1","terms":[]}]},{"id":2,"start":346,"end":465,"text":"We now demonstrate that this patient also exhibits deficient responses in a skin blister model of aseptic inflammation.","terms":[{"ids":"UMLS:C0344311:T047:DISO","score":1.0,"id":1,"start":427,"end":434,"text":"blister","terms":[]}]},{"id":3,"start":466,"end":836,"text":"A lack of IL-18 responsiveness, coupled with diminished LPS and/or IL-1-induced nuclear factor-kappaB and activator protein-1 translocation, p38 phosphorylation, gene expression, and dysregulated IL-1R-associated kinase (IRAK)-1 activity in vitro support the hypothesis that the defect lies within the signaling pathway common to toll-like receptor 4, IL-1R, and IL-18R.","terms":[{"ids":"UMLS:C0175697:T047:DISO","score":1.0,"id":1,"start":522,"end":525,"text":"LPS","terms":[]},{"ids":"UNIPROT:P01584:T116:PRGE","score":0.6609265765090546,"id":2,"start":533,"end":537,"text":"IL-1","terms":[]},{"ids":"UNIPROT:P48552:T116:PRGE","score":0.6609265765090546,"id":3,"start":546,"end":567,"text":"nuclear factor-kappaB","terms":[]},{"ids":"UNIPROT:P17980:T116:PRGE","score":0.6609265765090546,"id":4,"start":572,"end":591,"text":"activator protein-1","terms":[]},{"ids":"UNIPROT:Q13155:T116:PRGE|UNIPROT:Q9Y2S7:T116:PRGE|UNIPROT:Q16539:T116:PRGE|UNIPROT:O75791:T116:PRGE|UNIPROT:P28482:T116:PRGE|UNIPROT:O95433:T116:PRGE|UNIPROT:P46108:T116:PRGE|UNIPROT:Q9NV58:T116:PRGE","score":0.6609265765090546,"id":5,"start":607,"end":610,"text":"p38","terms":[]},{"ids":"UNIPROT:P20794:T116:PRGE|UNIPROT:P33981:T116:PRGE","score":0.6609265765090546,"id":6,"start":662,"end":685,"text":"IL-1R-associated kinase","terms":[]},{"ids":"UNIPROT:P51617:T116:PRGE","score":0.6609265765090546,"id":7,"start":687,"end":691,"text":"IRAK","terms":[]},{"ids":"UMLS:C1861101:T047:DISO","score":1.0,"id":8,"start":745,"end":751,"text":"defect","terms":[]},{"ids":"UNIPROT:Q08357:T116:PRGE","score":0.6609265765090546,"id":9,"start":796,"end":816,"text":"toll-like receptor 4","terms":[]}]},{"id":4,"start":837,"end":1069,"text":"This patient expresses a \"compound heterozygous\" genotype, with a point mutation (C877T in cDNA) and a two-nucleotide, AC deletion (620-621del in cDNA) encoded by distinct alleles of the IRAK-4 gene (GenBank/EMBL/DDBJ accession nos.","terms":[{"ids":"UNIPROT:Q9NWZ3:T116:PRGE","score":0.28746729254541403,"id":1,"start":1024,"end":1035,"text":"IRAK-4 gene","terms":[]}]},{"id":5,"start":1070,"end":1093,"text":"AF445802 and AY186092).","terms":[]},{"id":6,"start":1094,"end":1267,"text":"Both mutations encode proteins with an intact death domain, but a truncated kinase domain, thereby precluding expression of full-length IRAK-4 (i.e., a recessive phenotype).","terms":[{"ids":"UNIPROT:Q9NWZ3:T116:PRGE","score":0.7688159325970192,"id":1,"start":1218,"end":1236,"text":"full-length IRAK-4","terms":[]}]},{"id":7,"start":1268,"end":1428,"text":"When overexpressed in HEK293T cells, neither truncated form augmented endogenous IRAK-1 kinase activity, and both inhibited endogenous IRAK-1 activity modestly.","terms":[{"ids":"UNIPROT:P51617:T116:PRGE","score":0.890639666344001,"id":1,"start":1349,"end":1362,"text":"IRAK-1 kinase","terms":[]},{"ids":"UNIPROT:P51617:T116:PRGE","score":0.890639666344001,"id":2,"start":1403,"end":1409,"text":"IRAK-1","terms":[]}]},{"id":8,"start":1429,"end":1554,"text":"Thus, IRAK-4 is pivotal in the development of a normal inflammatory response initiated by bacterial or nonbacterial insults..","terms":[{"ids":"UNIPROT:Q9NWZ3:T116:PRGE","score":0.9917488556100778,"id":1,"start":1435,"end":1441,"text":"IRAK-4","terms":[]}]}]