[{"id":0,"start":0,"end":125,"text":"A glycine to aspartic acid substitution of COL2A1 in a family with the Strudwick variant of spondyloepimetaphyseal dysplasia.","terms":[]},{"id":1,"start":126,"end":320,"text":"BACKGROUND: Spondyloepimetaphyseal dysplasia (SEMD) is one of a clinically heterogeneous group of skeletal disorders, characterized by defective growth and modelling of the spine and long bones.","terms":[{"ids":"UMLS:C0037949:T023:ANAT","score":1.0,"id":1,"start":299,"end":304,"text":"spine","terms":[]},{"ids":"UMLS:C0222647:T023:ANAT","score":1.0,"id":2,"start":309,"end":319,"text":"long bones","terms":[]}]},{"id":2,"start":321,"end":443,"text":"Common clinical features include disproportionate short stature, malformed vertebrae and abnormal epiphyses or metaphyses.","terms":[{"ids":"UMLS:C0013336:T047:DISO","score":1.0,"id":1,"start":371,"end":384,"text":"short stature","terms":[]},{"ids":"UMLS:C0549207:T023:ANAT","score":1.0,"id":2,"start":396,"end":405,"text":"vertebrae","terms":[]},{"ids":"UMLS:C0014570:T023:ANAT","score":1.0,"id":3,"start":419,"end":428,"text":"epiphyses","terms":[]}]},{"id":3,"start":444,"end":510,"text":"Some cases have been associated with mutations in the COL2A1 gene.","terms":[{"ids":"UNIPROT:Q9H3M7:T116:PRGE","score":0.9619809517603716,"id":1,"start":498,"end":509,"text":"COL2A1 gene","terms":[]}]},{"id":4,"start":511,"end":786,"text":"AIM: To determine whether the autosomal dominant Strudwick-type SEMD in a three-generation family, showing specific phenotypical features such as chest deformity, limb shortening, myopia and early-onset degenerative osteoarthrosis, might be caused by a novel COL2A1 mutation.","terms":[{"ids":"UMLS:C0015385:T023:ANAT","score":1.0,"id":1,"start":674,"end":678,"text":"limb","terms":[]},{"ids":"UMLS:C0027092:T047:DISO","score":1.0,"id":2,"start":691,"end":697,"text":"myopia","terms":[]},{"ids":"UMLS:C0029408:T047:DISO","score":1.0,"id":3,"start":727,"end":741,"text":"osteoarthrosis","terms":[]}]},{"id":5,"start":787,"end":854,"text":"DESIGN: Genetic testing and clinical examination of family members.","terms":[]},{"id":6,"start":855,"end":932,"text":"METHODS: Direct sequencing of PCR-amplified genomic DNA from the COL2A1 gene.","terms":[{"ids":"UNIPROT:Q9H3M7:T116:PRGE","score":0.9543860311129282,"id":1,"start":920,"end":931,"text":"COL2A1 gene","terms":[]}]},{"id":7,"start":933,"end":1077,"text":"RESULTS: A point mutation within exon 20 of the COL2A1 gene was identified that substituted a glycine for an aspartic acid residue at codon 262.","terms":[{"ids":"UNIPROT:Q9H3M7:T116:PRGE","score":0.93028511530402,"id":1,"start":981,"end":992,"text":"COL2A1 gene","terms":[]}]},{"id":8,"start":1078,"end":1305,"text":"DISCUSSION: All previously reported autosomal dominant mutations causing SEMD have substituted an obligate glycine within the triple helix, in particular at codons 292, 304 and 709 in the three reported Strudwick-type patients.","terms":[{"ids":"UMLS:C0229304:T023:ANAT","score":1.0,"id":1,"start":1211,"end":1216,"text":"helix","terms":[]}]},{"id":9,"start":1306,"end":1482,"text":"Additionally, a recurrent glycine substitution at codon 154 has been identified in two unrelated Finnish cases with radiological features consistent with the Strudwick subtype.","terms":[]},{"id":10,"start":1483,"end":1614,"text":"Our sixth helical glycine substitution extends the mutational spectrum and genotype/phenotype correlations of Strudwick-type SEMD..","terms":[]}]