[{"id":0,"start":0,"end":100,"text":"Ser217Leu polymorphism of the HPC2/ELAC2 gene associated with prostatic cancer risk in Japanese men.","terms":[{"ids":"UNIPROT:O00257:T116:PRGE|UNIPROT:Q9BQ52:T116:PRGE","score":0.7259960048416844,"id":1,"start":30,"end":34,"text":"HPC2","terms":[]},{"ids":"UNIPROT:Q9BQ52:T116:PRGE","score":0.7259960048416844,"id":2,"start":35,"end":40,"text":"ELAC2","terms":[]},{"ids":"UMLS:C0033572:T023:ANAT","score":1.0,"id":3,"start":62,"end":71,"text":"prostatic","terms":[]}]},{"id":1,"start":101,"end":186,"text":"The HPC2/ELAC2 gene may be associated with hereditary/familial prostate cancer (PCa).","terms":[{"ids":"UNIPROT:O00257:T116:PRGE|UNIPROT:Q9BQ52:T116:PRGE","score":0.7797261554976268,"id":1,"start":105,"end":109,"text":"HPC2","terms":[]},{"ids":"UNIPROT:Q9BQ52:T116:PRGE","score":0.7797261554976268,"id":2,"start":110,"end":115,"text":"ELAC2","terms":[]},{"ids":"UMLS:C0033572:T023:ANAT","score":1.0,"id":3,"start":164,"end":172,"text":"prostate","terms":[]},{"ids":"UMLS:C0268398:T047:DISO|UMLS:C0220723:T047:DISO|UMLS:C0149576:T023:ANAT","score":1.0,"id":4,"start":181,"end":184,"text":"PCa","terms":[]}]},{"id":2,"start":187,"end":274,"text":"Two common missense variants (Ser217Leu and Ala541Thr) have been reported  in the gene.","terms":[]},{"id":3,"start":275,"end":512,"text":"We performed mutational, allelotyping and expression analyses and a  molecular epidemiological study to clarify the relations between this gene and prostatic diseases, including PCa and benign prostatic hyperplasia (BPH) in Japanese men.","terms":[{"ids":"UMLS:C0033575:T047:DISO","score":1.0,"id":1,"start":423,"end":441,"text":"prostatic diseases","terms":[{"ids":"UMLS:C0033572:T023:ANAT","score":1.0,"id":1,"start":423,"end":432,"text":"prostatic","terms":[]}]},{"ids":"UMLS:C0268398:T047:DISO|UMLS:C0220723:T047:DISO|UMLS:C0149576:T023:ANAT","score":1.0,"id":2,"start":453,"end":456,"text":"PCa","terms":[]},{"ids":"UMLS:C2937421:T047:DISO","score":1.0,"id":3,"start":468,"end":489,"text":"prostatic hyperplasia","terms":[{"ids":"UMLS:C0033572:T023:ANAT","score":1.0,"id":1,"start":468,"end":477,"text":"prostatic","terms":[]}]}]},{"id":4,"start":513,"end":623,"text":"We screened for mutations in 109 patients with PCa including 11 patients from 1 hereditary and 9 familial PCa.","terms":[{"ids":"UMLS:C0268398:T047:DISO|UMLS:C0220723:T047:DISO|UMLS:C0149576:T023:ANAT","score":1.0,"id":1,"start":560,"end":563,"text":"PCa","terms":[]},{"ids":"UMLS:C0268398:T047:DISO|UMLS:C0220723:T047:DISO|UMLS:C0149576:T023:ANAT","score":1.0,"id":2,"start":619,"end":622,"text":"PCa","terms":[]}]},{"id":5,"start":624,"end":676,"text":"Loss of heterozygosity and expression were analyzed.","terms":[]},{"id":6,"start":677,"end":840,"text":"An epidemiological study was done in sporadic PCa (n\u003d98) and BPH (n\u003d143) using 1 novel (Ser627Leu) and 2 previously described polymorphisms of the HPC2/ELAC2 gene.","terms":[{"ids":"UMLS:C0268398:T047:DISO|UMLS:C0220723:T047:DISO|UMLS:C0149576:T023:ANAT","score":1.0,"id":1,"start":723,"end":726,"text":"PCa","terms":[]},{"ids":"UNIPROT:O00257:T116:PRGE|UNIPROT:Q9BQ52:T116:PRGE","score":0.8133763841266545,"id":2,"start":824,"end":828,"text":"HPC2","terms":[]},{"ids":"UNIPROT:Q9BQ52:T116:PRGE","score":0.8133763841266545,"id":3,"start":829,"end":834,"text":"ELAC2","terms":[]}]},{"id":7,"start":841,"end":910,"text":"Somatic or germline mutations were not confirmed in any cases of PCa.","terms":[{"ids":"UMLS:C0268398:T047:DISO|UMLS:C0220723:T047:DISO|UMLS:C0149576:T023:ANAT","score":1.0,"id":1,"start":906,"end":909,"text":"PCa","terms":[]}]},{"id":8,"start":911,"end":1034,"text":"Loss of heterozygosity at 2 microsatellites, D17S1289 and D17S520, was detected in 1 of 38 and 1 of 35 cases, respectively.","terms":[]},{"id":9,"start":1035,"end":1118,"text":"Expression analysis revealed decreased or absent mRNA expression in 6 of 38 tumors.","terms":[]},{"id":10,"start":1119,"end":1260,"text":"Epidemiologic analysis showed that a Leu allele at codon 217 was significantly more frequent in patients with PCa than in controls (10.2% vs.","terms":[{"ids":"UMLS:C0268398:T047:DISO|UMLS:C0220723:T047:DISO|UMLS:C0149576:T023:ANAT","score":1.0,"id":1,"start":1229,"end":1232,"text":"PCa","terms":[]}]},{"id":11,"start":1261,"end":1322,"text":"3.5%, odds ratio \u003d 3.11; 95% confidence interval, 1.22-7.90).","terms":[]},{"id":12,"start":1323,"end":1416,"text":"At codon 541, all patients with PCa or BPH and all control subjects had the Ala/Ala genotype.","terms":[{"ids":"UMLS:C0268398:T047:DISO|UMLS:C0220723:T047:DISO|UMLS:C0149576:T023:ANAT","score":1.0,"id":1,"start":1355,"end":1358,"text":"PCa","terms":[]}]},{"id":13,"start":1417,"end":1556,"text":"At codon 627, the incidence of the Leu variant was slightly, but not significantly,  higher in patients with BPH than in controls (7.0% vs.","terms":[]},{"id":14,"start":1557,"end":1649,"text":"2.8%, odds ratio \u003d 2.59, 95% confidence interval, 0.94-7.13, not statistically significant).","terms":[]},{"id":15,"start":1650,"end":1730,"text":"We concluded  that germline/somatic mutations of HPC2/ELAC2 are uncommon in PCa.","terms":[{"ids":"UNIPROT:O00257:T116:PRGE|UNIPROT:Q9BQ52:T116:PRGE","score":0.9376126605695677,"id":1,"start":1699,"end":1703,"text":"HPC2","terms":[]},{"ids":"UNIPROT:Q9BQ52:T116:PRGE","score":0.9376126605695677,"id":2,"start":1704,"end":1709,"text":"ELAC2","terms":[]},{"ids":"UMLS:C0268398:T047:DISO|UMLS:C0220723:T047:DISO|UMLS:C0149576:T023:ANAT","score":1.0,"id":3,"start":1726,"end":1729,"text":"PCa","terms":[]}]},{"id":16,"start":1731,"end":1814,"text":"Similarly, allelic imbalances at the gene locus and changes in expression are rare.","terms":[]},{"id":17,"start":1815,"end":2074,"text":"Although no difference in allele frequency at Ser217Leu between patients with PCa and controls has been reported in a Western population, this polymorphism is a potential indicator of PCa risk in Japanese men and it should be examined in other ethnic groups..","terms":[{"ids":"UMLS:C0268398:T047:DISO|UMLS:C0220723:T047:DISO|UMLS:C0149576:T023:ANAT","score":1.0,"id":1,"start":1893,"end":1896,"text":"PCa","terms":[]},{"ids":"UMLS:C0268398:T047:DISO|UMLS:C0220723:T047:DISO|UMLS:C0149576:T023:ANAT","score":1.0,"id":2,"start":1999,"end":2002,"text":"PCa","terms":[]}]}]