[{"id":0,"start":0,"end":132,"text":"Cdx-2 polymorphism in the promoter region of the human vitamin D receptor gene determines susceptibility to fracture in the elderly.","terms":[{"ids":"UNIPROT:Q8TA86:T116:PRGE|UNIPROT:Q9H0Z9:T116:PRGE","score":0.9107963933938346,"id":1,"start":49,"end":78,"text":"human vitamin D receptor gene","terms":[]}]},{"id":1,"start":133,"end":249,"text":"A Cdx-2 binding site polymorphism (G to A) in the promoter region of the human vitamin D receptor gene was reported.","terms":[{"ids":"UNIPROT:P63244:T116:PRGE","score":0.835381655202578,"id":1,"start":135,"end":153,"text":"Cdx-2 binding site","terms":[]},{"ids":"UNIPROT:Q8TA86:T116:PRGE|UNIPROT:Q9H0Z9:T116:PRGE","score":0.835381655202578,"id":2,"start":206,"end":235,"text":"human vitamin D receptor gene","terms":[]}]},{"id":2,"start":250,"end":413,"text":"In an ecological study in eight ethnic groups and an association study in 2848 elderly whites, we found the A-allele to be associated with decreased fracture risk.","terms":[]},{"id":3,"start":414,"end":565,"text":"Our findings expand previous similar findings in a Japanese study to whites and show a relationship with fracture risk of this functional polymorphism.","terms":[]},{"id":4,"start":566,"end":785,"text":"INTRODUCTION: A single nucleotide polymorphism (SNP) within a binding site of the intestinal-specific transcription factor Cdx-2 in the promoter region of the human vitamin D receptor (VDR) gene was previously reported.","terms":[{"ids":"UNIPROT:P50238:T116:PRGE|UNIPROT:Q13887:T116:PRGE|UNIPROT:Q07654:T116:PRGE","score":0.9067877680533023,"id":1,"start":648,"end":694,"text":"intestinal-specific transcription factor Cdx-2","terms":[{"ids":"UMLS:C0021853:T023:ANAT","score":1.0,"id":1,"start":648,"end":658,"text":"intestinal","terms":[]}]},{"ids":"UNIPROT:P11473:T116:PRGE","score":0.0,"id":2,"start":731,"end":749,"text":"vitamin D receptor","terms":[]},{"ids":"UNIPROT:O15528:T116:PRGE|UNIPROT:P11473:T116:PRGE","score":0.9067877680533023,"id":3,"start":751,"end":754,"text":"VDR","terms":[]}]},{"id":5,"start":786,"end":953,"text":"It was found to modulate the transcription of the hVDR gene and to be associated with decreased bone mineral density in a small group of postmenopausal Japanese women.","terms":[{"ids":"UNIPROT:Q9H3M7:T116:PRGE","score":0.9980667820632987,"id":1,"start":836,"end":845,"text":"hVDR gene","terms":[]},{"ids":"UMLS:C0262950:T023:ANAT","score":1.0,"id":2,"start":882,"end":886,"text":"bone","terms":[]}]},{"id":6,"start":954,"end":1054,"text":"In this study, we investigated the relationship between the VDR Cdx-2 genotype and risk of fracture.","terms":[{"ids":"UNIPROT:O15528:T116:PRGE|UNIPROT:P11473:T116:PRGE","score":0.5298404264989885,"id":1,"start":1014,"end":1023,"text":"VDR Cdx-2","terms":[]}]},{"id":7,"start":1055,"end":1258,"text":"METHODS: We first determined the location of this SNP in the VDR gene by sequencing analysis, and we developed an allele-specific multiplex polymerase chain reaction test to determine the Cdx-2 genotype.","terms":[{"ids":"UNIPROT:O15528:T116:PRGE|UNIPROT:P11473:T116:PRGE","score":0.46618149934009256,"id":1,"start":1116,"end":1124,"text":"VDR gene","terms":[]}]},{"id":8,"start":1259,"end":1437,"text":"We then performed an ecological study in eight ethnic groups and an association analysis in a large epidemiological cohort of 2848 Dutch white men and women, \u003e or \u003d 55 years old.","terms":[]},{"id":9,"start":1438,"end":1576,"text":"RESULTS AND CONCLUSIONS: The location of the G to A substitution was found in the promoter region of exon le (le-G-1739A) of the VDR gene.","terms":[{"ids":"UNIPROT:O15528:T116:PRGE|UNIPROT:P11473:T116:PRGE","score":0.966539711365875,"id":1,"start":1567,"end":1575,"text":"VDR gene","terms":[]}]},{"id":10,"start":1577,"end":1897,"text":"By comparing the frequency of the A-allele in eight different ethnic groups, we observed a negative correlation between prevalence of the A-allele and published hip fracture incidence rates in these ethnic groups (p \u003d 0.006 for men and p \u003d 0.02 for women), suggesting a protective effect of this allele on fracture risk.","terms":[{"ids":"UMLS:C0019552:T023:ANAT|UMLS:C0022122:T023:ANAT","score":1.0,"id":1,"start":1738,"end":1741,"text":"hip","terms":[]}]},{"id":11,"start":1898,"end":2172,"text":"Subsequently, in the association study, the A-allele (population frequency 19%) was observed to have a protective effect on occurrence of osteoporotic fractures, especially for nonvertebral fracture in women (relative risk of AA versus GG genotype is 0.2; 95% CI, 0.05-0.8).","terms":[{"ids":"UMLS:C0521170:T047:DISO","score":1.0,"id":1,"start":2036,"end":2058,"text":"osteoporotic fractures","terms":[]},{"ids":"UMLS:C1862382:T047:DISO","score":1.0,"id":2,"start":2124,"end":2126,"text":"AA","terms":[]}]},{"id":12,"start":2173,"end":2253,"text":"This effect remained after adjustment for age, weight, and bone mineral density.","terms":[{"ids":"UMLS:C0262950:T023:ANAT","score":1.0,"id":1,"start":2232,"end":2236,"text":"bone","terms":[]}]},{"id":13,"start":2254,"end":2426,"text":"We conclude that the A-allele of the VDR Cdx-2 polymorphism is present in whites, albeit at low frequency, and show a protective effect of this allele on risk of fracture..","terms":[{"ids":"UNIPROT:O15528:T116:PRGE|UNIPROT:P11473:T116:PRGE","score":0.6820882034472211,"id":1,"start":2291,"end":2300,"text":"VDR Cdx-2","terms":[]}]}]