[{"id":0,"start":0,"end":138,"text":"Genetic polymorphism of the renin-angiotensin-aldosterone system and arterial hypertension in the Italian population: the GENIPER Project.","terms":[{"ids":"UNIPROT:P00797:T116:PRGE","score":0.9556927869308253,"id":1,"start":28,"end":33,"text":"renin","terms":[]},{"ids":"UMLS:C0020538:T047:DISO","score":1.0,"id":2,"start":69,"end":90,"text":"arterial hypertension","terms":[{"ids":"UMLS:C0003842:T023:ANAT","score":1.0,"id":1,"start":69,"end":77,"text":"arterial","terms":[]}]}]},{"id":1,"start":139,"end":305,"text":"OBJECTIVE: To detect the association of single polymorphisms of the renin-angiotensin-aldosterone system (RAAS), or different combinations thereof, with hypertension.","terms":[{"ids":"UNIPROT:P00797:T116:PRGE","score":0.9447660123349617,"id":1,"start":207,"end":212,"text":"renin","terms":[]},{"ids":"UMLS:C0020538:T047:DISO","score":1.0,"id":2,"start":292,"end":304,"text":"hypertension","terms":[]}]},{"id":2,"start":306,"end":506,"text":"DESIGN AND METHODS: The GENIPER database is the result of a collaborative effort of 13 Italian research centres to collect genomic DNA in subjects well characterized in terms of blood pressure status.","terms":[]},{"id":3,"start":507,"end":799,"text":"A total of 2461 subjects (normotensive \u003d 611; hypertensive \u003d 1850) were selected and genotyped for the angiotensin-converting enzyme insertion/deletion (ACE I/D), angiotensinogen (AGT) T/C704, angiotensin receptor type 1 (AT1) A/C1166 and aldosterone synthase (ALDO) T/C-344 genetic variants.","terms":[{"ids":"UNIPROT:P01019:T116:PRGE","score":0.0,"id":1,"start":670,"end":685,"text":"angiotensinogen","terms":[]},{"ids":"UNIPROT:P04201:T116:PRGE","score":0.21256965641470557,"id":2,"start":700,"end":735,"text":"angiotensin receptor type 1 (AT1) A","terms":[{"ids":"UMLS:C0004135:T047:DISO","score":1.0,"id":1,"start":729,"end":732,"text":"AT1","terms":[]}]},{"ids":"UNIPROT:P15538:T116:PRGE|UNIPROT:P19099:T116:PRGE","score":0.21256965641470557,"id":3,"start":746,"end":766,"text":"aldosterone synthase","terms":[]}]},{"id":4,"start":800,"end":1043,"text":"RESULTS: Allele frequencies were homogeneous over the Italian territory, with the relevant exception of the ACE I/D, the D allele being significantly less frequent in the northern region (61%) than in the rest of the country (67%; P \u003c 0.0001).","terms":[{"ids":"UNIPROT:P12821:T116:PRGE","score":0.9106265716377171,"id":1,"start":908,"end":915,"text":"ACE I/D","terms":[]}]},{"id":5,"start":1044,"end":1396,"text":"When comparing allele and genotype distributions in normotensives and hypertensives, the latter presented a small but statistically significant increase of the C allele of AGT T/C704, the A allele of AT1 A/C1166 and the T allele of ALDO T/C-344 polymorphisms (P \u003d 0.018, P \u003d 0.037 and P \u003d 0.015, respectively), with similar trends all over the country.","terms":[{"ids":"UNIPROT:P30556:T116:PRGE|UNIPROT:O00400:T116:PRGE|UNIPROT:Q13315:T116:PRGE","score":0.18692386282667178,"id":1,"start":1244,"end":1249,"text":"AT1 A","terms":[{"ids":"UMLS:C0004135:T047:DISO","score":1.0,"id":1,"start":1244,"end":1247,"text":"AT1","terms":[]}]}]},{"id":6,"start":1397,"end":1663,"text":"A step-wise logistic regression analysis confirmed these findings, by entering in the model as independent predictors of blood pressure status of AGT T/C704 (P \u003d 0.013), ALDO T/C-344 (P \u003d 0.032) and AT1 A/C1166 polymorphisms (P \u003d 0.075), but not ACE I/D (P \u003d 0.996).","terms":[{"ids":"UNIPROT:P30556:T116:PRGE|UNIPROT:O00400:T116:PRGE|UNIPROT:Q13315:T116:PRGE","score":0.40689908107366296,"id":1,"start":1596,"end":1601,"text":"AT1 A","terms":[{"ids":"UMLS:C0004135:T047:DISO","score":1.0,"id":1,"start":1596,"end":1599,"text":"AT1","terms":[]}]},{"ids":"UNIPROT:P12821:T116:PRGE","score":0.40689908107366296,"id":2,"start":1643,"end":1650,"text":"ACE I/D","terms":[]}]},{"id":7,"start":1664,"end":1902,"text":"We also found some evidence of an additive effect of individual genetic variants of the RAAS, modulating at different levels the same functional pathway, on the risk of developing hypertension, but no synergistic interaction was observed.","terms":[{"ids":"UMLS:C0020538:T047:DISO","score":1.0,"id":1,"start":1844,"end":1856,"text":"hypertension","terms":[]}]},{"id":8,"start":1903,"end":2050,"text":"CONCLUSIONS: Our results suggest that some allelic variants of RAAS genes carry a small but identifiable risk of developing arterial hypertension..","terms":[{"ids":"UMLS:C0020538:T047:DISO","score":1.0,"id":1,"start":2027,"end":2048,"text":"arterial hypertension","terms":[{"ids":"UMLS:C0003842:T023:ANAT","score":1.0,"id":1,"start":2027,"end":2035,"text":"arterial","terms":[]}]}]}]