[{"id":0,"start":0,"end":87,"text":"Congenital hypothyroidism due to a new deletion in the sodium/iodide symporter protein.","terms":[{"ids":"UMLS:C0010308:T047:DISO|UMLS:C0342200:T047:DISO","score":1.0,"id":1,"start":0,"end":25,"text":"Congenital hypothyroidism","terms":[]}]},{"id":1,"start":88,"end":333,"text":"OBJECTIVE: Iodide transport defect (ITD) is a rare disorder characterised by an inability of the thyroid to maintain an iodide gradient across the basolateral membrane of thyroid follicular cells, that often results in congenital hypothyroidism.","terms":[{"ids":"UMLS:C1861101:T047:DISO","score":1.0,"id":1,"start":116,"end":122,"text":"defect","terms":[]},{"ids":"UMLS:C0929370:T023:ANAT","score":1.0,"id":2,"start":124,"end":127,"text":"ITD","terms":[]},{"ids":"UMLS:C0678236:T047:DISO","score":1.0,"id":3,"start":134,"end":147,"text":"rare disorder","terms":[]},{"ids":"UMLS:C0040132:T023:ANAT","score":1.0,"id":4,"start":185,"end":192,"text":"thyroid","terms":[]},{"ids":"UMLS:C0040132:T023:ANAT","score":1.0,"id":5,"start":259,"end":266,"text":"thyroid","terms":[]},{"ids":"UMLS:C1571705:T023:ANAT","score":1.0,"id":6,"start":267,"end":277,"text":"follicular","terms":[]},{"ids":"UMLS:C0010308:T047:DISO|UMLS:C0342200:T047:DISO","score":1.0,"id":7,"start":307,"end":332,"text":"congenital hypothyroidism","terms":[]}]},{"id":2,"start":334,"end":501,"text":"When present the defect is also found in the salivary glands and gastric mucosa and it has been shown to arise from abnormalities of the sodium/iodide symporter (NIS).","terms":[{"ids":"UMLS:C1861101:T047:DISO","score":1.0,"id":1,"start":351,"end":357,"text":"defect","terms":[]},{"ids":"UMLS:C0036098:T023:ANAT","score":1.0,"id":2,"start":379,"end":394,"text":"salivary glands","terms":[]},{"ids":"UMLS:C0038351:T023:ANAT","score":1.0,"id":3,"start":399,"end":406,"text":"gastric","terms":[]}]},{"id":3,"start":502,"end":587,"text":"PATIENT: We describe a woman with hypothyroidism identified at the 3rd month of life.","terms":[{"ids":"UMLS:C0020676:T047:DISO","score":1.0,"id":1,"start":536,"end":550,"text":"hypothyroidism","terms":[]}]},{"id":4,"start":588,"end":717,"text":"The diagnosis of ITD was suspected because of nodular goitre, and little if any iodide uptake by the thyroid and salivary glands.","terms":[{"ids":"UMLS:C0929370:T023:ANAT","score":1.0,"id":1,"start":605,"end":608,"text":"ITD","terms":[]},{"ids":"UMLS:C0018023:T047:DISO|UMLS:C1318500:T047:DISO","score":1.0,"id":2,"start":634,"end":648,"text":"nodular goitre","terms":[]},{"ids":"UMLS:C0040132:T023:ANAT","score":1.0,"id":3,"start":689,"end":696,"text":"thyroid","terms":[]},{"ids":"UMLS:C0036098:T023:ANAT","score":1.0,"id":4,"start":701,"end":716,"text":"salivary glands","terms":[]}]},{"id":5,"start":718,"end":849,"text":"Treatment with iodide partially corrected the hypothyroidism; however, long-term substitution therapy with L-thyroxine was started.","terms":[{"ids":"UMLS:C0020676:T047:DISO","score":1.0,"id":1,"start":764,"end":778,"text":"hypothyroidism","terms":[]}]},{"id":6,"start":850,"end":978,"text":"MEASUREMENTS: Thyroid radioiodide uptake was only 1.4% and 0.3% at 1 and 24 h after the administration of recombinant human TSH.","terms":[{"ids":"UMLS:C0040132:T023:ANAT","score":1.0,"id":1,"start":864,"end":871,"text":"Thyroid","terms":[]},{"ids":"UNIPROT:Q8TA86:T116:PRGE|UNIPROT:Q9H0Z9:T116:PRGE","score":0.9860124637056623,"id":2,"start":956,"end":977,"text":"recombinant human TSH","terms":[]}]},{"id":7,"start":979,"end":1126,"text":"The saliva to plasma I- ratio was 1.1 indicating that the inability of the thyroid gland to concentrate I- was also present in the salivary glands.","terms":[{"ids":"UMLS:C0040132:T023:ANAT","score":1.0,"id":1,"start":1054,"end":1067,"text":"thyroid gland","terms":[]},{"ids":"UMLS:C0036098:T023:ANAT","score":1.0,"id":2,"start":1110,"end":1125,"text":"salivary glands","terms":[]}]},{"id":8,"start":1127,"end":1337,"text":"RESULTS: Analysis of the patient\u0027s NIS gene revealed a 15 nucleotide (nt) deletion of the coding sequence (nt 1314 through nt 1328) and the insertion of 15 nt duplicating the first 15 nt of the adjacent intron.","terms":[]},{"id":9,"start":1338,"end":1446,"text":"The patient was homozygous for this insertion/deletion, while both consanguineous parents were heterozygous.","terms":[]},{"id":10,"start":1447,"end":1605,"text":"This deletion predicts the production of a protein lacking the five terminal amino acids of exon XI (439-443) which are located in the 6th intracellular loop.","terms":[]},{"id":11,"start":1606,"end":1791,"text":"COS-7 cells transfected with a vector expressing the mutant del-(439-443) NIS failed to concentrate iodide, suggesting that the mutation was the direct cause of the ITD in this patient.","terms":[{"ids":"UMLS:C0929370:T023:ANAT","score":1.0,"id":1,"start":1771,"end":1774,"text":"ITD","terms":[]}]},{"id":12,"start":1792,"end":1921,"text":"CONCLUSION: In conclusion we describe the first Italian case of congenital hypothyroidism due to a new deletion in the NIS gene..","terms":[{"ids":"UMLS:C0010308:T047:DISO|UMLS:C0342200:T047:DISO","score":1.0,"id":1,"start":1856,"end":1881,"text":"congenital hypothyroidism","terms":[]},{"ids":"UNIPROT:Q92911:T116:PRGE","score":0.6426181652634716,"id":2,"start":1911,"end":1919,"text":"NIS gene","terms":[]}]}]