[{"id":0,"start":0,"end":179,"text":"Progressive decline of vasopressin secretion in familial autosomal dominant neurohypophyseal diabetes insipidus presenting a novel mutation in the vasopressin-neurophysin II gene.","terms":[{"ids":"UNIPROT:P01185:T116:PRGE","score":0.9695109815360987,"id":1,"start":23,"end":34,"text":"vasopressin","terms":[]},{"ids":"UMLS:C0687720:T047:DISO","score":1.0,"id":2,"start":76,"end":111,"text":"neurohypophyseal diabetes insipidus","terms":[]},{"ids":"UNIPROT:P01185:T116:PRGE","score":0.9695109815360987,"id":3,"start":147,"end":178,"text":"vasopressin-neurophysin II gene","terms":[]}]},{"id":1,"start":180,"end":392,"text":"OBJECTIVE: Familial autosomal dominant neurohypophyseal diabetes insipidus (FNDI) is a rare form of central diabetes insipidus (DI), which is caused by mutations in the vasopressin-neurophysin II (AVP-NPII) gene.","terms":[{"ids":"UMLS:C0687720:T047:DISO","score":1.0,"id":1,"start":219,"end":254,"text":"neurohypophyseal diabetes insipidus","terms":[]},{"ids":"UMLS:C0687720:T047:DISO","score":1.0,"id":2,"start":280,"end":306,"text":"central diabetes insipidus","terms":[]},{"ids":"UMLS:C0011848:T047:DISO","score":1.0,"id":3,"start":308,"end":310,"text":"DI","terms":[]},{"ids":"UNIPROT:P01185:T116:PRGE","score":0.7441554439388209,"id":4,"start":349,"end":375,"text":"vasopressin-neurophysin II","terms":[]},{"ids":"UNIPROT:P01185:T116:PRGE","score":0.7441554439388209,"id":5,"start":377,"end":385,"text":"AVP-NPII","terms":[]}]},{"id":2,"start":393,"end":529,"text":"The present study evaluated the AVP secretion over time and analysed the structure of the AVP-NPII gene in a Brazilian family with FNDI.","terms":[{"ids":"UNIPROT:P01185:T116:PRGE","score":0.3878291041447566,"id":1,"start":483,"end":496,"text":"AVP-NPII gene","terms":[]}]},{"id":3,"start":530,"end":649,"text":"SUBJECTS AND DESIGN: Four affected members and one nonaffected member from one Brazilian family with FNDI were studied.","terms":[]},{"id":4,"start":650,"end":751,"text":"The diagnosis of central DI was established by fluid deprivation test and hypertonic saline infusion.","terms":[{"ids":"UMLS:C0011848:T047:DISO","score":1.0,"id":1,"start":675,"end":677,"text":"DI","terms":[]}]},{"id":5,"start":752,"end":818,"text":"Two affected members were assessed twice within a 6-year interval.","terms":[]},{"id":6,"start":819,"end":934,"text":"For molecular analysis, genomic DNA was extracted and the AVP-NPII gene was amplified by polymerase chain reaction.","terms":[{"ids":"UNIPROT:P01185:T116:PRGE","score":0.9427850569358018,"id":1,"start":877,"end":890,"text":"AVP-NPII gene","terms":[]}]},{"id":7,"start":935,"end":1048,"text":"RESULTS: The functional assessment of patients with FNDI over time confirmed a progressive loss in AVP secretion.","terms":[{"ids":"UNIPROT:P17181:T116:PRGE|UNIPROT:P01185:T116:PRGE","score":0.9721231379782439,"id":1,"start":1034,"end":1037,"text":"AVP","terms":[]}]},{"id":8,"start":1049,"end":1164,"text":"Two patients were first diagnosed as partial central DI and, several years later, they developed severe central DI.","terms":[{"ids":"UMLS:C0011848:T047:DISO","score":1.0,"id":1,"start":1102,"end":1104,"text":"DI","terms":[]},{"ids":"UMLS:C0011848:T047:DISO","score":1.0,"id":2,"start":1161,"end":1163,"text":"DI","terms":[]}]},{"id":9,"start":1165,"end":1393,"text":"Sequencing analysis revealed a heterozygous new point mutation in the nucleotide 1892 in the coding sequence for neurophysin-II of the AVP-NPII gene (1892G\u003eC) predicting an amino acid substitution (A68P) in all affected members.","terms":[{"ids":"UNIPROT:P01185:T116:PRGE","score":0.914338318589531,"id":1,"start":1278,"end":1292,"text":"neurophysin-II","terms":[]},{"ids":"UNIPROT:P01185:T116:PRGE","score":0.914338318589531,"id":2,"start":1300,"end":1313,"text":"AVP-NPII gene","terms":[]}]},{"id":10,"start":1394,"end":1542,"text":"CONCLUSION: Our data demonstrate a gradual vasopressinergic deficiency due to a novel mutation in the AVP-NPII gene in a Brazilian family with FNDI.","terms":[{"ids":"UNIPROT:P01185:T116:PRGE","score":0.7035114447361365,"id":1,"start":1496,"end":1509,"text":"AVP-NPII gene","terms":[]}]},{"id":11,"start":1543,"end":1718,"text":"The accumulation of A68P mutated precursor might have a cytotoxicity effect, leading to a gradual death of magnocellular neurones, and a progressive decline in AVP secretion..","terms":[{"ids":"UNIPROT:P17181:T116:PRGE|UNIPROT:P01185:T116:PRGE","score":0.6070457560537746,"id":1,"start":1703,"end":1706,"text":"AVP","terms":[]}]}]