[{"id":0,"start":0,"end":87,"text":"Polymorphisms in the CYP1B1 gene are associated with increased risk of prostate cancer.","terms":[{"ids":"UNIPROT:Q16678:T116:PRGE","score":0.9970853068759759,"id":1,"start":21,"end":32,"text":"CYP1B1 gene","terms":[]},{"ids":"UMLS:C0033572:T023:ANAT","score":1.0,"id":2,"start":71,"end":79,"text":"prostate","terms":[]}]},{"id":1,"start":88,"end":298,"text":"CYP1B1 has been evaluated as a candidate gene for various cancers because of its function in activating environmental procarcinogens and catalysing the conversion of oestrogens to genotoxic catechol oestrogens.","terms":[{"ids":"UNIPROT:Q16678:T116:PRGE","score":0.9898591299412529,"id":1,"start":88,"end":94,"text":"CYP1B1","terms":[]}]},{"id":2,"start":299,"end":638,"text":"To test the hypothesis that genetic polymorphisms in the CYP1B1 gene may associate with the risk for prostate cancer (CaP), we compared the allele, genotype, and haplotype frequencies of 13 single nucleotide polymorphisms (SNPs) of CYP1B1 among 159 hereditary prostate cancer (HPC) probands, 245 sporadic CaP cases, and 222 unaffected men.","terms":[{"ids":"UNIPROT:Q16678:T116:PRGE","score":0.9660149195468504,"id":1,"start":356,"end":367,"text":"CYP1B1 gene","terms":[]},{"ids":"UMLS:C0033572:T023:ANAT","score":1.0,"id":2,"start":400,"end":408,"text":"prostate","terms":[]},{"ids":"UMLS:C1855179:T047:DISO","score":1.0,"id":3,"start":417,"end":420,"text":"CaP","terms":[]},{"ids":"UNIPROT:Q16678:T116:PRGE","score":0.9660149195468504,"id":4,"start":531,"end":537,"text":"CYP1B1","terms":[]},{"ids":"UMLS:C0033572:T023:ANAT","score":1.0,"id":5,"start":559,"end":567,"text":"prostate","terms":[]},{"ids":"UMLS:C0238339:T047:DISO","score":1.0,"id":6,"start":576,"end":579,"text":"HPC","terms":[]},{"ids":"UMLS:C1855179:T047:DISO","score":1.0,"id":7,"start":604,"end":607,"text":"CaP","terms":[]}]},{"id":3,"start":639,"end":866,"text":"When each of the SNPs was analysed separately, marginally significant differences were observed for allele frequencies between sporadic cases and controls for three consecutive SNPs (-1001C/T, -263G/A, and -13C/T, P\u003d0.04-0.07).","terms":[]},{"id":4,"start":867,"end":1096,"text":"Similarly, marginally significant differences between sporadic cases and controls in the frequency of variant allele carriers were observed for five consecutive SNPs (-1001C/T, -263G/A, -13C/T, +142C/G, and +355G/T, P\u003d0.02-0.08).","terms":[]},{"id":5,"start":1097,"end":1233,"text":"Interestingly, when the combination of these five SNPs was analysed using a haplotype approach, a larger difference was found (P\u003d0.009).","terms":[]},{"id":6,"start":1234,"end":1459,"text":"One frequent haplotype (C-G-C-C-G of -1001C/T, -263G/A, -13C/T, +142C/G, and +355G/T) was associated with an increased risk for CaP, while the other frequent haplotype (T-A-T-G-T) was associated with a decreased risk for CaP.","terms":[{"ids":"UMLS:C1855179:T047:DISO","score":1.0,"id":1,"start":1362,"end":1365,"text":"CaP","terms":[]},{"ids":"UMLS:C1855179:T047:DISO","score":1.0,"id":2,"start":1455,"end":1458,"text":"CaP","terms":[]}]},{"id":7,"start":1460,"end":1549,"text":"These findings suggest that genetic polymorphisms in CYP1B1 may modify the risk for CaP..","terms":[{"ids":"UNIPROT:Q16678:T116:PRGE","score":0.9401013724583718,"id":1,"start":1513,"end":1519,"text":"CYP1B1","terms":[]},{"ids":"UMLS:C1855179:T047:DISO","score":1.0,"id":2,"start":1544,"end":1547,"text":"CaP","terms":[]}]}]