[{"id":0,"start":0,"end":139,"text":"Muscle glycogenosis and mitochondrial hepatopathy in an infant with mutations in both the myophosphorylase and deoxyguanosine kinase genes.","terms":[{"ids":"UMLS:C0017919:T047:DISO","score":1.0,"id":1,"start":7,"end":19,"text":"glycogenosis","terms":[]},{"ids":"UMLS:C1328348:T047:DISO","score":1.0,"id":2,"start":24,"end":49,"text":"mitochondrial hepatopathy","terms":[]},{"ids":"UNIPROT:P11217:T116:PRGE","score":0.983424944292452,"id":3,"start":90,"end":138,"text":"myophosphorylase and deoxyguanosine kinase genes","terms":[]}]},{"id":1,"start":140,"end":390,"text":"OBJECTIVES: To document 2 apparently incongruous clinical disorders occurring in the same infant: congenital myopathy with myophosphorylase deficiency (McArdle disease) and mitochondrial hepatopathy with liver failure and mitochondrial DNA depletion.","terms":[{"ids":"UMLS:C0026848:T047:DISO","score":1.0,"id":1,"start":249,"end":257,"text":"myopathy","terms":[]},{"ids":"UMLS:C0017924:T047:DISO","score":1.0,"id":2,"start":263,"end":290,"text":"myophosphorylase deficiency","terms":[{"ids":"UNIPROT:P11217:T116:PRGE","score":0.7471182347271444,"id":1,"start":263,"end":279,"text":"myophosphorylase","terms":[]}]},{"ids":"UMLS:C0017924:T047:DISO","score":1.0,"id":3,"start":292,"end":307,"text":"McArdle disease","terms":[]},{"ids":"UMLS:C1328348:T047:DISO","score":1.0,"id":4,"start":313,"end":338,"text":"mitochondrial hepatopathy","terms":[]},{"ids":"UMLS:C0085605:T047:DISO","score":1.0,"id":5,"start":344,"end":357,"text":"liver failure","terms":[{"ids":"UMLS:C0023884:T023:ANAT","score":1.0,"id":1,"start":344,"end":349,"text":"liver","terms":[]}]},{"ids":"UMLS:C0342782:T047:DISO","score":1.0,"id":6,"start":362,"end":389,"text":"mitochondrial DNA depletion","terms":[]}]},{"id":2,"start":391,"end":558,"text":"METHODS: An infant girl born to consanguineous Moroccan parents had severe congenital hypotonia and hepatomegaly, developed liver failure, and died at 5 months of age.","terms":[{"ids":"UMLS:C0270971:T047:DISO","score":1.0,"id":1,"start":466,"end":486,"text":"congenital hypotonia","terms":[]},{"ids":"UMLS:C0085605:T047:DISO","score":1.0,"id":2,"start":515,"end":528,"text":"liver failure","terms":[{"ids":"UMLS:C0023884:T023:ANAT","score":1.0,"id":1,"start":515,"end":520,"text":"liver","terms":[]}]}]},{"id":3,"start":559,"end":750,"text":"We studied muscle and liver biopsy specimens histochemically and biochemically, and we sequenced the whole coding regions of the deoxyguanosine kinase (dGK) and myophosphorylase (PYGM) genes.","terms":[{"ids":"UMLS:C0023884:T023:ANAT","score":1.0,"id":1,"start":581,"end":586,"text":"liver","terms":[]},{"ids":"UNIPROT:Q16854:T116:PRGE","score":0.8913904529318847,"id":2,"start":688,"end":709,"text":"deoxyguanosine kinase","terms":[]},{"ids":"UNIPROT:O75912:T116:PRGE|UNIPROT:Q86XP1:T116:PRGE|UNIPROT:Q53H12:T116:PRGE|UNIPROT:P52824:T116:PRGE|UNIPROT:P49619:T116:PRGE|UNIPROT:Q16760:T116:PRGE|UNIPROT:P23743:T116:PRGE|UNIPROT:Q13574:T116:PRGE|UNIPROT:P52429:T116:PRGE|UNIPROT:Q16854:T116:PRGE|UNIPROT:Q5KSL6:T116:PRGE","score":0.8913904529318847,"id":3,"start":711,"end":714,"text":"dGK","terms":[]},{"ids":"UNIPROT:P11217:T116:PRGE","score":0.8913904529318847,"id":4,"start":720,"end":749,"text":"myophosphorylase (PYGM) genes","terms":[]}]},{"id":4,"start":751,"end":882,"text":"RESULTS: Muscle biopsy specimens showed subsarcolemmal glycogen accumulation and negative histochemical reaction for phosphorylase.","terms":[]},{"id":5,"start":883,"end":976,"text":"Liver biopsy specimens showed micronodular cirrhosis and massive mitochondrial proliferation.","terms":[{"ids":"UMLS:C0023884:T023:ANAT","score":1.0,"id":1,"start":883,"end":888,"text":"Liver","terms":[]},{"ids":"UMLS:C0267812:T047:DISO","score":1.0,"id":2,"start":913,"end":935,"text":"micronodular cirrhosis","terms":[]}]},{"id":6,"start":977,"end":1085,"text":"Biochemical analysis showed phosphorylase deficiency in muscle and cytochrome c oxidase deficiency in liver.","terms":[{"ids":"UMLS:C0268237:T047:DISO","score":1.0,"id":1,"start":1044,"end":1075,"text":"cytochrome c oxidase deficiency","terms":[{"ids":"UNIPROT:P99999:T116:PRGE","score":0.9022923933437669,"id":1,"start":1044,"end":1064,"text":"cytochrome c oxidase","terms":[]}]},{"ids":"UMLS:C0023884:T023:ANAT","score":1.0,"id":2,"start":1079,"end":1084,"text":"liver","terms":[]}]},{"id":7,"start":1086,"end":1405,"text":"We identified a novel homozygous missense G-to-A mutation at codon 456 in exon 11 of PYGM, as well as a homozygous 4-base pair GATT duplication (nucleotides 763-766) in exon 6 of dGK, which produces a frame shift and a premature TGA stop codon at nucleotides 766 to 768, resulting in a truncated 255-amino acid protein.","terms":[{"ids":"UNIPROT:O75912:T116:PRGE|UNIPROT:Q86XP1:T116:PRGE|UNIPROT:Q53H12:T116:PRGE|UNIPROT:P52824:T116:PRGE|UNIPROT:P49619:T116:PRGE|UNIPROT:Q16760:T116:PRGE|UNIPROT:P23743:T116:PRGE|UNIPROT:Q13574:T116:PRGE|UNIPROT:P52429:T116:PRGE|UNIPROT:Q16854:T116:PRGE|UNIPROT:Q5KSL6:T116:PRGE","score":0.48261514175792086,"id":1,"start":1265,"end":1268,"text":"dGK","terms":[]}]},{"id":8,"start":1406,"end":1460,"text":"Both mutations were absent in 100 healthy individuals.","terms":[]},{"id":9,"start":1461,"end":1781,"text":"CONCLUSIONS: Our data further expand the genetic heterogeneity in patients with McArdle disease; confirm the strong relationship between mitochondrial DNA depletion syndrome, liver involvement, and dGK mutations; and suggest that genetic \"double trouble\" should be considered in patients with unusual severe phenotypes..","terms":[{"ids":"UMLS:C0017924:T047:DISO","score":1.0,"id":1,"start":1541,"end":1556,"text":"McArdle disease","terms":[]},{"ids":"UMLS:C0342782:T047:DISO","score":1.0,"id":2,"start":1598,"end":1625,"text":"mitochondrial DNA depletion","terms":[]},{"ids":"UMLS:C0039082:T047:DISO","score":1.0,"id":3,"start":1626,"end":1634,"text":"syndrome","terms":[]},{"ids":"UMLS:C0023884:T023:ANAT","score":1.0,"id":4,"start":1636,"end":1641,"text":"liver","terms":[]},{"ids":"UNIPROT:O75912:T116:PRGE|UNIPROT:Q86XP1:T116:PRGE|UNIPROT:Q53H12:T116:PRGE|UNIPROT:P52824:T116:PRGE|UNIPROT:P49619:T116:PRGE|UNIPROT:Q16760:T116:PRGE|UNIPROT:P23743:T116:PRGE|UNIPROT:Q13574:T116:PRGE|UNIPROT:P52429:T116:PRGE|UNIPROT:Q16854:T116:PRGE|UNIPROT:Q5KSL6:T116:PRGE","score":0.6510641713165636,"id":5,"start":1659,"end":1672,"text":"dGK mutations","terms":[]}]}]