[{"id":0,"start":0,"end":176,"text":"Novel polypyrimidine variation (IVS46: del T -39...-46) in ABCA1 causes exon skipping and contributes to HDL cholesterol deficiency in a family with premature coronary disease.","terms":[{"ids":"UNIPROT:P28845:T116:PRGE","score":0.9737849762315307,"id":1,"start":105,"end":120,"text":"HDL cholesterol","terms":[]},{"ids":"UMLS:C0010068:T047:DISO","score":1.0,"id":2,"start":159,"end":175,"text":"coronary disease","terms":[{"ids":"UMLS:C0018787:T023:ANAT","score":1.0,"id":1,"start":159,"end":167,"text":"coronary","terms":[]}]}]},{"id":1,"start":177,"end":348,"text":"Recent studies have implicated mutations in the ATP-binding cassette transporter A1, ABCA1, as a cause of Tangier disease (TD) and familial hypoalphalipoproteinemia (FHA).","terms":[{"ids":"UNIPROT:P78363:T116:PRGE","score":0.7372112911883387,"id":1,"start":225,"end":260,"text":"ATP-binding cassette transporter A1","terms":[{"ids":"UMLS:C0933653:T023:ANAT","score":1.0,"id":1,"start":258,"end":260,"text":"A1","terms":[]}]},{"ids":"UMLS:C0039292:T047:DISO","score":1.0,"id":2,"start":283,"end":298,"text":"Tangier disease","terms":[]},{"ids":"UMLS:C1868678:T047:DISO","score":1.0,"id":3,"start":300,"end":302,"text":"TD","terms":[]},{"ids":"UMLS:C1704429:T047:DISO","score":1.0,"id":4,"start":308,"end":341,"text":"familial hypoalphalipoproteinemia","terms":[]},{"ids":"UMLS:C1704429:T047:DISO","score":1.0,"id":5,"start":343,"end":346,"text":"FHA","terms":[]}]},{"id":2,"start":349,"end":509,"text":"We investigated a proband with very low levels of high-density lipoprotein cholesterol (HDL-C, 6 mg/dL) and a history of premature coronary heart disease (CHD).","terms":[{"ids":"UNIPROT:P28845:T116:PRGE","score":0.7574044320507494,"id":1,"start":437,"end":442,"text":"HDL-C","terms":[]},{"ids":"UMLS:C0010068:T047:DISO|UMLS:C0010054:T047:DISO","score":1.0,"id":2,"start":480,"end":502,"text":"coronary heart disease","terms":[{"ids":"UMLS:C0018787:T023:ANAT","score":1.0,"id":1,"start":480,"end":488,"text":"coronary","terms":[]},{"ids":"UMLS:C0018787:T023:ANAT","score":1.0,"id":2,"start":489,"end":494,"text":"heart","terms":[]}]}]},{"id":3,"start":510,"end":568,"text":"Sequencing of the ABCA1 gene revealed 2 distinct variants.","terms":[{"ids":"UNIPROT:Q9H3M7:T116:PRGE","score":0.9817375227025209,"id":1,"start":528,"end":538,"text":"ABCA1 gene","terms":[]}]},{"id":4,"start":569,"end":623,"text":"The first mutation was a G5947A substitution (R1851Q).","terms":[]},{"id":5,"start":624,"end":770,"text":"The second mutation was a single-nucleotide deletion of thymidine in a polypyrimidine tract located 33 to 46 bps upstream to the start of exon 47.","terms":[{"ids":"UMLS:C1185740:T023:ANAT","score":1.0,"id":1,"start":710,"end":715,"text":"tract","terms":[]},{"ids":"UMLS:C1849718:T047:DISO","score":1.0,"id":2,"start":733,"end":736,"text":"bps","terms":[]}]},{"id":6,"start":771,"end":902,"text":"This mutation does not involve the 3\u0027 acceptor splice site and is outside the lariat branchpoint sequence (IVS46: del T -39...-46).","terms":[]},{"id":7,"start":903,"end":1070,"text":"Amplification of cDNA obtained in cultured fibroblasts of the proband and affected family member revealed an abnormally spliced cDNA sequence with skipping of exon 47.","terms":[]},{"id":8,"start":1071,"end":1148,"text":"These variants were not identified in over 400 chromosomes of healthy whites.","terms":[]},{"id":9,"start":1149,"end":1480,"text":"Compound heterozygotes (n\u003d4) exhibited the lowest HDL-C (11+/-5 mg/dL) and ApoA-I (35+/-15 mg/dL) compared with wild-type (n\u003d25) (HDL-C 51+/-14 mg/dL; ApoA-I 133+/-21 mg/dL) (P\u003c0.0005) or subjects affected with either R1851Q (n\u003d6) (HDL-C 36+/-8; ApoA-I 117+/-19) or IVS46: del T -39...-46 (n\u003d5) (HDL-C 31+9; ApoA-I 115+28 (P\u003c0.01).","terms":[{"ids":"UNIPROT:P28845:T116:PRGE","score":0.08587312546172576,"id":1,"start":1199,"end":1204,"text":"HDL-C","terms":[]},{"ids":"UNIPROT:P02647:T116:PRGE","score":0.08587312546172576,"id":2,"start":1224,"end":1230,"text":"ApoA-I","terms":[]},{"ids":"UNIPROT:P28845:T116:PRGE","score":0.08587312546172576,"id":3,"start":1279,"end":1284,"text":"HDL-C","terms":[]},{"ids":"UNIPROT:P28845:T116:PRGE","score":0.08587312546172576,"id":4,"start":1381,"end":1393,"text":"HDL-C 36+/-8","terms":[]},{"ids":"UNIPROT:P02647:T116:PRGE","score":0.08587312546172576,"id":5,"start":1395,"end":1410,"text":"ApoA-I 117+/-19","terms":[]},{"ids":"UNIPROT:P28845:T116:PRGE","score":0.08587312546172576,"id":6,"start":1445,"end":1455,"text":"HDL-C 31+9","terms":[]},{"ids":"UNIPROT:P02647:T116:PRGE","score":0.08587312546172576,"id":7,"start":1457,"end":1463,"text":"ApoA-I","terms":[]}]},{"id":10,"start":1481,"end":1752,"text":"These data suggest that polypyrimidine tract variation may represent a novel mechanism for altered splicing and exon skipping that is independent of traditional intronic variants as previously identified in acceptor/donor splice regions or the lariat branchpoint domain..","terms":[{"ids":"UMLS:C1185740:T023:ANAT","score":1.0,"id":1,"start":1520,"end":1525,"text":"tract","terms":[]}]}]