[{"id":0,"start":0,"end":107,"text":"Effects of RNase L mutations associated with prostate cancer on apoptosis induced by 2\u0027,5\u0027-oligoadenylates.","terms":[{"ids":"UNIPROT:Q05823:T116:PRGE","score":0.501504956582693,"id":1,"start":11,"end":28,"text":"RNase L mutations","terms":[]},{"ids":"UMLS:C0033572:T023:ANAT","score":1.0,"id":2,"start":45,"end":53,"text":"prostate","terms":[]}]},{"id":1,"start":108,"end":290,"text":"The RNASEL gene, a strong candidate for the hereditary prostate cancer 1 allele (HPC1), encodes a single-stranded specific endoribonuclease involved in the antiviral actions of IFNs.","terms":[{"ids":"UNIPROT:Q05823:T116:PRGE","score":0.44293248208731134,"id":1,"start":152,"end":187,"text":"hereditary prostate cancer 1 allele","terms":[{"ids":"UMLS:C0033572:T023:ANAT","score":1.0,"id":1,"start":163,"end":171,"text":"prostate","terms":[]}]},{"ids":"UNIPROT:Q05823:T116:PRGE","score":0.44293248208731134,"id":2,"start":189,"end":193,"text":"HPC1","terms":[]}]},{"id":2,"start":291,"end":406,"text":"RNase L is activated enzymatically after binding to unusual 5\u0027-phosphorylated, 2\u0027,5\u0027-linked oligoadenylates (2-5A).","terms":[{"ids":"UNIPROT:Q05823:T116:PRGE","score":0.7443701968755274,"id":1,"start":291,"end":298,"text":"RNase L","terms":[]}]},{"id":3,"start":407,"end":572,"text":"Biostable phosphorothioate analogues of 2-5A were synthesized chemically and used to study  the effects of naturally occurring mutations and polymorphisms in RNASEL.","terms":[]},{"id":4,"start":573,"end":731,"text":"The 2-5A analogues induced RNase L activity and caused apoptosis in cultures of late-stage, metastatic human prostate cancer cell lines DU145, PC3, and LNCaP.","terms":[{"ids":"UNIPROT:Q05823:T116:PRGE","score":0.6336218088985318,"id":1,"start":600,"end":607,"text":"RNase L","terms":[]},{"ids":"UMLS:C0033572:T023:ANAT","score":1.0,"id":2,"start":682,"end":690,"text":"prostate","terms":[]}]},{"id":5,"start":732,"end":880,"text":"However, DU145 and PC3 cells were more sensitive to 2-5A than LNCaP cells, which  are heterozygous for an inactivating deletion mutation in RNase L.","terms":[{"ids":"UNIPROT:Q05823:T116:PRGE","score":0.9895285661488481,"id":1,"start":872,"end":879,"text":"RNase L","terms":[]}]},{"id":6,"start":881,"end":1005,"text":"The RNase activities of missense variants of human RNase L were compared after expression in a mouse RNase L(-/-) cell line.","terms":[{"ids":"UNIPROT:P61221:T116:PRGE|UNIPROT:P07998:T116:PRGE|UNIPROT:P10153:T116:PRGE","score":0.4441919183785238,"id":1,"start":885,"end":890,"text":"RNase","terms":[]},{"ids":"UNIPROT:Q8TA86:T116:PRGE|UNIPROT:Q9H0Z9:T116:PRGE","score":0.4441919183785238,"id":2,"start":926,"end":939,"text":"human RNase L","terms":[]},{"ids":"UNIPROT:Q05823:T116:PRGE","score":0.4441919183785238,"id":3,"start":982,"end":989,"text":"RNase L","terms":[]}]},{"id":7,"start":1006,"end":1139,"text":"Several variants (G59S, I97L, I220V, G296V, S322F, Y529C, and D541E) produced similar levels of RNase L activity as wild-type enzyme.","terms":[{"ids":"UNIPROT:Q05823:T116:PRGE","score":0.7475009565889724,"id":1,"start":1102,"end":1109,"text":"RNase L","terms":[]}]},{"id":8,"start":1140,"end":1319,"text":"In contrast, the R462Q variant, previously implicated in up to 13% of unselected prostate cancer cases, bound 2-5A at wild-type levels but had a 3-fold decrease in RNase activity.","terms":[{"ids":"UMLS:C0033572:T023:ANAT","score":1.0,"id":1,"start":1221,"end":1229,"text":"prostate","terms":[]},{"ids":"UNIPROT:P61221:T116:PRGE|UNIPROT:P07998:T116:PRGE|UNIPROT:P10153:T116:PRGE","score":0.5071349030641266,"id":2,"start":1304,"end":1309,"text":"RNase","terms":[]}]},{"id":9,"start":1320,"end":1454,"text":"The deficiency in RNase L(R462Q) activity was correlated with a reduction in its ability to dimerize into a catalytically active form.","terms":[{"ids":"UNIPROT:Q05823:T116:PRGE","score":0.9820908174781442,"id":1,"start":1338,"end":1345,"text":"RNase L","terms":[]}]},{"id":10,"start":1455,"end":1603,"text":"Furthermore, RNase L(R462Q) was deficient in causing apoptosis in response to 2-5A consistent with its possible role in prostate cancer development.","terms":[{"ids":"UNIPROT:Q05823:T116:PRGE","score":0.7513951488318795,"id":1,"start":1468,"end":1475,"text":"RNase L","terms":[]},{"ids":"UMLS:C0033572:T023:ANAT","score":1.0,"id":2,"start":1575,"end":1583,"text":"prostate","terms":[]}]},{"id":11,"start":1604,"end":1732,"text":"Our findings support the notion that RNASEL mutations and some variants allow tumor cells to escape a potent apoptotic pathway..","terms":[]}]