[{"id":0,"start":0,"end":102,"text":"The C270T polymorphism of the brain-derived neurotrophic factor gene is associated with schizophrenia.","terms":[{"ids":"UNIPROT:Q99952:T116:PRGE","score":0.7432282145546527,"id":1,"start":30,"end":68,"text":"brain-derived neurotrophic factor gene","terms":[{"ids":"UMLS:C0006104:T023:ANAT","score":1.0,"id":1,"start":30,"end":35,"text":"brain","terms":[]}]}]},{"id":1,"start":103,"end":292,"text":"We investigated a novel polymorphism of single nucleotide substitution (C270T) of the brain-derived neurotrophic factor (BDNF) gene in schizophrenia patients (n\u003d101) and in controls (n\u003d68).","terms":[{"ids":"UNIPROT:Q99952:T116:PRGE","score":0.3353161507591891,"id":1,"start":189,"end":234,"text":"brain-derived neurotrophic factor (BDNF) gene","terms":[{"ids":"UMLS:C0006104:T023:ANAT","score":1.0,"id":1,"start":189,"end":194,"text":"brain","terms":[]}]}]},{"id":2,"start":293,"end":475,"text":"The frequency of the C/T genotype and the T allele were significantly higher in the schizophrenia patients (25.7% and 13.9%, respectively) compared with the controls (5.9% and 2.9%).","terms":[]},{"id":3,"start":476,"end":665,"text":"There were no significant differences in Positive and Negative Symptom Scale (PANSS) items and Global Assessment of Functioning (GAF) scores between the patients with C/C and C/T genotypes.","terms":[]},{"id":4,"start":666,"end":783,"text":"Further studies are warranted to elucidate the significance of this finding in the pathophysiology of schizophrenia..","terms":[]}]