[{"id":0,"start":0,"end":182,"text":"Haplotypes and DNA sequence variation within and surrounding the transthyretin gene: genotype-phenotype correlations in familial amyloid polyneuropathy (V30M) in Portugal and Sweden.","terms":[{"ids":"UNIPROT:P02766:T116:PRGE","score":0.9866062611661456,"id":1,"start":65,"end":83,"text":"transthyretin gene","terms":[]},{"ids":"UMLS:C0206245:T047:DISO","score":1.0,"id":2,"start":120,"end":151,"text":"familial amyloid polyneuropathy","terms":[]}]},{"id":1,"start":183,"end":428,"text":"Familial amyloid polyneuropathy (FAP) is a lethal autosomal dominant disorder in which fibrils derived from mutant forms of transthyretin (TTR), the normal plasma carrier of thyroxine (T(4)) and retinol-binding protein, are deposited in tissues.","terms":[{"ids":"UMLS:C0206245:T047:DISO","score":1.0,"id":1,"start":183,"end":214,"text":"Familial amyloid polyneuropathy","terms":[]},{"ids":"UMLS:C2751492:T047:DISO","score":1.0,"id":2,"start":216,"end":219,"text":"FAP","terms":[]},{"ids":"UNIPROT:P02766:T116:PRGE","score":0.5420744191666321,"id":3,"start":307,"end":320,"text":"transthyretin","terms":[]},{"ids":"UNIPROT:P02766:T116:PRGE","score":0.5420744191666321,"id":4,"start":322,"end":325,"text":"TTR","terms":[]},{"ids":"UNIPROT:P09455:T116:PRGE|UNIPROT:P10745:T116:PRGE","score":0.5420744191666321,"id":5,"start":378,"end":401,"text":"retinol-binding protein","terms":[]}]},{"id":2,"start":429,"end":618,"text":"Over 80 TTR sequence variants are associated with FAP, but the amino-acid substitutions alone do not completely explain the variability in disease penetrance, pathology and clinical course.","terms":[{"ids":"UNIPROT:P02766:T116:PRGE","score":0.3198322571537263,"id":1,"start":434,"end":458,"text":"80 TTR sequence variants","terms":[]},{"ids":"UMLS:C2751492:T047:DISO|UNIPROT:P25054:T116:PRGE|UNIPROT:P19835:T116:PRGE|UNIPROT:Q92990:T116:PRGE|UNIPROT:Q12884:T116:PRGE|UNIPROT:P02766:T116:PRGE","score":1.0,"id":2,"start":479,"end":482,"text":"FAP","terms":[]}]},{"id":3,"start":619,"end":986,"text":"To analyze the factors possibly contributing to this phenotypic variability, we characterized the variations within the wild-type and mutant (Val30Met) TTR genes and their flanking sequences by performing extended microsatellite haplotype analyses, sequencing and single-nucleotide polymorphism haplotyping of genomic DNA from Portuguese and Swedish carriers of V30M.","terms":[]},{"id":4,"start":987,"end":1176,"text":"We identified 10 new polymorphisms in the TTR untranslated regions, eight resulting from single-base substitutions and two arising from insertion/deletions in dinucleotide repeat sequences.","terms":[]},{"id":5,"start":1177,"end":1439,"text":"The data suggest that the onset of symptoms of FAP V30M may be modulated by an interval downstream of TTR on the accompanying noncarrier chromosome (defined by microsatellites D18S457 and D18S456), but not by the immediately 5\u0027- and 3\u0027-flanking sequences of TTR.","terms":[{"ids":"UNIPROT:P25054:T116:PRGE|UNIPROT:P19835:T116:PRGE|UNIPROT:Q92990:T116:PRGE|UNIPROT:Q12884:T116:PRGE|UNIPROT:P02766:T116:PRGE","score":0.5406767262815116,"id":1,"start":1224,"end":1232,"text":"FAP V30M","terms":[{"ids":"UMLS:C2751492:T047:DISO","score":1.0,"id":1,"start":1224,"end":1227,"text":"FAP","terms":[]}]},{"ids":"UNIPROT:P02766:T116:PRGE","score":0.5406767262815116,"id":2,"start":1279,"end":1282,"text":"TTR","terms":[]}]},{"id":6,"start":1440,"end":1636,"text":"During the course of these studies, we also encountered the first instance in which the previously described intragenic haplotype III may be associated with V30M FAP in the Portuguese population..","terms":[{"ids":"UNIPROT:P25054:T116:PRGE|UNIPROT:P19835:T116:PRGE|UNIPROT:Q92990:T116:PRGE|UNIPROT:Q12884:T116:PRGE|UNIPROT:P02766:T116:PRGE","score":0.9853669698241246,"id":1,"start":1597,"end":1605,"text":"V30M FAP","terms":[{"ids":"UMLS:C2751492:T047:DISO","score":1.0,"id":1,"start":1602,"end":1605,"text":"FAP","terms":[]}]}]}]