[{"id":0,"start":0,"end":80,"text":"Applications of polymorphisms and pharmacogenomics in obstetrics and gynecology.","terms":[]},{"id":1,"start":81,"end":254,"text":"The number of reports investigating disease susceptibility based on the carriage  of low-penetrance, high-frequency polymorphisms has steadily increased over the last years.","terms":[]},{"id":2,"start":255,"end":405,"text":"Evidence based on meta-analyses of individual case-control studies is accumulating, defining specific individual variations in disease susceptibility.","terms":[]},{"id":3,"start":407,"end":588,"text":"For example, genetic variations of the estradiol metabolism have been described as significant contributors to disease susceptibility with variations depending on ethnic background.","terms":[]},{"id":4,"start":589,"end":728,"text":"In the field of obstetrics and gynecology, the genetic contribution of polymorphic markers to a series of disorders has been characterized.","terms":[]},{"id":5,"start":729,"end":903,"text":"These disorders include recurrent pregnancy loss, pre-eclampsia, endometriosis, breast cancer, and hormone replacement therapy (HRT)-related complications such as thrombosis.","terms":[{"ids":"UMLS:C0013537:T047:DISO","score":1.0,"id":1,"start":783,"end":792,"text":"eclampsia","terms":[]},{"ids":"UMLS:C0014175:T047:DISO","score":1.0,"id":2,"start":794,"end":807,"text":"endometriosis","terms":[]},{"ids":"UMLS:C0006141:T023:ANAT","score":1.0,"id":3,"start":809,"end":815,"text":"breast","terms":[]}]},{"id":6,"start":904,"end":1298,"text":"Among other genetic markers, thrombophilic genetic variants, such as the Factor V Leiden and prothrombin G20210A polymorphisms, as well as genetic variants of cytochrome P450 (CYP) enzymes, for  example, CYP19 and CYP1B1, have been established as genetic risk markers and disease modifiers of recurrent and sporadic pregnancy loss and HRT-independent and -dependent breast cancer, respectively.","terms":[{"ids":"UNIPROT:P12259:T116:PRGE","score":0.7463336144705188,"id":1,"start":977,"end":992,"text":"Factor V Leiden","terms":[]},{"ids":"UNIPROT:P00734:T116:PRGE","score":0.7463336144705188,"id":2,"start":997,"end":1016,"text":"prothrombin G20210A","terms":[]},{"ids":"UNIPROT:Q9HCS2:T116:PRGE|UNIPROT:P05177:T116:PRGE|UNIPROT:Q8N1L4:T116:PRGE|UNIPROT:P13584:T116:PRGE|UNIPROT:P24462:T116:PRGE|UNIPROT:Q7Z449:T116:PRGE|UNIPROT:P20815:T116:PRGE|UNIPROT:P20853:T116:PRGE|UNIPROT:P10635:T116:PRGE|UNIPROT:P04798:T116:PRGE|UNIPROT:Q96SQ9:T116:PRGE|UNIPROT:P33261:T116:PRGE|UNIPROT:P20813:T116:PRGE|UNIPROT:Q02928:T116:PRGE|UNIPROT:P11511:T116:PRGE|UNIPROT:Q86W10:T116:PRGE|UNIPROT:Q16696:T116:PRGE|UNIPROT:Q6V0L0:T116:PRGE|UNIPROT:Q9HBI6:T116:PRGE|UNIPROT:P24903:T116:PRGE|UNIPROT:P10632:T116:PRGE|UNIPROT:P51589:T116:PRGE|UNIPROT:Q8N118:T116:PRGE|UNIPROT:P98187:T116:PRGE|UNIPROT:Q16678:T116:PRGE|UNIPROT:P33260:T116:PRGE|UNIPROT:Q9HB55:T116:PRGE","score":0.7463336144705188,"id":3,"start":1063,"end":1078,"text":"cytochrome P450","terms":[]},{"ids":"UNIPROT:Q13427:T116:PRGE","score":0.7463336144705188,"id":4,"start":1080,"end":1083,"text":"CYP","terms":[]},{"ids":"UNIPROT:P11511:T116:PRGE","score":0.7463336144705188,"id":5,"start":1108,"end":1113,"text":"CYP19","terms":[]},{"ids":"UNIPROT:Q16678:T116:PRGE","score":0.7463336144705188,"id":6,"start":1118,"end":1124,"text":"CYP1B1","terms":[]},{"ids":"UMLS:C0006141:T023:ANAT","score":1.0,"id":7,"start":1270,"end":1276,"text":"breast","terms":[]}]},{"id":7,"start":1299,"end":1521,"text":"In addition, meta-analyses of data in the literature established the TGFBR1*6A, GSTP I105V, and TP53 R72P polymorphisms, as well as the GSTM1 gene deletion as low-penetrance genetic risk  factors of sporadic breast cancer.","terms":[{"ids":"UNIPROT:P36897:T116:PRGE","score":0.8437777151311736,"id":1,"start":1368,"end":1377,"text":"TGFBR1*6A","terms":[]},{"ids":"UNIPROT:P09211:T116:PRGE","score":0.8437777151311736,"id":2,"start":1379,"end":1389,"text":"GSTP I105V","terms":[]},{"ids":"UNIPROT:P09488:T116:PRGE","score":0.8437777151311736,"id":3,"start":1435,"end":1445,"text":"GSTM1 gene","terms":[]},{"ids":"UMLS:C0006141:T023:ANAT","score":1.0,"id":4,"start":1507,"end":1513,"text":"breast","terms":[]}]},{"id":8,"start":1522,"end":1816,"text":"With respect to genetic modulation of therapeutic effects, beneficial effects of estrogen replacement therapy and HRT are modulated by the carriage of single nucleotide polymorphisms, for example, osteoprotection and blood lipid changes by the estrogen receptor-alpha (ER-a) PvuII polymorphism.","terms":[{"ids":"UNIPROT:P03372:T116:PRGE","score":0.8738353429437643,"id":1,"start":1766,"end":1789,"text":"estrogen receptor-alpha","terms":[]},{"ids":"UNIPROT:O14944:T116:PRGE","score":0.8738353429437643,"id":2,"start":1791,"end":1795,"text":"ER-a","terms":[]}]},{"id":9,"start":1817,"end":1998,"text":"Polymorphisms of the catechol-O-methyltransferase (COMT), ER-alpha, IL-1 receptor antagonist, and Factor V genes have been demonstrated to  modulate the timing of natural menopause.","terms":[{"ids":"UNIPROT:P21964:T116:PRGE","score":0.9349009127687495,"id":1,"start":1838,"end":1866,"text":"catechol-O-methyltransferase","terms":[]},{"ids":"UNIPROT:P21964:T116:PRGE","score":0.9349009127687495,"id":2,"start":1868,"end":1872,"text":"COMT","terms":[]},{"ids":"UNIPROT:P03372:T116:PRGE","score":0.9349009127687495,"id":3,"start":1875,"end":1883,"text":"ER-alpha","terms":[]},{"ids":"UNIPROT:Q9NP60:T116:PRGE","score":0.9349009127687495,"id":4,"start":1885,"end":1898,"text":"IL-1 receptor","terms":[]},{"ids":"UNIPROT:P12259:T116:PRGE","score":0.9349009127687495,"id":5,"start":1915,"end":1929,"text":"Factor V genes","terms":[]}]},{"id":10,"start":1999,"end":2242,"text":"Lastly, a strong genetic contribution of polymorphisms to the development and the clinical course of endometriosis has  been established with data pointing to polymorphisms of the COMT, GST, NAT-2, and ER-alpha genes as susceptibility markers.","terms":[{"ids":"UMLS:C0014175:T047:DISO","score":1.0,"id":1,"start":2100,"end":2113,"text":"endometriosis","terms":[]},{"ids":"UNIPROT:P21964:T116:PRGE","score":0.8480322031367024,"id":2,"start":2179,"end":2183,"text":"COMT","terms":[]},{"ids":"UNIPROT:Q9Y2Q3:T116:PRGE|UNIPROT:Q86UG4:T116:PRGE|UNIPROT:Q03013:T116:PRGE","score":0.8480322031367024,"id":3,"start":2185,"end":2188,"text":"GST","terms":[]},{"ids":"UNIPROT:P18440:T116:PRGE","score":0.8480322031367024,"id":4,"start":2190,"end":2195,"text":"NAT-2","terms":[]},{"ids":"UNIPROT:P03372:T116:PRGE","score":0.8480322031367024,"id":5,"start":2201,"end":2209,"text":"ER-alpha","terms":[]}]},{"id":11,"start":2243,"end":2459,"text":"In summary, the available evidence points to a number of polymorphisms of a wide variety of genes as strong hereditary determinants of the susceptibility to benign and malignant gynecologic and obstetric conditions..","terms":[]}]