[{"id":0,"start":0,"end":82,"text":"Androgen receptor mutations in high-grade prostate cancer before hormonal therapy.","terms":[{"ids":"UNIPROT:P10275:T116:PRGE","score":0.843441209042222,"id":1,"start":0,"end":17,"text":"Androgen receptor","terms":[]},{"ids":"UMLS:C0033572:T023:ANAT","score":1.0,"id":2,"start":42,"end":50,"text":"prostate","terms":[]}]},{"id":1,"start":83,"end":247,"text":"Androgen action is mediated through androgen receptor (AR), which appears to undergo structural and functional alterations during prostate cancer (CaP) progression.","terms":[{"ids":"UNIPROT:P10275:T116:PRGE","score":0.9888028034349369,"id":1,"start":119,"end":136,"text":"androgen receptor","terms":[]},{"ids":"UMLS:C0003504:T047:DISO|UNIPROT:P01721:T116:PRGE|UNIPROT:Q9NZJ4:T116:PRGE|UNIPROT:P10275:T116:PRGE","score":1.0,"id":2,"start":138,"end":140,"text":"AR","terms":[]},{"ids":"UMLS:C0033572:T023:ANAT","score":1.0,"id":3,"start":213,"end":221,"text":"prostate","terms":[]},{"ids":"UMLS:C1855179:T047:DISO","score":1.0,"id":4,"start":230,"end":233,"text":"CaP","terms":[]}]},{"id":2,"start":248,"end":406,"text":"AR mutations have been infrequently reported in CaP before hormonal  therapy, but in untreated, advanced tumors AR mutations are suggested to be more  common.","terms":[{"ids":"UMLS:C0003504:T047:DISO|UNIPROT:P01721:T116:PRGE|UNIPROT:Q9NZJ4:T116:PRGE|UNIPROT:P10275:T116:PRGE","score":1.0,"id":1,"start":248,"end":250,"text":"AR","terms":[]},{"ids":"UMLS:C1855179:T047:DISO","score":1.0,"id":2,"start":296,"end":299,"text":"CaP","terms":[]},{"ids":"UMLS:C0003504:T047:DISO|UNIPROT:P01721:T116:PRGE|UNIPROT:Q9NZJ4:T116:PRGE|UNIPROT:P10275:T116:PRGE","score":1.0,"id":3,"start":360,"end":362,"text":"AR","terms":[]}]},{"id":3,"start":407,"end":665,"text":"To investigate the frequency of AR mutations in aggressive CaP before hormonal therapy, we have analyzed AR coding region for aberrations in 21 paraffin-embedded prostate carcinoma samples (14 primary tumors, 7 metastases) of poor histologic differentiation.","terms":[{"ids":"UMLS:C0003504:T047:DISO|UNIPROT:P01721:T116:PRGE|UNIPROT:Q9NZJ4:T116:PRGE|UNIPROT:P10275:T116:PRGE","score":1.0,"id":1,"start":439,"end":441,"text":"AR","terms":[]},{"ids":"UMLS:C1855179:T047:DISO","score":1.0,"id":2,"start":466,"end":469,"text":"CaP","terms":[]},{"ids":"UMLS:C0003504:T047:DISO|UNIPROT:P01721:T116:PRGE|UNIPROT:Q9NZJ4:T116:PRGE|UNIPROT:P10275:T116:PRGE","score":1.0,"id":3,"start":512,"end":514,"text":"AR","terms":[]},{"ids":"UMLS:C0033572:T023:ANAT","score":1.0,"id":4,"start":569,"end":577,"text":"prostate","terms":[]}]},{"id":4,"start":666,"end":830,"text":"Single-stranded conformational polymorphism and  sequencing analyses revealed AR missense mutations in 29% (4/14) of the primary tumors and in one (14%) metastasis.","terms":[{"ids":"UMLS:C0003504:T047:DISO","score":1.0,"id":1,"start":744,"end":746,"text":"AR","terms":[]}]},{"id":5,"start":831,"end":903,"text":"Mutations resided in the transactivation domain and in the hinge region.","terms":[]},{"id":6,"start":904,"end":1134,"text":"One of the hinge region mutants, Ser646Phe, that  was identified in a patient with short endocrine therapy response, exhibited a markedly increased transcriptional activity on single androgen response element-containing promoters.","terms":[]},{"id":7,"start":1135,"end":1349,"text":"In conclusion, AR mutations are frequent in high-grade CaP before initiation of hormonal therapy, and these mutations may play a role in poor therapy response and emergence of hormone-refractory CaP in some cases..","terms":[{"ids":"UMLS:C0003504:T047:DISO|UNIPROT:P01721:T116:PRGE|UNIPROT:Q9NZJ4:T116:PRGE|UNIPROT:P10275:T116:PRGE","score":1.0,"id":1,"start":1150,"end":1152,"text":"AR","terms":[]},{"ids":"UMLS:C1855179:T047:DISO","score":1.0,"id":2,"start":1190,"end":1193,"text":"CaP","terms":[]},{"ids":"UMLS:C1855179:T047:DISO","score":1.0,"id":3,"start":1330,"end":1333,"text":"CaP","terms":[]}]}]