[{"id":0,"start":0,"end":52,"text":"Gonadal mosaicism in severe Pallister-Hall syndrome.","terms":[{"ids":"UMLS:C0018067:T023:ANAT","score":1.0,"id":1,"start":0,"end":7,"text":"Gonadal","terms":[]},{"ids":"UMLS:C0265220:T047:DISO","score":1.0,"id":2,"start":28,"end":51,"text":"Pallister-Hall syndrome","terms":[]}]},{"id":1,"start":53,"end":274,"text":"Pallister-Hall syndrome (PHS, MIM #146510) is characterized by central and postaxial polydactyly, hypothalamic hamartoma (HH), bifid epiglottis, imperforate anus, renal abnormalities, and pulmonary segmentation anomalies.","terms":[{"ids":"UMLS:C0265220:T047:DISO","score":1.0,"id":1,"start":53,"end":76,"text":"Pallister-Hall syndrome","terms":[]},{"ids":"UMLS:C0265220:T047:DISO","score":1.0,"id":2,"start":78,"end":81,"text":"PHS","terms":[]},{"ids":"UMLS:C0220697:T047:DISO","score":1.0,"id":3,"start":128,"end":149,"text":"postaxial polydactyly","terms":[]},{"ids":"UMLS:C0342418:T047:DISO","score":1.0,"id":4,"start":151,"end":173,"text":"hypothalamic hamartoma","terms":[{"ids":"UMLS:C0020663:T023:ANAT","score":1.0,"id":1,"start":151,"end":163,"text":"hypothalamic","terms":[]}]},{"ids":"UMLS:C0014540:T023:ANAT","score":1.0,"id":5,"start":186,"end":196,"text":"epiglottis","terms":[]},{"ids":"UMLS:C0003466:T047:DISO","score":1.0,"id":6,"start":198,"end":214,"text":"imperforate anus","terms":[{"ids":"UMLS:C0003461:T023:ANAT","score":1.0,"id":1,"start":210,"end":214,"text":"anus","terms":[]}]},{"ids":"UMLS:C0022646:T023:ANAT","score":1.0,"id":7,"start":216,"end":221,"text":"renal","terms":[]},{"ids":"UMLS:C0024109:T023:ANAT","score":1.0,"id":8,"start":241,"end":250,"text":"pulmonary","terms":[]}]},{"id":2,"start":275,"end":324,"text":"It is inherited in an autosomal dominant pattern.","terms":[]},{"id":3,"start":325,"end":473,"text":"Here, we describe a family with two affected children manifesting severe PHS with mental retardation, behavioral problems, and intractable seizures.","terms":[{"ids":"UMLS:C0265220:T047:DISO","score":1.0,"id":1,"start":398,"end":401,"text":"PHS","terms":[]}]},{"id":4,"start":474,"end":601,"text":"Both parents are healthy, with normal intelligence, and have no malformations on physical, laryngoscopic, and cranial MRI exam.","terms":[{"ids":"UMLS:C0037303:T023:ANAT","score":1.0,"id":1,"start":584,"end":591,"text":"cranial","terms":[]}]},{"id":5,"start":602,"end":763,"text":"The atypical presentation of these children and the absence of parental manifestations suggested an autosomal recessive mode of inheritance or gonadal mosaicism.","terms":[{"ids":"UMLS:C0018067:T023:ANAT","score":1.0,"id":1,"start":745,"end":752,"text":"gonadal","terms":[]}]},{"id":6,"start":764,"end":974,"text":"Sequencing of GLI3 revealed a two nucleotide deletion in exon 15 (c.3385_3386delTT) predicting a frameshift and premature stop at codon 1129 (p.F1129X) in the children while both parents have wild type alleles.","terms":[{"ids":"UNIPROT:P10071:T116:PRGE","score":0.9677480267339788,"id":1,"start":778,"end":782,"text":"GLI3","terms":[]}]},{"id":7,"start":975,"end":1194,"text":"Genotyping with GLI3 intragenic markers revealed that both children inherited the abnormal allele from their mother thus supporting gonadal mosaicism as the underlying mechanism of inheritance (paternity was confirmed).","terms":[{"ids":"UNIPROT:P10071:T116:PRGE","score":0.8580815999462461,"id":1,"start":991,"end":995,"text":"GLI3","terms":[]},{"ids":"UMLS:C0018067:T023:ANAT","score":1.0,"id":2,"start":1107,"end":1114,"text":"gonadal","terms":[]}]},{"id":8,"start":1195,"end":1255,"text":"This is the first reported case of gonadal mosaicism in PHS.","terms":[{"ids":"UMLS:C0018067:T023:ANAT","score":1.0,"id":1,"start":1230,"end":1237,"text":"gonadal","terms":[]},{"ids":"UMLS:C0265220:T047:DISO","score":1.0,"id":2,"start":1251,"end":1254,"text":"PHS","terms":[]}]},{"id":9,"start":1256,"end":1450,"text":"The severe CNS manifestations of these children are reminiscent of children with non-syndromic HH who often have progressive mental retardation with behavioral problems and intractable seizures.","terms":[]},{"id":10,"start":1451,"end":1687,"text":"We conclude that the phenotypic spectrum of PHS can include severe CNS manifestations and that recurrence risks for PHS should include a proviso for gonadal mosaicism, though the frequency cannot be calculated from a single case report.","terms":[{"ids":"UMLS:C0265220:T047:DISO|UNIPROT:P61457:T116:PRGE","score":1.0,"id":1,"start":1495,"end":1498,"text":"PHS","terms":[]},{"ids":"UMLS:C0265220:T047:DISO","score":1.0,"id":2,"start":1567,"end":1570,"text":"PHS","terms":[]},{"ids":"UMLS:C0018067:T023:ANAT","score":1.0,"id":3,"start":1600,"end":1607,"text":"gonadal","terms":[]}]},{"id":11,"start":1688,"end":1720,"text":"Published 2003 Wiley-Liss, Inc..","terms":[]}]