[{"id":0,"start":0,"end":133,"text":"Two novel severe mutations in the pancreatic secretory trypsin inhibitor gene (SPINK1) cause familial and/or hereditary pancreatitis.","terms":[{"ids":"UMLS:C0030274:T023:ANAT","score":1.0,"id":1,"start":34,"end":44,"text":"pancreatic","terms":[]},{"ids":"UNIPROT:P19823:T116:PRGE|UNIPROT:Q9H0B8:T116:PRGE","score":0.6361317476915104,"id":2,"start":55,"end":77,"text":"trypsin inhibitor gene","terms":[]},{"ids":"UNIPROT:P00995:T116:PRGE","score":0.6361317476915104,"id":3,"start":79,"end":85,"text":"SPINK1","terms":[]},{"ids":"UMLS:C0238339:T047:DISO","score":1.0,"id":4,"start":109,"end":132,"text":"hereditary pancreatitis","terms":[]}]},{"id":1,"start":134,"end":327,"text":"Mutations in the serine protease inhibitor Kazal type 1 gene (SPINK1) encoding pancreatic secretory trypsin inhibitor (PSTI) have recently been found to be associated with chronic pancreatitis.","terms":[{"ids":"UNIPROT:P00995:T116:PRGE","score":0.14300646394907696,"id":1,"start":151,"end":194,"text":"serine protease inhibitor Kazal type 1 gene","terms":[]},{"ids":"UNIPROT:P00995:T116:PRGE","score":0.14300646394907696,"id":2,"start":196,"end":202,"text":"SPINK1","terms":[]},{"ids":"UNIPROT:P00995:T116:PRGE","score":0.0,"id":3,"start":213,"end":251,"text":"pancreatic secretory trypsin inhibitor","terms":[{"ids":"UMLS:C0030274:T023:ANAT","score":1.0,"id":1,"start":213,"end":223,"text":"pancreatic","terms":[]}]},{"ids":"UNIPROT:P00995:T116:PRGE|UNIPROT:Q99895:T116:PRGE","score":0.14300646394907696,"id":4,"start":253,"end":257,"text":"PSTI","terms":[]},{"ids":"UMLS:C0149521:T047:DISO","score":1.0,"id":5,"start":306,"end":326,"text":"chronic pancreatitis","terms":[]}]},{"id":2,"start":328,"end":462,"text":"Nevertheless, knowledge of severe mutations is particularly scarce, both in terms of number and in the extent of clinical information.","terms":[]},{"id":3,"start":463,"end":536,"text":"The aim of this study was to expand the known spectrum of such mutations.","terms":[]},{"id":4,"start":537,"end":736,"text":"46 unrelated families, each including at least two pancreatitis patients and carrying neither cationic trypsinogen (PRSS1) mutations nor the frequent SPINK1 N34S mutation, participated in this study.","terms":[{"ids":"UMLS:C0030305:T047:DISO","score":1.0,"id":1,"start":588,"end":600,"text":"pancreatitis","terms":[]},{"ids":"UNIPROT:Q8NHM4:T116:PRGE|UNIPROT:P07478:T116:PRGE|UNIPROT:Q99895:T116:PRGE","score":0.36712104700190873,"id":2,"start":631,"end":651,"text":"cationic trypsinogen","terms":[]},{"ids":"UNIPROT:Q8NHM4:T116:PRGE|UNIPROT:P07478:T116:PRGE|UNIPROT:Q99895:T116:PRGE|UNIPROT:Q8IYP2:T116:PRGE","score":0.36712104700190873,"id":3,"start":653,"end":658,"text":"PRSS1","terms":[]},{"ids":"UNIPROT:P00995:T116:PRGE","score":0.36712104700190873,"id":4,"start":687,"end":698,"text":"SPINK1 N34S","terms":[]}]},{"id":5,"start":737,"end":936,"text":"The four exons and their flanking sequences of the SPINK1 gene were screened by denaturing high performance liquid chromatography analysis (DHPLC); and mutations were identified by direct sequencing.","terms":[{"ids":"UNIPROT:P00995:T116:PRGE","score":0.9857635978204913,"id":1,"start":788,"end":799,"text":"SPINK1 gene","terms":[]}]},{"id":6,"start":937,"end":1059,"text":"A heterozygous microdeletion mutation (c.27delC), which occurs within a symmetric element, was identified in two families.","terms":[]},{"id":7,"start":1060,"end":1175,"text":"In one family, c.27delC showed segregation with the disease across two generations, with a penetrance of up to 75%.","terms":[]},{"id":8,"start":1176,"end":1281,"text":"But in the other family, however, the same mutation manifested as a low-penetrance susceptibility factor.","terms":[]},{"id":9,"start":1282,"end":1444,"text":"In addition, a novel heterozygous splicing mutation, c.87+1G\u003eA (G\u003eA substitution at nucleotide +1 of intron 2) was found in one family with familial pancreatitis.","terms":[{"ids":"UMLS:C0030305:T047:DISO","score":1.0,"id":1,"start":1431,"end":1443,"text":"pancreatitis","terms":[]}]},{"id":10,"start":1445,"end":1543,"text":"Our results also helped to resolve the sharply differing views about PSTI\u0027s role in pancreatitis..","terms":[{"ids":"UMLS:C0030305:T047:DISO","score":1.0,"id":1,"start":1529,"end":1541,"text":"pancreatitis","terms":[]}]}]