[{"id":0,"start":0,"end":169,"text":"Structural and biochemical basis for novel mutations in homozygous Israeli maple syrup urine disease patients: a proposed mechanism for the thiamin-responsive phenotype.","terms":[{"ids":"UMLS:C0024776:T047:DISO","score":1.0,"id":1,"start":75,"end":100,"text":"maple syrup urine disease","terms":[]}]},{"id":1,"start":170,"end":328,"text":"Maple syrup urine disease (MSUD) results from mutations affecting different subunits of the mitochondrial branched-chain alpha-ketoacid dehydrogenase complex.","terms":[{"ids":"UMLS:C0024776:T047:DISO","score":1.0,"id":1,"start":170,"end":195,"text":"Maple syrup urine disease","terms":[]},{"ids":"UMLS:C0024776:T047:DISO","score":1.0,"id":2,"start":197,"end":201,"text":"MSUD","terms":[]},{"ids":"UMLS:C1253959:T023:ANAT","score":1.0,"id":3,"start":276,"end":284,"text":"branched","terms":[]},{"ids":"UNIPROT:P35611:T116:PRGE|UNIPROT:P27986:T116:PRGE|UNIPROT:Q13131:T116:PRGE|UNIPROT:P07225:T116:PRGE|UNIPROT:Q96RQ3:T116:PRGE","score":0.3415058814717789,"id":4,"start":291,"end":319,"text":"alpha-ketoacid dehydrogenase","terms":[]}]},{"id":2,"start":329,"end":409,"text":"In this study, we identified seven novel mutations in MSUD patients from Israel.","terms":[{"ids":"UMLS:C0024776:T047:DISO","score":1.0,"id":1,"start":383,"end":387,"text":"MSUD","terms":[]}]},{"id":3,"start":410,"end":723,"text":"These include C219W-alpha (TGC to TGG) in the E1alpha subunit; H156Y-beta (CAT to TAT), V69G-beta (GTT to GGT), IVS 9 del[-7:-4], and 1109 ins 8bp (exon 10) in the E1beta subunit; and H391R (CAC to CGC) and S133stop (TCA to TGA) affecting the E2 subunit of the branched-chain alpha-ketoacid dehydrogenase complex.","terms":[{"ids":"UNIPROT:P78371:T116:PRGE|UNIPROT:P07951:T116:PRGE|UNIPROT:Q9HCC0:T116:PRGE|UNIPROT:O00459:T116:PRGE","score":0.023829311958799067,"id":1,"start":473,"end":483,"text":"H156Y-beta","terms":[]},{"ids":"UNIPROT:Q6IB77:T116:PRGE|UNIPROT:P04040:T116:PRGE|UNIPROT:P43155:T116:PRGE","score":0.023829311958799067,"id":2,"start":485,"end":488,"text":"CAT","terms":[]},{"ids":"UNIPROT:P17735:T116:PRGE","score":0.023829311958799067,"id":3,"start":492,"end":495,"text":"TAT","terms":[]},{"ids":"UNIPROT:P78371:T116:PRGE|UNIPROT:P07951:T116:PRGE|UNIPROT:Q9HCC0:T116:PRGE|UNIPROT:O00459:T116:PRGE","score":0.023829311958799067,"id":4,"start":498,"end":507,"text":"V69G-beta","terms":[]},{"ids":"UNIPROT:B5MD39:T116:PRGE|UNIPROT:P36268:T116:PRGE|UNIPROT:P19440:T116:PRGE","score":0.023829311958799067,"id":5,"start":516,"end":519,"text":"GGT","terms":[]},{"ids":"UNIPROT:P10515:T116:PRGE|UNIPROT:P11182:T116:PRGE|UNIPROT:P36957:T116:PRGE","score":0.023829311958799067,"id":6,"start":653,"end":663,"text":"E2 subunit","terms":[]},{"ids":"UMLS:C1253959:T023:ANAT","score":1.0,"id":7,"start":671,"end":679,"text":"branched","terms":[]},{"ids":"UNIPROT:P35611:T116:PRGE|UNIPROT:P27986:T116:PRGE|UNIPROT:Q13131:T116:PRGE|UNIPROT:P07225:T116:PRGE|UNIPROT:Q96RQ3:T116:PRGE","score":0.023829311958799067,"id":8,"start":686,"end":714,"text":"alpha-ketoacid dehydrogenase","terms":[]}]},{"id":4,"start":724,"end":917,"text":"Recombinant E1 proteins carrying the C219W-alpha or H156Y-beta mutation show no catalytic activity with defective subunit assembly and reduced binding affinity for cofactor thiamin diphosphate.","terms":[{"ids":"UNIPROT:Q9UHY7:T116:PRGE|UNIPROT:P08861:T116:PRGE|UNIPROT:P06276:T116:PRGE","score":0.885182977828522,"id":1,"start":724,"end":747,"text":"Recombinant E1 proteins","terms":[]},{"ids":"UNIPROT:P35611:T116:PRGE|UNIPROT:P27986:T116:PRGE|UNIPROT:Q13131:T116:PRGE|UNIPROT:P07225:T116:PRGE|UNIPROT:Q96RQ3:T116:PRGE","score":0.885182977828522,"id":2,"start":761,"end":772,"text":"C219W-alpha","terms":[]},{"ids":"UNIPROT:P78371:T116:PRGE|UNIPROT:P07951:T116:PRGE|UNIPROT:Q9HCC0:T116:PRGE|UNIPROT:O00459:T116:PRGE","score":0.885182977828522,"id":3,"start":776,"end":786,"text":"H156Y-beta","terms":[]}]},{"id":5,"start":918,"end":1042,"text":"The mutant E1 harboring the V69G-beta substitution cannot be expressed, suggesting aberrant folding caused by this mutation.","terms":[{"ids":"UNIPROT:P78371:T116:PRGE|UNIPROT:P07951:T116:PRGE|UNIPROT:Q9HCC0:T116:PRGE|UNIPROT:O00459:T116:PRGE","score":0.4682742110360732,"id":1,"start":946,"end":955,"text":"V69G-beta","terms":[]}]},{"id":6,"start":1043,"end":1149,"text":"These E1 mutations are ubiquitously associated with the classic phenotype in homozygous-affected patients.","terms":[{"ids":"UNIPROT:Q9UHY7:T116:PRGE|UNIPROT:P08861:T116:PRGE|UNIPROT:P06276:T116:PRGE","score":0.9591247999718868,"id":1,"start":1049,"end":1051,"text":"E1","terms":[]}]},{"id":7,"start":1150,"end":1338,"text":"The H391R substitution in the E2 subunit abolishes the key catalytic residue that functions as a general base in the acyltransfer reaction, resulting in a completely inactive E2 component.","terms":[{"ids":"UNIPROT:P10515:T116:PRGE|UNIPROT:P11182:T116:PRGE|UNIPROT:P36957:T116:PRGE","score":0.3391145459935828,"id":1,"start":1180,"end":1190,"text":"E2 subunit","terms":[]},{"ids":"UNIPROT:P10515:T116:PRGE|UNIPROT:P11182:T116:PRGE|UNIPROT:P36957:T116:PRGE","score":0.3391145459935828,"id":2,"start":1325,"end":1337,"text":"E2 component","terms":[]}]},{"id":8,"start":1339,"end":1435,"text":"However, wild-type E1 activity is enhanced by E1 binding to this full-length mutant E2 in vitro.","terms":[{"ids":"UNIPROT:Q9UHY7:T116:PRGE|UNIPROT:P08861:T116:PRGE|UNIPROT:P06276:T116:PRGE","score":0.6939414301220508,"id":1,"start":1358,"end":1360,"text":"E1","terms":[]},{"ids":"UNIPROT:Q9UHY7:T116:PRGE|UNIPROT:P08861:T116:PRGE|UNIPROT:P06276:T116:PRGE","score":0.6939414301220508,"id":2,"start":1385,"end":1387,"text":"E1","terms":[]}]},{"id":9,"start":1436,"end":1667,"text":"We propose that the augmented E1 activity is responsible for robust thiamin responsiveness in homozygous patients carrying the H391R E2 mutation and that the presence of a full-length mutant E2 is diagnostic of this MSUD phenotype.","terms":[{"ids":"UNIPROT:P10515:T116:PRGE|UNIPROT:P11182:T116:PRGE|UNIPROT:P36957:T116:PRGE","score":0.15375462282327915,"id":1,"start":1563,"end":1580,"text":"H391R E2 mutation","terms":[]},{"ids":"UMLS:C0024776:T047:DISO","score":1.0,"id":2,"start":1652,"end":1656,"text":"MSUD","terms":[]}]},{"id":10,"start":1668,"end":1831,"text":"The present results offer a structural and biochemical basis for these novel mutations and will facilitate DNA-based diagnosis for MSUD in the Israeli population..","terms":[{"ids":"UMLS:C0024776:T047:DISO","score":1.0,"id":1,"start":1799,"end":1803,"text":"MSUD","terms":[]}]}]