[{"id":0,"start":0,"end":121,"text":"Thyroperoxidase gene mutations in congenital goitrous hypothyroidism with total and partial iodide organification defect.","terms":[{"ids":"UNIPROT:P40225:T116:PRGE","score":0.9855042346676038,"id":1,"start":0,"end":15,"text":"Thyroperoxidase","terms":[]},{"ids":"UMLS:C0020676:T047:DISO","score":1.0,"id":2,"start":54,"end":68,"text":"hypothyroidism","terms":[]},{"ids":"UMLS:C1861101:T047:DISO","score":1.0,"id":3,"start":114,"end":120,"text":"defect","terms":[]}]},{"id":1,"start":122,"end":324,"text":"Mutations of the thyroperoxidase (TPO) gene have been reported as being the most severe and frequent abnormality in thyroid iodide organification defect (IOD) causing goitrous congenital hypothyroidism.","terms":[{"ids":"UNIPROT:P40225:T116:PRGE","score":0.8486513858272674,"id":1,"start":139,"end":154,"text":"thyroperoxidase","terms":[]},{"ids":"UNIPROT:P48047:T116:PRGE|UNIPROT:P40225:T116:PRGE","score":0.8486513858272674,"id":2,"start":156,"end":159,"text":"TPO","terms":[]},{"ids":"UMLS:C0040132:T023:ANAT","score":1.0,"id":3,"start":238,"end":245,"text":"thyroid","terms":[]},{"ids":"UMLS:C1861101:T047:DISO","score":1.0,"id":4,"start":268,"end":274,"text":"defect","terms":[]},{"ids":"UMLS:C0010308:T047:DISO|UMLS:C0342200:T047:DISO","score":1.0,"id":5,"start":298,"end":323,"text":"congenital hypothyroidism","terms":[]}]},{"id":2,"start":325,"end":607,"text":"The objective of this study was to screen and subsequently identify TPO gene mutations in patients with congenital hypothyroidism with evidence of total iodine organification defects (TIOD) or partial iodine organification defect (PIOD) as defined by the perchlorate discharge test.","terms":[{"ids":"UNIPROT:P48047:T116:PRGE|UNIPROT:P40225:T116:PRGE","score":0.9322186457817802,"id":1,"start":393,"end":401,"text":"TPO gene","terms":[]},{"ids":"UMLS:C0010308:T047:DISO|UMLS:C0342200:T047:DISO","score":1.0,"id":2,"start":429,"end":454,"text":"congenital hypothyroidism","terms":[]},{"ids":"UMLS:C1861101:T047:DISO","score":1.0,"id":3,"start":548,"end":554,"text":"defect","terms":[]}]},{"id":3,"start":608,"end":739,"text":"Seven goitrous patients with TIOD and seven patients with PIOD, from three and five unrelated families, respectively, were studied.","terms":[]},{"id":4,"start":740,"end":824,"text":"We were able to detect different TPO genes mutations in patients with TIOD and PIOD.","terms":[{"ids":"UNIPROT:P48047:T116:PRGE|UNIPROT:P40225:T116:PRGE","score":0.6252956445183495,"id":1,"start":773,"end":782,"text":"TPO genes","terms":[]}]},{"id":5,"start":825,"end":1203,"text":"In TIOD families the results were as follows: (1) a homozygous GGCC insertion at exon 8, position 1277 (family 1); (2) compound heterozygosity with a GGCC insertion at exon 8 (1277) and a nucleotide substitution in exon 11 (2068G\u003eC) (family 2); (3) compound heterozygosity with the mutation 2068G\u003eC in exon 11 and a C insertion in exon 14 between positions 2505-2511 (family 3).","terms":[]},{"id":6,"start":1204,"end":1616,"text":"In patients with PIOD we have detected: (1) only one heterozygous mutation in two families (4 and 5), in exons 11 and 10 (2084G\u003eA and 1780C\u003eA); (2) a compound heterozygous condition in one family (family 6), with mutations, respectively in exons 8 and 10 (1242G\u003eT and 1780C\u003eA); (3) only polymorphisms (family VII) and (4) a heterozygous mutation in the first base of the border exon/intron 9 +1G\u003eT (family VIII).","terms":[{"ids":"UMLS:C0012634:T047:DISO","score":1.0,"id":1,"start":1376,"end":1385,"text":"condition","terms":[]}]},{"id":7,"start":1617,"end":1747,"text":"We did not detect inactivating mutations in exons 11, 16, and 21 of the THOX2 gene where mutations have been previously described.","terms":[{"ids":"UNIPROT:Q9NRD8:T116:PRGE|UNIPROT:Q9NRD9:T116:PRGE","score":0.9996171690582043,"id":1,"start":1689,"end":1699,"text":"THOX2 gene","terms":[]}]},{"id":8,"start":1748,"end":1980,"text":"We concluded that homozygous and compound heterozygous mutations found in TIOD characterized the autosomal recessive mode of inheritance and will translate a nonfunctional protein or a protein that may not reach the apical membrane.","terms":[]},{"id":9,"start":1981,"end":2084,"text":"As for PIOD, the majority of the studied kindreds had only heterozygous mutations and/or polymorphisms.","terms":[]},{"id":10,"start":2085,"end":2260,"text":"It is conceivable that these TPO gene sequence alterations may partially affect the functional state of the translated protein or affect its transport to the apical membrane..","terms":[{"ids":"UNIPROT:P48047:T116:PRGE|UNIPROT:P40225:T116:PRGE","score":0.295613733091536,"id":1,"start":2114,"end":2122,"text":"TPO gene","terms":[]}]}]