[{"id":0,"start":0,"end":77,"text":"Identification of the Kna/Knb polymorphism and a method for Knops genotyping.","terms":[]},{"id":1,"start":78,"end":273,"text":"BACKGROUND: DNA mutations resulting in the McCoy and Swain-Langley polymorphisms have been identified on complement receptor 1 (CR1)-a ligand for rosetting of Plasmodium falciparum-infected RBCs.","terms":[{"ids":"UNIPROT:P17927:T116:PRGE","score":0.8181981641446934,"id":1,"start":183,"end":204,"text":"complement receptor 1","terms":[]},{"ids":"UNIPROT:P11274:T116:PRGE|UNIPROT:P17927:T116:PRGE","score":0.8181981641446934,"id":2,"start":206,"end":209,"text":"CR1","terms":[]}]},{"id":2,"start":274,"end":431,"text":"The molecular identification of the Kna/Knb polymorphism was sought to develop a genotyping method for use in the study of the Knops blood group and malaria.","terms":[{"ids":"UMLS:C0024530:T047:DISO","score":1.0,"id":1,"start":423,"end":430,"text":"malaria","terms":[]}]},{"id":3,"start":432,"end":526,"text":"STUDY DESIGN AND METHODS: CR1 deletion constructs were used in inhibition studies of anti-Kna.","terms":[]},{"id":4,"start":527,"end":587,"text":"PCR amplification of Exon 29 was followed by DNA sequencing.","terms":[]},{"id":5,"start":588,"end":706,"text":"A PCR-RFLP was developed with NdeI, BsmI, and MfeI for the detection of Kna/Knb, McCa/McCb, and Sl1/Sl2, respectively.","terms":[{"ids":"UNIPROT:Q96RQ3:T116:PRGE","score":0.6503787735190513,"id":1,"start":669,"end":673,"text":"McCa","terms":[]},{"ids":"UNIPROT:Q9HCC0:T116:PRGE","score":0.6503787735190513,"id":2,"start":674,"end":678,"text":"McCb","terms":[]},{"ids":"UNIPROT:Q15572:T116:PRGE|UNIPROT:Q53T94:T116:PRGE|UNIPROT:Q15573:T116:PRGE","score":0.6503787735190513,"id":3,"start":684,"end":687,"text":"Sl1","terms":[]}]},{"id":6,"start":707,"end":775,"text":"Knops phenotypes were determined with standard serologic techniques.","terms":[]},{"id":7,"start":776,"end":882,"text":"RESULTS: A total of 310 Malian persons were phenotyped for Kna with 200 (64%) Kn(a+) and 110 (36%) Kn(a-).","terms":[]},{"id":8,"start":883,"end":956,"text":"Many of the Kn(a-) exhibited the Knops-null phenotype, that is, Helgeson.","terms":[]},{"id":9,"start":957,"end":1083,"text":"The Kna/b DNA polymorphism was identified as a V1561M mutation with allele frequencies of Kna (V1561) 0.9 and Knb (M1561) 0.1.","terms":[{"ids":"UNIPROT:O14717:T116:PRGE","score":0.4413402455792754,"id":1,"start":961,"end":970,"text":"Kna/b DNA","terms":[]},{"ids":"UNIPROT:P17947:T116:PRGE|UNIPROT:Q9BX63:T116:PRGE","score":0.0,"id":2,"start":1004,"end":1050,"text":"V1561M mutation with allele frequencies of Kna","terms":[]}]},{"id":10,"start":1084,"end":1201,"text":"CONCLUSION: The high frequency (18%) of Knb in West African persons suggests that it is not solely a Caucasian trait.","terms":[]},{"id":11,"start":1202,"end":1411,"text":"Furthermore, because of the high incidence of heterozygosity as well as amorphs, accurate Knops typing of donors of African descent is best accomplished by a combination of molecular and serologic techniques..","terms":[]}]