[{"id":0,"start":0,"end":90,"text":"The Arg753GLn polymorphism of the human toll-like receptor 2 gene in tuberculosis disease.","terms":[{"ids":"UNIPROT:O60603:T116:PRGE","score":0.7392885227077066,"id":1,"start":34,"end":65,"text":"human toll-like receptor 2 gene","terms":[]},{"ids":"UMLS:C0041296:T047:DISO","score":1.0,"id":2,"start":69,"end":81,"text":"tuberculosis","terms":[]}]},{"id":1,"start":91,"end":270,"text":"Toll-like receptor 2 (TLR2), a member of the Toll-like receptor family, plays an important role in recognition of, and subsequent immune response activation against, mycobacteria.","terms":[{"ids":"UNIPROT:O60603:T116:PRGE","score":0.7901010802864205,"id":1,"start":91,"end":111,"text":"Toll-like receptor 2","terms":[]},{"ids":"UNIPROT:O60603:T116:PRGE","score":0.7901010802864205,"id":2,"start":113,"end":117,"text":"TLR2","terms":[]},{"ids":"UNIPROT:Q08357:T116:PRGE","score":0.7901010802864205,"id":3,"start":136,"end":161,"text":"Toll-like receptor family","terms":[]}]},{"id":2,"start":271,"end":503,"text":"The genetic polymorphism of TLR2 (arginine to glutamine substitution at residue 753 (Arg753Gln)) has been associated with a negative influence on TLR2 function, which may, in turn, determine the innate host response to mycobacteria.","terms":[{"ids":"UNIPROT:O60603:T116:PRGE","score":0.6504767399176202,"id":1,"start":299,"end":303,"text":"TLR2","terms":[]},{"ids":"UNIPROT:O60603:T116:PRGE","score":0.6504767399176202,"id":2,"start":417,"end":421,"text":"TLR2","terms":[]}]},{"id":3,"start":504,"end":673,"text":"The aim of the present study was to investigate the Arg753Gln single nucleotide polymorphism of the TLR2 gene in tuberculosis (TB) patients compared to healthy controls.","terms":[{"ids":"UNIPROT:O60603:T116:PRGE","score":0.9108035619937891,"id":1,"start":604,"end":613,"text":"TLR2 gene","terms":[]},{"ids":"UMLS:C0041296:T047:DISO","score":1.0,"id":2,"start":617,"end":629,"text":"tuberculosis","terms":[]},{"ids":"UMLS:C0041296:T047:DISO","score":1.0,"id":3,"start":631,"end":633,"text":"TB","terms":[]}]},{"id":4,"start":674,"end":725,"text":"A retrospective case/control study was carried out.","terms":[]},{"id":5,"start":726,"end":869,"text":"The Arg753Gln polymorphism of the TLR2 gene was studied in 151 TB patients compared to 116 ethnically and age-matched healthy control subjects.","terms":[{"ids":"UNIPROT:O60603:T116:PRGE","score":0.962515090909608,"id":1,"start":760,"end":769,"text":"TLR2 gene","terms":[]},{"ids":"UMLS:C0041296:T047:DISO","score":1.0,"id":2,"start":789,"end":791,"text":"TB","terms":[]}]},{"id":6,"start":870,"end":985,"text":"The TLR2 polymorphism (adenine (A) allele) was observed in 17.9 and 7.7% of TB patients and controls, respectively.","terms":[{"ids":"UNIPROT:O60603:T116:PRGE","score":0.44308085987323653,"id":1,"start":874,"end":878,"text":"TLR2","terms":[]},{"ids":"UMLS:C0041296:T047:DISO","score":1.0,"id":2,"start":946,"end":948,"text":"TB","terms":[]}]},{"id":7,"start":986,"end":1133,"text":"When the ratios of the three genotypes were compared between the two groups, the AA genotype was found to be more significantly associated with TB.","terms":[{"ids":"UMLS:C1862382:T047:DISO","score":1.0,"id":1,"start":1067,"end":1069,"text":"AA","terms":[]},{"ids":"UMLS:C0041296:T047:DISO","score":1.0,"id":2,"start":1130,"end":1132,"text":"TB","terms":[]}]},{"id":8,"start":1134,"end":1283,"text":"Allele frequencies for guanine (G) and A were found to be 0.95 and 0.05 in the control group and 0.86 and 0.14 in the TB patient group, respectively.","terms":[{"ids":"UMLS:C0041296:T047:DISO","score":1.0,"id":1,"start":1252,"end":1254,"text":"TB","terms":[]}]},{"id":9,"start":1284,"end":1406,"text":"The risk of developing TB disease was increased 6.04- and 1.60-fold for carriers of the AA and GA genotypes, respectively.","terms":[{"ids":"UMLS:C0041296:T047:DISO","score":1.0,"id":1,"start":1307,"end":1309,"text":"TB","terms":[]},{"ids":"UMLS:C1862382:T047:DISO","score":1.0,"id":2,"start":1372,"end":1374,"text":"AA","terms":[]}]},{"id":10,"start":1407,"end":1600,"text":"In conclusion, the present data suggest that the arginine to glutamine substitution at residue 753 polymorphism of the Toll-like receptor 2 gene influences the risk of developing tuberculosis..","terms":[{"ids":"UNIPROT:O60603:T116:PRGE","score":0.8302925823539682,"id":1,"start":1526,"end":1551,"text":"Toll-like receptor 2 gene","terms":[]},{"ids":"UMLS:C0041296:T047:DISO","score":1.0,"id":2,"start":1586,"end":1598,"text":"tuberculosis","terms":[]}]}]