[{"id":0,"start":0,"end":118,"text":"Single-strand conformation polymorphism analysis of the FMR1 gene in autistic and mentally retarded children in Japan.","terms":[{"ids":"UNIPROT:Q06787:T116:PRGE","score":0.997067923186103,"id":1,"start":56,"end":65,"text":"FMR1 gene","terms":[]}]},{"id":1,"start":119,"end":268,"text":"Fragile X syndrome is one of the most common causes of mental retardation in males, and patients with fragile X syndrome occasionally develop autism.","terms":[{"ids":"UMLS:C0016667:T047:DISO","score":1.0,"id":1,"start":119,"end":137,"text":"Fragile X syndrome","terms":[]},{"ids":"UMLS:C0016667:T047:DISO","score":1.0,"id":2,"start":221,"end":239,"text":"fragile X syndrome","terms":[]}]},{"id":2,"start":269,"end":467,"text":"It is usually caused by an expansion of the trinucleotide repeat in the 5\u0027-untranslated region of the FMR1 gene, but in a small number of patients deletions and point mutations have been identified.","terms":[{"ids":"UNIPROT:Q06787:T116:PRGE","score":0.979357706803777,"id":1,"start":371,"end":380,"text":"FMR1 gene","terms":[]}]},{"id":3,"start":468,"end":663,"text":"We screened all 17 exons of the FMR1 gene for mutations in 90 autistic or mentally retarded children using polymerase chain reaction (PCR)-single strand conformation polymorphism (SSCP) analysis.","terms":[{"ids":"UNIPROT:Q06787:T116:PRGE","score":0.9791525415283094,"id":1,"start":500,"end":509,"text":"FMR1 gene","terms":[]}]},{"id":4,"start":664,"end":708,"text":"No mutations were found in 76 male patients.","terms":[]},{"id":5,"start":709,"end":850,"text":"However, one female patient was heterozygous for a normal allele and a mutant allele with an A to C substitution at nucleotide 879 in exon 9.","terms":[]},{"id":6,"start":851,"end":894,"text":"This mutation was not found in 50 controls.","terms":[]},{"id":7,"start":895,"end":1060,"text":"Reverse transcription-PCR revealed that a large proportion of the mutant transcripts were spliced aberrantly, causing premature termination of the protein synthesis.","terms":[]},{"id":8,"start":1061,"end":1183,"text":"Although uncommon, point mutations in the FMR1 gene may be a cause of autism and mental retardation in Japanese patients..","terms":[{"ids":"UNIPROT:Q06787:T116:PRGE","score":0.9937797604330402,"id":1,"start":1103,"end":1112,"text":"FMR1 gene","terms":[]}]}]