[{"id":0,"start":0,"end":97,"text":"Autosomal dominant lateral temporal epilepsy: two families with novel mutations in the LGI1 gene.","terms":[{"ids":"UMLS:C0393682:T047:DISO","score":1.0,"id":1,"start":19,"end":44,"text":"lateral temporal epilepsy","terms":[]},{"ids":"UNIPROT:O95970:T116:PRGE","score":0.9928480679666873,"id":2,"start":87,"end":96,"text":"LGI1 gene","terms":[]}]},{"id":1,"start":98,"end":281,"text":"PURPOSE: Mutations in the leucine rich, glioma inactivated gene (LGI1) were recently described in a small number of families with autosomal dominant lateral temporal epilepsy (ADLTE).","terms":[{"ids":"UNIPROT:O95970:T116:PRGE","score":0.942741352784836,"id":1,"start":163,"end":167,"text":"LGI1","terms":[]},{"ids":"UMLS:C0393682:T047:DISO","score":1.0,"id":2,"start":247,"end":272,"text":"lateral temporal epilepsy","terms":[]},{"ids":"UMLS:C1838062:T047:DISO","score":1.0,"id":3,"start":274,"end":279,"text":"ADLTE","terms":[]}]},{"id":2,"start":282,"end":412,"text":"ADLTE is characterized by partial seizures with symptoms suggestive of a lateral temporal onset, including frequent auditory aura.","terms":[{"ids":"UMLS:C1838062:T047:DISO","score":1.0,"id":1,"start":282,"end":287,"text":"ADLTE","terms":[]}]},{"id":3,"start":413,"end":517,"text":"Here we report the results of clinical and genetic analyses of two newly identified families with ADTLE.","terms":[]},{"id":4,"start":518,"end":602,"text":"METHODS: We identified two families whose seizure semiology was suggestive of ADLTE.","terms":[{"ids":"UMLS:C1838062:T047:DISO","score":1.0,"id":1,"start":596,"end":601,"text":"ADLTE","terms":[]}]},{"id":5,"start":603,"end":699,"text":"Evaluation included a detailed history and neurologic examination, as well as collection of DNA.","terms":[]},{"id":6,"start":700,"end":817,"text":"The coding sequence of the LGI1 gene from affected subjects from both families was analyzed for evidence of mutation.","terms":[{"ids":"UNIPROT:O95970:T116:PRGE","score":0.9828832337891342,"id":1,"start":727,"end":736,"text":"LGI1 gene","terms":[]}]},{"id":7,"start":818,"end":933,"text":"RESULTS: Each patient had a history of partial seizures, often with secondary generalization earlier in the course.","terms":[]},{"id":8,"start":934,"end":1027,"text":"Auditory aura was reported by approximately two thirds of affected patients in each pedigree.","terms":[]},{"id":9,"start":1028,"end":1083,"text":"Novel mutations in LGI1 were detected in both families.","terms":[{"ids":"UNIPROT:O95970:T116:PRGE","score":0.9960516021167868,"id":1,"start":1047,"end":1051,"text":"LGI1","terms":[]}]},{"id":10,"start":1084,"end":1301,"text":"A heterozygous single-nucleotide deletion at position 329 (del 329C) was detected in affected individuals from one family, whereas patients from the second family had a nonsynonymous variation, corresponding to C435G.","terms":[]},{"id":11,"start":1302,"end":1366,"text":"CONCLUSIONS: We identified two novel mutations in the LGI1 gene.","terms":[{"ids":"UNIPROT:O95970:T116:PRGE","score":0.9932886977176739,"id":1,"start":1356,"end":1365,"text":"LGI1 gene","terms":[]}]},{"id":12,"start":1367,"end":1518,"text":"The phenotype of these two families was similar to that of other kindreds with ADLTE, as auditory aura was absent in one third of affected individuals.","terms":[{"ids":"UMLS:C1838062:T047:DISO","score":1.0,"id":1,"start":1446,"end":1451,"text":"ADLTE","terms":[]}]},{"id":13,"start":1519,"end":1723,"text":"Our results further support that LGI1 mutations should be considered in patients with a history of partial seizures if the semiology of seizures is consistent with the onset in the lateral temporal lobe..","terms":[{"ids":"UNIPROT:O95970:T116:PRGE","score":0.8258087101866526,"id":1,"start":1552,"end":1556,"text":"LGI1","terms":[]},{"ids":"UMLS:C0039485:T023:ANAT","score":1.0,"id":2,"start":1708,"end":1721,"text":"temporal lobe","terms":[]}]}]