[{"id":0,"start":0,"end":124,"text":"Molecular analysis of acute intermittent porphyria: mutation screening in 20 patients in Germany reveals 11 novel mutations.","terms":[{"ids":"UMLS:C0162565:T047:DISO","score":1.0,"id":1,"start":22,"end":50,"text":"acute intermittent porphyria","terms":[]}]},{"id":1,"start":125,"end":223,"text":"Acute intermittent porphyria (AIP) is a very rare autosomal dominant disorder with low penetrance.","terms":[{"ids":"UMLS:C0162565:T047:DISO","score":1.0,"id":1,"start":125,"end":153,"text":"Acute intermittent porphyria","terms":[]},{"ids":"UMLS:C0162565:T047:DISO","score":1.0,"id":2,"start":155,"end":158,"text":"AIP","terms":[]}]},{"id":2,"start":224,"end":412,"text":"Mutations in the gene of the porphobilinogen deaminase (PBG-D), also called hydroxymethylbilane synthase (HMBS), cause a partial deficiency of this enzyme of the heme biosynthetic pathway.","terms":[{"ids":"UNIPROT:P08397:T116:PRGE","score":0.4846337041631443,"id":1,"start":253,"end":278,"text":"porphobilinogen deaminase","terms":[]},{"ids":"UNIPROT:P08397:T116:PRGE","score":0.4846337041631443,"id":2,"start":280,"end":285,"text":"PBG-D","terms":[]},{"ids":"UNIPROT:P08397:T116:PRGE","score":0.0,"id":3,"start":300,"end":328,"text":"hydroxymethylbilane synthase","terms":[]},{"ids":"UNIPROT:P08397:T116:PRGE","score":0.4846337041631443,"id":4,"start":330,"end":334,"text":"HMBS","terms":[]}]},{"id":3,"start":413,"end":475,"text":"Overstimulation of heme biosynthesis causes clinical symptoms.","terms":[]},{"id":4,"start":476,"end":547,"text":"Because of the variability of the symptoms, diagnosis is often delayed.","terms":[]},{"id":5,"start":548,"end":795,"text":"Using two approaches for genetic analysis, first in a stepwise manner, then sequencing extensive parts of the gene, the screening of the DNA of 20 unrelated individuals revealed 20 different mutations, 11 of which had not been reported previously.","terms":[]},{"id":6,"start":796,"end":1080,"text":"The novel mutations affected intron 1 (33 + 2 T--\u003eC), exon 5 (181 G--\u003eC), intron 6 (267-61 del 8 bp), intron 7 (345-1 G--\u003eC), intron 9 (498 + 15 G--\u003eT and 499-13 Delta-14 bp indel TGA), intron 13 (825 + 1 G--\u003eC and 825 + 2 T--\u003eC), exon 15 (962 G-A, 1067 del A and 1067-1068 ins 5 bp).","terms":[]},{"id":7,"start":1081,"end":1168,"text":"The other nine mutations detected affected intron 14, exons 6, 7, 8, 9, 10 (3x) and 12.","terms":[]},{"id":8,"start":1169,"end":1254,"text":"In the majority of AIP patients, the genotype does not predict phenotypic expression.","terms":[{"ids":"UMLS:C0162565:T047:DISO|UMLS:C1279945:T047:DISO","score":1.0,"id":1,"start":1188,"end":1191,"text":"AIP","terms":[]}]},{"id":9,"start":1255,"end":1404,"text":"Since the sudden manifestation of the disease maybe prevented by early diagnosis, identification of AIP gene carriers is the best preventive measure.","terms":[{"ids":"UNIPROT:Q9NWT8:T116:PRGE|UNIPROT:P08397:T116:PRGE|UNIPROT:O00170:T116:PRGE","score":0.998688599878002,"id":1,"start":1355,"end":1363,"text":"AIP gene","terms":[{"ids":"UMLS:C0162565:T047:DISO|UMLS:C1279945:T047:DISO","score":1.0,"id":1,"start":1355,"end":1358,"text":"AIP","terms":[]}]}]},{"id":10,"start":1405,"end":1485,"text":"This was performed in five families, revealing 10 additional AIP gene carriers..","terms":[{"ids":"UNIPROT:Q9NWT8:T116:PRGE|UNIPROT:P08397:T116:PRGE|UNIPROT:O00170:T116:PRGE","score":0.6358627463361698,"id":1,"start":1466,"end":1474,"text":"AIP gene","terms":[{"ids":"UMLS:C0162565:T047:DISO|UMLS:C1279945:T047:DISO","score":1.0,"id":1,"start":1466,"end":1469,"text":"AIP","terms":[]}]}]}]