[{"id":0,"start":0,"end":107,"text":"Comparison of sequential cytomegalovirus isolates in a patient with lymphoma and failing antiviral therapy.","terms":[]},{"id":1,"start":108,"end":244,"text":"BACKGROUND: Long-term anti-cytomegalovirus (CMV) treatments in immunocompromised patients are hampered by resistance to antiviral drugs.","terms":[]},{"id":2,"start":245,"end":372,"text":"Longitudinal changes in the resistance genotype may depend on changes in selective pressure and the complexity of CMV isolates.","terms":[]},{"id":3,"start":373,"end":588,"text":"OBJECTIVE: To evaluate longitudinal changes in the CMV resistance genotype and phenotype along with strain-specific variability in a patient with non-Hodgkin\u0027s lymphoma in whom successive anti-CMV treatments failed.","terms":[]},{"id":4,"start":589,"end":753,"text":"STUDY DESIGN: The resistance phenotype and genotype of seven CMV isolates collected from one patient during a 2-year follow-up period were retrospectively analysed.","terms":[]},{"id":5,"start":754,"end":881,"text":"In parallel, we used glycoprotein B (gB) genotyping, and a- and UL10-13-sequence analysis to study CMV interstrain variability.","terms":[]},{"id":6,"start":882,"end":984,"text":"RESULTS: The patient was infected by at least three CMV strains plus variants of the parental strains.","terms":[]},{"id":7,"start":985,"end":1090,"text":"Resistance to ganciclovir, cidofovir and foscarnet was successively detected during the follow-up period.","terms":[]},{"id":8,"start":1091,"end":1235,"text":"UL97 protein kinase changes responsible for resistance to ganciclovir were initially detected at residues 591 and 592, and then at position 594.","terms":[{"ids":"UNIPROT:Q92791:T116:PRGE|UNIPROT:O14495:T116:PRGE|UNIPROT:Q5T1R4:T116:PRGE|UNIPROT:Q13526:T116:PRGE|UNIPROT:Q15233:T116:PRGE","score":0.6515704896438739,"id":1,"start":1091,"end":1103,"text":"UL97 protein","terms":[]}]},{"id":9,"start":1236,"end":1441,"text":"Decreased sensitivity to foscarnet coincided with the appearance of amino acid substitution N495K in DNA polymerase, whereas cross-resistance to ganciclovir and cidofovir was due to the L501I substitution.","terms":[{"ids":"UNIPROT:O14717:T116:PRGE","score":0.6276048312631148,"id":1,"start":1337,"end":1351,"text":"DNA polymerase","terms":[]}]},{"id":10,"start":1442,"end":1531,"text":"CONCLUSIONS: The CMV isolates obtained from our patient were complex mixtures of strains.","terms":[]},{"id":11,"start":1532,"end":1652,"text":"Changes in resistance genotypes depended on resistance selective pressure and were not linked to interstrain variation..","terms":[]}]