[{"id":0,"start":0,"end":89,"text":"DNA adducts and p53 mutations in a patient with aristolochic acid-associated nephropathy.","terms":[{"ids":"UNIPROT:P42771:T116:PRGE","score":0.8717807946960633,"id":1,"start":16,"end":29,"text":"p53 mutations","terms":[]},{"ids":"UMLS:C0022658:T047:DISO","score":1.0,"id":2,"start":77,"end":88,"text":"nephropathy","terms":[]}]},{"id":1,"start":90,"end":251,"text":"BACKGROUND: Aristolochic acid-associated nephropathy (AAN) is a specific type of  renal disease that predisposes patients to a high risk of urothelial carcinoma.","terms":[{"ids":"UMLS:C0022658:T047:DISO","score":1.0,"id":1,"start":131,"end":142,"text":"nephropathy","terms":[]},{"ids":"UMLS:C0022658:T047:DISO","score":1.0,"id":2,"start":172,"end":185,"text":"renal disease","terms":[{"ids":"UMLS:C0022646:T023:ANAT","score":1.0,"id":1,"start":172,"end":177,"text":"renal","terms":[]}]}]},{"id":2,"start":252,"end":425,"text":"The authors have analyzed DNA from a patient who had urothelial malignancy 6 years after presenting with AAN and later had a breast carcinoma that metastasized to the liver.","terms":[{"ids":"UMLS:C0006141:T023:ANAT","score":1.0,"id":1,"start":377,"end":383,"text":"breast","terms":[]},{"ids":"UMLS:C0023884:T023:ANAT","score":1.0,"id":2,"start":419,"end":424,"text":"liver","terms":[]}]},{"id":3,"start":426,"end":632,"text":"METHODS AND RESULTS: DNA was isolated from the primary breast tumor, the liver tumor, and the original urothelial malignancy and assayed for aristolochic acid (AA)-DNA adducts and mutations in the p53 gene.","terms":[{"ids":"UMLS:C0006141:T023:ANAT","score":1.0,"id":1,"start":481,"end":487,"text":"breast","terms":[]},{"ids":"UMLS:C0023884:T023:ANAT","score":1.0,"id":2,"start":499,"end":504,"text":"liver","terms":[]},{"ids":"UMLS:C1862382:T047:DISO","score":1.0,"id":3,"start":586,"end":588,"text":"AA","terms":[]},{"ids":"UNIPROT:P42771:T116:PRGE","score":0.9997515277525049,"id":4,"start":623,"end":631,"text":"p53 gene","terms":[]}]},{"id":4,"start":633,"end":748,"text":"The adduct detected was the adenosine adduct of aristolochic acid I 7-(deoxyadenosin-N6-yl)aristolactam I (dA-AAI).","terms":[]},{"id":5,"start":749,"end":888,"text":"In DNA from the breast and liver tumors the authors showed the same missense mutation in codon 245 (GGC--\u003eGAC; Gly--\u003eAsp) of exon 7 of p53.","terms":[{"ids":"UMLS:C0006141:T023:ANAT","score":1.0,"id":1,"start":765,"end":771,"text":"breast","terms":[]},{"ids":"UMLS:C0023884:T023:ANAT","score":1.0,"id":2,"start":776,"end":781,"text":"liver","terms":[]},{"ids":"UNIPROT:P42771:T116:PRGE","score":0.9574878324531476,"id":3,"start":884,"end":887,"text":"p53","terms":[]}]},{"id":6,"start":889,"end":1008,"text":"In contrast, DNA extracted from the urothelial tumor showed an AAG to TAG mutation in codon 139 (Lys--\u003eStop) of exon 5.","terms":[]},{"id":7,"start":1009,"end":1228,"text":"CONCLUSION: A to T transversions, as observed here, are the typical mutations observed in the H-ras gene of tumors induced when rodents are treated with AA and correspond with DNA adduct formation at adenosine residues.","terms":[{"ids":"UNIPROT:P01112:T116:PRGE","score":0.9184093899700054,"id":1,"start":1103,"end":1113,"text":"H-ras gene","terms":[]},{"ids":"UMLS:C1862382:T047:DISO","score":1.0,"id":2,"start":1162,"end":1164,"text":"AA","terms":[]}]},{"id":8,"start":1229,"end":1323,"text":"These data indicate the probable molecular mechanism whereby AA causes urothelial malignancy..","terms":[{"ids":"UMLS:C1862382:T047:DISO","score":1.0,"id":1,"start":1290,"end":1292,"text":"AA","terms":[]}]}]