[{"id":0,"start":0,"end":88,"text":"A first Taiwanese Chinese family of type 2B von Willebrand disease with R1306W mutation.","terms":[{"ids":"UMLS:C1282971:T047:DISO|UNIPROT:Q13326:T116:PRGE|UNIPROT:P38405:T116:PRGE","score":1.0,"id":1,"start":36,"end":66,"text":"type 2B von Willebrand disease","terms":[]}]},{"id":1,"start":89,"end":206,"text":"Clinical, laboratory and genetic defect of a Taiwanese family with type 2B von Willebrand disease (VWD) were studied.","terms":[{"ids":"UMLS:C1861101:T047:DISO","score":1.0,"id":1,"start":122,"end":128,"text":"defect","terms":[]},{"ids":"UMLS:C1282971:T047:DISO","score":1.0,"id":2,"start":156,"end":186,"text":"type 2B von Willebrand disease","terms":[{"ids":"UNIPROT:P04275:T116:PRGE","score":0.0,"id":1,"start":164,"end":186,"text":"von Willebrand disease","terms":[]}]},{"ids":"UNIPROT:P04275:T116:PRGE","score":0.8062532842223198,"id":3,"start":188,"end":191,"text":"VWD","terms":[]}]},{"id":2,"start":207,"end":320,"text":"The proband was a 55-year-old woman who gave birth to two daughters and one son aged 30, 29 and 27, respectively.","terms":[]},{"id":3,"start":321,"end":384,"text":"All had abnormal mucocutaneous bleedings since their childhood.","terms":[]},{"id":4,"start":385,"end":705,"text":"In proband, PT, PTT and platelet count were normal; template bleeding time was 14 min; VIII:C was 51%, von Willebrand factor antigen (VWF:Ag), 42% and von Willerand factor ristocetin-cofactor (VWF:RCo, 15%); ristocetin-induced platelet aggregation (RIPA) at 0.3 and 0.6 mg/ml of ristocetin was 16% and 68%, respectively.","terms":[{"ids":"UNIPROT:P04275:T116:PRGE","score":0.16252460404545163,"id":1,"start":488,"end":517,"text":"von Willebrand factor antigen","terms":[{"ids":"UMLS:C0042974:T047:DISO","score":1.0,"id":1,"start":488,"end":502,"text":"von Willebrand","terms":[]}]},{"ids":"UNIPROT:P04275:T116:PRGE","score":0.16252460404545163,"id":2,"start":519,"end":522,"text":"VWF","terms":[]},{"ids":"UNIPROT:P04275:T116:PRGE","score":0.16252460404545163,"id":3,"start":578,"end":581,"text":"VWF","terms":[]}]},{"id":5,"start":706,"end":816,"text":"The enhanced response to ristocetin was identified to be in plasma, not in platelet itself, by mixing studies.","terms":[]},{"id":6,"start":817,"end":952,"text":"Analysis of von Willebrand factor (VWF) multimer of plasma but not of platelets showed absence of high-molecular weight (HMW) multimer.","terms":[{"ids":"UNIPROT:P04275:T116:PRGE","score":0.9796902467954598,"id":1,"start":829,"end":850,"text":"von Willebrand factor","terms":[{"ids":"UMLS:C0042974:T047:DISO","score":1.0,"id":1,"start":829,"end":843,"text":"von Willebrand","terms":[]}]},{"ids":"UNIPROT:P04275:T116:PRGE","score":0.9796902467954598,"id":2,"start":852,"end":855,"text":"VWF","terms":[]}]},{"id":7,"start":953,"end":1004,"text":"All three children had similar laboratory findings.","terms":[]},{"id":8,"start":1005,"end":1091,"text":"Exon 28 of VWF gene was amplified using polymerase chain reaction (PCR) and sequenced.","terms":[]},{"id":9,"start":1092,"end":1246,"text":"The proband and three children were all found to be heterozygous for C to T transition at nucleotide 3916 resulting in Arg 1306 Trp (R1306W) substitution.","terms":[{"ids":"UNIPROT:P42684:T116:PRGE|UNIPROT:P55145:T116:PRGE|UNIPROT:Q9P2R6:T116:PRGE|UNIPROT:P05089:T116:PRGE","score":0.3027408534828792,"id":1,"start":1211,"end":1223,"text":"Arg 1306 Trp","terms":[]}]},{"id":10,"start":1247,"end":1437,"text":"This mutation in the glycoprotein Ib (GPIb)-binding site has been found to increase the affinity of plasma VWF for platelets, and thus cause loss of HMW multimers and often thrombocytopenia.","terms":[{"ids":"UNIPROT:P08183:T116:PRGE|UNIPROT:P08575:T116:PRGE|UNIPROT:P36222:T116:PRGE","score":0.0,"id":1,"start":1268,"end":1283,"text":"glycoprotein Ib","terms":[]},{"ids":"UMLS:C0040034:T047:DISO","score":1.0,"id":2,"start":1420,"end":1436,"text":"thrombocytopenia","terms":[]}]},{"id":11,"start":1438,"end":1565,"text":"In conclusion, a first report of type 2B VWD in a Taiwanese Chinese family who show R1306W mutation in VWF gene was described..","terms":[{"ids":"UNIPROT:P04275:T116:PRGE","score":0.8563310943521124,"id":1,"start":1541,"end":1549,"text":"VWF gene","terms":[]}]}]