[{"id":0,"start":0,"end":98,"text":"[Germline mutations in the BRCA1 and BRCA2 genes from breast cancer families in China Han people].","terms":[{"ids":"UNIPROT:P38398:T116:PRGE","score":0.5747781018654425,"id":1,"start":27,"end":32,"text":"BRCA1","terms":[]},{"ids":"UNIPROT:P51587:T116:PRGE","score":0.5747781018654425,"id":2,"start":37,"end":48,"text":"BRCA2 genes","terms":[]},{"ids":"UMLS:C0006141:T023:ANAT","score":1.0,"id":3,"start":54,"end":60,"text":"breast","terms":[]}]},{"id":1,"start":99,"end":197,"text":"OBJECTIVE: To detect BRCA1 and BRCA2 gene germline mutation in the Chinese breast cancer families.","terms":[{"ids":"UNIPROT:P38398:T116:PRGE","score":0.9456552016722959,"id":1,"start":120,"end":125,"text":"BRCA1","terms":[]},{"ids":"UNIPROT:P51587:T116:PRGE","score":0.9456552016722959,"id":2,"start":130,"end":140,"text":"BRCA2 gene","terms":[]},{"ids":"UMLS:C0006141:T023:ANAT","score":1.0,"id":3,"start":174,"end":180,"text":"breast","terms":[]}]},{"id":2,"start":198,"end":460,"text":"METHODS: Samples of peripheral blood were collected to prepare genomic DNA by conventional techniques from 15 inherited breast cancer patients from 14 breast cancer families, 76 sporadic breast cancer patients, and 100 healthy controls based on informed consent.","terms":[{"ids":"UMLS:C0006141:T023:ANAT","score":1.0,"id":1,"start":318,"end":324,"text":"breast","terms":[]},{"ids":"UMLS:C0006141:T023:ANAT","score":1.0,"id":2,"start":349,"end":355,"text":"breast","terms":[]},{"ids":"UMLS:C0006141:T023:ANAT","score":1.0,"id":3,"start":385,"end":391,"text":"breast","terms":[]}]},{"id":3,"start":461,"end":583,"text":"Exons 4, 8, 11 and 18 - 20 of BRCA1, and exons 1 - 14, 17 - 24 and 27 of BRCA2, were analyzed using DNA direct sequencing.","terms":[{"ids":"UNIPROT:P38398:T116:PRGE","score":0.9528258230705756,"id":1,"start":491,"end":496,"text":"BRCA1","terms":[]},{"ids":"UNIPROT:P51587:T116:PRGE","score":0.9528258230705756,"id":2,"start":534,"end":539,"text":"BRCA2","terms":[]}]},{"id":4,"start":584,"end":858,"text":"RESULTS: Six single nucleotide polymorphisms (SNPs) were found on the exon 11 of  BRCA1, 2 being silent changes without change of amino acid coding, and 4 with change of amino acid coding among which 2 were polymorphic amino acid alterations and 2 were pathogenic SNPs, i.e.","terms":[{"ids":"UNIPROT:P38398:T116:PRGE","score":0.5906980776419393,"id":1,"start":666,"end":671,"text":"BRCA1","terms":[]}]},{"id":5,"start":859,"end":876,"text":"mutational sites.","terms":[]},{"id":6,"start":877,"end":1012,"text":"One novel BRCA1 mutation, C1196T (Pro 359 Leu), was identified in a family breast cancer patients, who was  diagnosed at the age of 37.","terms":[{"ids":"UNIPROT:P38398:T116:PRGE","score":0.30913226796350507,"id":1,"start":887,"end":901,"text":"BRCA1 mutation","terms":[]},{"ids":"UMLS:C0006141:T023:ANAT","score":1.0,"id":2,"start":952,"end":958,"text":"breast","terms":[]}]},{"id":7,"start":1013,"end":1119,"text":"Another BRCA1 mutation, Trp 372 stop was found in a breast cancer patient who was diagnosed at the age 29.","terms":[{"ids":"UNIPROT:P38398:T116:PRGE","score":0.2934424668709277,"id":1,"start":1021,"end":1035,"text":"BRCA1 mutation","terms":[]},{"ids":"UNIPROT:P14174:T116:PRGE|UNIPROT:P17643:T116:PRGE|UNIPROT:P62380:T116:PRGE|UNIPROT:P40126:T116:PRGE","score":0.2934424668709277,"id":2,"start":1037,"end":1044,"text":"Trp 372","terms":[]},{"ids":"UMLS:C0006141:T023:ANAT","score":1.0,"id":3,"start":1065,"end":1071,"text":"breast","terms":[]}]},{"id":8,"start":1120,"end":1256,"text":"Eight SNPs were found on the exon3, 10 and 11 of BRCA2, among which 5 were silent changes and 3 were polymorphic amino acid alterations.","terms":[{"ids":"UNIPROT:P51587:T116:PRGE","score":0.8279912631109501,"id":1,"start":1169,"end":1174,"text":"BRCA2","terms":[]}]},{"id":9,"start":1257,"end":1482,"text":"A1093C (Asn289His) in exon 10 and A 3199G (Asn991Asp) in exon 11 being found simultaneously in the patients of 2 families but not appearing in pool DNA sample, and Asn 371 His appearing as A/C heterozygote in pool DNA sample.","terms":[]},{"id":10,"start":1483,"end":1588,"text":"CONCLUSION: Two pathogenic SNPs have been found in BRCA1 and may be related to early-onset breast cancer.","terms":[{"ids":"UNIPROT:P38398:T116:PRGE","score":0.9900083005039922,"id":1,"start":1534,"end":1539,"text":"BRCA1","terms":[]},{"ids":"UMLS:C0006141:T023:ANAT","score":1.0,"id":2,"start":1574,"end":1580,"text":"breast","terms":[]}]},{"id":11,"start":1589,"end":1675,"text":"One of them may be a novel mutation characterized of familial breast cancer in China..","terms":[{"ids":"UMLS:C0006141:T023:ANAT","score":1.0,"id":1,"start":1651,"end":1657,"text":"breast","terms":[]}]}]