[{"id":0,"start":0,"end":114,"text":"Compound heterozygous mutations in the SRD5A2 gene exon 4 in a male pseudohermaphrodite patient of Chinese origin.","terms":[{"ids":"UNIPROT:P31213:T116:PRGE","score":0.9930390475793187,"id":1,"start":39,"end":57,"text":"SRD5A2 gene exon 4","terms":[]},{"ids":"UMLS:C0555232:T047:DISO","score":1.0,"id":2,"start":68,"end":87,"text":"pseudohermaphrodite","terms":[]}]},{"id":1,"start":115,"end":341,"text":"The goal of this study was to perform 5-alpha-reductase type 2 gene (SRD5A2) analysis in a male pseudohermaphrodite (MPH) patient with normal testosterone (T) production and normal androgen receptor (AR) gene coding sequences.","terms":[{"ids":"UNIPROT:P35611:T116:PRGE|UNIPROT:P27986:T116:PRGE|UNIPROT:Q13131:T116:PRGE|UNIPROT:P07225:T116:PRGE|UNIPROT:Q96RQ3:T116:PRGE","score":0.9129576659889367,"id":1,"start":153,"end":182,"text":"5-alpha-reductase type 2 gene","terms":[]},{"ids":"UNIPROT:P31213:T116:PRGE","score":0.9129576659889367,"id":2,"start":184,"end":190,"text":"SRD5A2","terms":[]},{"ids":"UMLS:C0555232:T047:DISO","score":1.0,"id":3,"start":211,"end":230,"text":"pseudohermaphrodite","terms":[]},{"ids":"UNIPROT:P10275:T116:PRGE","score":0.9129576659889367,"id":4,"start":296,"end":313,"text":"androgen receptor","terms":[]},{"ids":"UMLS:C0003504:T047:DISO|UNIPROT:P01721:T116:PRGE|UNIPROT:Q9NZJ4:T116:PRGE|UNIPROT:P10275:T116:PRGE","score":1.0,"id":5,"start":315,"end":317,"text":"AR","terms":[]}]},{"id":2,"start":342,"end":541,"text":"A patient of Chinese origin with ambiguous genitalia at 14 months, a 46,XY karyotype, and normal T secretion under human chorionic gonadotropin (hCG) stimulation underwent a gonadectomy at 20 months.","terms":[{"ids":"UMLS:C0017420:T023:ANAT","score":1.0,"id":1,"start":385,"end":394,"text":"genitalia","terms":[]},{"ids":"UNIPROT:Q8TA86:T116:PRGE|UNIPROT:Q9H0Z9:T116:PRGE","score":0.8908032086961968,"id":2,"start":457,"end":485,"text":"human chorionic gonadotropin","terms":[]},{"ids":"UMLS:C1855900:T047:DISO|UNIPROT:P01215:T116:PRGE|UNIPROT:P01229:T116:PRGE","score":1.0,"id":3,"start":487,"end":490,"text":"hCG","terms":[]}]},{"id":3,"start":542,"end":641,"text":"Exons 1-8 of the AR gene and exons 1-5 of the SRD5A2 gene were sequenced from peripheral blood DNA.","terms":[{"ids":"UNIPROT:P01721:T116:PRGE|UNIPROT:Q9NZJ4:T116:PRGE|UNIPROT:P10275:T116:PRGE","score":0.6570238500902557,"id":1,"start":559,"end":566,"text":"AR gene","terms":[{"ids":"UMLS:C0003504:T047:DISO","score":1.0,"id":1,"start":559,"end":561,"text":"AR","terms":[]}]},{"ids":"UNIPROT:P31213:T116:PRGE","score":0.6570238500902557,"id":2,"start":588,"end":599,"text":"SRD5A2 gene","terms":[]}]},{"id":4,"start":642,"end":679,"text":"AR gene coding sequences were normal.","terms":[{"ids":"UMLS:C0003504:T047:DISO|UNIPROT:P01721:T116:PRGE|UNIPROT:Q9NZJ4:T116:PRGE|UNIPROT:P10275:T116:PRGE","score":1.0,"id":1,"start":642,"end":644,"text":"AR","terms":[]}]},{"id":5,"start":680,"end":1013,"text":"SRD5A2 gene analysis revealed 2 consecutive mutations in exon 4, each located in a different allele: 1) a T nucleotide deletion, which predicts a frameshift mutation from codon 219, and 2) a missense mutation at codon 227, where the substitution of guanine (CGA) by adenine (CAA) predicts a glutamine replacement of arginine (R227Q).","terms":[{"ids":"UNIPROT:P31213:T116:PRGE","score":0.4403684561092965,"id":1,"start":680,"end":686,"text":"SRD5A2","terms":[]},{"ids":"UMLS:C1842937:T047:DISO","score":1.0,"id":2,"start":955,"end":958,"text":"CAA","terms":[]}]},{"id":6,"start":1014,"end":1086,"text":"Testes located in the inguinal canal showed a normal morphology for age.","terms":[{"ids":"UMLS:C0039584:T047:DISO|UMLS:C0021358:T023:ANAT|UMLS:C0039597:T023:ANAT","score":1.0,"id":1,"start":1014,"end":1020,"text":"Testes","terms":[]},{"ids":"UMLS:C1550227:T023:ANAT","score":1.0,"id":2,"start":1045,"end":1050,"text":"canal","terms":[]}]},{"id":7,"start":1087,"end":1180,"text":"The patient was a compound heterozygote for SRD5A2 mutations, carrying 2 mutations in exon 4.","terms":[{"ids":"UNIPROT:P31213:T116:PRGE","score":0.8091821228488324,"id":1,"start":1131,"end":1137,"text":"SRD5A2","terms":[]}]},{"id":8,"start":1181,"end":1331,"text":"The patient showed an R227Q mutation that has been described in an Asian population and MPH patients, along with a novel frameshift mutation, Tdel219.","terms":[]},{"id":9,"start":1332,"end":1484,"text":"Testis morphology showed that, during early infancy, the 5-alpha-reductase enzyme deficiency may not have affected interstitial or tubular development..","terms":[{"ids":"UMLS:C0039597:T023:ANAT","score":1.0,"id":1,"start":1332,"end":1338,"text":"Testis","terms":[]},{"ids":"","score":1.0,"id":2,"start":1389,"end":1424,"text":"5-alpha-reductase enzyme deficiency","terms":[{"ids":"UNIPROT:P35611:T116:PRGE|UNIPROT:P27986:T116:PRGE|UNIPROT:Q13131:T116:PRGE|UNIPROT:P07225:T116:PRGE|UNIPROT:Q96RQ3:T116:PRGE","score":0.9852712725272011,"id":1,"start":1389,"end":1413,"text":"5-alpha-reductase enzyme","terms":[]},{"ids":"UMLS:C0149676:T047:DISO","score":1.0,"id":2,"start":1407,"end":1424,"text":"enzyme deficiency","terms":[]}]}]}]