[{"id":0,"start":0,"end":119,"text":"Four novel mutations in the thiazide-sensitive Na-Cl co-transporter gene in Japanese patients with Gitelman\u0027s syndrome.","terms":[{"ids":"UNIPROT:P31639:T116:PRGE|UNIPROT:Q71RS6:T116:PRGE","score":0.5517320536934893,"id":1,"start":47,"end":72,"text":"Na-Cl co-transporter gene","terms":[]},{"ids":"UMLS:C0039082:T047:DISO","score":1.0,"id":2,"start":110,"end":118,"text":"syndrome","terms":[]}]},{"id":1,"start":120,"end":289,"text":"BACKGROUND: Gitelman\u0027s syndrome (GS) is an autosomal recessive disorder resulting from inactivating mutations in the thiazide-sensitive Na-Cl co-transporter (NCCT) gene.","terms":[{"ids":"UMLS:C0039082:T047:DISO","score":1.0,"id":1,"start":143,"end":151,"text":"syndrome","terms":[]},{"ids":"UMLS:C0017097:T047:DISO","score":1.0,"id":2,"start":153,"end":155,"text":"GS","terms":[]}]},{"id":2,"start":290,"end":340,"text":"To date, almost 90 mutations have been identified.","terms":[]},{"id":3,"start":341,"end":418,"text":"It is possible that there is a population-specific distribution of mutations.","terms":[]},{"id":4,"start":419,"end":508,"text":"In this study, we analysed mutations in the NCCT gene of seven Japanese patients with GS.","terms":[{"ids":"UMLS:C0017097:T047:DISO","score":1.0,"id":1,"start":505,"end":507,"text":"GS","terms":[]}]},{"id":5,"start":509,"end":640,"text":"METHODS: Peripheral blood mononuclear cells were isolated from patients with GS, their family members and healthy control subjects.","terms":[{"ids":"UMLS:C0017097:T047:DISO","score":1.0,"id":1,"start":586,"end":588,"text":"GS","terms":[]}]},{"id":6,"start":641,"end":786,"text":"A mutation analysis of the NCCT gene was performed completely by direct automated sequencing of polymerase chain reaction-amplified DNA products.","terms":[]},{"id":7,"start":787,"end":876,"text":"In patients with a deletion or splice site mutation, we undertook cDNA sequence analysis.","terms":[]},{"id":8,"start":877,"end":915,"text":"RESULTS: We identified nine mutations.","terms":[]},{"id":9,"start":916,"end":1124,"text":"Five of them [c.185C\u003eT (Thr60Met), c.1712C\u003eT (Ala569Val), c.1930C\u003eT (Arg642Cys), c.2552T\u003eA (Leu849His) and c.1932delC] have been reported in Japanese patients, but not in GS patients from other ethnic groups.","terms":[{"ids":"UMLS:C0017097:T047:DISO","score":1.0,"id":1,"start":1087,"end":1089,"text":"GS","terms":[]}]},{"id":10,"start":1125,"end":1238,"text":"The remaining four mutations [c.7A\u003eT (Met1Leu), c.1181_1186+20del26, c.1811_1812delAT and IVS16+1G\u003eA] were novel.","terms":[]},{"id":11,"start":1239,"end":1372,"text":"In cDNA derived from a patient with c.1181_1186+20del26, a deletion of exon 9 and a frameshift at the start of exon 10 were observed.","terms":[]},{"id":12,"start":1373,"end":1487,"text":"In cDNA derived from patients with IVS16+1G\u003eA, an additional 96 bp insertion between exons 16 and 17 was observed.","terms":[]},{"id":13,"start":1488,"end":1604,"text":"Six out of seven patients were compound heterozygotes, and the remaining one carried a single heterozygous mutation.","terms":[]},{"id":14,"start":1605,"end":1700,"text":"CONCLUSIONS: We found four novel mutations in the NCCT gene in seven Japanese patients with GS.","terms":[{"ids":"UMLS:C0017097:T047:DISO","score":1.0,"id":1,"start":1697,"end":1699,"text":"GS","terms":[]}]},{"id":15,"start":1701,"end":1858,"text":"Moreover, our study suggests that the distribution of mutations in the NCCT gene in Japanese GS patients potentially differs from that in other populations..","terms":[{"ids":"UMLS:C0017097:T047:DISO","score":1.0,"id":1,"start":1794,"end":1796,"text":"GS","terms":[]}]}]