[{"id":0,"start":0,"end":125,"text":"Identification of three F5 gene mutations associated with inherited coagulation factor V deficiency in two Chinese pedigrees.","terms":[{"ids":"UNIPROT:P12259:T116:PRGE","score":0.9135854442091573,"id":1,"start":24,"end":31,"text":"F5 gene","terms":[]},{"ids":"","score":1.0,"id":2,"start":68,"end":99,"text":"coagulation factor V deficiency","terms":[{"ids":"UNIPROT:P12259:T116:PRGE","score":0.9135854442091573,"id":1,"start":68,"end":88,"text":"coagulation factor V","terms":[]},{"ids":"UMLS:C0015499:T047:DISO","score":1.0,"id":2,"start":80,"end":99,"text":"factor V deficiency","terms":[]}]}]},{"id":1,"start":126,"end":228,"text":"To investigate the molecular defects in two Chinese pedigrees with inherited factor V (FV) deficiency.","terms":[]},{"id":2,"start":229,"end":411,"text":"A 37-year-old male (proband 1) and an 18-month-old boy (proband 2) were diagnosed as inherited coagulation FV deficiency by severely reduced plasma levels of FV activity and antigen.","terms":[]},{"id":3,"start":412,"end":577,"text":"All 25 exons and their flanking sequence of F5 gene were amplified by polymerase chain reaction (PCR) for both probands and the PCR products were directly sequenced.","terms":[{"ids":"UNIPROT:P12259:T116:PRGE","score":0.8355315485626517,"id":1,"start":456,"end":463,"text":"F5 gene","terms":[]}]},{"id":4,"start":578,"end":687,"text":"Total RNA was extracted from the peripheral lymphocytes of proband 1 for detecting the changes at mRNA level.","terms":[]},{"id":5,"start":688,"end":947,"text":"The homozygous deletion IVS8 -2A\u003eG was identified in the F5 gene of proband 1 and complementary DNA (cDNA) analysis revealed the abolishment of the canonical splicing site by the mutation and the activation of the cryptic acceptor site 24 bp upstream instead.","terms":[]},{"id":6,"start":948,"end":1027,"text":"The insertion introduced eight additional amino acids (AA) into the FV protein.","terms":[{"ids":"UMLS:C1862382:T047:DISO","score":1.0,"id":1,"start":1003,"end":1005,"text":"AA","terms":[]},{"ids":"UNIPROT:Q92791:T116:PRGE|UNIPROT:O14495:T116:PRGE|UNIPROT:Q5T1R4:T116:PRGE|UNIPROT:Q13526:T116:PRGE|UNIPROT:Q15233:T116:PRGE","score":0.6721823442106813,"id":2,"start":1016,"end":1026,"text":"FV protein","terms":[]}]},{"id":7,"start":1028,"end":1095,"text":"Two heterozygous mutations of F5 gene were discovered in proband 2.","terms":[{"ids":"UNIPROT:P12259:T116:PRGE","score":0.6401693278644549,"id":1,"start":1058,"end":1065,"text":"F5 gene","terms":[]}]},{"id":8,"start":1096,"end":1261,"text":"The 2238-9del AG in exon 13 introduced a premature termination code at 689 AA and the substitution of G6410 by T in exon 23 lead to the missense mutation Gly2079Val.","terms":[{"ids":"UMLS:C1862382:T047:DISO","score":1.0,"id":1,"start":1171,"end":1173,"text":"AA","terms":[]}]},{"id":9,"start":1262,"end":1414,"text":"Three F5 gene mutations, IVS8 -2A\u003eG, 2238-9del AG and G6410T, have been identified in two Chinese pedigree with congenital FV deficiency, respectively..","terms":[{"ids":"UNIPROT:P12259:T116:PRGE","score":0.6974968212365894,"id":1,"start":1268,"end":1275,"text":"F5 gene","terms":[]}]}]