[{"id":0,"start":0,"end":146,"text":"Does the position of the premature termination codon in COL7A1 correlate with the clinical severity in recessive dystrophic epidermolysis bullosa?","terms":[{"ids":"UMLS:C0079294:T047:DISO","score":1.0,"id":1,"start":113,"end":145,"text":"dystrophic epidermolysis bullosa","terms":[]}]},{"id":1,"start":147,"end":294,"text":"Recessive dystrophic epidermolysis bullosa (RDEB) is an inherited skin disease caused by mutations in the gene encoding type VII collagen (COL7A1).","terms":[{"ids":"UMLS:C0079294:T047:DISO","score":1.0,"id":1,"start":157,"end":189,"text":"dystrophic epidermolysis bullosa","terms":[]},{"ids":"UMLS:C0079474:T047:DISO","score":1.0,"id":2,"start":191,"end":195,"text":"RDEB","terms":[]},{"ids":"UMLS:C0037274:T047:DISO","score":1.0,"id":3,"start":213,"end":225,"text":"skin disease","terms":[]},{"ids":"UNIPROT:Q02388:T116:PRGE","score":0.8973254545870715,"id":4,"start":267,"end":284,"text":"type VII collagen","terms":[]},{"ids":"UNIPROT:Q02388:T116:PRGE","score":0.8973254545870715,"id":5,"start":286,"end":292,"text":"COL7A1","terms":[]}]},{"id":2,"start":295,"end":408,"text":"The mutations are highly variable and this greatly complicates the study of the genotype-phenotype relationships.","terms":[]},{"id":3,"start":409,"end":499,"text":"To date, three recurrent mutations, specific to Japanese RDEB patients have been reported.","terms":[{"ids":"UMLS:C0079474:T047:DISO","score":1.0,"id":1,"start":466,"end":470,"text":"RDEB","terms":[]}]},{"id":4,"start":500,"end":713,"text":"By comparing the phenotypes of RDEB patients with different recurrent mutations, the upstream positions of the premature termination codons (PTCs) showed strong correlation with the RDEB clinical disease severity.","terms":[{"ids":"UMLS:C0079474:T047:DISO","score":1.0,"id":1,"start":531,"end":535,"text":"RDEB","terms":[]},{"ids":"UMLS:C0079474:T047:DISO","score":1.0,"id":2,"start":682,"end":686,"text":"RDEB","terms":[]}]},{"id":5,"start":714,"end":861,"text":"However, such correlations have not been supported by patients with mutations that were different from these recurrent Japanese patients mutations.","terms":[]},{"id":6,"start":862,"end":1080,"text":"In this study, we report a case of RDEB with a very mild clinical phenotype, who was a compound heterozygote harbouring both a recurrent Japanese mutation and a novel deletion mutation resulting in a more upstream PTC.","terms":[{"ids":"UMLS:C0079474:T047:DISO","score":1.0,"id":1,"start":897,"end":901,"text":"RDEB","terms":[]}]},{"id":7,"start":1081,"end":1307,"text":"The patient and his mother were shown to have a recurrent donor splice site mutation within intron 81 (6573 + 1G \u003e C), a recurrent Japanese mutation that activates a cryptic donor splicing site and results in a downstream PTC.","terms":[]},{"id":8,"start":1308,"end":1478,"text":"The patient and his father shared a single-nucleotide deletion within exon 64 (5504delA), which causes a downstream frame shift in five amino acids before creating a PTC.","terms":[]},{"id":9,"start":1479,"end":1584,"text":"Occurrence of the PTCs in mRNA was confirmed by reverse transcription-polymerase chain reaction (RT)-PCR.","terms":[]},{"id":10,"start":1585,"end":1739,"text":"The patient\u0027s skin showed reduced immunofluorescence staining for COL7A1 and reduced number of abnormal or short anchoring fibrils by electron microscopy.","terms":[]},{"id":11,"start":1740,"end":1967,"text":"Although the position of the mutation 5504delA PTC was located upstream of the previous mutations reported in combination with the 6573 + 1G \u003e C mutation, the two mutations together give an apparently milder clinical phenotype.","terms":[]},{"id":12,"start":1968,"end":2071,"text":"Therefore, genotype-phenotype relationships in RDEB cannot be explained purely by the position of PTC..","terms":[{"ids":"UMLS:C0079474:T047:DISO|UNIPROT:Q02388:T116:PRGE","score":1.0,"id":1,"start":2015,"end":2019,"text":"RDEB","terms":[]}]}]