[{"id":0,"start":0,"end":81,"text":"Functional consequences of ATM sequence variants for chromosomalradiosensitivity.","terms":[{"ids":"UNIPROT:Q13315:T116:PRGE|UNIPROT:Q14134:T116:PRGE","score":0.37452577590998304,"id":1,"start":27,"end":48,"text":"ATM sequence variants","terms":[]}]},{"id":1,"start":83,"end":225,"text":"The ATM [for ataxia-telangiectasia (A-T) mutated] protein plays a key role in the detection and cellular response to DNA double-strand breaks.","terms":[{"ids":"UMLS:C0004135:T047:DISO","score":1.0,"id":1,"start":96,"end":117,"text":"ataxia-telangiectasia","terms":[]}]},{"id":2,"start":226,"end":406,"text":"Several single-nucleotide polymorphisms (SNPs) have been described in the ATM gene; however, their association with cancer risk or radiosensitivity remains to be fully established.","terms":[{"ids":"UNIPROT:Q13315:T116:PRGE|UNIPROT:Q14134:T116:PRGE","score":0.8092792027980538,"id":1,"start":300,"end":308,"text":"ATM gene","terms":[]}]},{"id":3,"start":407,"end":751,"text":"In this study, the functional consequences of specific ATM SNPs on in vitro radiosensitivity, as assessed by micronuclei (MN) formation, were measured in lymphoblastoid cell lines established from 10 breast cancer (BC) patients carrying different ATM missense SNPs, six A-T patients, six A-T heterozygotes (A-T het), and six normal individuals.","terms":[{"ids":"UNIPROT:Q13315:T116:PRGE|UNIPROT:Q14134:T116:PRGE","score":0.2802023153097926,"id":1,"start":462,"end":470,"text":"ATM SNPs","terms":[]},{"ids":"UMLS:C0006141:T023:ANAT","score":1.0,"id":2,"start":607,"end":613,"text":"breast","terms":[]},{"ids":"UNIPROT:Q13315:T116:PRGE|UNIPROT:Q14134:T116:PRGE","score":0.2802023153097926,"id":3,"start":654,"end":657,"text":"ATM","terms":[]},{"ids":"UNIPROT:Q13315:T116:PRGE","score":0.2802023153097926,"id":4,"start":695,"end":698,"text":"A-T","terms":[]}]},{"id":4,"start":752,"end":990,"text":"The BC, A-T het, and A-T cell line groups showed significantly higher mean levels of MN formation after exposure to ionizing radiation (IR) than did the group containing normal cell lines, with similar levels in the BC and A-T het groups.","terms":[]},{"id":5,"start":991,"end":1240,"text":"Within the BC lines studied, the group composed of the six carrying the linked 2572T\u003eC (858F\u003eL) and 3161C\u003eG (1054P\u003eR) variants had a higher level of MN after IR exposure compared to that observed in the remaining four BC or in the normal cell lines.","terms":[]},{"id":6,"start":1241,"end":1363,"text":"This increase was not related to the constitutive ATM mRNA level, which was similar in these BC and the normal cell lines.","terms":[{"ids":"UNIPROT:Q13315:T116:PRGE|UNIPROT:Q14134:T116:PRGE","score":0.8148190562000772,"id":1,"start":1291,"end":1299,"text":"ATM mRNA","terms":[]}]},{"id":7,"start":1364,"end":1651,"text":"Our results indicate that alterations in the ATM gene, including the presence of heterozygous mutations and the 2572C and 3161G variant  alleles, are associated with increased in vitro chromosomal radiosensitivity, perhaps by interfering with ATM function in a dominant-negative manner..","terms":[{"ids":"UNIPROT:Q13315:T116:PRGE|UNIPROT:Q14134:T116:PRGE","score":0.6855630140649174,"id":1,"start":1409,"end":1417,"text":"ATM gene","terms":[]},{"ids":"UNIPROT:Q13315:T116:PRGE|UNIPROT:Q14134:T116:PRGE","score":0.6855630140649174,"id":2,"start":1607,"end":1610,"text":"ATM","terms":[]}]}]