[{"id":0,"start":0,"end":121,"text":"CRYBA3/A1 gene mutation associated with suture-sparing autosomal dominant congenital nuclear cataract: a novel phenotype.","terms":[{"ids":"UNIPROT:P30542:T116:PRGE|UNIPROT:P35251:T116:PRGE|UNIPROT:P35249:T116:PRGE|UNIPROT:P35250:T116:PRGE|UNIPROT:Q9UIG0:T116:PRGE|UNIPROT:P12314:T116:PRGE|UNIPROT:Q93050:T116:PRGE","score":0.8440328582224496,"id":1,"start":0,"end":14,"text":"CRYBA3/A1 gene","terms":[{"ids":"UMLS:C0933653:T023:ANAT","score":1.0,"id":1,"start":7,"end":9,"text":"A1","terms":[]}]},{"ids":"UMLS:C0158551:T047:DISO","score":1.0,"id":2,"start":74,"end":101,"text":"congenital nuclear cataract","terms":[]}]},{"id":1,"start":122,"end":252,"text":"PURPOSE: To identify the genetic defect leading to the congenital nuclear cataract affecting a large five-generation Swiss family.","terms":[{"ids":"UMLS:C1861101:T047:DISO","score":1.0,"id":1,"start":155,"end":161,"text":"defect","terms":[]},{"ids":"UMLS:C0158551:T047:DISO","score":1.0,"id":2,"start":177,"end":204,"text":"congenital nuclear cataract","terms":[]}]},{"id":2,"start":253,"end":309,"text":"METHODS: Family history and clinical data were recorded.","terms":[]},{"id":3,"start":310,"end":385,"text":"The phenotype was documented by both slit lamp and Scheimpflug photography.","terms":[]},{"id":4,"start":386,"end":467,"text":"One cortical lens was evaluated by electron microscopy after cataract extraction.","terms":[{"ids":"UMLS:C0001613:T023:ANAT|UMLS:C0007776:T023:ANAT|UMLS:C0022655:T023:ANAT","score":1.0,"id":1,"start":390,"end":398,"text":"cortical","terms":[]},{"ids":"UMLS:C0023317:T023:ANAT","score":1.0,"id":2,"start":399,"end":403,"text":"lens","terms":[]}]},{"id":5,"start":468,"end":573,"text":"Lenticular phenotyping and genotyping were performed independently with short tandem repeat polymorphism.","terms":[]},{"id":6,"start":574,"end":712,"text":"Linkage analysis was performed, and candidate genes were PCR amplified and screened for mutations on both strands using direct sequencing.","terms":[]},{"id":7,"start":713,"end":801,"text":"RESULTS: Affected individuals had a congenital nuclear lactescent cataract in both eyes.","terms":[{"ids":"UMLS:C0015392:T023:ANAT","score":1.0,"id":1,"start":796,"end":800,"text":"eyes","terms":[]}]},{"id":8,"start":802,"end":895,"text":"Linkage was observed on chromosome 17 for DNA marker D17S1857 (lod score: 3.44 at theta \u003d 0).","terms":[]},{"id":9,"start":896,"end":1013,"text":"Direct sequencing of CRYBA3/A1, which maps to the vicinity, revealed an in-frame 3-bp deletion in exon 4 (279delGAG).","terms":[{"ids":"UMLS:C0933653:T023:ANAT|UNIPROT:P30542:T116:PRGE|UNIPROT:P35251:T116:PRGE|UNIPROT:P35249:T116:PRGE|UNIPROT:P35250:T116:PRGE|UNIPROT:Q9UIG0:T116:PRGE|UNIPROT:P12314:T116:PRGE|UNIPROT:Q93050:T116:PRGE","score":1.0,"id":1,"start":924,"end":926,"text":"A1","terms":[]}]},{"id":10,"start":1014,"end":1218,"text":"This mutation involved a deletion of glycine-91, cosegregated in all affected individuals, and was not observed in unaffected individuals or in 250 normal control subjects from the same ethnic background.","terms":[]},{"id":11,"start":1219,"end":1293,"text":"Electron microscopy showed that cortical lens fiber morphology was normal.","terms":[{"ids":"UMLS:C0001613:T023:ANAT|UMLS:C0007776:T023:ANAT|UMLS:C0022655:T023:ANAT","score":1.0,"id":1,"start":1251,"end":1259,"text":"cortical","terms":[]},{"ids":"UMLS:C0229224:T023:ANAT","score":1.0,"id":2,"start":1260,"end":1270,"text":"lens fiber","terms":[]}]},{"id":12,"start":1294,"end":1422,"text":"CONCLUSIONS: The DeltaG91 mutation in CRYBA3/A1 is associated with an autosomal dominant congenital nuclear lactescent cataract.","terms":[{"ids":"UMLS:C0933653:T023:ANAT|UNIPROT:P30542:T116:PRGE|UNIPROT:P35251:T116:PRGE|UNIPROT:P35249:T116:PRGE|UNIPROT:P35250:T116:PRGE|UNIPROT:Q9UIG0:T116:PRGE|UNIPROT:P12314:T116:PRGE|UNIPROT:Q93050:T116:PRGE","score":1.0,"id":1,"start":1339,"end":1341,"text":"A1","terms":[]}]},{"id":13,"start":1423,"end":1529,"text":"A splice mutation (IVS3+1G/A) in this gene has been reported in a zonular cataract with sutural opacities.","terms":[{"ids":"UMLS:C0266537:T047:DISO","score":1.0,"id":1,"start":1489,"end":1505,"text":"zonular cataract","terms":[]}]},{"id":14,"start":1530,"end":1613,"text":"These results indicate phenotypic heterogeneity related to mutations in this gene..","terms":[]}]