[{"id":0,"start":0,"end":109,"text":"Desmin-related myopathy with Mallory body-like inclusions is caused by mutations of the selenoprotein N gene.","terms":[{"ids":"UMLS:C1832370:T047:DISO","score":1.0,"id":1,"start":0,"end":23,"text":"Desmin-related myopathy","terms":[]},{"ids":"UNIPROT:Q9NZV5:T116:PRGE","score":0.7016010305525348,"id":2,"start":88,"end":108,"text":"selenoprotein N gene","terms":[]}]},{"id":1,"start":110,"end":256,"text":"Desmin-related myopathies (DRMs) are a heterogeneous group of muscle disorders, morphologically defined by intrasarcoplasmic aggregates of desmin.","terms":[{"ids":"UMLS:C0026848:T047:DISO","score":1.0,"id":1,"start":125,"end":135,"text":"myopathies","terms":[]},{"ids":"UMLS:C0026848:T047:DISO","score":1.0,"id":2,"start":172,"end":188,"text":"muscle disorders","terms":[]}]},{"id":2,"start":257,"end":367,"text":"Mutations in the desmin and the alpha-B crystallin genes account for approximately one third of the DRM cases.","terms":[{"ids":"UNIPROT:P35611:T116:PRGE|UNIPROT:P27986:T116:PRGE|UNIPROT:Q13131:T116:PRGE|UNIPROT:P07225:T116:PRGE|UNIPROT:Q96RQ3:T116:PRGE","score":0.23582902567125313,"id":1,"start":289,"end":307,"text":"alpha-B crystallin","terms":[]},{"ids":"UMLS:C1832370:T047:DISO","score":1.0,"id":2,"start":357,"end":360,"text":"DRM","terms":[]}]},{"id":3,"start":368,"end":556,"text":"The genetic basis of the other forms remain unknown, including the early-onset, recessive form with Mallory body-like inclusions (MB-DRMs), first described in five related German patients.","terms":[{"ids":"UNIPROT:P28068:T116:PRGE|UNIPROT:P02144:T116:PRGE","score":0.8769399759751337,"id":1,"start":498,"end":505,"text":"MB-DRMs","terms":[]}]},{"id":4,"start":557,"end":840,"text":"Recently, we identified the selenoprotein N gene (SEPN1) as responsible for SEPN-related myopathy (SEPN-RM), a unique early-onset myopathy formerly divided in two different nosological categories: rigid spine muscular dystrophy and the severe form of classical multiminicore disease.","terms":[{"ids":"UNIPROT:Q9NZV5:T116:PRGE","score":0.6435433266467647,"id":1,"start":585,"end":605,"text":"selenoprotein N gene","terms":[]},{"ids":"UNIPROT:Q9NZV5:T116:PRGE","score":0.6435433266467647,"id":2,"start":607,"end":612,"text":"SEPN1","terms":[]},{"ids":"UMLS:C0026848:T047:DISO","score":1.0,"id":3,"start":646,"end":654,"text":"myopathy","terms":[]},{"ids":"UMLS:C0026848:T047:DISO","score":1.0,"id":4,"start":687,"end":695,"text":"myopathy","terms":[]},{"ids":"UMLS:C0037949:T023:ANAT","score":1.0,"id":5,"start":760,"end":765,"text":"spine","terms":[]},{"ids":"UMLS:C0026850:T047:DISO","score":1.0,"id":6,"start":766,"end":784,"text":"muscular dystrophy","terms":[]}]},{"id":5,"start":841,"end":990,"text":"The finding of Mallory body-like inclusions in two cases of genetically documented SEPN-RM led us to suspect a relationship between MB-DRM and SEPN1.","terms":[{"ids":"UNIPROT:P28068:T116:PRGE|UNIPROT:P02144:T116:PRGE","score":0.9237250609456842,"id":1,"start":973,"end":979,"text":"MB-DRM","terms":[{"ids":"UMLS:C1832370:T047:DISO","score":1.0,"id":1,"start":976,"end":979,"text":"DRM","terms":[]}]},{"ids":"UNIPROT:Q9NZV5:T116:PRGE","score":0.9237250609456842,"id":2,"start":984,"end":989,"text":"SEPN1","terms":[]}]},{"id":6,"start":991,"end":1195,"text":"In the original MB-DRM German family, we demonstrated a linkage of the disease to the SEPN1 locus (1p36), and subsequently a homozygous SEPN1 deletion (del 92 nucleotide -19/+73) in the affected patients.","terms":[{"ids":"UNIPROT:P28068:T116:PRGE|UNIPROT:P02144:T116:PRGE","score":0.21511304390356906,"id":1,"start":1007,"end":1027,"text":"MB-DRM German family","terms":[{"ids":"UMLS:C1832370:T047:DISO","score":1.0,"id":1,"start":1010,"end":1013,"text":"DRM","terms":[]}]},{"ids":"UNIPROT:Q9NZV5:T116:PRGE","score":0.21511304390356906,"id":2,"start":1077,"end":1088,"text":"SEPN1 locus","terms":[]},{"ids":"UNIPROT:Q9NZV5:T116:PRGE","score":0.21511304390356906,"id":3,"start":1127,"end":1132,"text":"SEPN1","terms":[]}]},{"id":7,"start":1196,"end":1288,"text":"A comparative reevaluation showed that MB-DRM and SEPN-RM share identical clinical features.","terms":[{"ids":"UNIPROT:P28068:T116:PRGE|UNIPROT:P02144:T116:PRGE","score":0.5866025106001439,"id":1,"start":1235,"end":1241,"text":"MB-DRM","terms":[{"ids":"UMLS:C1832370:T047:DISO","score":1.0,"id":1,"start":1238,"end":1241,"text":"DRM","terms":[]}]},{"ids":"UNIPROT:Q9UHK6:T116:PRGE","score":0.5866025106001439,"id":2,"start":1251,"end":1253,"text":"RM","terms":[]}]},{"id":8,"start":1289,"end":1356,"text":"Therefore, we propose that MB-DRM should be categorized as SEPN-RM.","terms":[{"ids":"UNIPROT:P28068:T116:PRGE|UNIPROT:P02144:T116:PRGE","score":0.4339414194014333,"id":1,"start":1316,"end":1322,"text":"MB-DRM","terms":[{"ids":"UMLS:C1832370:T047:DISO","score":1.0,"id":1,"start":1319,"end":1322,"text":"DRM","terms":[]}]}]},{"id":9,"start":1357,"end":1563,"text":"These findings substantiate the molecular heterogeneity of DRM, expand the morphological spectrum of SEPN-RM, and implicate a necessary reassessment of the nosological boundaries in early-onset myopathies..","terms":[{"ids":"UMLS:C1832370:T047:DISO|UNIPROT:O60565:T116:PRGE","score":1.0,"id":1,"start":1416,"end":1419,"text":"DRM","terms":[]},{"ids":"UNIPROT:Q9UHK6:T116:PRGE","score":0.38479448916795417,"id":2,"start":1458,"end":1465,"text":"SEPN-RM","terms":[]},{"ids":"UMLS:C0026848:T047:DISO","score":1.0,"id":3,"start":1551,"end":1561,"text":"myopathies","terms":[]}]}]