[{"id":0,"start":0,"end":80,"text":"POLG mutations associated with Alpers\u0027 syndrome and mitochondrial DNA depletion.","terms":[{"ids":"UNIPROT:P54098:T116:PRGE","score":0.39026917421512985,"id":1,"start":0,"end":4,"text":"POLG","terms":[]},{"ids":"UMLS:C0205710:T047:DISO","score":1.0,"id":2,"start":31,"end":47,"text":"Alpers\u0027 syndrome","terms":[]},{"ids":"UMLS:C0342782:T047:DISO","score":1.0,"id":3,"start":52,"end":79,"text":"mitochondrial DNA depletion","terms":[]}]},{"id":1,"start":81,"end":170,"text":"Alpers\u0027 syndrome is a fatal neurogenetic disorder first described more than 70 years ago.","terms":[{"ids":"UMLS:C0205710:T047:DISO","score":1.0,"id":1,"start":81,"end":97,"text":"Alpers\u0027 syndrome","terms":[]}]},{"id":2,"start":171,"end":403,"text":"It is an autosomal recessive, developmental mitochondrial DNA depletion disorder characterized by deficiency in mitochondrial DNA polymerase gamma (POLG) catalytic activity, refractory seizures, neurodegeneration, and liver disease.","terms":[{"ids":"UMLS:C0342782:T047:DISO","score":1.0,"id":1,"start":215,"end":242,"text":"mitochondrial DNA depletion","terms":[]},{"ids":"UNIPROT:Q9H1D9:T116:PRGE|UNIPROT:P53803:T116:PRGE|UNIPROT:O14802:T116:PRGE|UNIPROT:Q9BUI4:T116:PRGE|UNIPROT:Q9BXR3:T116:PRGE|UNIPROT:Q9NVU0:T116:PRGE|UNIPROT:P52435:T116:PRGE|UNIPROT:P62487:T116:PRGE|UNIPROT:P30876:T116:PRGE|UNIPROT:O15514:T116:PRGE|UNIPROT:O15314:T116:PRGE|UNIPROT:P36954:T116:PRGE|UNIPROT:P52434:T116:PRGE|UNIPROT:P24928:T116:PRGE|UNIPROT:P05423:T116:PRGE|UNIPROT:Q9NW08:T116:PRGE|UNIPROT:P19387:T116:PRGE|UNIPROT:Q9NRF9:T116:PRGE|UNIPROT:Q9Y535:T116:PRGE|UNIPROT:Q9WJR5:T116:PRGE|UNIPROT:Q9GZM3:T116:PRGE|UNIPROT:P61218:T116:PRGE|UNIPROT:Q9Y2Y1:T116:PRGE|UNIPROT:O15318:T116:PRGE|UNIPROT:P19388:T116:PRGE|UNIPROT:Q9NR33:T116:PRGE|UNIPROT:Q9UQG0:T116:PRGE|UNIPROT:P62875:T116:PRGE","score":0.0,"id":2,"start":301,"end":317,"text":"polymerase gamma","terms":[]},{"ids":"UNIPROT:P54098:T116:PRGE","score":0.9986995223830138,"id":3,"start":319,"end":323,"text":"POLG","terms":[]},{"ids":"UMLS:C0023895:T047:DISO","score":1.0,"id":4,"start":389,"end":402,"text":"liver disease","terms":[{"ids":"UMLS:C0023884:T023:ANAT","score":1.0,"id":1,"start":389,"end":394,"text":"liver","terms":[]}]}]},{"id":3,"start":404,"end":630,"text":"In two unrelated pedigrees of Alpers\u0027 syndrome, each affected child was found to carry a homozygous mutation in exon 17 of the POLG locus that led to a Glu873Stop mutation just upstream of the polymerase domain of the protein.","terms":[{"ids":"UMLS:C0205710:T047:DISO","score":1.0,"id":1,"start":434,"end":450,"text":"Alpers\u0027 syndrome","terms":[]},{"ids":"UNIPROT:P54098:T116:PRGE","score":0.6801686546057601,"id":2,"start":531,"end":541,"text":"POLG locus","terms":[]}]},{"id":4,"start":631,"end":803,"text":"In addition, each affected child was heterozygous for the G1681A mutation in exon 7 that led to an Ala467Thr substitution in POLG, within the linker region of the protein..","terms":[]}]