[{"id":0,"start":0,"end":56,"text":"A new but frequent mutation of apoB-100-apoB His3543Tyr.","terms":[]},{"id":1,"start":57,"end":198,"text":"ApolipoproteinB 100 (apoB-100) is an important component of atherogenic lipoproteins such as LDL and serves as a ligand for the LDL-receptor.","terms":[{"ids":"UNIPROT:Q08357:T116:PRGE","score":0.816181748048327,"id":1,"start":185,"end":197,"text":"LDL-receptor","terms":[]}]},{"id":2,"start":199,"end":352,"text":"Familial defective apolipoproteinB 100 (FDB) is caused by a R3500Q mutation of the apoB gene and results in decreased binding of LDL to the LDL-receptor.","terms":[{"ids":"UNIPROT:Q9H3M7:T116:PRGE","score":0.5616293446023718,"id":1,"start":282,"end":291,"text":"apoB gene","terms":[]},{"ids":"UNIPROT:Q08357:T116:PRGE","score":0.5616293446023718,"id":2,"start":339,"end":351,"text":"LDL-receptor","terms":[]}]},{"id":3,"start":353,"end":425,"text":"So far FDB is the most frequent and best studied alteration of apoB-100.","terms":[]},{"id":4,"start":426,"end":554,"text":"Apart from this, three other apoB mutations, R3500W, R3531C and R3480W, affecting binding to the LDL-receptor are known to date.","terms":[{"ids":"UNIPROT:Q08357:T116:PRGE","score":0.8422137063023513,"id":1,"start":523,"end":535,"text":"LDL-receptor","terms":[]}]},{"id":5,"start":555,"end":785,"text":"We screened the apoB gene segment of codons 3448-3561 by denaturing gradient gel electrophoresis (DGGE) analysis in a total of 853 consecutively sampled German patients undergoing diagnostic coronary angiography for suspected CAD.","terms":[{"ids":"UNIPROT:Q9H3M7:T116:PRGE","score":0.6533764543604414,"id":1,"start":571,"end":588,"text":"apoB gene segment","terms":[]},{"ids":"UMLS:C0018787:T023:ANAT","score":1.0,"id":2,"start":746,"end":754,"text":"coronary","terms":[]},{"ids":"UMLS:C0010068:T047:DISO|UMLS:C0010054:T047:DISO","score":1.0,"id":3,"start":781,"end":784,"text":"CAD","terms":[]}]},{"id":6,"start":786,"end":867,"text":"By this, a new single base mutation was detected and confirmed by DNA sequencing.","terms":[]},{"id":7,"start":868,"end":953,"text":"The mutation, CAC(3543)TAC results in a His3543Tyr substitution in apoB-100 (H3543Y).","terms":[{"ids":"UNIPROT:P63132:T116:PRGE|UNIPROT:P63135:T116:PRGE|UNIPROT:Q9BXR3:T116:PRGE|UNIPROT:Q9UQG0:T116:PRGE|UNIPROT:P10266:T116:PRGE|UNIPROT:Q9WJR5:T116:PRGE|UNIPROT:P63133:T116:PRGE|UNIPROT:P63136:T116:PRGE","score":0.0,"id":1,"start":908,"end":934,"text":"His3543Tyr substitution in","terms":[]}]},{"id":8,"start":954,"end":1094,"text":"The prevalence of heterozygotes for H3543Y in the study population was 0.47% compared to 0.12% for the known Arg 3500 Gln (R3500Q) mutation.","terms":[]},{"id":9,"start":1095,"end":1241,"text":"In conclusion, the new mutation is four times more frequent than \"classical\" FDB and thus appears to be the most common apoB mutation in Germany..","terms":[]}]