[{"id":0,"start":0,"end":59,"text":"Identification of a functional mutation in pp32r1 (ANP32C).","terms":[{"ids":"UNIPROT:O43423:T116:PRGE","score":0.9764772091028544,"id":1,"start":43,"end":49,"text":"pp32r1","terms":[]},{"ids":"UNIPROT:O43423:T116:PRGE","score":0.9764772091028544,"id":2,"start":51,"end":57,"text":"ANP32C","terms":[]}]},{"id":1,"start":60,"end":160,"text":"No mutations or polymorphisms have previously been reported in pp32r1 (ANP32C; GenBank: AF008216.1).","terms":[{"ids":"UNIPROT:O43423:T116:PRGE","score":0.7394879814988836,"id":1,"start":123,"end":129,"text":"pp32r1","terms":[]},{"ids":"UNIPROT:O43423:T116:PRGE","score":0.7394879814988836,"id":2,"start":131,"end":137,"text":"ANP32C","terms":[]}]},{"id":2,"start":161,"end":339,"text":"pp32r1 is part of the highly conserved ANP32 family, some of whose members are associated with control of histone acetylation, mRNA stability, and specialized forms of apoptosis.","terms":[{"ids":"UNIPROT:O43423:T116:PRGE","score":0.5863524164583972,"id":1,"start":161,"end":167,"text":"pp32r1","terms":[]},{"ids":"UNIPROT:P62805:T116:PRGE|UNIPROT:P0C0S5:T116:PRGE","score":0.5863524164583972,"id":2,"start":267,"end":274,"text":"histone","terms":[]}]},{"id":3,"start":340,"end":554,"text":"Although 87.6% identical at the protein level, pp32r1 is functionally distinct from pp32 (ANP32A) in its failure  to suppress oncogenesis in in vitro transformation systems and its tumorigenicity in in vivo assays.","terms":[{"ids":"UNIPROT:O43423:T116:PRGE","score":0.8737000990485009,"id":1,"start":387,"end":393,"text":"pp32r1","terms":[]},{"ids":"UNIPROT:P39687:T116:PRGE","score":0.8737000990485009,"id":2,"start":424,"end":428,"text":"pp32","terms":[]},{"ids":"UNIPROT:P39687:T116:PRGE","score":0.8737000990485009,"id":3,"start":430,"end":436,"text":"ANP32A","terms":[]}]},{"id":4,"start":555,"end":713,"text":"The present study found that pp32r1 expression levels vary among human tumor cell lines, with the highest levels found in prostatic adenocarcinoma cell lines.","terms":[{"ids":"UNIPROT:O43423:T116:PRGE","score":0.994082726624317,"id":1,"start":584,"end":590,"text":"pp32r1","terms":[]},{"ids":"UMLS:C0033572:T023:ANAT","score":1.0,"id":2,"start":677,"end":686,"text":"prostatic","terms":[]}]},{"id":5,"start":714,"end":907,"text":"pp32r1 also appears to be polymorphic at nucleotide g.4520 and nucleotide g.4664 in human tobacco-associated oral mucosal lesions, human fibroblast cell lines, and several carcinoma cell lines.","terms":[{"ids":"UNIPROT:O43423:T116:PRGE","score":0.871932358135099,"id":1,"start":714,"end":720,"text":"pp32r1","terms":[]},{"ids":"UMLS:C0026639:T023:ANAT","score":1.0,"id":2,"start":823,"end":835,"text":"oral mucosal","terms":[]}]},{"id":6,"start":908,"end":1058,"text":"PC-3 human prostatic adenocarcinoma cells likewise appear to be polymorphic at these loci, but additionally contain a g.4870T\u003eC transversion mutation.","terms":[{"ids":"UNIPROT:Q1L6U9:T116:PRGE","score":0.8198468522654293,"id":1,"start":908,"end":912,"text":"PC-3","terms":[]},{"ids":"UMLS:C0033572:T023:ANAT","score":1.0,"id":2,"start":919,"end":928,"text":"prostatic","terms":[]}]},{"id":7,"start":1059,"end":1174,"text":"The mutation results  in a p.Tyr140His substitution, which lies in a functionally important region of the molecule.","terms":[]},{"id":8,"start":1175,"end":1296,"text":"In the PC-3 prostate cancer line, the mutation is either homozygous, or hemizygous accompanied by loss of heterozygosity.","terms":[{"ids":"UNIPROT:Q1L6U9:T116:PRGE","score":0.8006881757691799,"id":1,"start":1182,"end":1186,"text":"PC-3","terms":[]},{"ids":"UMLS:C0033572:T023:ANAT","score":1.0,"id":2,"start":1187,"end":1195,"text":"prostate","terms":[]}]},{"id":9,"start":1297,"end":1407,"text":"ACHN cells stably transfected with pp32r1 containing this mutation showed a markedly increased rate of growth.","terms":[{"ids":"UNIPROT:O43423:T116:PRGE","score":0.7229578207151227,"id":1,"start":1332,"end":1338,"text":"pp32r1","terms":[]}]},{"id":10,"start":1408,"end":1552,"text":"The pp32r1 mutation could thus be causally associated with the neoplastic growth properties of PC-3, and be of potential clinical significance..","terms":[{"ids":"UNIPROT:O43423:T116:PRGE","score":0.482479344802689,"id":1,"start":1412,"end":1418,"text":"pp32r1","terms":[]},{"ids":"UNIPROT:Q1L6U9:T116:PRGE","score":0.482479344802689,"id":2,"start":1503,"end":1507,"text":"PC-3","terms":[]}]}]