[{"id":0,"start":0,"end":166,"text":"A novel arginine substitution mutation in 1A domain and a novel 27 bp insertion mutation in 2B domain of keratin 12 gene associated with Meesmann\u0027s corneal dystrophy.","terms":[{"ids":"UNIPROT:Q9NYG2:T116:PRGE","score":0.5677161163282406,"id":1,"start":42,"end":51,"text":"1A domain","terms":[]},{"ids":"UNIPROT:Q99456:T116:PRGE","score":0.5677161163282406,"id":2,"start":105,"end":120,"text":"keratin 12 gene","terms":[]},{"ids":"UMLS:C0010036:T047:DISO","score":1.0,"id":3,"start":148,"end":165,"text":"corneal dystrophy","terms":[]}]},{"id":1,"start":167,"end":268,"text":"AIM: To determine the disease causing gene defects in two patients with Meesmann\u0027s corneal dystrophy.","terms":[{"ids":"UMLS:C0010036:T047:DISO","score":1.0,"id":1,"start":250,"end":267,"text":"corneal dystrophy","terms":[]}]},{"id":2,"start":269,"end":499,"text":"METHODS: Mutational analysis of domains 1A and 2B of the keratin 3 (K3) and keratin 12 (K12) genes from two patients with Meesmann\u0027s corneal dystrophy was performed by polymerase chain reaction amplification and direct sequencing.","terms":[{"ids":"UNIPROT:P08729:T116:PRGE|UNIPROT:P02533:T116:PRGE|UNIPROT:Q14533:T116:PRGE","score":0.0,"id":1,"start":326,"end":333,"text":"keratin","terms":[]},{"ids":"UNIPROT:P12035:T116:PRGE|UNIPROT:Q99456:T116:PRGE|UNIPROT:Q9UGI6:T116:PRGE","score":0.4791026947873107,"id":2,"start":337,"end":339,"text":"K3","terms":[]},{"ids":"UNIPROT:Q99456:T116:PRGE","score":0.4791026947873107,"id":3,"start":345,"end":355,"text":"keratin 12","terms":[]},{"ids":"UNIPROT:Q8WVN6:T116:PRGE|UNIPROT:Q99456:T116:PRGE","score":0.4791026947873107,"id":4,"start":357,"end":360,"text":"K12","terms":[]},{"ids":"UMLS:C0010036:T047:DISO","score":1.0,"id":5,"start":402,"end":419,"text":"corneal dystrophy","terms":[]}]},{"id":3,"start":500,"end":574,"text":"RESULTS: Novel mutations of the K12 gene were identified in both patients.","terms":[{"ids":"UNIPROT:Q8WVN6:T116:PRGE|UNIPROT:Q99456:T116:PRGE","score":0.9696042862750787,"id":1,"start":532,"end":540,"text":"K12 gene","terms":[]}]},{"id":4,"start":575,"end":686,"text":"In one patient a heterozygous point mutation (429A--\u003eC \u003d Arg135Ser) was found in the 1A domain of the K12 gene.","terms":[{"ids":"UNIPROT:Q8WVN6:T116:PRGE|UNIPROT:Q99456:T116:PRGE","score":0.49757916090578963,"id":1,"start":677,"end":685,"text":"K12 gene","terms":[]}]},{"id":5,"start":687,"end":740,"text":"This mutation was confirmed by restriction digestion.","terms":[]},{"id":6,"start":741,"end":888,"text":"In the second patient a heterozygous 27 bp duplication was found inserted in the 2B domain at nucleotide position 1222 (1222ins27) of the K12 gene.","terms":[{"ids":"UNIPROT:Q8WVN6:T116:PRGE|UNIPROT:Q99456:T116:PRGE","score":0.8542002971498944,"id":1,"start":879,"end":887,"text":"K12 gene","terms":[]}]},{"id":7,"start":889,"end":940,"text":"This mutation was confirmed by gel electrophoresis.","terms":[]},{"id":8,"start":941,"end":995,"text":"The mutations were not present in unaffected controls.","terms":[]},{"id":9,"start":996,"end":1098,"text":"CONCLUSION: Novel K12 mutations were linked to Meesmann\u0027s corneal dystrophy in two different patients.","terms":[{"ids":"UMLS:C0010036:T047:DISO","score":1.0,"id":1,"start":1054,"end":1071,"text":"corneal dystrophy","terms":[]}]},{"id":10,"start":1099,"end":1371,"text":"A missense mutation replacing a highly conserved arginine residue in the beginning of the helix initiation motif was found in one patient, and an insertion mutation, consisting of a duplication of 27 nucleotides, was found before the helix termination motif in the other..","terms":[{"ids":"UMLS:C0229304:T023:ANAT","score":1.0,"id":1,"start":1189,"end":1194,"text":"helix","terms":[]},{"ids":"UMLS:C0229304:T023:ANAT","score":1.0,"id":2,"start":1333,"end":1338,"text":"helix","terms":[]}]}]