[{"id":0,"start":0,"end":132,"text":"The variant E233G of the RAD51D gene could be a low-penetrance allele in high-risk breast cancer families without BRCA1/2 mutations.","terms":[{"ids":"UNIPROT:Q06609:T116:PRGE","score":0.6109710525716573,"id":1,"start":25,"end":36,"text":"RAD51D gene","terms":[]},{"ids":"UMLS:C0006141:T023:ANAT","score":1.0,"id":2,"start":83,"end":89,"text":"breast","terms":[]},{"ids":"UNIPROT:P38398:T116:PRGE","score":0.6109710525716573,"id":3,"start":114,"end":121,"text":"BRCA1/2","terms":[]}]},{"id":1,"start":133,"end":233,"text":"Six SNPs have been detected in the DNA repair genes RAD51C and RAD51D, not previously characterized.","terms":[{"ids":"UNIPROT:O43502:T116:PRGE","score":0.31923816502408076,"id":1,"start":185,"end":191,"text":"RAD51C","terms":[]},{"ids":"UNIPROT:Q06609:T116:PRGE","score":0.31923816502408076,"id":2,"start":196,"end":202,"text":"RAD51D","terms":[]}]},{"id":2,"start":234,"end":635,"text":"The novel variant E233G in RAD51D is more highly represented in high-risk, site-specific, familial breast cancer cases that are not associated with the BRCA1/2 genes, with a frequency of 5.74% (n \u003d 174) compared to a control population (n \u003d 567) and another subset of breast cancer patients (n \u003d 765) with a prevalence of around 2% only (comparison to controls, OR \u003d 2.6, 95% CI 1.12-6.03; p \u003c 0.021).","terms":[{"ids":"UMLS:C0006141:T023:ANAT","score":1.0,"id":1,"start":333,"end":339,"text":"breast","terms":[]},{"ids":"UNIPROT:P38398:T116:PRGE","score":0.2646206769372981,"id":2,"start":386,"end":399,"text":"BRCA1/2 genes","terms":[]},{"ids":"UMLS:C0006141:T023:ANAT","score":1.0,"id":3,"start":502,"end":508,"text":"breast","terms":[]}]},{"id":3,"start":636,"end":791,"text":"We found that the immunohistochemical profile detected in available tumors from these patients differs slightly from those described in non-BRCA1/2 tumors.","terms":[{"ids":"UNIPROT:P38398:T116:PRGE","score":0.8491373204841073,"id":1,"start":776,"end":781,"text":"BRCA1","terms":[]}]},{"id":4,"start":792,"end":945,"text":"Finally, the structural prediction of the  putative functional consequence of this change indicates that it can diminish protein stability and structure.","terms":[]},{"id":5,"start":946,"end":1117,"text":"This suggests a role for E233G as a low-penetrance susceptibility gene in the specific subgroup of high-risk familial breast cancer cases that are not related to BRCA1/2..","terms":[{"ids":"UMLS:C0006141:T023:ANAT","score":1.0,"id":1,"start":1064,"end":1070,"text":"breast","terms":[]},{"ids":"UNIPROT:P38398:T116:PRGE","score":0.7600364027053218,"id":2,"start":1108,"end":1115,"text":"BRCA1/2","terms":[]}]}]