[{"id":0,"start":0,"end":111,"text":"Severe form of thyroid hormone resistance in a patient with homozygous/hemizygous mutation of T3 receptor gene.","terms":[{"ids":"UMLS:C2940786:T047:DISO","score":1.0,"id":1,"start":15,"end":41,"text":"thyroid hormone resistance","terms":[{"ids":"UMLS:C0040132:T023:ANAT","score":1.0,"id":1,"start":15,"end":22,"text":"thyroid","terms":[]}]},{"ids":"UNIPROT:P05141:T116:PRGE|UNIPROT:P35030:T116:PRGE","score":0.7936048974617126,"id":2,"start":94,"end":110,"text":"T3 receptor gene","terms":[{"ids":"UMLS:C1235740:T023:ANAT","score":1.0,"id":1,"start":94,"end":96,"text":"T3","terms":[]}]}]},{"id":1,"start":112,"end":226,"text":"Resistance to thyroid hormone syndrome (RTH) is a rare disorder, usually inherited as an autosomal dominant trait.","terms":[{"ids":"UMLS:C0040132:T023:ANAT","score":1.0,"id":1,"start":126,"end":133,"text":"thyroid","terms":[]},{"ids":"UMLS:C0039082:T047:DISO","score":1.0,"id":2,"start":142,"end":150,"text":"syndrome","terms":[]},{"ids":"UMLS:C0678236:T047:DISO","score":1.0,"id":3,"start":162,"end":175,"text":"rare disorder","terms":[]}]},{"id":2,"start":227,"end":368,"text":"Patients with RTH are usually euthyroid but can occasionally present with signs and symptoms of thyrotoxicosis or rarely with hypothyroidism.","terms":[{"ids":"UMLS:C0040156:T047:DISO","score":1.0,"id":1,"start":323,"end":337,"text":"thyrotoxicosis","terms":[]},{"ids":"UMLS:C0020676:T047:DISO","score":1.0,"id":2,"start":353,"end":367,"text":"hypothyroidism","terms":[]}]},{"id":3,"start":369,"end":481,"text":"Affected individuals are usually heterozygous for mutations in the thyroid hormone receptor beta gene (TR-beta).","terms":[{"ids":"UNIPROT:P10828:T116:PRGE","score":0.7977638901980606,"id":1,"start":436,"end":470,"text":"thyroid hormone receptor beta gene","terms":[{"ids":"UMLS:C0040132:T023:ANAT","score":1.0,"id":1,"start":436,"end":443,"text":"thyroid","terms":[]}]},{"ids":"UNIPROT:P25116:T116:PRGE","score":0.7977638901980606,"id":2,"start":472,"end":479,"text":"TR-beta","terms":[]}]},{"id":4,"start":482,"end":576,"text":"We present a patient with RTH found to be homo-/hemizygous for a mutation in the TR-beta gene.","terms":[{"ids":"UNIPROT:P25116:T116:PRGE","score":0.7128053695027154,"id":1,"start":563,"end":575,"text":"TR-beta gene","terms":[]}]},{"id":5,"start":577,"end":733,"text":"The single nucleotide substitution I280S (1123T--\u003eG) was present either on both alleles or in a hemizygous form with complete deletion of the second allele.","terms":[]},{"id":6,"start":734,"end":801,"text":"The I280S mutation was recently reported in a heterozygous patient.","terms":[]},{"id":7,"start":802,"end":1059,"text":"The severe phenotype with seriously impaired intellectual development, hyperkinetic behaviour, tachycardia, hearing and visual impairment is probably due to the dominant negative effect of the I280S mutant protein and the absence of any functional TR-beta..","terms":[{"ids":"UMLS:C0042798:T047:DISO","score":1.0,"id":1,"start":922,"end":939,"text":"visual impairment","terms":[]},{"ids":"UNIPROT:Q92791:T116:PRGE|UNIPROT:O14495:T116:PRGE|UNIPROT:Q5T1R4:T116:PRGE|UNIPROT:Q13526:T116:PRGE|UNIPROT:Q15233:T116:PRGE","score":0.9329378988501427,"id":2,"start":995,"end":1015,"text":"I280S mutant protein","terms":[]},{"ids":"UNIPROT:P25116:T116:PRGE","score":0.9329378988501427,"id":3,"start":1050,"end":1057,"text":"TR-beta","terms":[]}]}]