[{"id":0,"start":0,"end":88,"text":"Evaluation of the Lys198Asn and -134delA genetic polymorphisms of the endothelin-1 gene.","terms":[{"ids":"UNIPROT:P20800:T116:PRGE|UNIPROT:P05305:T116:PRGE","score":0.9731734414489271,"id":1,"start":70,"end":87,"text":"endothelin-1 gene","terms":[]}]},{"id":1,"start":89,"end":181,"text":"Endothelin-1 (ET-1) is a potent vasoconstrictor and shows various pharmacological responses.","terms":[{"ids":"UNIPROT:P20800:T116:PRGE|UNIPROT:P05305:T116:PRGE","score":0.9615819261605293,"id":1,"start":89,"end":101,"text":"Endothelin-1","terms":[]},{"ids":"UNIPROT:P05305:T116:PRGE","score":0.9615819261605293,"id":2,"start":103,"end":107,"text":"ET-1","terms":[]}]},{"id":2,"start":182,"end":303,"text":"Two single nucleotide polymorphisms in the ET-1 gene (EDN1) have been reported to be associated with blood pressure (BP).","terms":[{"ids":"UNIPROT:P05305:T116:PRGE","score":0.961988089253101,"id":1,"start":225,"end":234,"text":"ET-1 gene","terms":[]},{"ids":"UNIPROT:P14138:T116:PRGE|UNIPROT:P05305:T116:PRGE","score":0.961988089253101,"id":2,"start":236,"end":240,"text":"EDN1","terms":[]}]},{"id":3,"start":304,"end":404,"text":"One is the Lys198Asn polymorphism, which showed a positive association with BP in overweight people.","terms":[]},{"id":4,"start":405,"end":488,"text":"Another is the 3A/4A polymorphism (-134delA) located in the 5\u0027-untranslated region.","terms":[]},{"id":5,"start":489,"end":676,"text":"In this study, we investigated the expression of the Lys198Asn polymorphism in ET-1 in vitro, as well as the association between either of the two polymorphisms and the plasma ET-1 level.","terms":[{"ids":"UNIPROT:P05305:T116:PRGE","score":0.4890495354324302,"id":1,"start":568,"end":572,"text":"ET-1","terms":[]},{"ids":"UNIPROT:P22352:T116:PRGE|UNIPROT:Q96IY4:T116:PRGE","score":0.4890495354324302,"id":2,"start":658,"end":669,"text":"plasma ET-1","terms":[]}]},{"id":6,"start":677,"end":856,"text":"We expressed both the major (Lys-type) and minor type (Asn-type) preproET-1 in three different cell lines, and measured the levels of ET-1 and big ET-1 in the culture supernatant.","terms":[{"ids":"UNIPROT:P05305:T116:PRGE","score":0.4186361212945217,"id":1,"start":811,"end":815,"text":"ET-1","terms":[]},{"ids":"UNIPROT:P05305:T116:PRGE","score":0.4186361212945217,"id":2,"start":824,"end":828,"text":"ET-1","terms":[]}]},{"id":7,"start":857,"end":974,"text":"There was no significant difference in the levels of ET-1 or big ET-1 between the Asn-type and Lys-type transfectant.","terms":[{"ids":"UNIPROT:P05305:T116:PRGE","score":0.6062703138587533,"id":1,"start":910,"end":914,"text":"ET-1","terms":[]},{"ids":"UNIPROT:P05305:T116:PRGE","score":0.6062703138587533,"id":2,"start":922,"end":926,"text":"ET-1","terms":[]}]},{"id":8,"start":975,"end":1193,"text":"In the association study, the plasma levels of ET-1 in 54 hypertensive patients having an amino acid substitution from Lys to Asn at position 198 were not different from those of hypertensives without the substitution.","terms":[{"ids":"UNIPROT:P05305:T116:PRGE","score":0.962016624187759,"id":1,"start":1022,"end":1026,"text":"ET-1","terms":[]}]},{"id":9,"start":1194,"end":1307,"text":"However, we found a significant difference in ET-1 levels between individuals with the 3A/3A and 3A/4A genotypes.","terms":[{"ids":"UNIPROT:P05305:T116:PRGE","score":0.6367385711930286,"id":1,"start":1240,"end":1244,"text":"ET-1","terms":[]}]},{"id":10,"start":1308,"end":1434,"text":"Our transient expression study indicates that the Lys198Asn polymorphism may not directly affect ET-1 and big ET-1 production.","terms":[{"ids":"UNIPROT:P05305:T116:PRGE","score":0.8538247794100022,"id":1,"start":1405,"end":1409,"text":"ET-1","terms":[]},{"ids":"UNIPROT:P05305:T116:PRGE","score":0.8538247794100022,"id":2,"start":1418,"end":1422,"text":"ET-1","terms":[]}]},{"id":11,"start":1435,"end":1723,"text":"Another variant in the EDN1 gene in linkage disequilibrium with the Lys198Asn polymorphism may be responsible for the association with BP, or the interaction between the EDN1 Lys198Asn polymorphism and other factors such as obesity may be involved in the mechanisms elevating BP in vivo..","terms":[{"ids":"UNIPROT:P14138:T116:PRGE|UNIPROT:P05305:T116:PRGE","score":0.7797423313262757,"id":1,"start":1458,"end":1467,"text":"EDN1 gene","terms":[]},{"ids":"UMLS:C0028754:T047:DISO","score":1.0,"id":2,"start":1659,"end":1666,"text":"obesity","terms":[]}]}]