[{"id":0,"start":0,"end":112,"text":"De novo germline mutation in the serine-threonine kinase STK11/LKB1 gene associated with Peutz-Jeghers syndrome.","terms":[{"ids":"UNIPROT:O14965:T116:PRGE","score":0.7148899011072316,"id":1,"start":33,"end":56,"text":"serine-threonine kinase","terms":[]},{"ids":"UNIPROT:Q15831:T116:PRGE","score":0.7148899011072316,"id":2,"start":57,"end":62,"text":"STK11","terms":[]},{"ids":"UNIPROT:Q15831:T116:PRGE","score":0.7148899011072316,"id":3,"start":63,"end":67,"text":"LKB1","terms":[]},{"ids":"UMLS:C0031269:T047:DISO","score":1.0,"id":4,"start":89,"end":111,"text":"Peutz-Jeghers syndrome","terms":[]}]},{"id":1,"start":113,"end":263,"text":"Peutz-Jeghers syndrome (PJS) is an autosomal dominant disease, characterized phenotypically by mucocutaneous pigmentation and hamartomatous polyposis.","terms":[{"ids":"UMLS:C0031269:T047:DISO","score":1.0,"id":1,"start":113,"end":135,"text":"Peutz-Jeghers syndrome","terms":[]},{"ids":"UMLS:C0031269:T047:DISO","score":1.0,"id":2,"start":137,"end":140,"text":"PJS","terms":[]}]},{"id":2,"start":264,"end":361,"text":"Affected patients are at an increased risk of developing gastrointestinal and other malignancies.","terms":[]},{"id":3,"start":362,"end":495,"text":"Mutations in the STK11/LKB1 (LKB1) gene, which encodes for a serine-threonine kinase, have been identified as a genetic cause of PJS.","terms":[{"ids":"UNIPROT:Q15831:T116:PRGE","score":0.8835672584559496,"id":1,"start":379,"end":384,"text":"STK11","terms":[]},{"ids":"UNIPROT:Q15831:T116:PRGE","score":0.8835672584559496,"id":2,"start":385,"end":389,"text":"LKB1","terms":[]},{"ids":"UNIPROT:Q15831:T116:PRGE","score":0.8835672584559496,"id":3,"start":391,"end":395,"text":"LKB1","terms":[]},{"ids":"UNIPROT:O14965:T116:PRGE","score":0.8835672584559496,"id":4,"start":423,"end":446,"text":"serine-threonine kinase","terms":[]},{"ids":"UMLS:C0031269:T047:DISO","score":1.0,"id":5,"start":491,"end":494,"text":"PJS","terms":[]}]},{"id":4,"start":496,"end":671,"text":"Molecular analysis of the LKB1 gene in a simplex case of PJS revealed a substitution of cytosine (C) for guanine (G) at codon 246 in exon 6, resulting in the Tyr246X mutation.","terms":[{"ids":"UNIPROT:Q15831:T116:PRGE","score":0.46642368717959215,"id":1,"start":522,"end":531,"text":"LKB1 gene","terms":[]},{"ids":"UMLS:C2338991:T023:ANAT","score":1.0,"id":2,"start":537,"end":544,"text":"simplex","terms":[]},{"ids":"UMLS:C0031269:T047:DISO","score":1.0,"id":3,"start":553,"end":556,"text":"PJS","terms":[]}]},{"id":5,"start":672,"end":820,"text":"The nucleotide substitution leads to a premature stop codon at the 246 residue, predicting a truncated protein and presumed loss of kinase activity.","terms":[]},{"id":6,"start":821,"end":940,"text":"Analysis of DNA from both parents of the PJS patient did not show this mutation, which is therefore a de novo mutation.","terms":[{"ids":"UMLS:C0031269:T047:DISO","score":1.0,"id":1,"start":862,"end":865,"text":"PJS","terms":[]}]},{"id":7,"start":941,"end":1221,"text":"We isolated DNA from microdissected gastrointestinal hamartomatous polyps in the PJS patient and investigated the loss of heterozygosity (LOH) at the LKB1 locus by real-time fluorescence polymerase chain reaction genotyping using a fluorescent resonance energy transfer technique.","terms":[{"ids":"UMLS:C0031269:T047:DISO","score":1.0,"id":1,"start":1022,"end":1025,"text":"PJS","terms":[]},{"ids":"UNIPROT:Q15831:T116:PRGE","score":0.9613690444391382,"id":2,"start":1091,"end":1101,"text":"LKB1 locus","terms":[]}]},{"id":8,"start":1222,"end":1315,"text":"The results suggest a different mechanism from LOH in the formation of hamartomatous polyps..","terms":[]}]