[{"id":0,"start":0,"end":145,"text":"Genetic analyses and expression studies identified a novel mutation (W486C) as a molecular basis of congenital coagulation factor XII deficiency.","terms":[{"ids":"","score":1.0,"id":1,"start":111,"end":144,"text":"coagulation factor XII deficiency","terms":[{"ids":"UNIPROT:P00748:T116:PRGE","score":0.9354678143348967,"id":1,"start":111,"end":133,"text":"coagulation factor XII","terms":[]},{"ids":"UMLS:C0015526:T047:DISO","score":1.0,"id":2,"start":123,"end":144,"text":"factor XII deficiency","terms":[]}]}]},{"id":1,"start":146,"end":309,"text":"We analyzed the factor XII (FXII) gene of a patient with congenital FXII deficiency and identified a novel amino acid substitution (W486C) in the catalytic domain.","terms":[{"ids":"UNIPROT:P00748:T116:PRGE","score":0.6428462076006185,"id":1,"start":162,"end":172,"text":"factor XII","terms":[]}]},{"id":2,"start":310,"end":423,"text":"The proband was an asymptomatic 49-year-old Japanese female with abnormal coagulation test, discovered by chance.","terms":[]},{"id":3,"start":424,"end":543,"text":"The FXII activity and antigen level were both under 10%, suggesting a cross-reacting material-negative FXII deficiency.","terms":[]},{"id":4,"start":544,"end":726,"text":"Sequence analysis of the proband\u0027s FXII gene revealed a homozygous nucleotide substitution G --\u003e C in exon 12, resulting in the amino acid substitution W486C in the catalytic domain.","terms":[{"ids":"UNIPROT:Q9H3M7:T116:PRGE","score":0.8524834450141648,"id":1,"start":579,"end":588,"text":"FXII gene","terms":[]}]},{"id":5,"start":727,"end":847,"text":"We constructed the mutant FXII cDNA in an expression plasmid vector and transfected it into Chinese hamster ovary cells.","terms":[{"ids":"UMLS:C0029939:T023:ANAT|UMLS:C0227898:T023:ANAT","score":1.0,"id":1,"start":835,"end":840,"text":"ovary","terms":[]}]},{"id":6,"start":848,"end":997,"text":"The recombinant wild-type FXII antigen was detected in the culture medium by immunoprecipitation assay, but the mutant FXII (W486C) was not observed.","terms":[{"ids":"UNIPROT:Q13326:T116:PRGE|UNIPROT:P38405:T116:PRGE","score":0.49369006841604424,"id":1,"start":852,"end":886,"text":"recombinant wild-type FXII antigen","terms":[]}]},{"id":7,"start":998,"end":1200,"text":"On the other hand, both the wild-type FXII and W486C cell lysates contained FXII antigen and FXII mRNA, as estimated by western blotting and quantitative reverse transcriptase-polymerase chain reaction.","terms":[{"ids":"UMLS:C0018563:T023:ANAT","score":1.0,"id":1,"start":1011,"end":1015,"text":"hand","terms":[]},{"ids":"UNIPROT:Q13326:T116:PRGE|UNIPROT:P38405:T116:PRGE","score":0.6373428714051109,"id":2,"start":1026,"end":1040,"text":"wild-type FXII","terms":[]},{"ids":"UNIPROT:P14209:T116:PRGE","score":0.6373428714051109,"id":3,"start":1074,"end":1086,"text":"FXII antigen","terms":[]},{"ids":"UNIPROT:P63132:T116:PRGE|UNIPROT:P63135:T116:PRGE|UNIPROT:P63128:T116:PRGE|UNIPROT:Q9BXR3:T116:PRGE|UNIPROT:O15314:T116:PRGE|UNIPROT:O14746:T116:PRGE|UNIPROT:Q9UQG0:T116:PRGE|UNIPROT:P10266:T116:PRGE|UNIPROT:Q9WJR5:T116:PRGE|UNIPROT:P63133:T116:PRGE|UNIPROT:Q9QC07:T116:PRGE|UNIPROT:P63136:T116:PRGE","score":0.6373428714051109,"id":4,"start":1152,"end":1173,"text":"reverse transcriptase","terms":[]}]},{"id":8,"start":1201,"end":1333,"text":"These findings suggest that the W486C substitution of FXII impairs intracellular processing of the protein and/or transport system..","terms":[]}]