[{"id":0,"start":0,"end":116,"text":"Lack of major involvement of human uroplakin genes in vesicoureteral reflux: implications for disease heterogeneity.","terms":[{"ids":"UNIPROT:Q8TA86:T116:PRGE|UNIPROT:Q9H0Z9:T116:PRGE","score":0.9692831047803565,"id":1,"start":29,"end":50,"text":"human uroplakin genes","terms":[]},{"ids":"UMLS:C0042580:T047:DISO","score":1.0,"id":2,"start":54,"end":75,"text":"vesicoureteral reflux","terms":[]}]},{"id":1,"start":117,"end":265,"text":"BACKGROUND: Primary vesicoureteral reflux (VUR) is a hereditary disorder characterized by the retrograde flow of urine into the ureters and kidneys.","terms":[{"ids":"UMLS:C0042580:T047:DISO","score":1.0,"id":1,"start":137,"end":158,"text":"vesicoureteral reflux","terms":[]},{"ids":"UMLS:C0042580:T047:DISO","score":1.0,"id":2,"start":160,"end":163,"text":"VUR","terms":[]},{"ids":"UMLS:C0019247:T047:DISO","score":1.0,"id":3,"start":170,"end":189,"text":"hereditary disorder","terms":[]},{"ids":"UMLS:C0041951:T023:ANAT","score":1.0,"id":4,"start":245,"end":252,"text":"ureters","terms":[]},{"ids":"UMLS:C0022646:T023:ANAT|UMLS:C0227665:T023:ANAT","score":1.0,"id":5,"start":257,"end":264,"text":"kidneys","terms":[]}]},{"id":2,"start":266,"end":363,"text":"It affects about 1% of the young children and is thus one of the most common hereditary diseases.","terms":[{"ids":"UMLS:C0019247:T047:DISO","score":1.0,"id":1,"start":343,"end":362,"text":"hereditary diseases","terms":[]}]},{"id":3,"start":364,"end":463,"text":"Its associated nephropathy is an important cause of end-stage renal failure in children and adults.","terms":[{"ids":"UMLS:C0022658:T047:DISO","score":1.0,"id":1,"start":379,"end":390,"text":"nephropathy","terms":[]},{"ids":"UMLS:C0022661:T047:DISO","score":1.0,"id":2,"start":416,"end":439,"text":"end-stage renal failure","terms":[{"ids":"UMLS:C0022646:T023:ANAT","score":1.0,"id":1,"start":426,"end":431,"text":"renal","terms":[]}]}]},{"id":4,"start":464,"end":670,"text":"Recent studies indicate that genetic ablation of mouse uroplakin (UP) III gene, which encodes a 47 kD urothelial-specific integral membrane protein forming urothelial plaques, causes VUR and hydronephrosis.","terms":[{"ids":"UMLS:C1839259:T047:DISO|UMLS:C0026691:T047:DISO","score":1.0,"id":1,"start":563,"end":565,"text":"kD","terms":[]},{"ids":"UMLS:C0042580:T047:DISO","score":1.0,"id":2,"start":647,"end":650,"text":"VUR","terms":[]},{"ids":"UMLS:C0020295:T047:DISO","score":1.0,"id":3,"start":655,"end":669,"text":"hydronephrosis","terms":[]}]},{"id":5,"start":671,"end":981,"text":"METHODS: To begin to determine whether mutations in UP genes might play a role in human VUR, we genotyped all four UP genes in 76 patients with radiologically proven primary VUR by polymerase chain reaction (PCR) amplification and sequencing of all their exons plus 50 to 150 bp of flanking intronic sequences.","terms":[{"ids":"UNIPROT:Q16831:T116:PRGE","score":0.4625225953202752,"id":1,"start":723,"end":731,"text":"UP genes","terms":[]},{"ids":"UMLS:C0042580:T047:DISO","score":1.0,"id":2,"start":759,"end":762,"text":"VUR","terms":[]},{"ids":"UMLS:C0042580:T047:DISO","score":1.0,"id":3,"start":845,"end":848,"text":"VUR","terms":[]}]},{"id":6,"start":982,"end":1130,"text":"RESULTS: Eighteen single nucleotide polymorphisms (SNPs) were identified, seven of which were missense, with no truncation or frame shift mutations.","terms":[]},{"id":7,"start":1131,"end":1356,"text":"Since healthy relatives of the VUR probands are not reliable negative controls for VUR, we used a population of 90 race-matched, healthy individuals, unrelated to the VUR patients, as controls to perform an association study.","terms":[{"ids":"UMLS:C0042580:T047:DISO","score":1.0,"id":1,"start":1162,"end":1165,"text":"VUR","terms":[]},{"ids":"UMLS:C0042580:T047:DISO","score":1.0,"id":2,"start":1214,"end":1217,"text":"VUR","terms":[]},{"ids":"UMLS:C0042580:T047:DISO","score":1.0,"id":3,"start":1298,"end":1301,"text":"VUR","terms":[]}]},{"id":8,"start":1357,"end":1429,"text":"Most of the SNPs were not found to be significantly associated with VUR.","terms":[{"ids":"UMLS:C0042580:T047:DISO","score":1.0,"id":1,"start":1425,"end":1428,"text":"VUR","terms":[]}]},{"id":9,"start":1430,"end":1635,"text":"However, SNP1 of UP Ia gene affecting a C to T conversion and an Ala7Val change, and SNP7 of UP III affecting a C to G conversion and a Pro154Ala change, were marginally associated with VUR (both P\u003d 0.08).","terms":[{"ids":"UNIPROT:Q16831:T116:PRGE","score":0.7389699733544669,"id":1,"start":1447,"end":1457,"text":"UP Ia gene","terms":[]},{"ids":"UNIPROT:Q16831:T116:PRGE","score":0.7389699733544669,"id":2,"start":1523,"end":1529,"text":"UP III","terms":[]},{"ids":"UMLS:C0042580:T047:DISO","score":1.0,"id":3,"start":1616,"end":1619,"text":"VUR","terms":[]}]},{"id":10,"start":1636,"end":1833,"text":"Studies of additional cases yielded a second set of data that, in combination with the first set, confirmed a weak association of UP III SNP7 in VUR (P\u003d 0.036 adjusted for both subsets of cases vs.","terms":[{"ids":"UNIPROT:Q16831:T116:PRGE","score":0.5669925539817666,"id":1,"start":1766,"end":1777,"text":"UP III SNP7","terms":[]},{"ids":"UMLS:C0042580:T047:DISO","score":1.0,"id":2,"start":1781,"end":1784,"text":"VUR","terms":[]}]},{"id":11,"start":1834,"end":1844,"text":"controls).","terms":[]},{"id":12,"start":1845,"end":2135,"text":"CONCLUSION: Such a weak association and the lack of families with simple dominant Mendelian inheritance suggest that missense changes of uroplakin genes cannot play a dominant role in causing VUR in humans, although they may be weak risk factors contributing to a complex polygenic disease.","terms":[{"ids":"UMLS:C0042580:T047:DISO","score":1.0,"id":1,"start":2037,"end":2040,"text":"VUR","terms":[]}]},{"id":13,"start":2136,"end":2513,"text":"The fact that no truncation or frame shift mutations have been found in any of the VUR patients, coupled with our recent finding that some breeding pairs of UP III knockout mice yield litters that show not only VUR, but also severe hydronephrosis and neonatal death, raises the possibility that major uroplakin mutations could be embryonically or postnatally lethal in humans..","terms":[{"ids":"UMLS:C0042580:T047:DISO","score":1.0,"id":1,"start":2219,"end":2222,"text":"VUR","terms":[]},{"ids":"UNIPROT:Q16831:T116:PRGE","score":0.6522971794357416,"id":2,"start":2293,"end":2299,"text":"UP III","terms":[]},{"ids":"UMLS:C0042580:T047:DISO","score":1.0,"id":3,"start":2347,"end":2350,"text":"VUR","terms":[]},{"ids":"UMLS:C0020295:T047:DISO","score":1.0,"id":4,"start":2368,"end":2382,"text":"hydronephrosis","terms":[]}]}]