[{"id":0,"start":0,"end":168,"text":"No germline mutations in the histone acetyltransferase gene EP300 in BRCA1 and BRCA2 negative families with breast cancer and gastric, pancreatic, or colorectal cancer.","terms":[{"ids":"UNIPROT:Q09472:T116:PRGE","score":0.9184182187876525,"id":1,"start":29,"end":65,"text":"histone acetyltransferase gene EP300","terms":[]},{"ids":"UNIPROT:P38398:T116:PRGE","score":0.9184182187876525,"id":2,"start":69,"end":74,"text":"BRCA1","terms":[]},{"ids":"UNIPROT:P51587:T116:PRGE","score":0.9184182187876525,"id":3,"start":79,"end":84,"text":"BRCA2","terms":[]},{"ids":"UMLS:C0006141:T023:ANAT","score":1.0,"id":4,"start":108,"end":114,"text":"breast","terms":[]},{"ids":"UMLS:C0038351:T023:ANAT","score":1.0,"id":5,"start":126,"end":133,"text":"gastric","terms":[]},{"ids":"UMLS:C0030274:T023:ANAT","score":1.0,"id":6,"start":135,"end":145,"text":"pancreatic","terms":[]}]},{"id":1,"start":169,"end":315,"text":"INTRODUCTION: Mutations in BRCA1, BRCA2, ATM, TP53, CHK2 and PTEN account for many, but not all, multiple-case breast and ovarian cancer families.","terms":[{"ids":"UNIPROT:P38398:T116:PRGE","score":0.9881652073604833,"id":1,"start":196,"end":201,"text":"BRCA1","terms":[]},{"ids":"UNIPROT:P51587:T116:PRGE","score":0.9881652073604833,"id":2,"start":203,"end":208,"text":"BRCA2","terms":[]},{"ids":"UNIPROT:Q13315:T116:PRGE|UNIPROT:Q14134:T116:PRGE","score":0.9881652073604833,"id":3,"start":210,"end":213,"text":"ATM","terms":[]},{"ids":"UNIPROT:P60484:T116:PRGE|UNIPROT:P36894:T116:PRGE","score":0.9881652073604833,"id":4,"start":230,"end":234,"text":"PTEN","terms":[]},{"ids":"UMLS:C0006141:T023:ANAT","score":1.0,"id":5,"start":280,"end":286,"text":"breast","terms":[]},{"ids":"UMLS:C0205065:T023:ANAT","score":1.0,"id":6,"start":291,"end":298,"text":"ovarian","terms":[]}]},{"id":2,"start":316,"end":613,"text":"The histone  acetyltransferase gene EP300 may function as a tumour suppressor gene because it  is sometimes somatically mutated in breast, colorectal, gastric and pancreatic cancers, and is located on a region of chromosome 22 that frequently undergoes loss of heterozygosity in many cancer types.","terms":[{"ids":"UNIPROT:P62805:T116:PRGE|UNIPROT:P0C0S5:T116:PRGE","score":0.5155589055663872,"id":1,"start":320,"end":357,"text":"histone  acetyltransferase gene EP300","terms":[]},{"ids":"UMLS:C0006141:T023:ANAT","score":1.0,"id":2,"start":447,"end":453,"text":"breast","terms":[]},{"ids":"UMLS:C0038351:T023:ANAT","score":1.0,"id":3,"start":467,"end":474,"text":"gastric","terms":[]},{"ids":"UMLS:C0030274:T023:ANAT","score":1.0,"id":4,"start":479,"end":489,"text":"pancreatic","terms":[]}]},{"id":3,"start":614,"end":774,"text":"We hypothesized that germline mutations in EP300 may account for some breast cancer families that include cases of gastric, pancreatic and/or colorectal cancer.","terms":[{"ids":"UNIPROT:Q09472:T116:PRGE","score":0.6543342520134743,"id":1,"start":657,"end":662,"text":"EP300","terms":[]},{"ids":"UMLS:C0006141:T023:ANAT","score":1.0,"id":2,"start":684,"end":690,"text":"breast","terms":[]},{"ids":"UMLS:C0038351:T023:ANAT","score":1.0,"id":3,"start":729,"end":736,"text":"gastric","terms":[]},{"ids":"UMLS:C0030274:T023:ANAT","score":1.0,"id":4,"start":738,"end":748,"text":"pancreatic","terms":[]}]},{"id":4,"start":775,"end":1003,"text":"METHODS: We screened the entire coding region of EP300 for mutations in the youngest affected members of 23 non-BRCA1/BRCA2 breast cancer families with at least one confirmed case of gastric, pancreatic and/or colorectal cancer.","terms":[{"ids":"UNIPROT:Q09472:T116:PRGE","score":0.24837256206494135,"id":1,"start":824,"end":829,"text":"EP300","terms":[]},{"ids":"UNIPROT:P38398:T116:PRGE","score":0.24837256206494135,"id":2,"start":887,"end":892,"text":"BRCA1","terms":[]},{"ids":"UNIPROT:P51587:T116:PRGE","score":0.24837256206494135,"id":3,"start":893,"end":898,"text":"BRCA2","terms":[]},{"ids":"UNIPROT:P31749:T116:PRGE","score":0.24837256206494135,"id":4,"start":899,"end":921,"text":"breast cancer families","terms":[{"ids":"UMLS:C0006141:T023:ANAT","score":1.0,"id":1,"start":899,"end":905,"text":"breast","terms":[]}]},{"ids":"UMLS:C0038351:T023:ANAT","score":1.0,"id":5,"start":958,"end":965,"text":"gastric","terms":[]},{"ids":"UMLS:C0030274:T023:ANAT","score":1.0,"id":6,"start":967,"end":977,"text":"pancreatic","terms":[]}]},{"id":5,"start":1004,"end":1144,"text":"These families were ascertained in Australia through the Kathleen Cuningham Foundation  Consortium for Research into Familial Breast Cancer.","terms":[{"ids":"UMLS:C0006141:T023:ANAT","score":1.0,"id":1,"start":1130,"end":1136,"text":"Breast","terms":[]}]},{"id":6,"start":1145,"end":1307,"text":"RESULTS: Denaturing HPLC analysis identified a heterozygous alteration at codon 211, specifically a GGC to AGC (glycine to serine) alteration, in two individuals.","terms":[]},{"id":7,"start":1308,"end":1397,"text":"This conservative amino acid change was not within any known functional domains of EP300.","terms":[]},{"id":8,"start":1398,"end":1561,"text":"The frequency of the Ser211 variant did not differ significantly between a series of 352 breast cancer patients (4.0%) and 254 control individuals (2.8%; P \u003d 0.5).","terms":[{"ids":"UMLS:C0006141:T023:ANAT","score":1.0,"id":1,"start":1487,"end":1493,"text":"breast","terms":[]}]},{"id":9,"start":1562,"end":1744,"text":"CONCLUSION: The present study does not support a major role for EP300 mutations in breast and ovarian cancer families with a history of gastric, pancreatic and/or colorectal cancer..","terms":[{"ids":"UMLS:C0006141:T023:ANAT","score":1.0,"id":1,"start":1645,"end":1651,"text":"breast","terms":[]},{"ids":"UMLS:C0205065:T023:ANAT","score":1.0,"id":2,"start":1656,"end":1663,"text":"ovarian","terms":[]},{"ids":"UMLS:C0038351:T023:ANAT","score":1.0,"id":3,"start":1698,"end":1705,"text":"gastric","terms":[]},{"ids":"UMLS:C0030274:T023:ANAT","score":1.0,"id":4,"start":1707,"end":1717,"text":"pancreatic","terms":[]}]}]