[{"id":0,"start":0,"end":139,"text":"Germline E-cadherin mutations in hereditary diffuse gastric cancer: assessment of 42 new families and review of genetic screening criteria.","terms":[{"ids":"UNIPROT:P12830:T116:PRGE","score":0.44162630775266076,"id":1,"start":0,"end":29,"text":"Germline E-cadherin mutations","terms":[]},{"ids":"UMLS:C0038351:T023:ANAT","score":1.0,"id":2,"start":52,"end":59,"text":"gastric","terms":[]}]},{"id":1,"start":140,"end":264,"text":"BACKGROUND: Mutations in the E-cadherin (CDH1) gene are a well documented cause of hereditary diffuse gastric cancer (HDGC).","terms":[{"ids":"UNIPROT:P12830:T116:PRGE","score":0.9971813400470753,"id":1,"start":169,"end":179,"text":"E-cadherin","terms":[]},{"ids":"UNIPROT:P12830:T116:PRGE","score":0.9971813400470753,"id":2,"start":181,"end":185,"text":"CDH1","terms":[]},{"ids":"UMLS:C0038351:T023:ANAT","score":1.0,"id":3,"start":242,"end":249,"text":"gastric","terms":[]}]},{"id":2,"start":265,"end":422,"text":"Development of evidence based guidelines for CDH1 screening for HDGC have been complicated by its rarity, variable penetrance, and lack of founder mutations.","terms":[{"ids":"UNIPROT:P12830:T116:PRGE","score":0.9473235586849271,"id":1,"start":310,"end":314,"text":"CDH1","terms":[]},{"ids":"UMLS:C0263541:T047:DISO","score":1.0,"id":2,"start":404,"end":411,"text":"founder","terms":[]}]},{"id":3,"start":423,"end":516,"text":"METHODS: Forty three new gastric cancer (GC) families were ascertained from multiple sources.","terms":[{"ids":"UMLS:C0038351:T023:ANAT","score":1.0,"id":1,"start":448,"end":455,"text":"gastric","terms":[]}]},{"id":4,"start":517,"end":689,"text":"In 42 of these families at least one gastric cancer was pathologically confirmed to be a diffuse gastric cancer (DGC); the other family had intestinal type gastric cancers.","terms":[{"ids":"UMLS:C0038351:T023:ANAT","score":1.0,"id":1,"start":554,"end":561,"text":"gastric","terms":[]},{"ids":"UMLS:C0038351:T023:ANAT","score":1.0,"id":2,"start":614,"end":621,"text":"gastric","terms":[]},{"ids":"UMLS:C0021853:T023:ANAT","score":1.0,"id":3,"start":657,"end":667,"text":"intestinal","terms":[]},{"ids":"UMLS:C0038351:T023:ANAT","score":1.0,"id":4,"start":673,"end":680,"text":"gastric","terms":[]}]},{"id":5,"start":690,"end":819,"text":"Screening of the entire coding region of the CDH1 gene and all intron/exon boundaries was performed by bi-directional sequencing.","terms":[{"ids":"UNIPROT:P12830:T116:PRGE","score":0.9973197660058305,"id":1,"start":735,"end":744,"text":"CDH1 gene","terms":[]}]},{"id":6,"start":820,"end":899,"text":"RESULTS: Novel mutations were found in 13 of the 42 DGC families (31% overall).","terms":[]},{"id":7,"start":900,"end":1114,"text":"Twelve of these mutations occur among the 25 families with multiple cases of gastric cancer and with pathologic confirmation of diffuse gastric cancer phenotype in at least one individual under the age of 50 years.","terms":[{"ids":"UMLS:C0038351:T023:ANAT","score":1.0,"id":1,"start":977,"end":984,"text":"gastric","terms":[]},{"ids":"UMLS:C0038351:T023:ANAT","score":1.0,"id":2,"start":1036,"end":1043,"text":"gastric","terms":[]}]},{"id":8,"start":1115,"end":1276,"text":"The mutations found include small insertions and deletions, splice site mutations, and three non-conservative amino acid substitutions (A298T, W409R, and R732Q).","terms":[]},{"id":9,"start":1277,"end":1363,"text":"All three missense mutations conferred loss of E-cadherin function in in vitro assays.","terms":[{"ids":"UNIPROT:P12830:T116:PRGE","score":0.9791112847949891,"id":1,"start":1324,"end":1334,"text":"E-cadherin","terms":[]}]},{"id":10,"start":1364,"end":1517,"text":"Multiple cases of breast cancers including pathologically confirmed lobular breast cancers were observed both in mutation positive and negative families.","terms":[{"ids":"UMLS:C0006141:T023:ANAT","score":1.0,"id":1,"start":1382,"end":1388,"text":"breast","terms":[]},{"ids":"UMLS:C0006141:T023:ANAT","score":1.0,"id":2,"start":1440,"end":1446,"text":"breast","terms":[]}]},{"id":11,"start":1518,"end":1712,"text":"CONCLUSION: Germline truncating CDH1 mutations are found in 48% of families with  multiple cases of gastric cancer and at least one documented case of DGC in an individual under 50 years of age.","terms":[{"ids":"UNIPROT:P12830:T116:PRGE","score":0.9627487284620198,"id":1,"start":1550,"end":1554,"text":"CDH1","terms":[]},{"ids":"UMLS:C0038351:T023:ANAT","score":1.0,"id":2,"start":1618,"end":1625,"text":"gastric","terms":[]}]},{"id":12,"start":1713,"end":1807,"text":"We recommend that these criteria be used for selecting families for CDH1 mutational analysis..","terms":[{"ids":"UNIPROT:P12830:T116:PRGE","score":0.9994686500566162,"id":1,"start":1781,"end":1785,"text":"CDH1","terms":[]}]}]