[{"id":0,"start":0,"end":196,"text":"Genetic polymorphisms of bilirubin uridine diphosphate-glucuronosyltransferase gene in Japanese patients with Crigler-Najjar syndrome or Gilbert\u0027s syndrome as well as in healthy Japanese subjects.","terms":[{"ids":"UNIPROT:Q9HAW8:T116:PRGE|UNIPROT:Q9BY64:T116:PRGE|UNIPROT:P06133:T116:PRGE|UNIPROT:Q9HAW9:T116:PRGE|UNIPROT:O75310:T116:PRGE|UNIPROT:P35504:T116:PRGE|UNIPROT:P22309:T116:PRGE|UNIPROT:P16662:T116:PRGE|UNIPROT:P54855:T116:PRGE|UNIPROT:P36537:T116:PRGE|UNIPROT:Q6NUS8:T116:PRGE|UNIPROT:P35503:T116:PRGE|UNIPROT:O60656:T116:PRGE|UNIPROT:P22310:T116:PRGE|UNIPROT:O75795:T116:PRGE|UNIPROT:P19224:T116:PRGE|UNIPROT:Q9Y4X1:T116:PRGE|UNIPROT:Q3SY77:T116:PRGE|UNIPROT:Q6UWM9:T116:PRGE|UNIPROT:Q9HAW7:T116:PRGE","score":0.918884075195391,"id":1,"start":25,"end":83,"text":"bilirubin uridine diphosphate-glucuronosyltransferase gene","terms":[]},{"ids":"UMLS:C0010324:T047:DISO","score":1.0,"id":2,"start":110,"end":133,"text":"Crigler-Najjar syndrome","terms":[]},{"ids":"UMLS:C0017551:T047:DISO","score":1.0,"id":3,"start":137,"end":155,"text":"Gilbert\u0027s syndrome","terms":[]}]},{"id":1,"start":197,"end":384,"text":"BACKGROUND AND AIM: Numerous mutations of bilirubin uridine diphosphate-glucuronosyltransferase gene (UGT1A1) have been reported in patients with familial unconjugated hyperbilirubinemia.","terms":[{"ids":"UNIPROT:Q9HAW8:T116:PRGE|UNIPROT:Q9BY64:T116:PRGE|UNIPROT:P06133:T116:PRGE|UNIPROT:Q9HAW9:T116:PRGE|UNIPROT:O75310:T116:PRGE|UNIPROT:P35504:T116:PRGE|UNIPROT:P22309:T116:PRGE|UNIPROT:P16662:T116:PRGE|UNIPROT:P54855:T116:PRGE|UNIPROT:P36537:T116:PRGE|UNIPROT:Q6NUS8:T116:PRGE|UNIPROT:P35503:T116:PRGE|UNIPROT:O60656:T116:PRGE|UNIPROT:P22310:T116:PRGE|UNIPROT:O75795:T116:PRGE|UNIPROT:P19224:T116:PRGE|UNIPROT:Q9Y4X1:T116:PRGE|UNIPROT:Q3SY77:T116:PRGE|UNIPROT:Q6UWM9:T116:PRGE|UNIPROT:Q9HAW7:T116:PRGE","score":0.9837800564313327,"id":1,"start":239,"end":297,"text":"bilirubin uridine diphosphate-glucuronosyltransferase gene","terms":[]},{"ids":"UNIPROT:Q9HAW8:T116:PRGE|UNIPROT:O60656:T116:PRGE|UNIPROT:P22310:T116:PRGE|UNIPROT:Q9HAW9:T116:PRGE|UNIPROT:P19224:T116:PRGE|UNIPROT:P35504:T116:PRGE|UNIPROT:P22309:T116:PRGE|UNIPROT:P35503:T116:PRGE","score":0.9837800564313327,"id":2,"start":299,"end":305,"text":"UGT1A1","terms":[]},{"ids":"UMLS:C0268306:T047:DISO","score":1.0,"id":3,"start":352,"end":383,"text":"unconjugated hyperbilirubinemia","terms":[]}]},{"id":2,"start":385,"end":462,"text":"The UGT1A1 mutation appears to be considerably different among ethnic groups.","terms":[{"ids":"UNIPROT:Q9HAW8:T116:PRGE|UNIPROT:O60656:T116:PRGE|UNIPROT:P22310:T116:PRGE|UNIPROT:Q9HAW9:T116:PRGE|UNIPROT:P19224:T116:PRGE|UNIPROT:P35504:T116:PRGE|UNIPROT:P22309:T116:PRGE|UNIPROT:P35503:T116:PRGE","score":0.7666511355270936,"id":1,"start":389,"end":395,"text":"UGT1A1","terms":[]}]},{"id":3,"start":463,"end":732,"text":"To clarify the incidence of this gene mutation in the Japanese population, the presence of UGT1A1 mutation was investigated in a group of Japanese patients with Crigler-Najjar syndrome type 2 (CNS2) and Gilbert\u0027s syndrome (GS), as well as in healthy anicteric subjects.","terms":[{"ids":"UNIPROT:Q9HAW8:T116:PRGE|UNIPROT:O60656:T116:PRGE|UNIPROT:P22310:T116:PRGE|UNIPROT:Q9HAW9:T116:PRGE|UNIPROT:P19224:T116:PRGE|UNIPROT:P35504:T116:PRGE|UNIPROT:P22309:T116:PRGE|UNIPROT:P35503:T116:PRGE","score":0.8440365834113535,"id":1,"start":554,"end":560,"text":"UGT1A1","terms":[]},{"ids":"UMLS:C0010324:T047:DISO","score":1.0,"id":2,"start":624,"end":647,"text":"Crigler-Najjar syndrome","terms":[]},{"ids":"UMLS:C0017551:T047:DISO","score":1.0,"id":3,"start":666,"end":684,"text":"Gilbert\u0027s syndrome","terms":[]},{"ids":"UMLS:C0017097:T047:DISO","score":1.0,"id":4,"start":686,"end":688,"text":"GS","terms":[]}]},{"id":4,"start":733,"end":839,"text":"METHODS: Four patients with CNS2, 63 patients with GS, and 71 healthy subjects were enrolled in the study.","terms":[{"ids":"UMLS:C0017097:T047:DISO","score":1.0,"id":1,"start":784,"end":786,"text":"GS","terms":[]}]},{"id":5,"start":840,"end":974,"text":"The promoter and coding regions of UGT1A1 were amplified by polymerase chain reaction (PCR) from genomic DNA isolated from leukocytes.","terms":[{"ids":"UNIPROT:Q9HAW8:T116:PRGE|UNIPROT:O60656:T116:PRGE|UNIPROT:P22310:T116:PRGE|UNIPROT:Q9HAW9:T116:PRGE|UNIPROT:P19224:T116:PRGE|UNIPROT:P35504:T116:PRGE|UNIPROT:P22309:T116:PRGE|UNIPROT:P35503:T116:PRGE","score":0.8574433564319973,"id":1,"start":875,"end":881,"text":"UGT1A1","terms":[]}]},{"id":6,"start":975,"end":1044,"text":"The PCR products were directly sequenced by a dye terminating method.","terms":[]},{"id":7,"start":1045,"end":1156,"text":"The UGT1A1 enzyme activity was determined in COS7 cells transfected with wild or P364L (1091 C \u003e T) mutant DNA.","terms":[{"ids":"UNIPROT:Q9HAW8:T116:PRGE|UNIPROT:O60656:T116:PRGE|UNIPROT:P22310:T116:PRGE|UNIPROT:Q9HAW9:T116:PRGE|UNIPROT:P19224:T116:PRGE|UNIPROT:P35504:T116:PRGE|UNIPROT:P22309:T116:PRGE|UNIPROT:P35503:T116:PRGE","score":0.9302072109876478,"id":1,"start":1049,"end":1062,"text":"UGT1A1 enzyme","terms":[]}]},{"id":8,"start":1157,"end":1227,"text":"RESULTS: Homozygous Y486D was observed in all four patients with CNS2.","terms":[]},{"id":9,"start":1228,"end":1327,"text":"The GS patients had UGT1A1 mutations with 13 different genotypes in the promoter and coding region.","terms":[{"ids":"UMLS:C0017097:T047:DISO","score":1.0,"id":1,"start":1232,"end":1234,"text":"GS","terms":[]}]},{"id":10,"start":1328,"end":1533,"text":"Homozygous TA insertion in the TATA box (TA7) of the promoter region (TA7/7; 33%), homozygous G71R (9%), and combination of TA7/6 and heterozygous G71R (17%) were the most frequent findings in GS patients.","terms":[{"ids":"UMLS:C0017097:T047:DISO","score":1.0,"id":1,"start":1521,"end":1523,"text":"GS","terms":[]}]},{"id":11,"start":1534,"end":1612,"text":"Homozygous or heterozygous Y486D (8%) and P229Q (8%) were also observed in GS.","terms":[{"ids":"UMLS:C0017097:T047:DISO","score":1.0,"id":1,"start":1609,"end":1611,"text":"GS","terms":[]}]},{"id":12,"start":1613,"end":1687,"text":"A novel mutation, heterozygous P364L, was also identified in a GS patient.","terms":[{"ids":"UMLS:C0017097:T047:DISO","score":1.0,"id":1,"start":1676,"end":1678,"text":"GS","terms":[]}]},{"id":13,"start":1688,"end":1816,"text":"In addition to GS patients, homozygous or heterozygous TA7, G71R, and heterozygous Y486D were also observed in healthy subjects.","terms":[{"ids":"UMLS:C0017097:T047:DISO","score":1.0,"id":1,"start":1703,"end":1705,"text":"GS","terms":[]}]},{"id":14,"start":1817,"end":1908,"text":"The allele frequency of G71R and TA7 was 0.183 and 0.113 in healthy subjects, respectively.","terms":[]},{"id":15,"start":1909,"end":1993,"text":"The P364L UGT1A1 enzyme activity was 64.4% lower than the wild-type enzyme activity.","terms":[{"ids":"UNIPROT:Q9HAW8:T116:PRGE|UNIPROT:O60656:T116:PRGE|UNIPROT:P22310:T116:PRGE|UNIPROT:Q9HAW9:T116:PRGE|UNIPROT:P19224:T116:PRGE|UNIPROT:P35504:T116:PRGE|UNIPROT:P22309:T116:PRGE|UNIPROT:P35503:T116:PRGE","score":0.8011127286305213,"id":1,"start":1913,"end":1932,"text":"P364L UGT1A1 enzyme","terms":[]}]},{"id":16,"start":1994,"end":2128,"text":"CONCLUSIONS: Polymorphisms in the coding region of UGT1A1 were commonly observed in Japanese patients with GS and in healthy subjects.","terms":[{"ids":"UNIPROT:Q9HAW8:T116:PRGE|UNIPROT:O60656:T116:PRGE|UNIPROT:P22310:T116:PRGE|UNIPROT:Q9HAW9:T116:PRGE|UNIPROT:P19224:T116:PRGE|UNIPROT:P35504:T116:PRGE|UNIPROT:P22309:T116:PRGE|UNIPROT:P35503:T116:PRGE","score":0.9921666611587739,"id":1,"start":2045,"end":2051,"text":"UGT1A1","terms":[]},{"ids":"UMLS:C0017097:T047:DISO","score":1.0,"id":2,"start":2101,"end":2103,"text":"GS","terms":[]}]},{"id":17,"start":2129,"end":2241,"text":"The genetic basis of hyperbilirubinemia appears to be different between the Japanese and Caucasian populations..","terms":[{"ids":"UMLS:C0020433:T047:DISO","score":1.0,"id":1,"start":2150,"end":2168,"text":"hyperbilirubinemia","terms":[]}]}]