[{"id":0,"start":0,"end":62,"text":"Genetic variation in apolipoprotein D and Alzheimer\u0027s disease.","terms":[{"ids":"UNIPROT:P05090:T116:PRGE","score":0.9843367332719802,"id":1,"start":21,"end":37,"text":"apolipoprotein D","terms":[]},{"ids":"UMLS:C0002395:T047:DISO","score":1.0,"id":2,"start":42,"end":61,"text":"Alzheimer\u0027s disease","terms":[]}]},{"id":1,"start":63,"end":237,"text":"Apolipoprotein D (apoD) is a lipoprotein-associated glycoprotein, structurally unrelated to apoE, that transports small hydrophobic ligands including cholesterol and sterols.","terms":[{"ids":"UNIPROT:P05090:T116:PRGE","score":0.9900886246073061,"id":1,"start":63,"end":79,"text":"Apolipoprotein D","terms":[]},{"ids":"UNIPROT:P05090:T116:PRGE","score":0.9900886246073061,"id":2,"start":81,"end":85,"text":"apoD","terms":[]},{"ids":"UNIPROT:P08183:T116:PRGE|UNIPROT:P08575:T116:PRGE|UNIPROT:P36222:T116:PRGE","score":0.9900886246073061,"id":3,"start":92,"end":127,"text":"lipoprotein-associated glycoprotein","terms":[]},{"ids":"UNIPROT:P02649:T116:PRGE","score":0.9900886246073061,"id":4,"start":155,"end":159,"text":"apoE","terms":[]}]},{"id":2,"start":238,"end":323,"text":"Levels are increased in the hippocampus and CSF of Alzheimer\u0027s disease (AD) patients.","terms":[{"ids":"UMLS:C0019564:T023:ANAT","score":1.0,"id":1,"start":266,"end":277,"text":"hippocampus","terms":[]},{"ids":"UMLS:C0002395:T047:DISO","score":1.0,"id":2,"start":289,"end":308,"text":"Alzheimer\u0027s disease","terms":[]},{"ids":"UMLS:C0002395:T047:DISO|UMLS:C0228318:T023:ANAT","score":1.0,"id":3,"start":310,"end":312,"text":"AD","terms":[]}]},{"id":3,"start":324,"end":385,"text":"We tested whether variation in the APOD gene affects AD risk.","terms":[{"ids":"UNIPROT:P05090:T116:PRGE","score":0.9468497557754558,"id":1,"start":359,"end":368,"text":"APOD gene","terms":[]},{"ids":"UMLS:C0002395:T047:DISO|UMLS:C0228318:T023:ANAT","score":1.0,"id":2,"start":377,"end":379,"text":"AD","terms":[]}]},{"id":4,"start":386,"end":629,"text":"Four single nucleotide polymorphisms (SNPs) were investigated (in map order): exon 2, 15T--\u003eC encodes an amino acid substitution Phe--\u003eSer at codon 15; intron 2, -352G--\u003eA; intron 3, +45C--\u003eT; intron 4, +718C--\u003eT, determined by SNaPshot assay.","terms":[]},{"id":5,"start":630,"end":849,"text":"SNP frequencies for 394 eastern Finnish AD patients were compared with those found for 470 control subjects, dividing subjects also into early-onset AD (EOAD; \u003c or \u003d 65 years) and late-onset AD (LOAD; \u003e65 years) groups.","terms":[{"ids":"UMLS:C0002395:T047:DISO|UMLS:C0228318:T023:ANAT","score":1.0,"id":1,"start":670,"end":672,"text":"AD","terms":[]},{"ids":"UMLS:C0002395:T047:DISO|UMLS:C0228318:T023:ANAT","score":1.0,"id":2,"start":779,"end":781,"text":"AD","terms":[]},{"ids":"UMLS:C0002395:T047:DISO|UMLS:C0228318:T023:ANAT","score":1.0,"id":3,"start":821,"end":823,"text":"AD","terms":[]}]},{"id":6,"start":850,"end":964,"text":"The -352G allele was associated with a significant 3-fold increase in the risk of EOAD (OR: 2.7; 95% CI: 1.1-6.5).","terms":[]},{"id":7,"start":965,"end":1081,"text":"The -352G containing haplotypes were more common for EOAD cases (TGCC: 0.48 vs 0.41; TGCT: 0.08 vs 0.01 (p \u003d 0.002).","terms":[]},{"id":8,"start":1082,"end":1325,"text":"In the Grade-of-membership analysis, APOD genotype frequencies at each SNP site and disease status were used to construct two latent groups: the affected group carried -352 as GG or GA and +45 CC, was often women and enriched in APOE epsilon4.","terms":[{"ids":"UNIPROT:P05090:T116:PRGE","score":0.4332539828866687,"id":1,"start":1119,"end":1123,"text":"APOD","terms":[]},{"ids":"UNIPROT:P02649:T116:PRGE","score":0.4332539828866687,"id":2,"start":1311,"end":1324,"text":"APOE epsilon4","terms":[]}]},{"id":9,"start":1326,"end":1434,"text":"Each method suggested that the -352G allele frequency is higher for EOAD in the eastern Finnish population..","terms":[]}]