[{"id":0,"start":0,"end":79,"text":"Glutathione S-transferases M1, T1, and P1 and breast cancer: a pooled analysis.","terms":[{"ids":"UMLS:C0006141:T023:ANAT","score":1.0,"id":1,"start":46,"end":52,"text":"breast","terms":[]}]},{"id":1,"start":80,"end":176,"text":"The glutathione S-transferase (GST) genes are involved in the metabolism of various carcinogens.","terms":[{"ids":"UNIPROT:Q9Y2Q3:T116:PRGE|UNIPROT:Q86UG4:T116:PRGE|UNIPROT:Q03013:T116:PRGE","score":0.9987199240417298,"id":1,"start":111,"end":114,"text":"GST","terms":[]}]},{"id":2,"start":177,"end":351,"text":"Deletion polymorphisms in the genes GSTM1 and GSTT1 and a base transition polymorphism at codon 105 (Ile--\u003eVal) in GSTP1 were investigated  in relation to breast cancer risk.","terms":[{"ids":"UNIPROT:P09488:T116:PRGE","score":0.9963827684746556,"id":1,"start":213,"end":218,"text":"GSTM1","terms":[]},{"ids":"UNIPROT:P30711:T116:PRGE","score":0.9963827684746556,"id":2,"start":223,"end":228,"text":"GSTT1","terms":[]},{"ids":"UNIPROT:P09211:T116:PRGE","score":0.9963827684746556,"id":3,"start":292,"end":297,"text":"GSTP1","terms":[]},{"ids":"UMLS:C0006141:T023:ANAT","score":1.0,"id":4,"start":332,"end":338,"text":"breast","terms":[]}]},{"id":3,"start":352,"end":438,"text":"Tobacco smoking and reproductive factors were  examined as potential effect modifiers.","terms":[]},{"id":4,"start":439,"end":599,"text":"Individual data from seven case-control studies were pooled within the International Collaborative Study on Genetic Susceptibility to Environmental Carcinogens.","terms":[]},{"id":5,"start":600,"end":743,"text":"To measure the effect of GSTs on breast cancer risk, odds ratios and 95% confidence intervals were computed adjusting for study center and age.","terms":[{"ids":"UNIPROT:O60760:T116:PRGE","score":0.6840041403480671,"id":1,"start":625,"end":629,"text":"GSTs","terms":[]},{"ids":"UMLS:C0006141:T023:ANAT","score":1.0,"id":2,"start":633,"end":639,"text":"breast","terms":[]}]},{"id":6,"start":744,"end":856,"text":"The modifying effect was investigated by stratification on variables of smoking habits and reproductive history.","terms":[]},{"id":7,"start":857,"end":932,"text":"A total of 2,048 cases with breast cancer and 1,969 controls were analyzed.","terms":[{"ids":"UMLS:C0006141:T023:ANAT","score":1.0,"id":1,"start":885,"end":891,"text":"breast","terms":[]}]},{"id":8,"start":933,"end":1182,"text":"The relative  odds ratio (95% confidence interval) of breast cancer was 0.98 (0.86-1.12) with the GSTM1 null, 1.11 (0.87-1.41) with the GSTT1 null, 1.01 (0.79-1.28) with GSTP1 heterozygous mutants, and 0.93 (0.62-1.38) with GSTP1 homozygous mutants.","terms":[{"ids":"UMLS:C0006141:T023:ANAT","score":1.0,"id":1,"start":987,"end":993,"text":"breast","terms":[]},{"ids":"UNIPROT:P09488:T116:PRGE","score":0.3712904548650503,"id":2,"start":1031,"end":1036,"text":"GSTM1","terms":[]},{"ids":"UNIPROT:P30711:T116:PRGE","score":0.3712904548650503,"id":3,"start":1069,"end":1074,"text":"GSTT1","terms":[]},{"ids":"UNIPROT:P09211:T116:PRGE","score":0.3712904548650503,"id":4,"start":1103,"end":1108,"text":"GSTP1","terms":[]},{"ids":"UNIPROT:P09211:T116:PRGE","score":0.3712904548650503,"id":5,"start":1157,"end":1162,"text":"GSTP1","terms":[]}]},{"id":9,"start":1183,"end":1369,"text":"Stratification by smoking or reproductive factors did not reveal a modifying effect of these variables, nor was there any association between GSTM1 and age at diagnosis of breast cancer.","terms":[{"ids":"UNIPROT:P09488:T116:PRGE","score":0.8530333809249996,"id":1,"start":1325,"end":1330,"text":"GSTM1","terms":[]},{"ids":"UMLS:C0006141:T023:ANAT","score":1.0,"id":2,"start":1355,"end":1361,"text":"breast","terms":[]}]},{"id":10,"start":1370,"end":1480,"text":"This is the largest study investigating susceptibility to breast cancer due to polymorphisms in the GST genes.","terms":[{"ids":"UMLS:C0006141:T023:ANAT","score":1.0,"id":1,"start":1428,"end":1434,"text":"breast","terms":[]},{"ids":"UNIPROT:Q9Y2Q3:T116:PRGE|UNIPROT:Q86UG4:T116:PRGE|UNIPROT:Q03013:T116:PRGE","score":0.9295250997107773,"id":2,"start":1470,"end":1479,"text":"GST genes","terms":[]}]},{"id":11,"start":1481,"end":1612,"text":"The results conclusively show that single gene GST polymorphisms do not confer a substantial risk of breast cancer to its carriers.","terms":[{"ids":"UNIPROT:Q9H3M7:T116:PRGE","score":0.5680664677962504,"id":1,"start":1523,"end":1531,"text":"gene GST","terms":[]},{"ids":"UMLS:C0006141:T023:ANAT","score":1.0,"id":2,"start":1582,"end":1588,"text":"breast","terms":[]}]},{"id":12,"start":1613,"end":1708,"text":"Furthermore, GSTs did not interact with smoking or reproductive history to modify cancer risk..","terms":[{"ids":"UNIPROT:O60760:T116:PRGE","score":0.741716365755308,"id":1,"start":1626,"end":1630,"text":"GSTs","terms":[]}]}]