[{"id":0,"start":0,"end":97,"text":"Fabry disease female proband with clinical manifestations similar to hypertrophic cardiomyopathy.","terms":[{"ids":"UMLS:C0002986:T047:DISO","score":1.0,"id":1,"start":0,"end":13,"text":"Fabry disease","terms":[]},{"ids":"UMLS:C0007194:T047:DISO","score":1.0,"id":2,"start":69,"end":96,"text":"hypertrophic cardiomyopathy","terms":[]}]},{"id":1,"start":98,"end":242,"text":"Fabry\u0027s disease is an X-linked inborn error of glycosphingolipid catabolism, resulting from a deficiency in alpha-galactosidase A (alpha-Gal A).","terms":[{"ids":"UMLS:C0002986:T047:DISO","score":1.0,"id":1,"start":98,"end":113,"text":"Fabry\u0027s disease","terms":[]},{"ids":"UNIPROT:P06280:T116:PRGE","score":0.9738555698299873,"id":2,"start":206,"end":227,"text":"alpha-galactosidase A","terms":[]},{"ids":"UNIPROT:P06280:T116:PRGE","score":0.9738555698299873,"id":3,"start":229,"end":240,"text":"alpha-Gal A","terms":[]}]},{"id":2,"start":243,"end":333,"text":"A 56-year-old Japanese woman was at first suspected of having hypertrophic cardiomyopathy.","terms":[{"ids":"UMLS:C0007194:T047:DISO","score":1.0,"id":1,"start":305,"end":332,"text":"hypertrophic cardiomyopathy","terms":[]}]},{"id":3,"start":334,"end":445,"text":"The patient and her son had alpha-Gal A activity in leukocytes that was remarkably below the limit of controls.","terms":[{"ids":"UNIPROT:P06280:T116:PRGE","score":0.9486416382644252,"id":1,"start":362,"end":373,"text":"alpha-Gal A","terms":[]}]},{"id":4,"start":446,"end":586,"text":"DNA analysis of the alpha-Gal A gene revealed a novel missense mutation at codon 19 in exon 1, resulting in leucine-to-proline substitution.","terms":[{"ids":"UNIPROT:P06280:T116:PRGE","score":0.8331824262078162,"id":1,"start":466,"end":482,"text":"alpha-Gal A gene","terms":[]}]},{"id":5,"start":587,"end":649,"text":"As a result she was confirmed as a classic Fabry heterozygote.","terms":[]},{"id":6,"start":650,"end":761,"text":"Recent advances in enzyme replacement therapy can reverse the storage of glycosphingolipids in Fabry\u0027s disease.","terms":[{"ids":"UMLS:C0002986:T047:DISO","score":1.0,"id":1,"start":745,"end":760,"text":"Fabry\u0027s disease","terms":[]}]},{"id":7,"start":762,"end":888,"text":"Thus, in patients with cardiac hypertrophy, it is important to differentiate Fabry\u0027s disease from other causes of hypertrophy.","terms":[{"ids":"UMLS:C0018787:T023:ANAT","score":1.0,"id":1,"start":785,"end":792,"text":"cardiac","terms":[]},{"ids":"UMLS:C0002986:T047:DISO","score":1.0,"id":2,"start":839,"end":854,"text":"Fabry\u0027s disease","terms":[]}]},{"id":8,"start":889,"end":1026,"text":"Therefore, it is necessary to measure alpha-Gal A activity in all suspected cases and to analyze genetic abnormalities in heterozygotes..","terms":[{"ids":"UNIPROT:P06280:T116:PRGE","score":0.9336627504926853,"id":1,"start":927,"end":938,"text":"alpha-Gal A","terms":[]}]}]