[{"id":0,"start":0,"end":99,"text":"Features of epidermolysis bullosa simplex due to mutations in the ectodomain of type XVII collagen.","terms":[{"ids":"UMLS:C0079298:T047:DISO","score":1.0,"id":1,"start":12,"end":41,"text":"epidermolysis bullosa simplex","terms":[{"ids":"UMLS:C2338991:T023:ANAT","score":1.0,"id":1,"start":34,"end":41,"text":"simplex","terms":[]}]},{"ids":"UNIPROT:Q13326:T116:PRGE|UNIPROT:P38405:T116:PRGE","score":0.9977154203153481,"id":2,"start":80,"end":98,"text":"type XVII collagen","terms":[]}]},{"id":1,"start":100,"end":307,"text":"BACKGROUND: Mutations in COL17A1, coding for type XVII collagen, cause junctional epidermolysis bullosa with an ultrastructural plane of cleavage through the lamina lucida of the epidermal basement membrane.","terms":[{"ids":"UNIPROT:Q13326:T116:PRGE|UNIPROT:P38405:T116:PRGE","score":0.8841770943809133,"id":1,"start":145,"end":163,"text":"type XVII collagen","terms":[]},{"ids":"UMLS:C0079301:T047:DISO","score":1.0,"id":2,"start":171,"end":203,"text":"junctional epidermolysis bullosa","terms":[]},{"ids":"UMLS:C0920995:T023:ANAT|UMLS:C2330124:T023:ANAT","score":1.0,"id":3,"start":258,"end":264,"text":"lamina","terms":[]}]},{"id":2,"start":308,"end":445,"text":"OBJECTIVES: To identify the COL17A1 mutations in a child with reduced type XVII collagen expression and intraepidermal blister formation.","terms":[{"ids":"UNIPROT:Q13326:T116:PRGE|UNIPROT:P38405:T116:PRGE","score":0.4866939087318311,"id":1,"start":378,"end":396,"text":"type XVII collagen","terms":[]},{"ids":"UMLS:C0344311:T047:DISO","score":1.0,"id":2,"start":427,"end":434,"text":"blister","terms":[]}]},{"id":3,"start":446,"end":576,"text":"PATIENT AND METHODS: Protein expression and level of tissue separation were studied by immunofluorescence and electron microscopy.","terms":[]},{"id":4,"start":577,"end":647,"text":"The mutations were identified by analysing the patient\u0027s DNA and mRNA.","terms":[]},{"id":5,"start":648,"end":830,"text":"RESULTS: Immunofluorescence microscopy performed on nonlesional skin demonstrated absence of the type XVII collagen endodomain and presence, although reduced, of the shed ectodomain.","terms":[{"ids":"UNIPROT:Q13326:T116:PRGE|UNIPROT:P38405:T116:PRGE","score":0.9698841686245343,"id":1,"start":745,"end":774,"text":"type XVII collagen endodomain","terms":[]}]},{"id":6,"start":831,"end":944,"text":"Electron microscopy showed that the plane of cleavage was through the basal cells, not through the lamina lucida.","terms":[{"ids":"UMLS:C0920995:T023:ANAT|UMLS:C2330124:T023:ANAT","score":1.0,"id":1,"start":930,"end":936,"text":"lamina","terms":[]}]},{"id":7,"start":945,"end":1104,"text":"Two heterozygous mutations were identified in COL17A1: a new 3\u0027-acceptor splice-site mutation in intron 21 (1877-2A--\u003eC), and a deletion in exon 48 (3432delT).","terms":[]},{"id":8,"start":1105,"end":1293,"text":"The splice-site mutation in intron 21 results in alternative transcripts of which two are in-frame, with deletions of the first nine codons of exon 22 and the entire exon 22, respectively.","terms":[]},{"id":9,"start":1294,"end":1401,"text":"By Western blot analysis, a type XVII collagen molecule was detected that was slightly smaller than normal.","terms":[{"ids":"UNIPROT:Q13326:T116:PRGE|UNIPROT:P38405:T116:PRGE","score":0.9795008751584438,"id":1,"start":1322,"end":1349,"text":"type XVII collagen molecule","terms":[]}]},{"id":10,"start":1402,"end":1572,"text":"CONCLUSIONS: Occasionally mutations in the COL17A1 gene may result in split levels suggesting epidermolysis bullosa simplex rather than junctional epidermolysis bullosa..","terms":[{"ids":"UNIPROT:Q9UMD9:T116:PRGE","score":0.973308304793547,"id":1,"start":1445,"end":1457,"text":"COL17A1 gene","terms":[]},{"ids":"UMLS:C0079298:T047:DISO","score":1.0,"id":2,"start":1496,"end":1525,"text":"epidermolysis bullosa simplex","terms":[{"ids":"UMLS:C2338991:T023:ANAT","score":1.0,"id":1,"start":1518,"end":1525,"text":"simplex","terms":[]}]},{"ids":"UMLS:C0079301:T047:DISO","score":1.0,"id":3,"start":1538,"end":1570,"text":"junctional epidermolysis bullosa","terms":[]}]}]