[{"id":0,"start":0,"end":158,"text":"CD72 polymorphisms associated with alternative splicing modify susceptibility to human systemic lupus erythematosus through epistatic interaction with FCGR2B.","terms":[{"ids":"UNIPROT:P21854:T116:PRGE","score":0.5242202395566428,"id":1,"start":0,"end":4,"text":"CD72","terms":[]},{"ids":"UMLS:C0024141:T047:DISO","score":1.0,"id":2,"start":87,"end":115,"text":"systemic lupus erythematosus","terms":[]},{"ids":"UNIPROT:P31994:T116:PRGE|UNIPROT:P31995:T116:PRGE","score":0.5242202395566428,"id":3,"start":151,"end":157,"text":"FCGR2B","terms":[]}]},{"id":1,"start":159,"end":281,"text":"We previously reported association of FCGR2B-Ile232Thr with systemic lupus erythematosus (SLE) in three Asian populations.","terms":[{"ids":"UMLS:C0024141:T047:DISO","score":1.0,"id":1,"start":219,"end":247,"text":"systemic lupus erythematosus","terms":[]},{"ids":"UMLS:C0024141:T047:DISO","score":1.0,"id":2,"start":249,"end":252,"text":"SLE","terms":[]}]},{"id":2,"start":282,"end":625,"text":"Because polymorphism of CD72, another inhibitory receptor of B cells, was associated with murine SLE, we identified human CD72 polymorphisms, tested their association with SLE and examined genetic interaction with FCGR2B in the Japanese (160 SLE, 277 controls), Thais (87 SLE, 187 controls) and Caucasians (94 families containing SLE members).","terms":[{"ids":"UNIPROT:P21854:T116:PRGE","score":0.2281651697992452,"id":1,"start":306,"end":310,"text":"CD72","terms":[]},{"ids":"UMLS:C0024141:T047:DISO|UMLS:C0014060:T047:DISO","score":1.0,"id":2,"start":379,"end":382,"text":"SLE","terms":[]},{"ids":"UNIPROT:Q8TA86:T116:PRGE|UNIPROT:Q9H0Z9:T116:PRGE","score":0.2281651697992452,"id":3,"start":398,"end":408,"text":"human CD72","terms":[]},{"ids":"UMLS:C0024141:T047:DISO|UMLS:C0014060:T047:DISO","score":1.0,"id":4,"start":454,"end":457,"text":"SLE","terms":[]},{"ids":"UNIPROT:P31994:T116:PRGE|UNIPROT:P31995:T116:PRGE","score":0.2281651697992452,"id":5,"start":496,"end":502,"text":"FCGR2B","terms":[]},{"ids":"UMLS:C0024141:T047:DISO|UMLS:C0014060:T047:DISO","score":1.0,"id":6,"start":524,"end":527,"text":"SLE","terms":[]},{"ids":"UMLS:C0024141:T047:DISO|UMLS:C0014060:T047:DISO","score":1.0,"id":7,"start":554,"end":557,"text":"SLE","terms":[]},{"ids":"UMLS:C0024141:T047:DISO|UMLS:C0014060:T047:DISO","score":1.0,"id":8,"start":612,"end":615,"text":"SLE","terms":[]}]},{"id":3,"start":626,"end":683,"text":"Four polymorphisms and six rare variations were detected.","terms":[]},{"id":4,"start":684,"end":832,"text":"The former constituted two major haplotypes that contained one or two repeats of 13 nucleotides in intron 8 (designated as *1 and *2, respectively).","terms":[]},{"id":5,"start":833,"end":995,"text":"Although association with susceptibility to SLE was not detected, the *1 allele was significantly associated with nephritis among the Japanese patients (P\u003d0.024).","terms":[{"ids":"UMLS:C0024141:T047:DISO|UMLS:C0014060:T047:DISO","score":1.0,"id":1,"start":877,"end":880,"text":"SLE","terms":[]},{"ids":"UMLS:C0027697:T047:DISO","score":1.0,"id":2,"start":947,"end":956,"text":"nephritis","terms":[]}]},{"id":6,"start":996,"end":1123,"text":"RT-PCR identified a novel alternatively spliced (AS) transcript that was expressed at the protein level in COS-7 transfectants.","terms":[]},{"id":7,"start":1124,"end":1284,"text":"The ratio of AS/common isoforms was strikingly increased in individuals with *2/*2 genotype when compared with *1/*1 (P\u003d0.000038) or *1/*2 (P\u003d0.0085) genotypes.","terms":[]},{"id":8,"start":1285,"end":1503,"text":"Using the two Asian cohorts, significant association of FCGR2B-232Thr/Thr with SLE was observed only in the presence of CD72-*1/*1 genotype (OR 4.63, 95% CI 1.47-14.6, P\u003d0.009 versus FCGR2B-232Ile/Ile plus CD72-*2/*2).","terms":[{"ids":"UMLS:C0024141:T047:DISO|UMLS:C0014060:T047:DISO","score":1.0,"id":1,"start":1364,"end":1367,"text":"SLE","terms":[]},{"ids":"UNIPROT:P21854:T116:PRGE","score":0.10280665889929251,"id":2,"start":1405,"end":1412,"text":"CD72-*1","terms":[]},{"ids":"UNIPROT:P21854:T116:PRGE","score":0.10280665889929251,"id":3,"start":1491,"end":1501,"text":"CD72-*2/*2","terms":[]}]},{"id":9,"start":1504,"end":1655,"text":"Minigene assays demonstrated that the 13-nucleotide repeat and 4 bp deletion within the same haplotype of intron 8 could regulate alternative splicing.","terms":[]},{"id":10,"start":1656,"end":1886,"text":"The AS isoform lacks exon 8, and is deduced to contain 49 amino acid changes in the membrane-distal portion of the extracellular domain, where considerable amino acid changes are known in CD72(c) allele associated with murine SLE.","terms":[{"ids":"UNIPROT:P21854:T116:PRGE","score":0.793512825079225,"id":1,"start":1844,"end":1858,"text":"CD72(c) allele","terms":[]},{"ids":"UMLS:C0024141:T047:DISO|UMLS:C0014060:T047:DISO","score":1.0,"id":2,"start":1882,"end":1885,"text":"SLE","terms":[]}]},{"id":11,"start":1887,"end":2051,"text":"These results indicated that the presence of CD72-*2 allele decreases risk for human SLE conferred by FCGR2B-232Thr, possibly by increasing the AS isoform of CD72..","terms":[{"ids":"UNIPROT:P21854:T116:PRGE","score":0.6864820187148192,"id":1,"start":1932,"end":1946,"text":"CD72-*2 allele","terms":[]},{"ids":"UMLS:C0024141:T047:DISO|UMLS:C0014060:T047:DISO","score":1.0,"id":2,"start":1972,"end":1975,"text":"SLE","terms":[]},{"ids":"UNIPROT:P21854:T116:PRGE","score":0.6864820187148192,"id":3,"start":2045,"end":2049,"text":"CD72","terms":[]}]}]