[{"id":0,"start":0,"end":106,"text":"Vaccine candidates derived from a novel infectious cDNA clone of an American genotype dengue virus type 2.","terms":[{"ids":"UMLS:C0009450:T047:DISO","score":1.0,"id":1,"start":40,"end":50,"text":"infectious","terms":[]},{"ids":"UMLS:C0011311:T047:DISO","score":1.0,"id":2,"start":86,"end":92,"text":"dengue","terms":[]}]},{"id":1,"start":107,"end":276,"text":"BACKGROUND: A dengue virus type 2 (DEN-2 Tonga/74) isolated from a 1974 epidemic was characterized by mild illness and belongs to the American genotype of DEN-2 viruses.","terms":[{"ids":"UMLS:C0011311:T047:DISO","score":1.0,"id":1,"start":121,"end":127,"text":"dengue","terms":[]}]},{"id":2,"start":277,"end":447,"text":"To prepare a vaccine candidate, a previously described 30 nucleotide deletion (Delta30) in the 3\u0027 untranslated region of DEN-4 has been engineered into the DEN-2 isolate.","terms":[]},{"id":3,"start":448,"end":581,"text":"METHODS: A full-length cDNA clone was generated from the DEN-2 virus and used to produce recombinant DEN-2 (rDEN-2) and rDEN2Delta30.","terms":[]},{"id":4,"start":582,"end":729,"text":"Viruses were evaluated for replication in SCID mice transplanted with human hepatoma cells (SCID-HuH-7 mice), in mosquitoes, and in rhesus monkeys.","terms":[{"ids":"UMLS:C0085110:T047:DISO","score":1.0,"id":1,"start":624,"end":628,"text":"SCID","terms":[]},{"ids":"UMLS:C0085110:T047:DISO","score":1.0,"id":2,"start":674,"end":678,"text":"SCID","terms":[]}]},{"id":5,"start":730,"end":823,"text":"Neutralizing antibody induction and protective efficacy were also assessed in rhesus monkeys.","terms":[]},{"id":6,"start":824,"end":945,"text":"RESULTS: The rDEN2Delta30 virus was ten-fold reduced in replication in SCID-HuH-7 mice when compared to the parent virus.","terms":[{"ids":"UMLS:C0014518:T047:DISO","score":1.0,"id":1,"start":860,"end":863,"text":"ten","terms":[]},{"ids":"UMLS:C0085110:T047:DISO","score":1.0,"id":2,"start":895,"end":899,"text":"SCID","terms":[]}]},{"id":7,"start":946,"end":1058,"text":"The rDEN-2 viruses were not infectious for Aedes mosquitoes, but both readily infected Toxorynchites mosquitoes.","terms":[{"ids":"UMLS:C0009450:T047:DISO","score":1.0,"id":1,"start":974,"end":984,"text":"infectious","terms":[]}]},{"id":8,"start":1059,"end":1240,"text":"In rhesus monkeys, rDEN2Delta30 appeared to be slightly attenuated when compared to the parent virus as measured by duration and peak of viremia and neutralizing antibody induction.","terms":[{"ids":"UMLS:C0042749:T047:DISO","score":1.0,"id":1,"start":1196,"end":1203,"text":"viremia","terms":[]}]},{"id":9,"start":1241,"end":1472,"text":"A derivative of rDEN2Delta30, designated rDEN2Delta30-4995, was generated by incorporation of a point mutation previously identified in the NS3 gene of DEN-4 and was found to be more attenuated than rDEN2Delta30 in SCID-HuH-7 mice.","terms":[{"ids":"UNIPROT:P01116:T116:PRGE","score":0.5584086020951409,"id":1,"start":1381,"end":1389,"text":"NS3 gene","terms":[{"ids":"UMLS:C1860991:T047:DISO","score":1.0,"id":1,"start":1381,"end":1384,"text":"NS3","terms":[]}]},{"ids":"UMLS:C0085110:T047:DISO","score":1.0,"id":2,"start":1456,"end":1460,"text":"SCID","terms":[]}]},{"id":10,"start":1473,"end":1627,"text":"CONCLUSIONS: The rDEN2Delta30 and rDEN2Delta30-4995 viruses can be considered for evaluation in humans and for inclusion in a tetravalent dengue vaccine..","terms":[{"ids":"UMLS:C0011311:T047:DISO","score":1.0,"id":1,"start":1611,"end":1617,"text":"dengue","terms":[]}]}]