[{"id":0,"start":0,"end":130,"text":"Influence of interleukin 12B (IL12B) polymorphisms on spontaneous and treatment-induced recovery from hepatitis C virus infection.","terms":[{"ids":"UNIPROT:P29460:T116:PRGE","score":0.9987834184002208,"id":1,"start":13,"end":28,"text":"interleukin 12B","terms":[]},{"ids":"UNIPROT:P29460:T116:PRGE","score":0.9987834184002208,"id":2,"start":30,"end":35,"text":"IL12B","terms":[]},{"ids":"UMLS:C0019196:T047:DISO","score":1.0,"id":3,"start":102,"end":113,"text":"hepatitis C","terms":[]},{"ids":"UMLS:C0042769:T047:DISO","score":1.0,"id":4,"start":114,"end":129,"text":"virus infection","terms":[]}]},{"id":1,"start":131,"end":285,"text":"BACKGROUND/AIMS: Interleukin-12 (IL-12) governs the Th1-type immune response, affecting the spontaneous and treatment-induced recovery from HCV-infection.","terms":[{"ids":"UNIPROT:P60568:T116:PRGE","score":0.7592101736976198,"id":1,"start":148,"end":162,"text":"Interleukin-12","terms":[]},{"ids":"UMLS:C0021311:T047:DISO|UMLS:C0009450:T047:DISO","score":1.0,"id":2,"start":275,"end":284,"text":"infection","terms":[]}]},{"id":2,"start":286,"end":518,"text":"We investigated whether the IL12B polymorphisms within the promoter region (4 bp insertion/deletion) and the 3\u0027-UTR (1188-A/C), which have been reported to influence IL-12 synthesis, are associated with the outcome of HCV infection.","terms":[{"ids":"UNIPROT:P29460:T116:PRGE","score":0.6395680476164405,"id":1,"start":314,"end":319,"text":"IL12B","terms":[]},{"ids":"UMLS:C0021311:T047:DISO|UMLS:C0009450:T047:DISO","score":1.0,"id":2,"start":508,"end":517,"text":"infection","terms":[]}]},{"id":3,"start":519,"end":652,"text":"METHODS: We analyzed 186 individuals with spontaneous HCV clearance, 501 chronically HCV infected patients, and 217 healthy controls.","terms":[]},{"id":4,"start":653,"end":833,"text":"IL12B 3\u0027-UTR and promoter genotyping was performed by Taqman-based assays with allele-specific oligonucleotide probes and PCR-based allele-specific DNA-amplification, respectively.","terms":[{"ids":"UNIPROT:P29460:T116:PRGE","score":0.7522254001026756,"id":1,"start":653,"end":665,"text":"IL12B 3\u0027-UTR","terms":[]}]},{"id":5,"start":834,"end":956,"text":"RESULTS: The proportion of IL12B promoter and 3\u0027-UTR genotypes did not differ significantly between the different cohorts.","terms":[{"ids":"UNIPROT:P29460:T116:PRGE","score":0.6127305482776789,"id":1,"start":861,"end":875,"text":"IL12B promoter","terms":[]}]},{"id":6,"start":957,"end":1145,"text":"However, HCV genotype 1-infected patients with high baseline viremia carrying the IL12B 3\u0027-UTR 1188-C-allele showed significantly higher sustained virologic response (SVR) rates (25.3% vs.","terms":[{"ids":"UMLS:C0042749:T047:DISO","score":1.0,"id":1,"start":1018,"end":1025,"text":"viremia","terms":[]},{"ids":"UNIPROT:P29460:T116:PRGE","score":0.989300332952492,"id":2,"start":1039,"end":1065,"text":"IL12B 3\u0027-UTR 1188-C-allele","terms":[]}]},{"id":7,"start":1146,"end":1153,"text":"46% vs.","terms":[]},{"id":8,"start":1154,"end":1221,"text":"54.5% for A/A, A/C and C/C) due to reduced relapse rates (24.2% vs.","terms":[{"ids":"UMLS:C0277556:T047:DISO","score":1.0,"id":1,"start":1197,"end":1204,"text":"relapse","terms":[]}]},{"id":9,"start":1222,"end":1229,"text":"12% vs.","terms":[]},{"id":10,"start":1230,"end":1259,"text":"zero % for A/A, A/C and C/C).","terms":[]},{"id":11,"start":1260,"end":1437,"text":"CONCLUSIONS: IL12B 3\u0027-UTR 1188-C-allele carriers appear to be capable of responding more efficiently to antiviral combination therapy as a consequence of a reduced relapse rate.","terms":[{"ids":"UNIPROT:P29460:T116:PRGE","score":0.9433537631277739,"id":1,"start":1273,"end":1299,"text":"IL12B 3\u0027-UTR 1188-C-allele","terms":[]},{"ids":"UMLS:C0277556:T047:DISO","score":1.0,"id":2,"start":1424,"end":1431,"text":"relapse","terms":[]}]},{"id":12,"start":1438,"end":1530,"text":"No association of IL12B polymorphisms and self-limited HCV infection could be demonstrated..","terms":[{"ids":"UNIPROT:P29460:T116:PRGE","score":0.9815142201757229,"id":1,"start":1456,"end":1461,"text":"IL12B","terms":[]},{"ids":"UMLS:C0021311:T047:DISO|UMLS:C0009450:T047:DISO","score":1.0,"id":2,"start":1497,"end":1506,"text":"infection","terms":[]}]}]