[{"id":0,"start":0,"end":121,"text":"A novel SCN5A mutation manifests as a malignant form of long QT syndrome with perinatal onset of tachycardia/bradycardia.","terms":[{"ids":"UMLS:C0023976:T047:DISO","score":1.0,"id":1,"start":56,"end":72,"text":"long QT syndrome","terms":[]}]},{"id":1,"start":122,"end":251,"text":"OBJECTIVE: Congenital long QT syndrome (LQTS) with in utero onset of the rhythm disturbances is associated with a poor prognosis.","terms":[{"ids":"UMLS:C1141890:T047:DISO","score":1.0,"id":1,"start":133,"end":160,"text":"Congenital long QT syndrome","terms":[]},{"ids":"UMLS:C0042149:T023:ANAT","score":1.0,"id":2,"start":176,"end":181,"text":"utero","terms":[]}]},{"id":2,"start":252,"end":396,"text":"In this study we investigated a newborn patient with fetal bradycardia, 2:1 atrioventricular block and ventricular tachycardia soon after birth.","terms":[{"ids":"UMLS:C2346542:T047:DISO","score":1.0,"id":1,"start":324,"end":350,"text":"2:1 atrioventricular block","terms":[]},{"ids":"UMLS:C0018827:T023:ANAT","score":1.0,"id":2,"start":355,"end":366,"text":"ventricular","terms":[]}]},{"id":3,"start":397,"end":473,"text":"METHODS: Mutational analysis and DNA sequencing were conducted in a newborn.","terms":[]},{"id":4,"start":474,"end":654,"text":"The 2:1 atrioventricular block improved to 1:1 conduction only after intravenous lidocaine infusion or a high dose of mexiletine, which also controlled the ventricular tachycardia.","terms":[{"ids":"UMLS:C2346542:T047:DISO","score":1.0,"id":1,"start":478,"end":504,"text":"2:1 atrioventricular block","terms":[]},{"ids":"UMLS:C0018827:T023:ANAT","score":1.0,"id":2,"start":630,"end":641,"text":"ventricular","terms":[]}]},{"id":5,"start":655,"end":892,"text":"RESULTS: A novel, spontaneous LQTS-3 mutation was identified in the transmembrane segment 6 of domain IV of the Na(v)1.5 cardiac sodium channel, with a G--\u003eA substitution at codon 1763, which changed a valine (GTG) to a methionine (ATG).","terms":[{"ids":"UNIPROT:P31639:T116:PRGE|UNIPROT:Q71RS6:T116:PRGE","score":0.3601630652294312,"id":1,"start":767,"end":798,"text":"Na(v)1.5 cardiac sodium channel","terms":[{"ids":"UMLS:C0018787:T023:ANAT","score":1.0,"id":1,"start":776,"end":783,"text":"cardiac","terms":[]}]}]},{"id":6,"start":893,"end":980,"text":"The proband was heterozygous but the mutation was absent in the parents and the sister.","terms":[]},{"id":7,"start":981,"end":1292,"text":"Expression of this mutant channel in tsA201 mammalian cells by site-directed mutagenesis revealed a persistent tetrodotoxin-sensitive but lidocaine-resistant current that was associated with a positive shift of the steady-state inactivation curve, steeper activation curve and faster recovery from inactivation.","terms":[]},{"id":8,"start":1293,"end":1380,"text":"We also found a similar electrophysiological profile for the neighboring V1764M mutant.","terms":[]},{"id":9,"start":1381,"end":1511,"text":"But, the other neighboring I1762A mutant had no persistent current and was still associated with a positive shift of inactivation.","terms":[]},{"id":10,"start":1512,"end":1816,"text":"CONCLUSIONS: These findings suggest that the Na(v)1.5/V1763M channel dysfunction and possible neighboring mutants contribute to a persistent inward current due to altered inactivation kinetics and clinically congenital LQTS with perinatal onset of arrhythmias that responded to lidocaine and mexiletine..","terms":[]}]