[{"id":0,"start":0,"end":103,"text":"Two new beta-chain variants: Hb Tripoli [beta26(B8)Glu--\u003eAla] and Hb Tizi-Ouzou [beta29(B11)Gly--\u003eSer].","terms":[{"ids":"UNIPROT:P78371:T116:PRGE|UNIPROT:P07951:T116:PRGE|UNIPROT:Q9HCC0:T116:PRGE|UNIPROT:O00459:T116:PRGE","score":0.2143118066513828,"id":1,"start":8,"end":27,"text":"beta-chain variants","terms":[]},{"ids":"UNIPROT:P09488:T116:PRGE","score":0.2143118066513828,"id":2,"start":29,"end":31,"text":"Hb","terms":[]},{"ids":"UMLS:C0507118:T023:ANAT","score":1.0,"id":3,"start":48,"end":50,"text":"B8","terms":[]},{"ids":"UNIPROT:P09488:T116:PRGE","score":0.2143118066513828,"id":4,"start":66,"end":68,"text":"Hb","terms":[]}]},{"id":1,"start":104,"end":312,"text":"Two new beta-globin chain variants: Hb Tripoli: codon 26, GAG--\u003eGCG [beta26(B8)Glu--\u003eAla] and Hb Tizi-Ouzou: codon 29, GGC--\u003eAGC [beta29(B11)Gly--\u003eSer] are described on the first exon of the beta-globin gene.","terms":[{"ids":"UNIPROT:P78371:T116:PRGE|UNIPROT:P07951:T116:PRGE|UNIPROT:Q9HCC0:T116:PRGE|UNIPROT:O00459:T116:PRGE","score":0.15374767786075194,"id":1,"start":112,"end":129,"text":"beta-globin chain","terms":[]},{"ids":"UNIPROT:P09488:T116:PRGE","score":0.15374767786075194,"id":2,"start":140,"end":142,"text":"Hb","terms":[]},{"ids":"UMLS:C0507118:T023:ANAT","score":1.0,"id":3,"start":180,"end":182,"text":"B8","terms":[]},{"ids":"UNIPROT:P09488:T116:PRGE","score":0.15374767786075194,"id":4,"start":198,"end":200,"text":"Hb","terms":[]},{"ids":"UNIPROT:P78371:T116:PRGE|UNIPROT:P07951:T116:PRGE|UNIPROT:Q9HCC0:T116:PRGE|UNIPROT:O00459:T116:PRGE","score":0.15374767786075194,"id":5,"start":295,"end":311,"text":"beta-globin gene","terms":[]}]},{"id":2,"start":313,"end":393,"text":"The two variants are characterized by DNA sequencing and mass spectrometry (MS).","terms":[{"ids":"UMLS:C0026269:T047:DISO|UMLS:C0026769:T047:DISO","score":1.0,"id":1,"start":389,"end":391,"text":"MS","terms":[]}]},{"id":3,"start":394,"end":453,"text":"Hematological abnormalities were found in the two carriers.","terms":[]},{"id":4,"start":454,"end":610,"text":"The presence of microcytosis and hypochromia is explained by an additional homozygous 3.7 kb alpha(+) thalassemic deletion for the carrier of Hb Tizi-Ouzou.","terms":[{"ids":"UNIPROT:P09488:T116:PRGE","score":0.787650305018185,"id":1,"start":596,"end":598,"text":"Hb","terms":[]}]},{"id":5,"start":611,"end":662,"text":"Hb Tizi-Ouzou showed a slight instability in vitro.","terms":[{"ids":"UNIPROT:P09488:T116:PRGE","score":0.4029973492176797,"id":1,"start":611,"end":613,"text":"Hb","terms":[]}]},{"id":6,"start":663,"end":873,"text":"The same hematological abnormalities associated with anemia are difficult to explain for Hb Tripoli\u0027s carrier in the absence of an alpha-globin genes abnormality and could suggest a possible abnormal splicing..","terms":[{"ids":"UMLS:C0002871:T047:DISO","score":1.0,"id":1,"start":716,"end":722,"text":"anemia","terms":[]},{"ids":"UNIPROT:P09488:T116:PRGE","score":0.5411904675292944,"id":2,"start":752,"end":754,"text":"Hb","terms":[]},{"ids":"UNIPROT:P69905:T116:PRGE","score":0.5411904675292944,"id":3,"start":794,"end":806,"text":"alpha-globin","terms":[]}]}]