[{"id":0,"start":0,"end":188,"text":"Sequence variant in the intron 10 of the RET oncogene in a patient with microfollicular thyroid carcinoma with medullar differentiation: implications for newly generated chi-like sequence.","terms":[{"ids":"UNIPROT:P07949:T116:PRGE","score":0.9938632241977006,"id":1,"start":41,"end":53,"text":"RET oncogene","terms":[]},{"ids":"UMLS:C0040132:T023:ANAT","score":1.0,"id":2,"start":88,"end":95,"text":"thyroid","terms":[]}]},{"id":1,"start":189,"end":335,"text":"Sequence alterations in the RET proto-oncogene are becoming increasingly important to clinical assessment of the malignant disease of the thyroid.","terms":[{"ids":"UNIPROT:P07949:T116:PRGE","score":0.9962242236643281,"id":1,"start":217,"end":235,"text":"RET proto-oncogene","terms":[]},{"ids":"UMLS:C0442867:T047:DISO","score":1.0,"id":2,"start":302,"end":319,"text":"malignant disease","terms":[]},{"ids":"UMLS:C0040132:T023:ANAT","score":1.0,"id":3,"start":327,"end":334,"text":"thyroid","terms":[]}]},{"id":2,"start":336,"end":493,"text":"A spectrum of mutations is necessary to establish comprehensive phenotype to genotype relationship relevant to diagnosis and therapy of thyroid malignancies.","terms":[{"ids":"UMLS:C0040132:T023:ANAT","score":1.0,"id":1,"start":472,"end":479,"text":"thyroid","terms":[]}]},{"id":3,"start":494,"end":673,"text":"We aimed to append to the increasing database of these oncogenic lesions and, therefore, analyzed DNA from tumor tissue and constitutive DNA from a patient with thyroid carcinoma.","terms":[{"ids":"UMLS:C0040132:T023:ANAT","score":1.0,"id":1,"start":655,"end":662,"text":"thyroid","terms":[]}]},{"id":4,"start":674,"end":807,"text":"Mutational screening and sequence characterization of the RET proto-oncogene was performed to include part of the intronic sequences.","terms":[{"ids":"UNIPROT:P07949:T116:PRGE","score":0.9979962136362125,"id":1,"start":732,"end":750,"text":"RET proto-oncogene","terms":[]}]},{"id":5,"start":808,"end":919,"text":"We report a germline sequence variant in DNA from the patient diagnosed with microfollicular thyroid carcinoma.","terms":[{"ids":"UMLS:C0040132:T023:ANAT","score":1.0,"id":1,"start":901,"end":908,"text":"thyroid","terms":[]}]},{"id":6,"start":920,"end":1058,"text":"The carcinoma presented not as fully developed medullar carcinoma (MTC) but as microfollicular carcinoma with tendency to evolve into MTC.","terms":[]},{"id":7,"start":1059,"end":1187,"text":"We characterized the sequence variant located in the intron 10 of the RET oncogene as an A to G substitution denoted IVS10 + 4G.","terms":[{"ids":"UNIPROT:P07949:T116:PRGE","score":0.5052011025750914,"id":1,"start":1129,"end":1141,"text":"RET oncogene","terms":[]}]},{"id":8,"start":1188,"end":1324,"text":"The described sequence alteration generates a chi-like sequence surrounded by several chi-like sequences with recombinational potential.","terms":[]},{"id":9,"start":1325,"end":1506,"text":"Such alteration may be involved in the pathogenesis of the microfollicular carcinoma via genome destabilization through homologous recombination in the process of tumor progression.","terms":[]},{"id":10,"start":1507,"end":1663,"text":"This result further substantiates the importance of the database correlating specific sequence variations in the RET gene with distinct disease phenotypes..","terms":[{"ids":"UNIPROT:P07949:T116:PRGE","score":0.9746014877562543,"id":1,"start":1620,"end":1628,"text":"RET gene","terms":[]}]}]