[{"id":0,"start":0,"end":162,"text":"Leydig cell hypoplasia due to inactivation of luteinizing hormone receptor by a novel homozygous nonsense truncation mutation in the seventh transmembrane domain.","terms":[{"ids":"UNIPROT:P22888:T116:PRGE","score":0.8206973603782249,"id":1,"start":46,"end":74,"text":"luteinizing hormone receptor","terms":[]}]},{"id":1,"start":163,"end":308,"text":"Inactivating mutations in the LH receptor are the predominant cause for male pseudohermaphroditism in subjects with Leydig cell hypoplasia (LCH).","terms":[{"ids":"UNIPROT:Q02809:T116:PRGE","score":0.9993273568762808,"id":1,"start":193,"end":204,"text":"LH receptor","terms":[]},{"ids":"UMLS:C0238395:T047:DISO","score":1.0,"id":2,"start":235,"end":261,"text":"male pseudohermaphroditism","terms":[]},{"ids":"UMLS:C0019621:T047:DISO","score":1.0,"id":3,"start":303,"end":306,"text":"LCH","terms":[]}]},{"id":2,"start":309,"end":385,"text":"The severity of the mutations, correlates with residual receptor activities.","terms":[]},{"id":3,"start":386,"end":492,"text":"Here, we detail the clinical presentation of one subject with complete male pseudohermaphroditism and LCH.","terms":[{"ids":"UMLS:C0238395:T047:DISO","score":1.0,"id":1,"start":457,"end":483,"text":"male pseudohermaphroditism","terms":[]},{"ids":"UMLS:C0019621:T047:DISO","score":1.0,"id":2,"start":488,"end":491,"text":"LCH","terms":[]}]},{"id":4,"start":493,"end":642,"text":"We identify within the proband and her similarly afflicted sibling a homozygous T to G transversion at nucleotide 1836 in exon 11 of the LH/CGR gene.","terms":[{"ids":"UNIPROT:Q02809:T116:PRGE","score":0.26995078983330645,"id":1,"start":630,"end":632,"text":"LH","terms":[]}]},{"id":5,"start":643,"end":818,"text":"This causes conversion of a tyrosine codon into a stop codon at codon 612 in the seventh transmembrane domain, resulting in a truncated receptor that lacks a cytoplasmic tail.","terms":[{"ids":"UMLS:C0039259:T023:ANAT","score":1.0,"id":1,"start":813,"end":817,"text":"tail","terms":[]}]},{"id":6,"start":819,"end":986,"text":"In vitro, in contrast to cells expressing a normal LHR, cells transfected with the mutant cDNA exhibit neither surface binding of radiolabeled hCG nor cAMP generation.","terms":[{"ids":"UMLS:C1855900:T047:DISO|UNIPROT:P01215:T116:PRGE|UNIPROT:P01229:T116:PRGE","score":1.0,"id":1,"start":962,"end":965,"text":"hCG","terms":[]}]},{"id":7,"start":987,"end":1161,"text":"In vitro expression under the control of the LHR signal peptide of either a wild type or mutant LHR-GFP fusion protein shows no differences in receptor cellular localization.","terms":[{"ids":"UNIPROT:P22888:T116:PRGE","score":0.6441375727403315,"id":1,"start":1032,"end":1035,"text":"LHR","terms":[]},{"ids":"UNIPROT:P22888:T116:PRGE","score":0.6441375727403315,"id":2,"start":1083,"end":1086,"text":"LHR","terms":[]}]},{"id":8,"start":1162,"end":1390,"text":"In conclusion, the in vitro studies suggest that residues in the seventh transmembrane domain and cytoplasmic tail are important for receptor binding and activation without playing a major role in receptor cellular trafficking..","terms":[{"ids":"UMLS:C0039259:T023:ANAT","score":1.0,"id":1,"start":1272,"end":1276,"text":"tail","terms":[]}]}]