[{"id":0,"start":0,"end":167,"text":"Compound heterozygosity for a novel nine-nucleotide deletion and the Asn45Ser missense mutation in the glycoprotein IX gene in a patient with Bernard-Soulier syndrome.","terms":[{"ids":"UNIPROT:P14770:T116:PRGE","score":0.9581788071846328,"id":1,"start":103,"end":123,"text":"glycoprotein IX gene","terms":[]},{"ids":"UMLS:C0005129:T047:DISO","score":1.0,"id":2,"start":142,"end":166,"text":"Bernard-Soulier syndrome","terms":[]}]},{"id":1,"start":168,"end":378,"text":"Bernard-Soulier syndrome (BSS) is a rare inherited bleeding disorder due to quantitative or qualitative abnormalities in the platelet glycoprotein (GP) Ib/IX/V complex, the major von Willebrand factor receptor.","terms":[{"ids":"UMLS:C0005129:T047:DISO","score":1.0,"id":1,"start":168,"end":192,"text":"Bernard-Soulier syndrome","terms":[]},{"ids":"UMLS:C0005129:T047:DISO","score":1.0,"id":2,"start":194,"end":197,"text":"BSS","terms":[]},{"ids":"UMLS:C0005779:T047:DISO","score":1.0,"id":3,"start":219,"end":236,"text":"bleeding disorder","terms":[]},{"ids":"UNIPROT:P08183:T116:PRGE|UNIPROT:P08575:T116:PRGE|UNIPROT:P36222:T116:PRGE","score":0.0,"id":4,"start":302,"end":314,"text":"glycoprotein","terms":[]},{"ids":"UNIPROT:Q86XS8:T116:PRGE|UNIPROT:P24821:T116:PRGE|UNIPROT:P60953:T116:PRGE","score":0.6257237467855996,"id":5,"start":316,"end":318,"text":"GP","terms":[]},{"ids":"UNIPROT:Q9NTI2:T116:PRGE","score":0.6257237467855996,"id":6,"start":320,"end":322,"text":"Ib","terms":[]},{"ids":"UNIPROT:P04275:T116:PRGE","score":0.6257237467855996,"id":7,"start":347,"end":377,"text":"von Willebrand factor receptor","terms":[{"ids":"UMLS:C0042974:T047:DISO","score":1.0,"id":1,"start":347,"end":361,"text":"von Willebrand","terms":[]}]}]},{"id":2,"start":379,"end":448,"text":"The complex comprises four subunits, each encoded by a separate gene.","terms":[]},{"id":3,"start":449,"end":547,"text":"Several mutations have been described for each of the subunits, except for GPV, as a cause of BSS.","terms":[{"ids":"UMLS:C0005129:T047:DISO|UMLS:C1857941:T047:DISO","score":1.0,"id":1,"start":543,"end":546,"text":"BSS","terms":[]}]},{"id":4,"start":548,"end":619,"text":"We describe here the genetic basis of the disorder in a child with BSS.","terms":[{"ids":"UMLS:C0005129:T047:DISO|UMLS:C1857941:T047:DISO","score":1.0,"id":1,"start":615,"end":618,"text":"BSS","terms":[]}]},{"id":5,"start":620,"end":769,"text":"Flow-cytometric analysis of the patient\u0027s platelets showed a markedly reduced surface expression of all three glycoproteins of the GPIb/IX/V complex.","terms":[{"ids":"UNIPROT:P07359:T116:PRGE","score":0.4555120539682381,"id":1,"start":751,"end":755,"text":"GPIb","terms":[]}]},{"id":6,"start":770,"end":1178,"text":"DNA sequencing analysis showed the patient to be a compound heterozygote for two mutations in the GPIX gene, a novel nine-nucleotide deletion starting at position 1952 of the gene that changes asparagine 86 for alanine and eliminates amino acids 87, 88, and 89 (arginine, threonine, and proline) and a previously reported point mutation that changes the codon asparagine (AAC) for serine (AGC) at residue 45.","terms":[{"ids":"UNIPROT:P14770:T116:PRGE","score":0.9633041652045049,"id":1,"start":868,"end":877,"text":"GPIX gene","terms":[]}]},{"id":7,"start":1179,"end":1283,"text":"Her mother was heterozygous for the Asn45Ser mutation, and her father, for the nine-nucleotide deletion.","terms":[]},{"id":8,"start":1284,"end":1420,"text":"Our findings suggest that the additive effects of both mutations in the GPIX gene are responsible for the BSS phenotype of the patient..","terms":[{"ids":"UNIPROT:P14770:T116:PRGE","score":0.8005692157913523,"id":1,"start":1356,"end":1365,"text":"GPIX gene","terms":[]},{"ids":"UMLS:C0005129:T047:DISO|UMLS:C1857941:T047:DISO","score":1.0,"id":2,"start":1390,"end":1393,"text":"BSS","terms":[]}]}]