[{"id":0,"start":0,"end":107,"text":"Androgen receptor mutants detected in recurrent prostate cancer exhibit diverse functional characteristics.","terms":[{"ids":"UNIPROT:P10275:T116:PRGE","score":0.9389263001484356,"id":1,"start":0,"end":25,"text":"Androgen receptor mutants","terms":[]},{"ids":"UMLS:C0033572:T023:ANAT","score":1.0,"id":2,"start":48,"end":56,"text":"prostate","terms":[]}]},{"id":1,"start":108,"end":258,"text":"BACKGROUND: Alterations in the function of androgen receptor (AR) and its signaling pathway may be responsible for the progression of prostate cancer.","terms":[{"ids":"UNIPROT:P10275:T116:PRGE","score":0.9956210552003499,"id":1,"start":151,"end":168,"text":"androgen receptor","terms":[]},{"ids":"UMLS:C0003504:T047:DISO|UNIPROT:P01721:T116:PRGE|UNIPROT:Q9NZJ4:T116:PRGE|UNIPROT:P10275:T116:PRGE","score":1.0,"id":2,"start":170,"end":172,"text":"AR","terms":[]},{"ids":"UMLS:C0033572:T023:ANAT","score":1.0,"id":3,"start":242,"end":250,"text":"prostate","terms":[]}]},{"id":2,"start":259,"end":478,"text":"The  goal of the present study was to investigate the potential roles of AR structural and functional alterations in the progression of prostate cancer, and the relationship between the structure and function of the AR.","terms":[{"ids":"UMLS:C0003504:T047:DISO|UNIPROT:P01721:T116:PRGE|UNIPROT:Q9NZJ4:T116:PRGE|UNIPROT:P10275:T116:PRGE","score":1.0,"id":1,"start":332,"end":334,"text":"AR","terms":[]},{"ids":"UMLS:C0033572:T023:ANAT","score":1.0,"id":2,"start":395,"end":403,"text":"prostate","terms":[]},{"ids":"UMLS:C0003504:T047:DISO|UNIPROT:P01721:T116:PRGE|UNIPROT:Q9NZJ4:T116:PRGE|UNIPROT:P10275:T116:PRGE","score":1.0,"id":3,"start":475,"end":477,"text":"AR","terms":[]}]},{"id":3,"start":479,"end":638,"text":"METHODS: AR gene in 58 prostate cancer samples was examined for mutations using PCR-single strand conformation polymorphism (SSCP) analysis and DNA sequencing.","terms":[{"ids":"UNIPROT:P01721:T116:PRGE|UNIPROT:Q9NZJ4:T116:PRGE|UNIPROT:P10275:T116:PRGE","score":0.5585000809548909,"id":1,"start":488,"end":495,"text":"AR gene","terms":[{"ids":"UMLS:C0003504:T047:DISO","score":1.0,"id":1,"start":488,"end":490,"text":"AR","terms":[]}]},{"ids":"UMLS:C0033572:T023:ANAT","score":1.0,"id":2,"start":502,"end":510,"text":"prostate","terms":[]}]},{"id":4,"start":639,"end":782,"text":"Effects of mutations on the structure and function of AR were investigated by androgen-binding assays and transactivation assays, respectively.","terms":[{"ids":"UMLS:C0003504:T047:DISO|UNIPROT:P01721:T116:PRGE|UNIPROT:Q9NZJ4:T116:PRGE|UNIPROT:P10275:T116:PRGE","score":1.0,"id":1,"start":693,"end":695,"text":"AR","terms":[]}]},{"id":5,"start":783,"end":909,"text":"RESULTS: Four novel somatic mutations (G142V, D221H, E872Q, and M886I) were identified from recurrent prostate cancer samples.","terms":[{"ids":"UMLS:C0033572:T023:ANAT","score":1.0,"id":1,"start":885,"end":893,"text":"prostate","terms":[]}]},{"id":6,"start":910,"end":1034,"text":"None of the AR mutants differed from wild-type AR (wtAR) in their abilities to bind the synthetic androgen methyltrienolone.","terms":[{"ids":"UNIPROT:P01721:T116:PRGE|UNIPROT:Q9NZJ4:T116:PRGE|UNIPROT:P10275:T116:PRGE","score":0.9912195240181336,"id":1,"start":922,"end":932,"text":"AR mutants","terms":[{"ids":"UMLS:C0003504:T047:DISO","score":1.0,"id":1,"start":922,"end":924,"text":"AR","terms":[]}]},{"ids":"UNIPROT:Q13326:T116:PRGE|UNIPROT:P38405:T116:PRGE","score":0.9912195240181336,"id":2,"start":947,"end":959,"text":"wild-type AR","terms":[{"ids":"UMLS:C0003504:T047:DISO","score":1.0,"id":1,"start":957,"end":959,"text":"AR","terms":[]}]}]},{"id":7,"start":1035,"end":1128,"text":"However, these mutated AR exhibited diverse functional characteristics as compared with wtAR.","terms":[{"ids":"UMLS:C0003504:T047:DISO|UNIPROT:P01721:T116:PRGE|UNIPROT:Q9NZJ4:T116:PRGE|UNIPROT:P10275:T116:PRGE","score":1.0,"id":1,"start":1058,"end":1060,"text":"AR","terms":[]}]},{"id":8,"start":1129,"end":1179,"text":"G142V and D221H showed increased responses to DHT.","terms":[]},{"id":9,"start":1180,"end":1281,"text":"E872Q could be abnormally activated by 17beta-estradiol, progesterone, and cyproterone acetate (CPA).","terms":[]},{"id":10,"start":1282,"end":1408,"text":"Furthermore, E872Q and M886I presented increased responses to DHT in the presence of coactivators TIF-2 and CBP, but not p300.","terms":[{"ids":"UNIPROT:Q06418:T116:PRGE","score":0.4944496123461794,"id":1,"start":1380,"end":1385,"text":"TIF-2","terms":[]},{"ids":"UNIPROT:P04000:T116:PRGE|UNIPROT:P57723:T116:PRGE|UNIPROT:Q92793:T116:PRGE|UNIPROT:Q9NWQ8:T116:PRGE|UNIPROT:P51608:T116:PRGE|UNIPROT:O94761:T116:PRGE|UNIPROT:P06730:T116:PRGE","score":0.4944496123461794,"id":2,"start":1390,"end":1393,"text":"CBP","terms":[]},{"ids":"UNIPROT:Q09472:T116:PRGE","score":0.4944496123461794,"id":3,"start":1403,"end":1407,"text":"p300","terms":[]}]},{"id":11,"start":1409,"end":1726,"text":"On  the other hand, although overexpression of corepressors N-CoR and SMRT could result in evident inhibition on DHT- or CPA-induced transactivity of wtAR and the AR mutants, N-CoR displayed stronger inhibitory effects on DHT-induced transactivity of the AR mutants (especially for E872Q and M886I) than that of wtAR.","terms":[{"ids":"UMLS:C0018563:T023:ANAT","score":1.0,"id":1,"start":1423,"end":1427,"text":"hand","terms":[]},{"ids":"UNIPROT:O75376:T116:PRGE","score":0.19267243669345063,"id":2,"start":1469,"end":1474,"text":"N-CoR","terms":[{"ids":"UMLS:C0018787:T023:ANAT","score":1.0,"id":1,"start":1471,"end":1474,"text":"CoR","terms":[]}]},{"ids":"UNIPROT:Q9Y618:T116:PRGE","score":0.19267243669345063,"id":3,"start":1479,"end":1483,"text":"SMRT","terms":[]},{"ids":"UNIPROT:P01721:T116:PRGE|UNIPROT:Q9NZJ4:T116:PRGE|UNIPROT:P10275:T116:PRGE","score":0.19267243669345063,"id":4,"start":1572,"end":1582,"text":"AR mutants","terms":[{"ids":"UMLS:C0003504:T047:DISO","score":1.0,"id":1,"start":1572,"end":1574,"text":"AR","terms":[]}]},{"ids":"UNIPROT:O75376:T116:PRGE","score":0.19267243669345063,"id":5,"start":1584,"end":1589,"text":"N-CoR","terms":[{"ids":"UMLS:C0018787:T023:ANAT","score":1.0,"id":1,"start":1586,"end":1589,"text":"CoR","terms":[]}]},{"ids":"UNIPROT:P01721:T116:PRGE|UNIPROT:Q9NZJ4:T116:PRGE|UNIPROT:P10275:T116:PRGE","score":0.19267243669345063,"id":6,"start":1664,"end":1674,"text":"AR mutants","terms":[{"ids":"UMLS:C0003504:T047:DISO","score":1.0,"id":1,"start":1664,"end":1666,"text":"AR","terms":[]}]}]},{"id":12,"start":1727,"end":1892,"text":"To our knowledge, this is the first characterization of enhanced inhibitory effects of corepressors on the transactivity of the AR mutants found in prostate  cancer.","terms":[{"ids":"UNIPROT:P01721:T116:PRGE|UNIPROT:Q9NZJ4:T116:PRGE|UNIPROT:P10275:T116:PRGE","score":0.8657964808273756,"id":1,"start":1855,"end":1865,"text":"AR mutants","terms":[{"ids":"UMLS:C0003504:T047:DISO","score":1.0,"id":1,"start":1855,"end":1857,"text":"AR","terms":[]}]},{"ids":"UMLS:C0033572:T023:ANAT","score":1.0,"id":2,"start":1875,"end":1883,"text":"prostate","terms":[]}]},{"id":13,"start":1893,"end":2095,"text":"CONCLUSIONS: The data presented here demonstrate that AR mutants found in prostate cancer had different functional alterations, which might play an important role in the progression of prostate cancer..","terms":[{"ids":"UNIPROT:P01721:T116:PRGE|UNIPROT:Q9NZJ4:T116:PRGE|UNIPROT:P10275:T116:PRGE","score":0.7089659711941881,"id":1,"start":1947,"end":1957,"text":"AR mutants","terms":[{"ids":"UMLS:C0003504:T047:DISO","score":1.0,"id":1,"start":1947,"end":1949,"text":"AR","terms":[]}]},{"ids":"UMLS:C0033572:T023:ANAT","score":1.0,"id":2,"start":1967,"end":1975,"text":"prostate","terms":[]},{"ids":"UMLS:C0033572:T023:ANAT","score":1.0,"id":3,"start":2078,"end":2086,"text":"prostate","terms":[]}]}]