[{"id":0,"start":0,"end":89,"text":"TGFBI gene mutations causing lattice and granular corneal dystrophies in Indian patients.","terms":[{"ids":"UNIPROT:Q9H3M7:T116:PRGE","score":0.7539708452251851,"id":1,"start":0,"end":10,"text":"TGFBI gene","terms":[]},{"ids":"UMLS:C0010036:T047:DISO","score":1.0,"id":2,"start":50,"end":69,"text":"corneal dystrophies","terms":[]}]},{"id":1,"start":90,"end":279,"text":"PURPOSE: To identify mutations in the TGFBI gene in Indian patients with lattice corneal dystrophy (LCD) or granular corneal dystrophy (GCD) and to look for genotype-phenotype correlations.","terms":[{"ids":"UNIPROT:Q9H3M7:T116:PRGE","score":0.6527787870246146,"id":1,"start":128,"end":138,"text":"TGFBI gene","terms":[]},{"ids":"UMLS:C0155127:T047:DISO","score":1.0,"id":2,"start":163,"end":188,"text":"lattice corneal dystrophy","terms":[]},{"ids":"UMLS:C1690006:T047:DISO","score":1.0,"id":3,"start":190,"end":193,"text":"LCD","terms":[]},{"ids":"UMLS:C0018179:T047:DISO","score":1.0,"id":4,"start":198,"end":224,"text":"granular corneal dystrophy","terms":[]}]},{"id":2,"start":280,"end":363,"text":"METHODS: Thirty-seven unrelated patients were studied, 18 with LCD and 19 with GCD.","terms":[{"ids":"UMLS:C1690006:T047:DISO","score":1.0,"id":1,"start":343,"end":346,"text":"LCD","terms":[]}]},{"id":3,"start":364,"end":462,"text":"The diagnosis of LCD or GCD was made on the basis of clinical and/or histopathological evaluation.","terms":[{"ids":"UMLS:C1690006:T047:DISO","score":1.0,"id":1,"start":381,"end":384,"text":"LCD","terms":[]}]},{"id":4,"start":463,"end":561,"text":"Exons and flanking intron sequences of the TGFBI gene were amplified by PCR with specific primers.","terms":[]},{"id":5,"start":562,"end":669,"text":"PCR products were screened by the method of single-strand conformation polymorphism followed by sequencing.","terms":[]},{"id":6,"start":670,"end":755,"text":"Mutations were confirmed by screening at least 100 unrelated normal control subjects.","terms":[]},{"id":7,"start":756,"end":853,"text":"RESULTS: Mutations were identified in 14 of 18 patients with LCD and in all 19 patients with GCD.","terms":[{"ids":"UMLS:C1690006:T047:DISO","score":1.0,"id":1,"start":817,"end":820,"text":"LCD","terms":[]}]},{"id":8,"start":854,"end":1082,"text":"In LCD, three novel heterozygous mutations found were glycine-594-valine (Gly594Val) in 2 of 18 patients, valine-539-aspartic acid (Val539Asp) in 1 patient, and deletion of valine 624, valine 625 (Val624-Val625del) in 1 patient.","terms":[{"ids":"UMLS:C1690006:T047:DISO","score":1.0,"id":1,"start":857,"end":860,"text":"LCD","terms":[]}]},{"id":9,"start":1083,"end":1237,"text":"In addition, mutation of arginine 124-to-cysteine (Arg124Cys) was found in 8 of 18 patients and histidine 626-to-arginine (His626Arg) in 2 of 18 patients.","terms":[]},{"id":10,"start":1238,"end":1346,"text":"Atypical clinical features for LCD were noted in patients with the Gly594Val and Val624-Val625del mutations.","terms":[{"ids":"UMLS:C1690006:T047:DISO","score":1.0,"id":1,"start":1269,"end":1272,"text":"LCD","terms":[]}]},{"id":11,"start":1347,"end":1526,"text":"In GCD, 18 patients with GCD type I had a mutation of arginine 555-to-tryptophan (Arg555Trp) and 1 patient with GCD type III (Reis-Bucklers dystrophy), had the Arg124Leu mutation.","terms":[{"ids":"UMLS:C0339278:T047:DISO","score":1.0,"id":1,"start":1473,"end":1496,"text":"Reis-Bucklers dystrophy","terms":[]}]},{"id":12,"start":1527,"end":1716,"text":"Seven novel single-nucleotide polymorphisms (SNPs) were also found, of which a change of leucine 269 to phenylalanine (Leu269Phe) was found in 12 of 18 patients with the Arg555Trp mutation.","terms":[]},{"id":13,"start":1717,"end":1854,"text":"CONCLUSIONS: Arg124Cys and Arg555Trp appear to be the predominant mutations causing LCD and GCD, respectively, in the population studied.","terms":[{"ids":"UMLS:C1690006:T047:DISO","score":1.0,"id":1,"start":1801,"end":1804,"text":"LCD","terms":[]}]},{"id":14,"start":1855,"end":1941,"text":"The novel mutations identified in this study are associated with distinct phenotypes..","terms":[]}]