[{"id":0,"start":0,"end":92,"text":"Polymorphic changes in the KAL1 gene: not all of them should be classified as polymorphisms.","terms":[{"ids":"UNIPROT:P23352:T116:PRGE","score":0.9969079005372005,"id":1,"start":27,"end":36,"text":"KAL1 gene","terms":[{"ids":"UMLS:C1563719:T047:DISO","score":1.0,"id":1,"start":27,"end":31,"text":"KAL1","terms":[]}]}]},{"id":1,"start":93,"end":228,"text":"The KAL1 gene has a closely related nonfunctional pseudogene on the Y chromosome; a high degree of X-Y sequence similarity is observed.","terms":[{"ids":"UNIPROT:P23352:T116:PRGE","score":0.4746044063626025,"id":1,"start":97,"end":106,"text":"KAL1 gene","terms":[{"ids":"UMLS:C1563719:T047:DISO","score":1.0,"id":1,"start":97,"end":101,"text":"KAL1","terms":[]}]}]},{"id":2,"start":229,"end":303,"text":"Some individuals present a T to C substitution at position 1833 (exon 12).","terms":[]},{"id":3,"start":304,"end":495,"text":"Because this nucleotide differs in the X (thymine) and in the Y (cytosine) chromosome, we investigated if this was truly a polymorphism, or if in some cases the Y sequence had been amplified.","terms":[]},{"id":4,"start":496,"end":682,"text":"The complete sequence of exon 12 of KAL1 was analyzed in 11 Kallmann Syndrome (KS) males, in 50 normal males, in 50 normal females, and in 16 patients with Ullrich-Turner Syndrome (UTS).","terms":[{"ids":"UMLS:C1563719:T047:DISO|UNIPROT:P23352:T116:PRGE","score":1.0,"id":1,"start":532,"end":536,"text":"KAL1","terms":[]},{"ids":"UMLS:C0162809:T047:DISO","score":1.0,"id":2,"start":556,"end":573,"text":"Kallmann Syndrome","terms":[]},{"ids":"UMLS:C0041408:T047:DISO","score":1.0,"id":3,"start":652,"end":675,"text":"Ullrich-Turner Syndrome","terms":[]}]},{"id":5,"start":683,"end":825,"text":"Nucleotide 1833 was found in a heterozygous or a homozygous state in KS, normal males and normal females; UTS patients were always homozygous.","terms":[]},{"id":6,"start":826,"end":897,"text":"Of the 61 males, 17 were heterozygous, while 11 were TT and 33 were CC.","terms":[]},{"id":7,"start":898,"end":993,"text":"With these observations we can not assure whether these patients present a \"real\" polymorphism.","terms":[]},{"id":8,"start":994,"end":1173,"text":"Besides, all males were heterozygous in nucleotides 1678, 1694, 1699, 1708 and 1825, whilst females were homozygous; and in these positions, KAL1 also differs from its pseudogene.","terms":[{"ids":"UMLS:C1563719:T047:DISO|UNIPROT:P23352:T116:PRGE","score":1.0,"id":1,"start":1135,"end":1139,"text":"KAL1","terms":[]}]},{"id":9,"start":1174,"end":1289,"text":"These results indicate that we are identifying the X and the Y nucleotide and these variants are not polymorphisms.","terms":[]},{"id":10,"start":1290,"end":1610,"text":"Sequence variations may be pseudogene products rather than true polymorphisms, so we should always determine if the position where the variation is located differs between KAL1 and its pseudogene, because it has been suggested that the presence of various polymorphisms in affected individuals could be the cause of KS..","terms":[{"ids":"UMLS:C1563719:T047:DISO|UNIPROT:P23352:T116:PRGE","score":1.0,"id":1,"start":1462,"end":1466,"text":"KAL1","terms":[]}]}]