[{"id":0,"start":0,"end":68,"text":"Parkin mutations and early-onset parkinsonism in a Taiwanese cohort.","terms":[{"ids":"UMLS:C0242422:T047:DISO","score":1.0,"id":1,"start":33,"end":45,"text":"parkinsonism","terms":[]}]},{"id":1,"start":69,"end":238,"text":"BACKGROUND: Loss of function of the parkin gene (PRKN) is the predominant genetic cause of juvenile and early-onset parkinsonism in Japan, Europe, and the United States.","terms":[{"ids":"UNIPROT:Q9H3M7:T116:PRGE","score":0.9387422419620077,"id":1,"start":105,"end":116,"text":"parkin gene","terms":[]},{"ids":"UMLS:C0242422:T047:DISO","score":1.0,"id":2,"start":185,"end":197,"text":"parkinsonism","terms":[]}]},{"id":2,"start":239,"end":411,"text":"OBJECTIVES: To evaluate the frequency of PRKN mutations in Taiwanese (ethnic Chinese) patients with early-onset parkinsonism and to explore genotype-phenotype correlations.","terms":[{"ids":"UMLS:C0242422:T047:DISO","score":1.0,"id":1,"start":351,"end":363,"text":"parkinsonism","terms":[]}]},{"id":3,"start":412,"end":497,"text":"DESIGN: Clinical assessment included medical, neurologic, and psychiatric evaluation.","terms":[]},{"id":4,"start":498,"end":606,"text":"Genomic DNA sequencing and quantitative polymerase chain reaction were performed to identify PRKN mutations.","terms":[]},{"id":5,"start":607,"end":714,"text":"Gene expression was examined in patient lymphoblastoid cell lines, in which PRKN mutations were identified.","terms":[]},{"id":6,"start":715,"end":810,"text":"PATIENTS: Forty-one Taiwanese patients with early-onset parkinsonism (aged \u003c50 years at onset).","terms":[{"ids":"UMLS:C0242422:T047:DISO","score":1.0,"id":1,"start":771,"end":783,"text":"parkinsonism","terms":[]}]},{"id":7,"start":811,"end":859,"text":"RESULTS: Four of 41 probands had PRKN mutations.","terms":[]},{"id":8,"start":860,"end":970,"text":"One proband had compound heterozygous mutations, with a PRKN exon 2 deletion and an exon 7 G284R substitution.","terms":[]},{"id":9,"start":971,"end":1021,"text":"The phenotype resembled typical Parkinson disease.","terms":[{"ids":"UMLS:C0030567:T047:DISO","score":1.0,"id":1,"start":1003,"end":1020,"text":"Parkinson disease","terms":[]}]},{"id":10,"start":1022,"end":1060,"text":"Three patients were mutation carriers.","terms":[]},{"id":11,"start":1061,"end":1129,"text":"One proband had PRKN exon 2 and exon 3 deletions in the same allele.","terms":[]},{"id":12,"start":1130,"end":1356,"text":"However, this patient\u0027s phenotype was that of classic \"parkin-proven\" autosomal recessive juvenile parkinsonism, characterized by symmetrical foot dystonia at onset, gait disturbance, diurnal change, and very slow progression.","terms":[{"ids":"UMLS:C0752099:T047:DISO","score":1.0,"id":1,"start":1200,"end":1241,"text":"autosomal recessive juvenile parkinsonism","terms":[]},{"ids":"UMLS:C0016504:T023:ANAT","score":1.0,"id":2,"start":1272,"end":1276,"text":"foot","terms":[]},{"ids":"UMLS:C0393593:T047:DISO","score":1.0,"id":3,"start":1277,"end":1285,"text":"dystonia","terms":[]}]},{"id":13,"start":1357,"end":1433,"text":"The 2 remaining carriers had novel heterozygous exon 11 R396G substitutions.","terms":[]},{"id":14,"start":1434,"end":1590,"text":"Patients with PRKN mutations were younger at onset than those without mutations, and they required a lower dose of levodopa despite longer disease duration.","terms":[]},{"id":15,"start":1591,"end":1692,"text":"CONCLUSIONS: Mutations in PRKN are a rare cause of early-onset parkinsonism in Taiwanese individuals.","terms":[{"ids":"UMLS:C0242422:T047:DISO","score":1.0,"id":1,"start":1654,"end":1666,"text":"parkinsonism","terms":[]}]},{"id":16,"start":1693,"end":1877,"text":"The overall mutation frequency, adjusted for age at onset, was comparable with that reported for white cohorts; however, the point mutations identified seem to be population specific..","terms":[]}]