[{"id":0,"start":0,"end":110,"text":"Primary malignant lymphoma of the brain: frequent abnormalities and inactivation of p14 tumor suppressor gene.","terms":[{"ids":"UMLS:C0006104:T023:ANAT","score":1.0,"id":1,"start":34,"end":39,"text":"brain","terms":[]},{"ids":"UNIPROT:Q8N726:T116:PRGE|UNIPROT:P42771:T116:PRGE|UNIPROT:P53999:T116:PRGE|UNIPROT:Q9Y2Q5:T116:PRGE|UNIPROT:P06702:T116:PRGE|UNIPROT:O75956:T116:PRGE|UNIPROT:Q9Y3B4:T116:PRGE|UNIPROT:O95059:T116:PRGE|UNIPROT:P03971:T116:PRGE","score":0.6830606205193914,"id":2,"start":84,"end":109,"text":"p14 tumor suppressor gene","terms":[]}]},{"id":1,"start":111,"end":379,"text":"Ten primary central nervous system lymphomas (PCNSL, brain lymphomas) were examined for p14 gene exon 1beta deletion, mutation and methylation by Southern blot analysis, nucleotide analysis of polymerase chain reaction clones and Southern blot-based methylation assay.","terms":[{"ids":"UMLS:C0014518:T047:DISO","score":1.0,"id":1,"start":111,"end":114,"text":"Ten","terms":[]},{"ids":"UMLS:C0006104:T023:ANAT","score":1.0,"id":2,"start":164,"end":169,"text":"brain","terms":[]},{"ids":"UNIPROT:Q8N726:T116:PRGE|UNIPROT:P42771:T116:PRGE|UNIPROT:P53999:T116:PRGE|UNIPROT:Q9Y2Q5:T116:PRGE|UNIPROT:P06702:T116:PRGE|UNIPROT:O75956:T116:PRGE|UNIPROT:Q9Y3B4:T116:PRGE|UNIPROT:O95059:T116:PRGE|UNIPROT:P03971:T116:PRGE","score":0.9381719172792343,"id":3,"start":199,"end":227,"text":"p14 gene exon 1beta deletion","terms":[]}]},{"id":2,"start":380,"end":670,"text":"In Southern blot analysis, from the signal densities of the hybridized bands and their similarities to those of exons 2 and 3 in our previous quantitative study, we found that exon 1beta was homozygously deleted in four cases, hemizygously deleted in five cases and not deleted in one case.","terms":[]},{"id":3,"start":671,"end":862,"text":"Thus, the same deletion patterns covered the entire p14 gene for all cases except for one case, which suggested the hemizygous deletion of exons 1beta and 2 and homozygous deletion of exon 3.","terms":[{"ids":"UNIPROT:Q8N726:T116:PRGE|UNIPROT:P42771:T116:PRGE|UNIPROT:P53999:T116:PRGE|UNIPROT:Q9Y2Q5:T116:PRGE|UNIPROT:P06702:T116:PRGE|UNIPROT:O75956:T116:PRGE|UNIPROT:Q9Y3B4:T116:PRGE|UNIPROT:O95059:T116:PRGE|UNIPROT:P03971:T116:PRGE","score":0.8860762313001658,"id":1,"start":723,"end":731,"text":"p14 gene","terms":[]}]},{"id":4,"start":863,"end":1010,"text":"In addition, although exon 1beta mutation is rare in various tumors, we detected a missense mutation (L50R) in one case with a hemizygous deletion.","terms":[]},{"id":5,"start":1011,"end":1118,"text":"Methylation of the 5\u0027CpG island of the p14 gene was not suggested for any case without homozygous deletion.","terms":[{"ids":"UNIPROT:Q8N726:T116:PRGE|UNIPROT:P42771:T116:PRGE|UNIPROT:P53999:T116:PRGE|UNIPROT:Q9Y2Q5:T116:PRGE|UNIPROT:P06702:T116:PRGE|UNIPROT:O75956:T116:PRGE|UNIPROT:Q9Y3B4:T116:PRGE|UNIPROT:O95059:T116:PRGE|UNIPROT:P03971:T116:PRGE","score":0.9901690056681466,"id":1,"start":1050,"end":1058,"text":"p14 gene","terms":[]}]},{"id":6,"start":1119,"end":1426,"text":"Our observation of frequent p14 gene abnormalities (90%) and inactivation (40-60%) was in striking contrast to the same pathological subtype of systemic lymphoma in which p14 gene abnormalities and inactivation were infrequent, suggesting a difference in carcinogenesis between PCNSL and systemic lymphoma..","terms":[{"ids":"UNIPROT:Q8N726:T116:PRGE|UNIPROT:P42771:T116:PRGE|UNIPROT:P53999:T116:PRGE|UNIPROT:Q9Y2Q5:T116:PRGE|UNIPROT:P06702:T116:PRGE|UNIPROT:O75956:T116:PRGE|UNIPROT:Q9Y3B4:T116:PRGE|UNIPROT:O95059:T116:PRGE|UNIPROT:P03971:T116:PRGE","score":0.6397916467136388,"id":1,"start":1147,"end":1155,"text":"p14 gene","terms":[]},{"ids":"UNIPROT:Q8N726:T116:PRGE|UNIPROT:P42771:T116:PRGE|UNIPROT:P53999:T116:PRGE|UNIPROT:Q9Y2Q5:T116:PRGE|UNIPROT:P06702:T116:PRGE|UNIPROT:O75956:T116:PRGE|UNIPROT:Q9Y3B4:T116:PRGE|UNIPROT:O95059:T116:PRGE|UNIPROT:P03971:T116:PRGE","score":0.6397916467136388,"id":2,"start":1290,"end":1298,"text":"p14 gene","terms":[]}]}]