[{"id":0,"start":0,"end":131,"text":"Functional and genomic approaches reveal an ancient CHEK2 allele associated with  breast cancer in the Ashkenazi Jewish population.","terms":[{"ids":"UMLS:C0006141:T023:ANAT","score":1.0,"id":1,"start":82,"end":88,"text":"breast","terms":[]}]},{"id":1,"start":132,"end":252,"text":"Functional and genomic approaches can be integrated to screen efficiently for pathogenic alleles in founder populations.","terms":[{"ids":"UMLS:C0263541:T047:DISO","score":1.0,"id":1,"start":232,"end":239,"text":"founder","terms":[]}]},{"id":2,"start":253,"end":379,"text":"We applied such approaches to analysis of the cancer-associated cell cycle regulator CHEK2 in the Ashkenazi Jewish population.","terms":[]},{"id":3,"start":380,"end":493,"text":"We first identified two extended haplotypes at CHEK2 that co-segregated with breast cancer in high-risk families.","terms":[{"ids":"UMLS:C0006141:T023:ANAT","score":1.0,"id":1,"start":457,"end":463,"text":"breast","terms":[]}]},{"id":4,"start":494,"end":676,"text":"We sequenced CHEK2 in a case representing each haplotype and discovered two novel amino acid substitutions, CHEK2.S428F in the kinase domain and CHEK2.P85L in the N-terminal  region.","terms":[]},{"id":5,"start":677,"end":810,"text":"To assay these alleles for loss of CHEK2 function, we tested their capacity to complement Rad53 deletion in Saccharomyces cerevisiae.","terms":[]},{"id":6,"start":811,"end":969,"text":"CHEK2.S428F failed to complement Rad53 and thus largely abrogates normal CHEK2 function, whereas CHEK2.P85L complemented Rad53 as well as did wild-type CHEK2.","terms":[]},{"id":7,"start":970,"end":1035,"text":"Epidemiologic analyses were concordant with the functional tests.","terms":[]},{"id":8,"start":1036,"end":1346,"text":"Frequencies of  CHEK2.S428F heterozygotes were 2.88% (47/1632) among female breast cancer patients not selected for family history or age at diagnosis and 1.37% (23/1673)  among controls (OR\u003d2.13, 95% CI [1.26, 3.69], P\u003d0.004), whereas frequencies of CHEK2.P85L were 0.92% among cases and 0.83% among controls.","terms":[{"ids":"UMLS:C0222603:T023:ANAT","score":1.0,"id":1,"start":1105,"end":1118,"text":"female breast","terms":[]}]},{"id":9,"start":1347,"end":1506,"text":"On the basis of the experience of mothers, sisters and daughters of probands, breast cancer risk due  to CHEK2.S428F was estimated as 0.17 (+/-0.08) by age 60.","terms":[{"ids":"UMLS:C0006141:T023:ANAT","score":1.0,"id":1,"start":1425,"end":1431,"text":"breast","terms":[]}]},{"id":10,"start":1507,"end":1655,"text":"We conclude that CHEK2.S428F increases breast cancer risk approximately 2-fold among Ashkenazi Jewish women, whereas CHEK2.P85L is a neutral allele.","terms":[{"ids":"UMLS:C0006141:T023:ANAT","score":1.0,"id":1,"start":1546,"end":1552,"text":"breast","terms":[]}]},{"id":11,"start":1656,"end":1949,"text":"In general, these results suggest that selecting probands with extended haplotypes that co-segregate with disease can improve the efficiency of resequencing efforts and that quantitative  complementation tests in yeast can be used to evaluate variants in genes with highly conserved function..","terms":[]}]