[{"id":0,"start":0,"end":100,"text":"Common BRCA2 variants and modification of breast and ovarian cancer risk in BRCA1 mutation carriers.","terms":[{"ids":"UNIPROT:P51587:T116:PRGE","score":0.9019751183986768,"id":1,"start":7,"end":21,"text":"BRCA2 variants","terms":[]},{"ids":"UMLS:C0006141:T023:ANAT","score":1.0,"id":2,"start":42,"end":48,"text":"breast","terms":[]},{"ids":"UMLS:C0205065:T023:ANAT","score":1.0,"id":3,"start":53,"end":60,"text":"ovarian","terms":[]},{"ids":"UNIPROT:P38398:T116:PRGE","score":0.9019751183986768,"id":4,"start":76,"end":90,"text":"BRCA1 mutation","terms":[]}]},{"id":1,"start":101,"end":306,"text":"The HH genotype of the nonconservative amino acid substitution polymorphism N372H in the BRCA2 gene was reported to be associated with a 1.3- to 1.5-fold increase in risk of both breast and ovarian cancer.","terms":[{"ids":"UNIPROT:P51587:T116:PRGE","score":0.9849750693429493,"id":1,"start":190,"end":200,"text":"BRCA2 gene","terms":[]},{"ids":"UMLS:C0006141:T023:ANAT","score":1.0,"id":2,"start":280,"end":286,"text":"breast","terms":[]},{"ids":"UMLS:C0205065:T023:ANAT","score":1.0,"id":3,"start":291,"end":298,"text":"ovarian","terms":[]}]},{"id":2,"start":307,"end":545,"text":"As these studies concerned sporadic cancer cases, we investigated whether N372H and another common variant located in the 5\u0027-untranslated region (203G \u003e A) of the BRCA2 gene modify breast or ovarian cancer risk in BRCA1 mutation carriers.","terms":[{"ids":"UNIPROT:P51587:T116:PRGE","score":0.9218322490953772,"id":1,"start":470,"end":480,"text":"BRCA2 gene","terms":[]},{"ids":"UMLS:C0006141:T023:ANAT","score":1.0,"id":2,"start":488,"end":494,"text":"breast","terms":[]},{"ids":"UMLS:C0205065:T023:ANAT","score":1.0,"id":3,"start":498,"end":505,"text":"ovarian","terms":[]},{"ids":"UNIPROT:P38398:T116:PRGE","score":0.9218322490953772,"id":4,"start":521,"end":535,"text":"BRCA1 mutation","terms":[]}]},{"id":3,"start":546,"end":637,"text":"The study includes 778 women carrying a BRCA1 germ-line mutation belonging to 403 families.","terms":[{"ids":"UNIPROT:P38398:T116:PRGE","score":0.5492211121478737,"id":1,"start":586,"end":591,"text":"BRCA1","terms":[]}]},{"id":4,"start":638,"end":722,"text":"The two BRCA2 variants were analyzed by the TaqMan allelic discrimination technique.","terms":[{"ids":"UNIPROT:P51587:T116:PRGE","score":0.9850453764879933,"id":1,"start":646,"end":660,"text":"BRCA2 variants","terms":[]}]},{"id":5,"start":723,"end":820,"text":"Genotypes were analyzed by disease-free survival analysis using a Cox proportional hazards model.","terms":[]},{"id":6,"start":821,"end":950,"text":"We found no evidence of a significant modification of breast cancer penetrance in BRCA1 mutation carriers by either polymorphism.","terms":[{"ids":"UMLS:C0006141:T023:ANAT","score":1.0,"id":1,"start":875,"end":881,"text":"breast","terms":[]},{"ids":"UNIPROT:P38398:T116:PRGE","score":0.7385354800133026,"id":2,"start":903,"end":917,"text":"BRCA1 mutation","terms":[]}]},{"id":7,"start":951,"end":1155,"text":"In respect of ovarian cancer risk, we also saw no effect with the N372H variant but we did observe a borderline association with the 5\u0027-untranslated region 203A allele (hazard ratio, 1.43; CI, 1.01-2.00).","terms":[{"ids":"UMLS:C0205065:T023:ANAT","score":1.0,"id":1,"start":965,"end":972,"text":"ovarian","terms":[]}]},{"id":8,"start":1156,"end":1198,"text":"In contrast to the result of Healey et al.","terms":[{"ids":"UMLS:C0268381:T047:DISO","score":1.0,"id":1,"start":1195,"end":1197,"text":"al","terms":[]}]},{"id":9,"start":1199,"end":1366,"text":"on newborn females and adult female controls, we found no departure from Hardy-Weinberg equilibrium in the distribution of N372H alleles for our female BRCA1 carriers.","terms":[{"ids":"UNIPROT:P38398:T116:PRGE","score":0.6029145922106056,"id":1,"start":1351,"end":1356,"text":"BRCA1","terms":[]}]},{"id":10,"start":1367,"end":1591,"text":"We conclude that if these single-nucleotide polymorphisms do modify the risk of cancer in BRCA1 mutation carriers, their effects are not significantly larger than that of N372H previously observed in the general population..","terms":[{"ids":"UNIPROT:P38398:T116:PRGE","score":0.7527744106676162,"id":1,"start":1457,"end":1471,"text":"BRCA1 mutation","terms":[]}]}]