[{"id":0,"start":0,"end":56,"text":"Down-regulation of BRCA1-BARD1 ubiquitin ligase by CDK2.","terms":[{"ids":"UNIPROT:P38398:T116:PRGE","score":0.7289417643316326,"id":1,"start":19,"end":47,"text":"BRCA1-BARD1 ubiquitin ligase","terms":[]},{"ids":"UNIPROT:P24941:T116:PRGE","score":0.7289417643316326,"id":2,"start":51,"end":55,"text":"CDK2","terms":[]}]},{"id":1,"start":57,"end":202,"text":"BRCA1, a breast and ovarian tumor suppressor, is a phosphoprotein whose cellular  expression level is regulated in a cell cycle-dependent manner.","terms":[{"ids":"UNIPROT:P38398:T116:PRGE","score":0.9889466128027007,"id":1,"start":57,"end":62,"text":"BRCA1","terms":[]},{"ids":"UMLS:C0006141:T023:ANAT","score":1.0,"id":2,"start":66,"end":72,"text":"breast","terms":[]},{"ids":"UMLS:C0205065:T023:ANAT","score":1.0,"id":3,"start":77,"end":84,"text":"ovarian","terms":[]}]},{"id":2,"start":203,"end":345,"text":"BRCA1 interacts with BARD1 to generate significant ubiquitin ligase activity which catalyzes nontraditional Lys-6-linked polyubiquitin chains.","terms":[{"ids":"UNIPROT:P38398:T116:PRGE","score":0.6534315742577042,"id":1,"start":203,"end":208,"text":"BRCA1","terms":[]},{"ids":"UNIPROT:Q99728:T116:PRGE","score":0.6534315742577042,"id":2,"start":224,"end":229,"text":"BARD1","terms":[]},{"ids":"UNIPROT:Q9BYM8:T116:PRGE","score":0.6534315742577042,"id":3,"start":254,"end":270,"text":"ubiquitin ligase","terms":[]}]},{"id":3,"start":346,"end":458,"text":"However, it is not clear how the activity is regulated and how this affects BRCA1\u0027s multiple cellular functions.","terms":[{"ids":"UNIPROT:P38398:T116:PRGE","score":0.944417014734084,"id":1,"start":422,"end":427,"text":"BRCA1","terms":[]}]},{"id":4,"start":459,"end":548,"text":"Here we show that the ubiquitin ligase activity of BRCA1-BARD1 is down-regulated by CDK2.","terms":[{"ids":"UNIPROT:Q9BYM8:T116:PRGE","score":0.9838565965594381,"id":1,"start":481,"end":497,"text":"ubiquitin ligase","terms":[]},{"ids":"UNIPROT:P38398:T116:PRGE","score":0.9838565965594381,"id":2,"start":510,"end":521,"text":"BRCA1-BARD1","terms":[]},{"ids":"UNIPROT:P24941:T116:PRGE","score":0.9838565965594381,"id":3,"start":543,"end":547,"text":"CDK2","terms":[]}]},{"id":5,"start":549,"end":922,"text":"During the cell cycle, BARD1 expression can largely be categorized into three patterns: moderately expressed in a predominantly unphosphorylated form in early G(1) phase, expressed at low levels in both phosphorylated and unphosphorylated forms during late G(1) and S phases, and highly expressed in its phosphorylated form during mitosis coinciding with BRCA1  expression.","terms":[{"ids":"UNIPROT:Q99728:T116:PRGE","score":0.985286935582036,"id":1,"start":572,"end":577,"text":"BARD1","terms":[]},{"ids":"UNIPROT:P38398:T116:PRGE","score":0.985286935582036,"id":2,"start":904,"end":909,"text":"BRCA1","terms":[]}]},{"id":6,"start":923,"end":1023,"text":"CDK2-cyclin A1/E1 and CDK1-cyclin B1 phosphorylate BARD1 on its NH(2) terminus in vivo and in vitro.","terms":[{"ids":"UNIPROT:P24941:T116:PRGE","score":0.3194087576489369,"id":1,"start":923,"end":927,"text":"CDK2","terms":[]},{"ids":"UNIPROT:P78396:T116:PRGE|UNIPROT:O43299:T116:PRGE","score":0.3194087576489369,"id":2,"start":928,"end":937,"text":"cyclin A1","terms":[{"ids":"UMLS:C0933653:T023:ANAT","score":1.0,"id":1,"start":935,"end":937,"text":"A1","terms":[]}]},{"ids":"UNIPROT:Q9UHY7:T116:PRGE|UNIPROT:P08861:T116:PRGE|UNIPROT:P06276:T116:PRGE","score":0.3194087576489369,"id":3,"start":938,"end":940,"text":"E1","terms":[]},{"ids":"UNIPROT:P06493:T116:PRGE","score":0.3194087576489369,"id":4,"start":945,"end":949,"text":"CDK1","terms":[]},{"ids":"UNIPROT:P14635:T116:PRGE","score":0.3194087576489369,"id":5,"start":950,"end":959,"text":"cyclin B1","terms":[{"ids":"UMLS:C0507112:T023:ANAT","score":1.0,"id":1,"start":957,"end":959,"text":"B1","terms":[]}]},{"ids":"UNIPROT:Q99728:T116:PRGE","score":0.3194087576489369,"id":6,"start":974,"end":979,"text":"BARD1","terms":[]},{"ids":"UMLS:C0268059:T047:DISO","score":1.0,"id":7,"start":987,"end":989,"text":"NH","terms":[]}]},{"id":7,"start":1024,"end":1236,"text":"Intriguingly, the BRCA1-BARD1-mediated in vivo ubiquitination of nucleophosmin/B23 (NPM) and autoubiquitination of BRCA1 are dramatically disrupted by coexpression of CDK2-cyclin A1/E1, but not by CDK1-cyclin B1.","terms":[{"ids":"UNIPROT:P38398:T116:PRGE","score":0.06304919394746517,"id":1,"start":1042,"end":1053,"text":"BRCA1-BARD1","terms":[]},{"ids":"UNIPROT:P38398:T116:PRGE","score":0.06304919394746517,"id":2,"start":1139,"end":1144,"text":"BRCA1","terms":[]},{"ids":"UNIPROT:P24941:T116:PRGE","score":0.06304919394746517,"id":3,"start":1191,"end":1195,"text":"CDK2","terms":[]},{"ids":"UNIPROT:P78396:T116:PRGE|UNIPROT:O43299:T116:PRGE","score":0.06304919394746517,"id":4,"start":1196,"end":1205,"text":"cyclin A1","terms":[{"ids":"UMLS:C0933653:T023:ANAT","score":1.0,"id":1,"start":1203,"end":1205,"text":"A1","terms":[]}]},{"ids":"UNIPROT:Q9UHY7:T116:PRGE|UNIPROT:P08861:T116:PRGE|UNIPROT:P06276:T116:PRGE","score":0.06304919394746517,"id":5,"start":1206,"end":1208,"text":"E1","terms":[]},{"ids":"UNIPROT:P06493:T116:PRGE","score":0.06304919394746517,"id":6,"start":1221,"end":1225,"text":"CDK1","terms":[]},{"ids":"UNIPROT:P12004:T116:PRGE|UNIPROT:P24385:T116:PRGE","score":0.06304919394746517,"id":7,"start":1226,"end":1232,"text":"cyclin","terms":[]},{"ids":"UMLS:C0507112:T023:ANAT","score":1.0,"id":8,"start":1233,"end":1235,"text":"B1","terms":[]}]},{"id":8,"start":1237,"end":1446,"text":"The inhibition of ubiquitin ligase activity is not due to the direct effect of the kinases on BARD1 because an unphosphorylatable mutant of BARD1, S148A/S251A/S288A/T299A, is still inhibited by CDK2-cyclin E1.","terms":[{"ids":"UNIPROT:Q9BYM8:T116:PRGE","score":0.2678910187552784,"id":1,"start":1255,"end":1271,"text":"ubiquitin ligase","terms":[]},{"ids":"UNIPROT:Q99728:T116:PRGE","score":0.2678910187552784,"id":2,"start":1331,"end":1336,"text":"BARD1","terms":[]},{"ids":"UNIPROT:Q99728:T116:PRGE","score":0.2678910187552784,"id":3,"start":1377,"end":1382,"text":"BARD1","terms":[]},{"ids":"UNIPROT:P24941:T116:PRGE","score":0.2678910187552784,"id":4,"start":1431,"end":1435,"text":"CDK2","terms":[]},{"ids":"UNIPROT:P24864:T116:PRGE","score":0.2678910187552784,"id":5,"start":1436,"end":1445,"text":"cyclin E1","terms":[]}]},{"id":9,"start":1447,"end":1591,"text":"Alternatively, BRCA1 and BARD1 are likely exported to the cytoplasm and their expressions are remarkably reduced by CDK2-cyclin E1 coexpression.","terms":[{"ids":"UNIPROT:P38398:T116:PRGE","score":0.40449248769953083,"id":1,"start":1462,"end":1467,"text":"BRCA1","terms":[]},{"ids":"UNIPROT:Q99728:T116:PRGE","score":0.40449248769953083,"id":2,"start":1472,"end":1477,"text":"BARD1","terms":[]},{"ids":"UNIPROT:P24941:T116:PRGE","score":0.40449248769953083,"id":3,"start":1563,"end":1567,"text":"CDK2","terms":[]},{"ids":"UNIPROT:P24864:T116:PRGE","score":0.40449248769953083,"id":4,"start":1568,"end":1577,"text":"cyclin E1","terms":[]}]},{"id":10,"start":1592,"end":1799,"text":"Recognizing the importance of cyclin E1 overexpression in breast cancer development, these results suggest a CDK2-BRCA1-NPM pathway that coordinately functions in cell growth and tumor progression pathways..","terms":[{"ids":"UNIPROT:P24864:T116:PRGE","score":0.9078775553855469,"id":1,"start":1622,"end":1631,"text":"cyclin E1","terms":[]},{"ids":"UMLS:C0006141:T023:ANAT","score":1.0,"id":2,"start":1650,"end":1656,"text":"breast","terms":[]},{"ids":"UNIPROT:P24941:T116:PRGE","score":0.9078775553855469,"id":3,"start":1701,"end":1705,"text":"CDK2","terms":[]},{"ids":"UNIPROT:P38398:T116:PRGE","score":0.9078775553855469,"id":4,"start":1706,"end":1711,"text":"BRCA1","terms":[]}]}]