[{"id":0,"start":0,"end":106,"text":"Severe FVII deficiency caused by a new point mutation combined with a previously undetected gene deletion.","terms":[]},{"id":1,"start":107,"end":203,"text":"A 3-week-old Caucasian female presented with severe unprovoked parenchymal cerebral haemorrhage.","terms":[{"ids":"UMLS:C0228174:T023:ANAT|UMLS:C0006104:T023:ANAT","score":1.0,"id":1,"start":182,"end":190,"text":"cerebral","terms":[]}]},{"id":2,"start":204,"end":261,"text":"Her plasma factor VII (FVII) activity was \u003c0.01 units/ml.","terms":[{"ids":"UNIPROT:P08709:T116:PRGE","score":0.0,"id":1,"start":215,"end":225,"text":"factor VII","terms":[]}]},{"id":3,"start":262,"end":392,"text":"FVII activities for her mother and sister were 0.65 units/ml and 0.51 units/ml, respectively, while her father\u0027s level was normal.","terms":[]},{"id":4,"start":393,"end":532,"text":"These results indicated that the mother was heterozygous for a non-functional F7 gene that had also been inherited by the proband\u0027s sister.","terms":[]},{"id":5,"start":533,"end":691,"text":"The proband\u0027s severe FVII deficiency was caused by a new mutation in her paternal F7 gene coupled with the inheritance of the non-functional maternal F7 gene.","terms":[{"ids":"UNIPROT:P08709:T116:PRGE","score":0.2987475767515063,"id":1,"start":602,"end":622,"text":"her paternal F7 gene","terms":[]}]},{"id":6,"start":692,"end":894,"text":"DNA sequence analysis revealed that the proband had apparent homozygosity for a novel single point mutation (g.3907G \u003eA) changing the codon for Glu29 to Lys (E29K); neither parent had the E29K mutation.","terms":[]},{"id":7,"start":895,"end":1138,"text":"Because of the unlikelihood that the proband was homozygous for two identical new point mutations, the DNA sequence abnormality was more likely to have arisen from a single mutated gene on one allele and a F7 gene deletion on the other allele.","terms":[]},{"id":8,"start":1139,"end":1299,"text":"Real time polymerase chain reaction (PCR) analysis confirmed that the proband had inherited a gene deletion that was present in the maternal side of the family.","terms":[]},{"id":9,"start":1300,"end":1424,"text":"Subsequent clotting assays and real time PCR revealed that the maternal deletion also included the closely linked F10 gene..","terms":[{"ids":"UNIPROT:P55197:T116:PRGE|UNIPROT:Q9BQ89:T116:PRGE|UNIPROT:P00742:T116:PRGE","score":0.9840743255371857,"id":1,"start":1414,"end":1422,"text":"F10 gene","terms":[]}]}]