[{"id":0,"start":0,"end":167,"text":"A single nucleotide A\u003eG polymorphism at position -670 in the Fas gene promoter: relationship to preterm premature rupture of fetal membranes in multifetal pregnancies.","terms":[{"ids":"UNIPROT:P48023:T116:PRGE","score":0.8238490305901385,"id":1,"start":61,"end":69,"text":"Fas gene","terms":[{"ids":"UMLS:C0015923:T047:DISO","score":1.0,"id":1,"start":61,"end":64,"text":"Fas","terms":[]}]},{"ids":"UMLS:C1566302:T047:DISO","score":1.0,"id":2,"start":96,"end":140,"text":"preterm premature rupture of fetal membranes","terms":[]}]},{"id":1,"start":168,"end":352,"text":"OBJECTIVE: The relationship between a polymorphism at position -670 in the Fas gene (TNFRSF6) and preterm premature rupture of membranes (PPROM) in multifetal pregnancies was examined.","terms":[{"ids":"UNIPROT:P48023:T116:PRGE","score":0.9289718462773728,"id":1,"start":243,"end":251,"text":"Fas gene","terms":[{"ids":"UMLS:C0015923:T047:DISO","score":1.0,"id":1,"start":243,"end":246,"text":"Fas","terms":[]}]},{"ids":"UNIPROT:Q7Z6V5:T116:PRGE","score":0.9289718462773728,"id":2,"start":253,"end":260,"text":"TNFRSF6","terms":[]}]},{"id":2,"start":353,"end":505,"text":"METHODS: Buccal swabs from 119 mother-infant sets were analyzed for an adenine (A) to guanine (G) substitution at position -670 in the TNFRSF6 promoter.","terms":[{"ids":"UNIPROT:Q7Z6V5:T116:PRGE","score":0.9878487615443308,"id":1,"start":488,"end":504,"text":"TNFRSF6 promoter","terms":[]}]},{"id":3,"start":506,"end":556,"text":"Pregnancy outcome data were subsequently obtained.","terms":[]},{"id":4,"start":557,"end":591,"text":"Analysis was by Fisher exact test.","terms":[]},{"id":5,"start":592,"end":760,"text":"RESULTS: Maternal allele G homozygosity (TNFRSF6*G) was observed in 42.4% of 33 PPROM pregnancies as opposed to 19.5% of 77 with no spontaneous preterm birth (P \u003d .01).","terms":[{"ids":"UNIPROT:Q7Z6V5:T116:PRGE","score":0.9108769327654814,"id":1,"start":633,"end":642,"text":"TNFRSF6*G","terms":[]}]},{"id":6,"start":761,"end":927,"text":"Similarly, TNFRSF6*G homozygosity was present in 37.5% of 32 first-born neonates from PPROM pregnancies as opposed to 18.7% of 75 uncomplicated pregnancies (P \u003d .04).","terms":[{"ids":"UNIPROT:Q7Z6V5:T116:PRGE","score":0.562134454341058,"id":1,"start":772,"end":794,"text":"TNFRSF6*G homozygosity","terms":[]}]},{"id":7,"start":928,"end":1139,"text":"PPROM occurred in 8 of 14 (57.1%) pregnancies in which mother and all neonates were TNFRSF6*G homozygotes as opposed to 25 of 105 (23.8%) cases in which uniform TNFRSF6*G homozygosity was not observed (P \u003d .02).","terms":[{"ids":"UNIPROT:Q7Z6V5:T116:PRGE","score":0.2965133576381347,"id":1,"start":1012,"end":1033,"text":"TNFRSF6*G homozygotes","terms":[]},{"ids":"UNIPROT:Q7Z6V5:T116:PRGE","score":0.2965133576381347,"id":2,"start":1089,"end":1111,"text":"TNFRSF6*G homozygosity","terms":[]}]},{"id":8,"start":1140,"end":1260,"text":"CONCLUSIONS: A genetic variant in the Fas gene is associated with an increased rate of PPROM in multifetal pregnancies..","terms":[{"ids":"UNIPROT:P48023:T116:PRGE","score":0.7110845790276863,"id":1,"start":1178,"end":1186,"text":"Fas gene","terms":[{"ids":"UMLS:C0015923:T047:DISO","score":1.0,"id":1,"start":1178,"end":1181,"text":"Fas","terms":[]}]}]}]