[{"id":0,"start":0,"end":108,"text":"DNA repair gene polymorphisms in relation to chromosome aberration frequencies in retired radiation workers.","terms":[]},{"id":1,"start":109,"end":347,"text":"Polymorphic variation in DNA repair genes was examined in a group of retired workers from the British Nuclear Fuels plc facility at Sellafield in relation to previously determined translocation frequencies in peripheral blood lymphocytes.","terms":[]},{"id":2,"start":348,"end":806,"text":"Variation at seven polymorphisms in four genes involved in the base excision repair (XRCC1 R194W, R399Q and a [AC]n microsatellite in the 3\u0027 UTR) and double strand break repair (XRCC3 T241M and a [AC]n microsatellite in intron 3 of XRCC3, XRCC4 I134T, and a GACTAn microsatellite located 120 kb 5\u0027 of XRCC5) pathways was determined for 291 retired radiation workers who had received cumulative occupational external radiation doses of between 0 and 1873 mSv.","terms":[{"ids":"UNIPROT:P18887:T116:PRGE","score":0.5519540658784859,"id":1,"start":433,"end":438,"text":"XRCC1","terms":[]},{"ids":"UNIPROT:O43542:T116:PRGE","score":0.5519540658784859,"id":2,"start":526,"end":537,"text":"XRCC3 T241M","terms":[]},{"ids":"UNIPROT:O43542:T116:PRGE","score":0.5519540658784859,"id":3,"start":580,"end":585,"text":"XRCC3","terms":[]},{"ids":"UNIPROT:Q13426:T116:PRGE","score":0.5519540658784859,"id":4,"start":587,"end":598,"text":"XRCC4 I134T","terms":[]},{"ids":"UNIPROT:P13010:T116:PRGE","score":0.5519540658784859,"id":5,"start":649,"end":654,"text":"XRCC5","terms":[]}]},{"id":3,"start":807,"end":1050,"text":"When the interaction between radiation dose and each DNA repair gene polymorphism was examined in relation to translocation frequency there was no evidence for any of the polymorphisms studied influencing the response to occupational exposure.","terms":[]},{"id":4,"start":1051,"end":1338,"text":"A positive interaction observed between genotype (individuals with at least one allele \u003e or \u003d20 repeat units) at a microsatellite locus in the XRCC3 gene and smoking status should be interpreted cautiously because interactions were investigated for seven polymorphisms and two exposures.","terms":[{"ids":"UNIPROT:O43542:T116:PRGE","score":0.8611007875458964,"id":1,"start":1194,"end":1204,"text":"XRCC3 gene","terms":[]}]},{"id":5,"start":1339,"end":1567,"text":"Nonetheless, further research is warranted to examine whether this DNA repair gene variant might be associated with a sub-optimal repair response to smoking-induced DNA damage and hence an increased frequency of translocations..","terms":[{"ids":"UNIPROT:O14717:T116:PRGE","score":0.5027843426953502,"id":1,"start":1406,"end":1429,"text":"DNA repair gene variant","terms":[]}]}]