[{"id":0,"start":0,"end":136,"text":"Adult onset metachromatic leukodystrophy without electroclinical peripheral nervous system involvement: a new mutation in the ARSA gene.","terms":[{"ids":"UMLS:C0023522:T047:DISO","score":1.0,"id":1,"start":12,"end":40,"text":"metachromatic leukodystrophy","terms":[]}]},{"id":1,"start":137,"end":266,"text":"BACKGROUND: Metachromatic leukodystrophy (MLD) is a lysosomal storage disease caused by the deficiency of arylsulfatase A (ARSA).","terms":[{"ids":"UMLS:C0023522:T047:DISO","score":1.0,"id":1,"start":149,"end":177,"text":"Metachromatic leukodystrophy","terms":[]},{"ids":"UMLS:C0023522:T047:DISO","score":1.0,"id":2,"start":179,"end":182,"text":"MLD","terms":[]},{"ids":"UMLS:C0085078:T047:DISO","score":1.0,"id":3,"start":189,"end":214,"text":"lysosomal storage disease","terms":[]},{"ids":"UNIPROT:P15289:T116:PRGE","score":0.5313250687733315,"id":4,"start":243,"end":258,"text":"arylsulfatase A","terms":[]},{"ids":"UNIPROT:P15289:T116:PRGE|UNIPROT:O43681:T116:PRGE","score":0.0,"id":5,"start":260,"end":264,"text":"ARSA","terms":[]}]},{"id":2,"start":267,"end":411,"text":"Clinically, the disease is heterogeneous with respect to the age of onset, affection of peripheral and central nervous systems, and progression.","terms":[]},{"id":3,"start":412,"end":640,"text":"OBJECTIVES: To analyze mutations in the ARSA gene of a patient with adult-onset MLD with no signs of peripheral polyneuropathy and to emphasize the clinical, neuroradiologic, neuropathologic, and genetic features of the disease.","terms":[{"ids":"UMLS:C0023522:T047:DISO","score":1.0,"id":1,"start":492,"end":495,"text":"MLD","terms":[]},{"ids":"UMLS:C0152025:T047:DISO","score":1.0,"id":2,"start":524,"end":538,"text":"polyneuropathy","terms":[]}]},{"id":4,"start":641,"end":758,"text":"DESIGN: Case study of a patient clinically presenting with rapidly progressive dementia and behavioral abnormalities.","terms":[{"ids":"UMLS:C0743039:T047:DISO","score":1.0,"id":1,"start":708,"end":728,"text":"progressive dementia","terms":[]}]},{"id":5,"start":759,"end":1004,"text":"We report the findings of clinical evaluation and neurophysiologic and neuropathologic studies of peripheral nerves; we also performed DNA sequence analysis, transfections, metabolic labeling, and immunoprecipitation of mutant ARSA polypeptides.","terms":[{"ids":"UMLS:C0031119:T023:ANAT","score":1.0,"id":1,"start":857,"end":874,"text":"peripheral nerves","terms":[]}]},{"id":6,"start":1005,"end":1070,"text":"SETTING: Genetic research and clinical unit, university hospital.","terms":[]},{"id":7,"start":1071,"end":1166,"text":"RESULTS: Genetic analysis revealed homozygosity for a novel mutation in exon 3 of ARSA (F219V).","terms":[]},{"id":8,"start":1167,"end":1270,"text":"This substitution leads to a misfolded unstable enzyme with a specific activity less than 1% of normal.","terms":[]},{"id":9,"start":1271,"end":1361,"text":"There were no clinical or neurophysiologic signs of peripheral nervous system dysfunction.","terms":[]},{"id":10,"start":1362,"end":1440,"text":"Typical neuropathologic signs for MLD were absent from nerve biopsy specimens.","terms":[{"ids":"UMLS:C0023522:T047:DISO","score":1.0,"id":1,"start":1396,"end":1399,"text":"MLD","terms":[]}]},{"id":11,"start":1441,"end":1640,"text":"CONCLUSIONS: This novel mutation is associated with progressive psychocognitive impairment without clinical or electrophysiologic signs and only minor morphologic signs of peripheral nerve affection.","terms":[{"ids":"UMLS:C0031119:T023:ANAT","score":1.0,"id":1,"start":1613,"end":1629,"text":"peripheral nerve","terms":[]}]},{"id":12,"start":1641,"end":1755,"text":"The F219V substitution causes reduction in enzyme activity to an extent unexpected for an adult patient with MLD..","terms":[{"ids":"UMLS:C0023522:T047:DISO","score":1.0,"id":1,"start":1750,"end":1753,"text":"MLD","terms":[]}]}]