[{"id":0,"start":0,"end":92,"text":"Mutation screening and association study of RNASEL as a prostate cancer susceptibility gene.","terms":[{"ids":"UNIPROT:Q6WQI6:T116:PRGE","score":0.7103781598841534,"id":1,"start":56,"end":91,"text":"prostate cancer susceptibility gene","terms":[{"ids":"UMLS:C0033572:T023:ANAT","score":1.0,"id":1,"start":56,"end":64,"text":"prostate","terms":[]}]}]},{"id":1,"start":93,"end":242,"text":"To date, germline mutations have been found in three candidate genes for hereditary prostate cancer: ELAC2 at 17p11, RNASEL at 1q25 and MSR1 at 8p22.","terms":[{"ids":"UMLS:C0033572:T023:ANAT","score":1.0,"id":1,"start":177,"end":185,"text":"prostate","terms":[]}]},{"id":2,"start":243,"end":456,"text":"RNASEL, encoding the 2\u0027,5\u0027-oligoadenylate-dependant RNase L, seems to have rare mutations in different ethnicities, such as M1I in Afro-Americans, E265X in men of European descent and 471delAAAG in Ashkenazi Jews.","terms":[{"ids":"UNIPROT:Q05823:T116:PRGE","score":0.8358187522655385,"id":1,"start":295,"end":302,"text":"RNase L","terms":[]}]},{"id":3,"start":457,"end":626,"text":"In order to evaluate the relevance of RNASEL in the German population, we sequenced its open reading frame to determine the spectrum and frequency of germline mutations.","terms":[]},{"id":4,"start":627,"end":753,"text":"The screen included 303 affected men from 136 Caucasian families, of which 45 met the criteria for hereditary prostate cancer.","terms":[{"ids":"UMLS:C0033572:T023:ANAT","score":1.0,"id":1,"start":737,"end":745,"text":"prostate","terms":[]}]},{"id":5,"start":754,"end":902,"text":"Variants were analysed using a family-based association test, and genotyped in an additional 227 sporadic prostate cancer patients and 207 controls.","terms":[{"ids":"UMLS:C0033572:T023:ANAT","score":1.0,"id":1,"start":860,"end":868,"text":"prostate","terms":[]}]},{"id":6,"start":903,"end":1127,"text":"We identified only two sib pairs (1.4% of our families) cosegregating conspicuous RNASEL variants with prostate cancer:  the nonsense mutation E265X, and a new amino-acid substitution (R400P) of unknown functional relevance.","terms":[{"ids":"UMLS:C0033572:T023:ANAT","score":1.0,"id":1,"start":1006,"end":1014,"text":"prostate","terms":[]}]},{"id":7,"start":1128,"end":1217,"text":"Both alleles were also found at low frequencies (1.4 and 0.5%, respectively) in controls.","terms":[]},{"id":8,"start":1218,"end":1371,"text":"No significant association of polymorphisms (I97L, R462Q and D541E) was observed, neither in case-control analyses nor by family-based association tests.","terms":[]},{"id":9,"start":1372,"end":1458,"text":"In contrast to previous reports, our study does not suggest that common variants (i.e.","terms":[]},{"id":10,"start":1459,"end":1486,"text":"R462Q) modify disease risk.","terms":[]},{"id":11,"start":1487,"end":1573,"text":"Our results are not consistent with a high penetrance of deleterious RNASEL mutations.","terms":[]},{"id":12,"start":1574,"end":1746,"text":"Due to the low frequency of germline mutations present in our sample, RNASEL does not have a significant impact on prostate cancer susceptibility in the German population..","terms":[{"ids":"UNIPROT:Q14CZ8:T116:PRGE","score":0.9400696971797107,"id":1,"start":1689,"end":1719,"text":"prostate cancer susceptibility","terms":[{"ids":"UMLS:C0033572:T023:ANAT","score":1.0,"id":1,"start":1689,"end":1697,"text":"prostate","terms":[]}]}]}]