[{"id":0,"start":0,"end":115,"text":"Two novel mutations, L490R and V561X, of the transferrin receptor 2 gene in Japanese patients with hemochromatosis.","terms":[{"ids":"UNIPROT:P02787:T116:PRGE","score":0.8244549457569631,"id":1,"start":45,"end":72,"text":"transferrin receptor 2 gene","terms":[]},{"ids":"UMLS:C0018995:T047:DISO","score":1.0,"id":2,"start":99,"end":114,"text":"hemochromatosis","terms":[]}]},{"id":1,"start":116,"end":299,"text":"BACKGROUND AND OBJECTIVES: The low prevalence of the C282Y mutation of the HFE gene in Japan means that the genetic background of hemochromatosis in Japanese patients remains unclear.","terms":[{"ids":"UNIPROT:Q9H3M7:T116:PRGE","score":0.9365347377182941,"id":1,"start":191,"end":199,"text":"HFE gene","terms":[]},{"ids":"UMLS:C0018995:T047:DISO","score":1.0,"id":2,"start":246,"end":261,"text":"hemochromatosis","terms":[]}]},{"id":2,"start":300,"end":433,"text":"In a previous report, we showed that 3 patients from one family had an AVAQ 594-597 deletion of the transferrin receptor (TfR2) gene.","terms":[{"ids":"UNIPROT:P02787:T116:PRGE","score":0.9865326599899784,"id":1,"start":400,"end":420,"text":"transferrin receptor","terms":[]},{"ids":"UNIPROT:Q9UP52:T116:PRGE","score":0.9865326599899784,"id":2,"start":422,"end":426,"text":"TfR2","terms":[]}]},{"id":3,"start":434,"end":519,"text":"This suggests that the TfR2 gene is involved in hemochromatosis in Japanese patients.","terms":[{"ids":"UNIPROT:Q9UP52:T116:PRGE","score":0.9802104336501815,"id":1,"start":457,"end":466,"text":"TfR2 gene","terms":[]},{"ids":"UMLS:C0018995:T047:DISO","score":1.0,"id":2,"start":482,"end":497,"text":"hemochromatosis","terms":[]}]},{"id":4,"start":520,"end":623,"text":"DESIGN AND METHODS: Nine patients clinically diagnosed with hemochromatosis were included in the study.","terms":[{"ids":"UMLS:C0018995:T047:DISO","score":1.0,"id":1,"start":580,"end":595,"text":"hemochromatosis","terms":[]}]},{"id":5,"start":624,"end":699,"text":"DNA was extracted from whole blood samples collected with informed consent.","terms":[]},{"id":6,"start":700,"end":788,"text":"The HFE and TfR2 genes were analyzed by sequencing the coding region and splicing sites.","terms":[{"ids":"UNIPROT:Q9UP52:T116:PRGE","score":0.8212214844546084,"id":1,"start":712,"end":722,"text":"TfR2 genes","terms":[]}]},{"id":7,"start":789,"end":838,"text":"RESULTS: There were no mutations in the HFE gene.","terms":[{"ids":"UNIPROT:Q9H3M7:T116:PRGE","score":0.9374230358102783,"id":1,"start":829,"end":837,"text":"HFE gene","terms":[]}]},{"id":8,"start":839,"end":940,"text":"In the TfR2 gene, 2 novel mutations, 1469T-\u003eG (L490R) and 1665delC (V561X), were found in 2 patients.","terms":[{"ids":"UNIPROT:Q9UP52:T116:PRGE","score":0.6877065145899272,"id":1,"start":846,"end":855,"text":"TfR2 gene","terms":[]}]},{"id":9,"start":941,"end":1017,"text":"A known variation, 714C-\u003e (I238M), was also found in the patient with L490R.","terms":[]},{"id":10,"start":1018,"end":1144,"text":"The patient homozygous for both L490R and I238M presented with a mild manifestation of hemochromatosis at the age of 41 years.","terms":[{"ids":"UMLS:C0018995:T047:DISO","score":1.0,"id":1,"start":1105,"end":1120,"text":"hemochromatosis","terms":[]}]},{"id":11,"start":1145,"end":1281,"text":"His liver was cirrhotic with parenchymal iron deposits and the result of a glucose tolerance test was compatible with diabetes mellitus.","terms":[{"ids":"UMLS:C0023884:T023:ANAT","score":1.0,"id":1,"start":1149,"end":1154,"text":"liver","terms":[]},{"ids":"UMLS:C0011849:T047:DISO","score":1.0,"id":2,"start":1263,"end":1280,"text":"diabetes mellitus","terms":[]}]},{"id":12,"start":1282,"end":1432,"text":"The patient homozygous for V561X had severe iron overload with the triad of cirrhosis, diabetes mellitus and skin pigmentation at the age of 58 years.","terms":[{"ids":"UMLS:C0282193:T047:DISO","score":1.0,"id":1,"start":1326,"end":1339,"text":"iron overload","terms":[]},{"ids":"UMLS:C1623038:T047:DISO|UMLS:C0023890:T047:DISO","score":1.0,"id":2,"start":1358,"end":1367,"text":"cirrhosis","terms":[]},{"ids":"UMLS:C0011849:T047:DISO","score":1.0,"id":3,"start":1369,"end":1386,"text":"diabetes mellitus","terms":[]}]},{"id":13,"start":1433,"end":1605,"text":"INTERPRETATION AND CONCLUSIONS: Taken together with the previous report, 5 of our 12 patients with hemochromatosis manifesting in middle age had mutations in the TfR2 gene.","terms":[{"ids":"UMLS:C0018995:T047:DISO","score":1.0,"id":1,"start":1532,"end":1547,"text":"hemochromatosis","terms":[]},{"ids":"UNIPROT:Q9UP52:T116:PRGE","score":0.9638707634971632,"id":2,"start":1595,"end":1604,"text":"TfR2 gene","terms":[]}]},{"id":14,"start":1606,"end":1679,"text":"Thus, TfR2 plays a role in the pathogenesis of hemochromatosis in Japan..","terms":[{"ids":"UNIPROT:Q9UP52:T116:PRGE","score":0.8103405337524382,"id":1,"start":1612,"end":1616,"text":"TfR2","terms":[]},{"ids":"UMLS:C0018995:T047:DISO","score":1.0,"id":2,"start":1653,"end":1668,"text":"hemochromatosis","terms":[]}]}]