[{"id":0,"start":0,"end":122,"text":"Novel somatic MEN1 gene alterations in sporadic primary hyperparathyroidism and correlation with clinical characteristics.","terms":[{"ids":"UNIPROT:O00255:T116:PRGE","score":0.9018564669631165,"id":1,"start":14,"end":23,"text":"MEN1 gene","terms":[]},{"ids":"UMLS:C0221002:T047:DISO","score":1.0,"id":2,"start":48,"end":75,"text":"primary hyperparathyroidism","terms":[]}]},{"id":1,"start":123,"end":353,"text":"Primary hyperparathyroidism (pHPT) is a common endocrine disease that in more than 95% of cases is sporadic and only in some cases is caused by inherited disorders, isolated or as part of multiple endocrine neoplasia (MEN1 and 2).","terms":[{"ids":"UMLS:C0221002:T047:DISO","score":1.0,"id":1,"start":123,"end":150,"text":"Primary hyperparathyroidism","terms":[]},{"ids":"UMLS:C0014130:T047:DISO","score":1.0,"id":2,"start":170,"end":187,"text":"endocrine disease","terms":[]}]},{"id":2,"start":354,"end":441,"text":"Somatic mutations of MEN1 gene have also been described in sporadic parathyroid tumors.","terms":[{"ids":"UNIPROT:O00255:T116:PRGE","score":0.9736923568602447,"id":1,"start":375,"end":384,"text":"MEN1 gene","terms":[]},{"ids":"UMLS:C0030518:T023:ANAT","score":1.0,"id":2,"start":422,"end":433,"text":"parathyroid","terms":[]}]},{"id":3,"start":442,"end":645,"text":"In our study, we examined the presence of alterations in MEN1 gene in a series of 39 patients who had undergone surgery for sporadic pHPT (35 with parathyroid adenoma or hyperplasia, 4 with a carcinoma).","terms":[{"ids":"UNIPROT:O00255:T116:PRGE","score":0.9595106456574624,"id":1,"start":499,"end":508,"text":"MEN1 gene","terms":[]},{"ids":"UMLS:C0030518:T023:ANAT","score":1.0,"id":2,"start":589,"end":600,"text":"parathyroid","terms":[]}]},{"id":4,"start":646,"end":697,"text":"A genotype-phenotype correlation was also analysed.","terms":[]},{"id":5,"start":698,"end":817,"text":"After DNA extraction from paraffin-embedded tissues, we amplified by PCR and sequenced the exons 2-10 of the MEN1 gene.","terms":[{"ids":"UNIPROT:O00255:T116:PRGE","score":0.9819037879222847,"id":1,"start":807,"end":816,"text":"MEN1 gene","terms":[]}]},{"id":6,"start":818,"end":982,"text":"Somatic MEN1 mutations were detected in 6 of the 35 patients with a benign parathyroid lesion examined (17.1%), whereas no alterations were found in the carcinomas.","terms":[{"ids":"UNIPROT:O00255:T116:PRGE","score":0.6818957349380073,"id":1,"start":826,"end":830,"text":"MEN1","terms":[]},{"ids":"UMLS:C0030518:T023:ANAT","score":1.0,"id":2,"start":893,"end":904,"text":"parathyroid","terms":[]}]},{"id":7,"start":983,"end":1212,"text":"Four novel MEN1 gene mutations were identified as follows: one frameshift mutation (222insT, exon 2), one frameshift deletion (912delTA, exon 5), one in-frame deletion (835del18, exon 4) and one missense mutation (P291A, exon 6).","terms":[{"ids":"UNIPROT:O00255:T116:PRGE","score":0.7698091325892521,"id":1,"start":994,"end":1003,"text":"MEN1 gene","terms":[]}]},{"id":8,"start":1213,"end":1331,"text":"In addition, one missense mutation (L89R, exon 2) and one nonsense mutation (Q536X, exon 10) were previously reported.","terms":[]},{"id":9,"start":1332,"end":1549,"text":"Moreover, two polymorphisms were also found: one allele carried a R171Q polymorphism (1/39 tumors), while a D418D polymorphism (GAC/GAT) was found in 15 and 8 tumors in hetero (CT) and homozygosity (TT), respectively.","terms":[{"ids":"UNIPROT:Q6IB77:T116:PRGE","score":0.4916671214824719,"id":1,"start":1464,"end":1467,"text":"GAT","terms":[]}]},{"id":10,"start":1550,"end":1639,"text":"In no case (mutations and/or polymorphisms) did we find a genotype-phenotype correlation.","terms":[]},{"id":11,"start":1640,"end":1803,"text":"In conclusion, our data demonstrate the presence of somatic alterations of the MEN1 tumor suppressor gene in about one fifth of benign sporadic parathyroid tumors.","terms":[{"ids":"UNIPROT:O00255:T116:PRGE","score":0.9333701772645917,"id":1,"start":1719,"end":1745,"text":"MEN1 tumor suppressor gene","terms":[]},{"ids":"UMLS:C0030518:T023:ANAT","score":1.0,"id":2,"start":1784,"end":1795,"text":"parathyroid","terms":[]}]},{"id":12,"start":1804,"end":1963,"text":"The absence of a genotype-phenotype correlation, however, suggests the involvement of other genetic/epigenetic factors for the full expression of the disease..","terms":[]}]