[{"id":0,"start":0,"end":106,"text":"Hb zoeterwoude [beta23(B5)Val--\u003eAla)]: a new beta-globin variant found in association with erythrocytosis.","terms":[{"ids":"UNIPROT:P09488:T116:PRGE","score":0.9221445160355884,"id":1,"start":0,"end":2,"text":"Hb","terms":[]},{"ids":"UNIPROT:P78371:T116:PRGE|UNIPROT:P07951:T116:PRGE|UNIPROT:Q9HCC0:T116:PRGE|UNIPROT:O00459:T116:PRGE","score":0.9221445160355884,"id":2,"start":45,"end":56,"text":"beta-globin","terms":[]},{"ids":"UMLS:C0032461:T047:DISO|UMLS:C1527405:T047:DISO","score":1.0,"id":3,"start":91,"end":105,"text":"erythrocytosis","terms":[]}]},{"id":1,"start":107,"end":254,"text":"We describe the characterization of a new hemoglobin (Hb) variant found in a 77-year-old Dutch woman, suspected of hypoxia-mediated erythrocytosis.","terms":[{"ids":"UNIPROT:P09488:T116:PRGE","score":0.9832243351024643,"id":1,"start":161,"end":163,"text":"Hb","terms":[]},{"ids":"UMLS:C0032461:T047:DISO|UMLS:C1527405:T047:DISO","score":1.0,"id":2,"start":239,"end":253,"text":"erythrocytosis","terms":[]}]},{"id":2,"start":255,"end":436,"text":"The typical blood parameters (Hb 17.3 g/dL; PCV 0.525 L/L; RBC 5.82 x 10(12)/L) could not be explained by any of the pathological or physiological conditions causing erythrocytosis.","terms":[{"ids":"UMLS:C0032461:T047:DISO|UMLS:C1527405:T047:DISO","score":1.0,"id":1,"start":421,"end":435,"text":"erythrocytosis","terms":[]}]},{"id":3,"start":437,"end":536,"text":"The patient was preventively phlebotomized because of intermittent claudication and erythrocytosis.","terms":[{"ids":"UMLS:C0021775:T047:DISO","score":1.0,"id":1,"start":491,"end":516,"text":"intermittent claudication","terms":[]},{"ids":"UMLS:C0032461:T047:DISO|UMLS:C1527405:T047:DISO","score":1.0,"id":2,"start":521,"end":535,"text":"erythrocytosis","terms":[]}]},{"id":4,"start":537,"end":740,"text":"At the hematological and biochemical levels, no anemia or hemolysis were present and no abnormal Hb fractions were detectable on alkaline electrophoresis or high performance liquid chromatography (HPLC).","terms":[{"ids":"UMLS:C0002871:T047:DISO","score":1.0,"id":1,"start":585,"end":591,"text":"anemia","terms":[]},{"ids":"UNIPROT:P09488:T116:PRGE","score":0.929170994026625,"id":2,"start":634,"end":636,"text":"Hb","terms":[]}]},{"id":5,"start":741,"end":924,"text":"Molecular analysis revealed intact alpha-globin genes and a heterozygosity for a GTT--\u003eGCT transition at codon 23 of the beta-globin gene, causing a Val--\u003eAla amino acid substitution.","terms":[{"ids":"UNIPROT:P69905:T116:PRGE","score":0.6561216429605556,"id":1,"start":776,"end":794,"text":"alpha-globin genes","terms":[]},{"ids":"UNIPROT:P78371:T116:PRGE|UNIPROT:P07951:T116:PRGE|UNIPROT:Q9HCC0:T116:PRGE|UNIPROT:O00459:T116:PRGE","score":0.6561216429605556,"id":2,"start":862,"end":878,"text":"beta-globin gene","terms":[]}]},{"id":6,"start":925,"end":1015,"text":"The P50 measured in full blood indicated that this mutant has an elevated oxygen affinity.","terms":[]},{"id":7,"start":1016,"end":1141,"text":"This is the fourth single nucleotide substitution at codon 23 of the beta gene and the second associated with erythrocytosis.","terms":[{"ids":"UNIPROT:P78371:T116:PRGE|UNIPROT:P07951:T116:PRGE|UNIPROT:Q9HCC0:T116:PRGE|UNIPROT:O00459:T116:PRGE","score":0.6591825733684656,"id":1,"start":1085,"end":1094,"text":"beta gene","terms":[]},{"ids":"UMLS:C0032461:T047:DISO|UMLS:C1527405:T047:DISO","score":1.0,"id":2,"start":1126,"end":1140,"text":"erythrocytosis","terms":[]}]},{"id":8,"start":1142,"end":1366,"text":"Because the family was not available for investigation no information was obtained as to whether the mutation represents a de novo event or was inherited, and might be a more common cause of erythrocytosis in Dutch patients.","terms":[{"ids":"UMLS:C0032461:T047:DISO|UMLS:C1527405:T047:DISO","score":1.0,"id":1,"start":1333,"end":1347,"text":"erythrocytosis","terms":[]}]},{"id":9,"start":1367,"end":1642,"text":"Considering the relatively high frequency of beta-thalassemia (thal) in the large allochthonous population in The Netherlands, combinations of Hb Zoeterwoude and beta-thal traits may lead to hemizygosity, with severe hypoxia and erythrocytosis from a few months after birth..","terms":[{"ids":"UMLS:C0005283:T047:DISO","score":1.0,"id":1,"start":1412,"end":1428,"text":"beta-thalassemia","terms":[]},{"ids":"UNIPROT:P09488:T116:PRGE","score":0.9788270628234305,"id":2,"start":1510,"end":1512,"text":"Hb","terms":[]},{"ids":"UMLS:C0032461:T047:DISO|UMLS:C1527405:T047:DISO","score":1.0,"id":3,"start":1596,"end":1610,"text":"erythrocytosis","terms":[]}]}]