[{"id":0,"start":0,"end":115,"text":"New mutations, hotspots, and founder effects in Brazilian patients with steroid 5alpha-reductase deficiency type 2.","terms":[{"ids":"UMLS:C0263541:T047:DISO","score":1.0,"id":1,"start":29,"end":36,"text":"founder","terms":[]},{"ids":"","score":1.0,"id":2,"start":72,"end":107,"text":"steroid 5alpha-reductase deficiency","terms":[{"ids":"UNIPROT:Q8NEX9:T116:PRGE","score":0.9454264893295545,"id":1,"start":72,"end":96,"text":"steroid 5alpha-reductase","terms":[]},{"ids":"UMLS:C1291316:T047:DISO","score":1.0,"id":2,"start":87,"end":107,"text":"reductase deficiency","terms":[]}]}]},{"id":1,"start":116,"end":293,"text":"Mutations of the steroid 5alpha-reductase type 2 (SRD5A2) gene in 46,XY subjects cause masculinization defects of varying degrees, due to reduced or impaired enzymatic activity.","terms":[{"ids":"UNIPROT:P31213:T116:PRGE","score":0.9802252439184568,"id":1,"start":166,"end":172,"text":"SRD5A2","terms":[]}]},{"id":2,"start":294,"end":567,"text":"In this study, sequence abnormalities of the SRD5A2 gene were assessed by polymerase chain reaction with specific primers and automated sequencing analysis in DNA samples from 20 patients with suspected steroid 5alpha-reductase type 2 deficiency from 18 Brazilian families.","terms":[{"ids":"UNIPROT:P31213:T116:PRGE","score":0.6980908169903348,"id":1,"start":339,"end":350,"text":"SRD5A2 gene","terms":[]},{"ids":"UNIPROT:Q8NEX9:T116:PRGE","score":0.6980908169903348,"id":2,"start":497,"end":528,"text":"steroid 5alpha-reductase type 2","terms":[]}]},{"id":3,"start":568,"end":936,"text":"Eleven subjects presented SRD5A2 homozygous single-base mutations (two first cousins and four unrelated patients with G183S, two with R246W, one with del642T, one with G196S, and one with 217_218insC plus the A49T variant in heterozygosis), whereas four were compound heterozygotes (one with Q126R/IVS3+1G\u003eA, one with Q126R/del418T, and two brothers with Q126R/G158R).","terms":[{"ids":"UNIPROT:P31213:T116:PRGE","score":0.04232862914091758,"id":1,"start":594,"end":600,"text":"SRD5A2","terms":[]},{"ids":"UNIPROT:Q86YQ2:T116:PRGE","score":0.04232862914091758,"id":2,"start":612,"end":633,"text":"single-base mutations","terms":[]}]},{"id":4,"start":937,"end":1012,"text":"Three patients were heterozygous for A207D, G196S, and R266W substitutions.","terms":[]},{"id":5,"start":1013,"end":1145,"text":"The V89L polymorphism was found in heterozygosis in one of them (with A207D) and in one case with an otherwise normal gene sequence.","terms":[]},{"id":6,"start":1146,"end":1256,"text":"The A49T variant was also detected in heterozygosis in the second case without other sequencing abnormalities.","terms":[]},{"id":7,"start":1257,"end":1504,"text":"Four patients harbor yet non-described SRD5A2 gene mutations: a single nucleotide deletion (del642T), a G158R amino acid substitution, a splice junction mutation (IVS3+1G\u003eA), and the insertion of a cytosine (217_218insC) occurring at a CCCC motif.","terms":[{"ids":"UNIPROT:P31213:T116:PRGE","score":0.5303890491772583,"id":1,"start":1296,"end":1307,"text":"SRD5A2 gene","terms":[]}]},{"id":8,"start":1505,"end":1605,"text":"This is the first report of a single-nucleotide insertion in the coding sequence of the SRD5A2 gene.","terms":[{"ids":"UNIPROT:P31213:T116:PRGE","score":0.9906286601632571,"id":1,"start":1593,"end":1604,"text":"SRD5A2 gene","terms":[]}]},{"id":9,"start":1606,"end":1820,"text":"In addition to these new mutations, this investigation reveals the prevalence of G183S substitution among a subset of African-Brazilian patients and presents evidences of the recurrence of already known mutations..","terms":[]}]