[{"id":0,"start":0,"end":120,"text":"Identification of novel type VII collagen gene mutations resulting in severe recessive dystrophic epidermolysis bullosa.","terms":[{"ids":"UNIPROT:Q02388:T116:PRGE","score":0.7040166357816559,"id":1,"start":24,"end":46,"text":"type VII collagen gene","terms":[]},{"ids":"UMLS:C0079294:T047:DISO","score":1.0,"id":2,"start":87,"end":119,"text":"dystrophic epidermolysis bullosa","terms":[]}]},{"id":1,"start":121,"end":376,"text":"In this work, we studied the proband in a small nuclear family of Chinese and Dutch/German descent and identified two novel mutations in the type VII collagen gene leading to recessive dystrophic epidermolysis bullosa, Hallopeau-Siemens variant (HS-RDEB).","terms":[{"ids":"UNIPROT:Q02388:T116:PRGE","score":0.9052488056649617,"id":1,"start":262,"end":284,"text":"type VII collagen gene","terms":[]},{"ids":"UMLS:C0079294:T047:DISO","score":1.0,"id":2,"start":306,"end":338,"text":"dystrophic epidermolysis bullosa","terms":[]},{"ids":"UNIPROT:Q99558:T116:PRGE","score":0.9052488056649617,"id":3,"start":367,"end":374,"text":"HS-RDEB","terms":[{"ids":"UMLS:C2674218:T047:DISO","score":1.0,"id":1,"start":367,"end":369,"text":"HS","terms":[]},{"ids":"UMLS:C0079474:T047:DISO","score":1.0,"id":2,"start":370,"end":374,"text":"RDEB","terms":[]}]}]},{"id":2,"start":377,"end":620,"text":"The maternal mutation is a single base pair deletion of a cytosine nucleotide in exon 26, designated 3472delC, resulting in a frameshift and a premature termination codon (PTC) within the same exon, 7 bp downstream of the site of the mutation.","terms":[]},{"id":3,"start":621,"end":745,"text":"The paternal mutation is a G--\u003eA transition located at the 5\u0027 donor splice site within intron 51, designated IVS51 + 1G--\u003eA.","terms":[]},{"id":4,"start":746,"end":965,"text":"This mutation leads to the activation of a cryptic splice site, 32 bp downstream of the mutation site and to subsequent aberrant out-of-frame splicing, resulting in two alternative mRNA transcripts and a downstream PTC.","terms":[]},{"id":5,"start":966,"end":1038,"text":"To our knowledge, these two mutations have not been previously reported.","terms":[]},{"id":6,"start":1039,"end":1198,"text":"These findings extend the body of evidence for compound heterozygous mutations leading to HS-RDEB and provide the basis for prenatal diagnosis in this family..","terms":[{"ids":"UNIPROT:Q99558:T116:PRGE","score":0.9982602052914155,"id":1,"start":1129,"end":1136,"text":"HS-RDEB","terms":[{"ids":"UMLS:C2674218:T047:DISO","score":1.0,"id":1,"start":1129,"end":1131,"text":"HS","terms":[]},{"ids":"UMLS:C0079474:T047:DISO","score":1.0,"id":2,"start":1132,"end":1136,"text":"RDEB","terms":[]}]}]}]