[{"id":0,"start":0,"end":61,"text":"No Evidence for BRAF as a melanoma/nevus susceptibility gene.","terms":[{"ids":"UNIPROT:P15056:T116:PRGE","score":0.8710702305983452,"id":1,"start":16,"end":20,"text":"BRAF","terms":[]}]},{"id":1,"start":62,"end":149,"text":"Somatic mutations of BRAF have been identified in both melanoma tumors and benign nevi.","terms":[{"ids":"UNIPROT:P15056:T116:PRGE","score":0.9920384519697227,"id":1,"start":83,"end":87,"text":"BRAF","terms":[]}]},{"id":2,"start":150,"end":249,"text":"Germ line mutations in BRAF have not been identified as causal in families predisposed to melanoma.","terms":[{"ids":"UNIPROT:P15056:T116:PRGE","score":0.9265269327487103,"id":1,"start":173,"end":177,"text":"BRAF","terms":[]}]},{"id":3,"start":250,"end":359,"text":"However, a recent study suggested that a BRAF haplotype was associated with risk of sporadic melanoma in men.","terms":[]},{"id":4,"start":360,"end":495,"text":"Polymorphisms or other variants in the BRAF gene may therefore act as candidate low-penetrance genes for nevus/melanoma susceptibility.","terms":[{"ids":"UNIPROT:P15056:T116:PRGE","score":0.8326563403766124,"id":1,"start":399,"end":408,"text":"BRAF gene","terms":[]}]},{"id":5,"start":496,"end":596,"text":"We hypothesized that promoter variants would be the most likely candidates for determinants of risk.","terms":[]},{"id":6,"start":597,"end":759,"text":"Using denaturing high-pressure liquid chromatography and sequencing, we screened peripheral blood DNA from 184 familial melanoma cases for BRAF promoter variants.","terms":[{"ids":"UNIPROT:P15056:T116:PRGE","score":0.5616129114667318,"id":1,"start":736,"end":758,"text":"BRAF promoter variants","terms":[]}]},{"id":7,"start":760,"end":967,"text":"We identified a promoter insertion/deletion in linkage disequilibrium with the previously described BRAF polymorphism in intron 11 (rs1639679) reported to be associated with melanoma susceptibility in males.","terms":[{"ids":"UNIPROT:P15056:T116:PRGE","score":0.877344069522978,"id":1,"start":860,"end":864,"text":"BRAF","terms":[]}]},{"id":8,"start":968,"end":1227,"text":"We therefore investigated the contribution of this BRAF polymorphism to melanoma susceptibility in 581 consecutively recruited incident cases, 258 incident cases in a study of late relapse, 673 female general practitioner controls, and the 184 familial cases.","terms":[{"ids":"UNIPROT:P15056:T116:PRGE","score":0.3193079277998993,"id":1,"start":1019,"end":1023,"text":"BRAF","terms":[]},{"ids":"UMLS:C0277556:T047:DISO","score":1.0,"id":2,"start":1149,"end":1156,"text":"relapse","terms":[]}]},{"id":9,"start":1228,"end":1444,"text":"We found no statistically significant difference in either genotype or allele frequencies between cases and controls overall or between male and female cases for the BRAF polymorphism in the two incident case series.","terms":[{"ids":"UNIPROT:P15056:T116:PRGE","score":0.6824798599279925,"id":1,"start":1394,"end":1398,"text":"BRAF","terms":[]}]},{"id":10,"start":1445,"end":1637,"text":"Our results therefore suggest that the BRAF polymorphism is not significantly associated with melanoma and the promoter insertion/deletion linked with the polymorphism is not a causal variant.","terms":[{"ids":"UNIPROT:P15056:T116:PRGE","score":0.7576631527134772,"id":1,"start":1484,"end":1488,"text":"BRAF","terms":[]}]},{"id":11,"start":1638,"end":1797,"text":"In addition, we found that there was no association between the BRAF genotype and mean total number of banal or atypical nevi in either the cases or controls..","terms":[]}]