[{"id":0,"start":0,"end":100,"text":"Vitamin D-binding protein gene polymorphism association with IA-2 autoantibodies in type 1 diabetes.","terms":[{"ids":"UNIPROT:P02774:T116:PRGE","score":0.7238734083043915,"id":1,"start":0,"end":30,"text":"Vitamin D-binding protein gene","terms":[]},{"ids":"UMLS:C0011854:T047:DISO","score":1.0,"id":2,"start":84,"end":99,"text":"type 1 diabetes","terms":[]}]},{"id":1,"start":101,"end":239,"text":"BACKGROUND: Vitamin D-binding protein (DBP) is the main systemic transporter of 1.25(OH)2D3 and is essential for its cellular endocytosis.","terms":[{"ids":"UNIPROT:P02774:T116:PRGE","score":0.9133921860040906,"id":1,"start":113,"end":138,"text":"Vitamin D-binding protein","terms":[]},{"ids":"UNIPROT:P51659:T116:PRGE|UNIPROT:Q10586:T116:PRGE","score":0.9133921860040906,"id":2,"start":140,"end":143,"text":"DBP","terms":[]}]},{"id":2,"start":240,"end":497,"text":"There are two known polymorphisms in exon 11 of the DBP gene resulting in amino acid variants: GAT--\u003eGAG substitution replaces aspartic acid by glutamic acid in codon 416; and ACG--\u003eAAG substitution in codon 420 leads to an exchange of threonine for lysine.","terms":[{"ids":"UNIPROT:P51659:T116:PRGE|UNIPROT:Q10586:T116:PRGE","score":0.6339015989844821,"id":1,"start":292,"end":300,"text":"DBP gene","terms":[]},{"ids":"UNIPROT:P04062:T116:PRGE|UNIPROT:P10253:T116:PRGE","score":0.6339015989844821,"id":2,"start":314,"end":333,"text":"amino acid variants","terms":[]},{"ids":"UNIPROT:Q6IB77:T116:PRGE","score":0.6339015989844821,"id":3,"start":335,"end":338,"text":"GAT","terms":[]}]},{"id":3,"start":498,"end":569,"text":"These DBP variants lead to differences in the affinity for 1.25(OH)2D3.","terms":[{"ids":"UNIPROT:P51659:T116:PRGE|UNIPROT:Q10586:T116:PRGE","score":0.7357010472996168,"id":1,"start":504,"end":516,"text":"DBP variants","terms":[]}]},{"id":4,"start":570,"end":668,"text":"Correlations between DBP alleles and type 1 diabetes have been described in different populations.","terms":[{"ids":"UNIPROT:P51659:T116:PRGE|UNIPROT:Q10586:T116:PRGE","score":0.5380653477010439,"id":1,"start":591,"end":602,"text":"DBP alleles","terms":[]},{"ids":"UMLS:C0011854:T047:DISO","score":1.0,"id":2,"start":607,"end":622,"text":"type 1 diabetes","terms":[]}]},{"id":5,"start":669,"end":804,"text":"Therefore, we investigated the polymorphism in codon 416 of the DBP gene for an association with autoimmune markers of type 1 diabetes.","terms":[{"ids":"UNIPROT:P51659:T116:PRGE|UNIPROT:Q10586:T116:PRGE","score":0.9879616803223066,"id":1,"start":733,"end":741,"text":"DBP gene","terms":[]},{"ids":"UMLS:C0011854:T047:DISO","score":1.0,"id":2,"start":788,"end":803,"text":"type 1 diabetes","terms":[]}]},{"id":6,"start":805,"end":871,"text":"DESIGN AND METHODS: The present analysis was a case control study.","terms":[]},{"id":7,"start":872,"end":983,"text":"110 patients, 68 controls, and 115 first-degree relatives were genotyped for the DBP polymorphism in codon 416.","terms":[]},{"id":8,"start":984,"end":1088,"text":"DNA typing of DBP locus was performed by the PCR-restriction fragment length polymorphism method (RFLP).","terms":[{"ids":"UNIPROT:P51659:T116:PRGE|UNIPROT:Q10586:T116:PRGE","score":0.9835800522598346,"id":1,"start":998,"end":1007,"text":"DBP locus","terms":[]}]},{"id":9,"start":1089,"end":1234,"text":"RESULTS: The frequencies of the Asp/Glu and Glu/Glu were significantly increased in diabetic subjects with detectable IA-2 antibodies (P \u003c 0.01).","terms":[]},{"id":10,"start":1235,"end":1357,"text":"On the contrary, the DBP Glu-containing genotype was not accompanied by differences in the prevalence of GAD65 antibodies.","terms":[{"ids":"UNIPROT:P51659:T116:PRGE|UNIPROT:Q10586:T116:PRGE","score":0.41816436281086955,"id":1,"start":1256,"end":1283,"text":"DBP Glu-containing genotype","terms":[]},{"ids":"UNIPROT:Q05329:T116:PRGE","score":0.41816436281086955,"id":2,"start":1340,"end":1356,"text":"GAD65 antibodies","terms":[]}]},{"id":11,"start":1358,"end":1468,"text":"These finding supports a role of the vitamin D endocrine system in the autoimmune process of type 1 diabetes..","terms":[{"ids":"UMLS:C0011854:T047:DISO","score":1.0,"id":1,"start":1451,"end":1466,"text":"type 1 diabetes","terms":[]}]}]