[{"id":0,"start":0,"end":70,"text":"Nucleotide mutations associated with hepatitis B e antigen negativity.","terms":[{"ids":"UNIPROT:P14209:T116:PRGE","score":0.9331606205780952,"id":1,"start":37,"end":58,"text":"hepatitis B e antigen","terms":[{"ids":"UMLS:C0019163:T047:DISO","score":1.0,"id":1,"start":37,"end":48,"text":"hepatitis B","terms":[]}]}]},{"id":1,"start":71,"end":266,"text":"One hundred and forty four patients with chronic hepatitis B were tested to identify new mutations associated with hepatitis B e antigen (HBeAg) negativity, using a full genome sequence analysis.","terms":[{"ids":"UMLS:C0524909:T047:DISO","score":1.0,"id":1,"start":112,"end":131,"text":"chronic hepatitis B","terms":[]},{"ids":"UNIPROT:P14209:T116:PRGE","score":0.9997901864552629,"id":2,"start":186,"end":207,"text":"hepatitis B e antigen","terms":[{"ids":"UMLS:C0019163:T047:DISO","score":1.0,"id":1,"start":186,"end":197,"text":"hepatitis B","terms":[]}]}]},{"id":2,"start":267,"end":347,"text":"All the patients were Chinese and had hepatitis B virus infection of genotype C.","terms":[{"ids":"UMLS:C0019163:T047:DISO","score":1.0,"id":1,"start":305,"end":316,"text":"hepatitis B","terms":[]},{"ids":"UMLS:C0042769:T047:DISO","score":1.0,"id":2,"start":317,"end":332,"text":"virus infection","terms":[]}]},{"id":3,"start":348,"end":521,"text":"Patients with none of the pre-core or core promoter mutations were significantly (P \u003c 0.001) less common in the group with anti-HBe (13%) than in the group with HBeAg (56%).","terms":[]},{"id":4,"start":522,"end":776,"text":"The complete nucleotide sequence was determined in four anti-HBe-positive patients who had neither pre-core nor core promoter mutations and in five HBeAg-positive patients who also had neither of these mutations (the groups were matched for age and sex).","terms":[{"ids":"UNIPROT:P02100:T116:PRGE","score":0.4704333625310365,"id":1,"start":578,"end":586,"text":"anti-HBe","terms":[]}]},{"id":5,"start":777,"end":888,"text":"Six mutations were found to be significantly more common in the former group than in the latter: G529A (3/4 vs.","terms":[]},{"id":6,"start":889,"end":909,"text":"0/5), C934A (4/4 vs.","terms":[]},{"id":7,"start":910,"end":931,"text":"1/5), A1053G (4/4 vs.","terms":[]},{"id":8,"start":932,"end":955,"text":"1/5), G1915T/A (4/4 vs.","terms":[]},{"id":9,"start":956,"end":979,"text":"0/5), T2005C/A (4/4 vs.","terms":[]},{"id":10,"start":980,"end":1005,"text":"0/5), and C3026T (3/4 vs.","terms":[]},{"id":11,"start":1006,"end":1011,"text":"0/5).","terms":[]},{"id":12,"start":1012,"end":1399,"text":"Three of the six mutations were significantly more common in the four anti-HBe-positive patients who had neither pre-core nor core promoter mutations, compared to 11 HBeAg-positive patients who had pre-core and core promoter mutations, and also compared to 15 anti-HBe-positive patients who had pre-core and core promoter mutations, suggesting further the specificity of these mutations.","terms":[{"ids":"UNIPROT:P02100:T116:PRGE","score":0.5343951396519284,"id":1,"start":1082,"end":1090,"text":"anti-HBe","terms":[]},{"ids":"UNIPROT:P02100:T116:PRGE","score":0.5343951396519284,"id":2,"start":1269,"end":1280,"text":"15 anti-HBe","terms":[]}]},{"id":13,"start":1400,"end":1535,"text":"Of the six mutations, two resulted in amino acid substitution in the polymerase protein, and one is located near the enhancer I region.","terms":[]},{"id":14,"start":1536,"end":1634,"text":"The results suggest that the six newly discovered mutations are associated with HBeAg negativity..","terms":[]}]