[{"id":0,"start":0,"end":139,"text":"Activating mutation in the tyrosine kinase JAK2 in polycythemia vera, essential thrombocythemia, and myeloid metaplasia with myelofibrosis.","terms":[{"ids":"UNIPROT:P19419:T116:PRGE|UNIPROT:P42681:T116:PRGE|UNIPROT:P22455:T116:PRGE|UNIPROT:Q04912:T116:PRGE|UNIPROT:P29376:T116:PRGE|UNIPROT:P22607:T116:PRGE|UNIPROT:P54760:T116:PRGE|UNIPROT:Q08881:T116:PRGE|UNIPROT:P51813:T116:PRGE|UNIPROT:Q13882:T116:PRGE|UNIPROT:P42679:T116:PRGE|UNIPROT:Q13470:T116:PRGE","score":0.8880084373359359,"id":1,"start":27,"end":47,"text":"tyrosine kinase JAK2","terms":[]},{"ids":"UMLS:C0032461:T047:DISO","score":1.0,"id":2,"start":51,"end":63,"text":"polycythemia","terms":[]},{"ids":"UMLS:C0040028:T047:DISO","score":1.0,"id":3,"start":70,"end":95,"text":"essential thrombocythemia","terms":[]},{"ids":"UMLS:C0027013:T047:DISO","score":1.0,"id":4,"start":101,"end":119,"text":"myeloid metaplasia","terms":[]}]},{"id":1,"start":140,"end":304,"text":"Polycythemia vera (PV), essential thrombocythemia (ET), and myeloid metaplasia with myelofibrosis (MMM) are clonal disorders arising from hematopoietic progenitors.","terms":[{"ids":"UMLS:C0032461:T047:DISO","score":1.0,"id":1,"start":140,"end":152,"text":"Polycythemia","terms":[]},{"ids":"UMLS:C0040028:T047:DISO","score":1.0,"id":2,"start":164,"end":189,"text":"essential thrombocythemia","terms":[]},{"ids":"UMLS:C0027013:T047:DISO","score":1.0,"id":3,"start":200,"end":218,"text":"myeloid metaplasia","terms":[]}]},{"id":2,"start":305,"end":432,"text":"An internet-based protocol was used to collect clinical information and biological specimens from patients with these diseases.","terms":[]},{"id":3,"start":433,"end":640,"text":"High-throughput DNA resequencing identified a recurrent somatic missense mutation JAK2V617F in granulocyte DNA samples of 121 of 164 PV patients, of which 41 had homozygous and 80 had heterozygous mutations.","terms":[]},{"id":4,"start":641,"end":760,"text":"Molecular and cytogenetic analyses demonstrated that homozygous mutations were due to duplication of the mutant allele.","terms":[]},{"id":5,"start":761,"end":910,"text":"JAK2V617F was also identified in granulocyte DNA samples from 37 of 115 ET and 16 of 46 MMM patients, but was not observed in 269 normal individuals.","terms":[]},{"id":6,"start":911,"end":1001,"text":"In vitro analysis demonstrated that JAK2V617F is a constitutively active tyrosine kinase..","terms":[{"ids":"UNIPROT:P19419:T116:PRGE|UNIPROT:P42681:T116:PRGE|UNIPROT:P22455:T116:PRGE|UNIPROT:Q04912:T116:PRGE|UNIPROT:P29376:T116:PRGE|UNIPROT:P22607:T116:PRGE|UNIPROT:P54760:T116:PRGE|UNIPROT:Q08881:T116:PRGE|UNIPROT:P51813:T116:PRGE|UNIPROT:Q13882:T116:PRGE|UNIPROT:P42679:T116:PRGE|UNIPROT:Q13470:T116:PRGE","score":0.7723150127719745,"id":1,"start":984,"end":999,"text":"tyrosine kinase","terms":[]}]}]