[{"id":0,"start":0,"end":97,"text":"Mild glycine encephalopathy (NKH) in a large kindred due to a silent exonic GLDC splice mutation.","terms":[{"ids":"UMLS:C0751748:T047:DISO","score":1.0,"id":1,"start":5,"end":27,"text":"glycine encephalopathy","terms":[]},{"ids":"UMLS:C0751748:T047:DISO","score":1.0,"id":2,"start":29,"end":32,"text":"NKH","terms":[]}]},{"id":1,"start":98,"end":197,"text":"BACKGROUND: Classic neonatal-onset glycine encephalopathy (GE) is devastating and life threatening.","terms":[{"ids":"UMLS:C0751748:T047:DISO","score":1.0,"id":1,"start":133,"end":155,"text":"glycine encephalopathy","terms":[]}]},{"id":2,"start":198,"end":297,"text":"Milder, later onset variants have been reported but were usually sporadic and incompletely defined.","terms":[]},{"id":3,"start":298,"end":455,"text":"OBJECTIVE: To determine the clinical and biochemical phenotype and molecular basis of mild GE in nine children from a consanguineous Israeli Bedouin kindred.","terms":[]},{"id":4,"start":456,"end":529,"text":"METHODS: Genomic DNA was screened for GLDC, AMT, and GCSH gene mutations.","terms":[{"ids":"UNIPROT:P48506:T116:PRGE|UNIPROT:P23434:T116:PRGE","score":0.9416035074842884,"id":1,"start":509,"end":518,"text":"GCSH gene","terms":[]}]},{"id":5,"start":530,"end":630,"text":"GLDC expression in lymphoblasts was studied by Northern blot and reverse transcriptase PCR analysis.","terms":[{"ids":"UNIPROT:P63132:T116:PRGE|UNIPROT:P63135:T116:PRGE|UNIPROT:P63128:T116:PRGE|UNIPROT:Q9BXR3:T116:PRGE|UNIPROT:O15314:T116:PRGE|UNIPROT:O14746:T116:PRGE|UNIPROT:Q9UQG0:T116:PRGE|UNIPROT:P10266:T116:PRGE|UNIPROT:Q9WJR5:T116:PRGE|UNIPROT:P63133:T116:PRGE|UNIPROT:Q9QC07:T116:PRGE|UNIPROT:P63136:T116:PRGE","score":0.9104138330894382,"id":1,"start":595,"end":616,"text":"reverse transcriptase","terms":[]}]},{"id":6,"start":631,"end":848,"text":"RESULTS: Clinical features included hypotonia, abnormal movements, convulsions, and moderate mental retardation with relative sparing of gross motor function, activities of daily living skills, and receptive language.","terms":[{"ids":"UMLS:C0013384:T047:DISO","score":1.0,"id":1,"start":678,"end":696,"text":"abnormal movements","terms":[]}]},{"id":7,"start":849,"end":892,"text":"Aggression and irritability were prominent.","terms":[]},{"id":8,"start":893,"end":955,"text":"CSF-to-plasma glycine ratio was mildly to moderately elevated.","terms":[]},{"id":9,"start":956,"end":1093,"text":"All nine patients were homozygous and their parents heterozygous for a novel, translationally silent GLDC exon 22 transversion c.2607C\u003eA.","terms":[]},{"id":10,"start":1094,"end":1149,"text":"Lymphoblast GLDC mRNA levels were considerably reduced.","terms":[{"ids":"UNIPROT:P23378:T116:PRGE","score":0.7915338084625081,"id":1,"start":1094,"end":1115,"text":"Lymphoblast GLDC mRNA","terms":[]}]},{"id":11,"start":1150,"end":1287,"text":"Three aberrantly spliced cDNA species were identified: exon 22 and exon 22 to 23 skipping, and insertion of an 87-base pair cryptic exon.","terms":[]},{"id":12,"start":1288,"end":1457,"text":"Homozygosity for c.2607C\u003eA was also identified in an unrelated but haplotypically identical patient with an unusually favorable outcome despite severe neonatal-onset GE.","terms":[]},{"id":13,"start":1458,"end":1552,"text":"Mutation analysis enabled prenatal diagnosis of three unaffected and one affected pregnancies.","terms":[]},{"id":14,"start":1553,"end":1666,"text":"CONCLUSIONS: The mutation in this kindred led to missplicing and reduced GLDC (glycine decarboxylase) expression.","terms":[]},{"id":15,"start":1667,"end":1845,"text":"The 4 to 6% of normally spliced GLDC mRNA in the patients may account for their relatively favorable clinical outcome compared with patients with classic glycine encephalopathy..","terms":[{"ids":"UMLS:C0751748:T047:DISO","score":1.0,"id":1,"start":1821,"end":1843,"text":"glycine encephalopathy","terms":[]}]}]