[{"id":0,"start":0,"end":116,"text":"The missense mutations in the candidate prostate cancer gene ELAC2 do not alter enzymatic properties of its product.","terms":[{"ids":"UNIPROT:O15078:T116:PRGE","score":0.9905495710537855,"id":1,"start":40,"end":66,"text":"prostate cancer gene ELAC2","terms":[{"ids":"UMLS:C0033572:T023:ANAT","score":1.0,"id":1,"start":40,"end":48,"text":"prostate","terms":[]}]}]},{"id":1,"start":117,"end":214,"text":"The candidate prostate cancer gene ELAC2 encodes tRNA 3\u0027 processing endoribonuclease (tRNase ZL).","terms":[{"ids":"UNIPROT:O15078:T116:PRGE","score":0.7789591917953825,"id":1,"start":131,"end":157,"text":"prostate cancer gene ELAC2","terms":[{"ids":"UMLS:C0033572:T023:ANAT","score":1.0,"id":1,"start":131,"end":139,"text":"prostate","terms":[]}]},{"ids":"UNIPROT:Q9H777:T116:PRGE","score":0.7789591917953825,"id":2,"start":166,"end":201,"text":"tRNA 3\u0027 processing endoribonuclease","terms":[]}]},{"id":2,"start":215,"end":438,"text":"We produced recombinant human tRNase ZL\u0027s, which contain one to three amino-acid substitutions from three missense mutations (Ser217Leu, Ala541Thr, and Arg781His) that are associated with the occurrence of  prostate cancer.","terms":[{"ids":"UNIPROT:Q8TA86:T116:PRGE|UNIPROT:Q9H0Z9:T116:PRGE","score":0.6094983714834964,"id":1,"start":227,"end":254,"text":"recombinant human tRNase ZL","terms":[]},{"ids":"UMLS:C0033572:T023:ANAT","score":1.0,"id":2,"start":422,"end":430,"text":"prostate","terms":[]}]},{"id":3,"start":439,"end":519,"text":"These enzymes were examined for the pre-tRNA cleavage and the RNase 65 activity.","terms":[{"ids":"UNIPROT:P61221:T116:PRGE|UNIPROT:P07998:T116:PRGE|UNIPROT:P10153:T116:PRGE","score":0.9643004579583255,"id":1,"start":501,"end":509,"text":"RNase 65","terms":[]}]},{"id":4,"start":520,"end":657,"text":"We did not observe any differences in enzymatic properties such as Km and k(cat) values between the wild-type tRNase ZL and its variants.","terms":[{"ids":"UNIPROT:Q13326:T116:PRGE|UNIPROT:P38405:T116:PRGE","score":0.6818663895706879,"id":1,"start":620,"end":639,"text":"wild-type tRNase ZL","terms":[]}]},{"id":5,"start":658,"end":768,"text":"We conclude that there is no causality between the enzymatic properties of tRNase ZL and the prostate cancer..","terms":[{"ids":"UMLS:C0033572:T023:ANAT","score":1.0,"id":1,"start":751,"end":759,"text":"prostate","terms":[]}]}]