[{"id":0,"start":0,"end":162,"text":"Genetic variants of the T-cell immunoglobulin mucin 1 but not the T-cell immunoglobulin mucin 3 gene are associated with asthma in an African American population.","terms":[{"ids":"UNIPROT:P19835:T116:PRGE","score":0.9794278350527323,"id":1,"start":24,"end":53,"text":"T-cell immunoglobulin mucin 1","terms":[]},{"ids":"UNIPROT:P19835:T116:PRGE","score":0.9794278350527323,"id":2,"start":66,"end":100,"text":"T-cell immunoglobulin mucin 3 gene","terms":[]},{"ids":"UMLS:C0004096:T047:DISO","score":1.0,"id":3,"start":121,"end":127,"text":"asthma","terms":[]}]},{"id":1,"start":163,"end":318,"text":"BACKGROUND: The T-cell immunoglobulin mucin ( TIM ) proteins and their genetic variants have been suggested to play a role in regulating allergic diseases.","terms":[{"ids":"UNIPROT:P19835:T116:PRGE","score":0.9533200442147803,"id":1,"start":179,"end":206,"text":"T-cell immunoglobulin mucin","terms":[]},{"ids":"UNIPROT:P60174:T116:PRGE","score":0.9533200442147803,"id":2,"start":209,"end":212,"text":"TIM","terms":[]}]},{"id":2,"start":319,"end":464,"text":"OBJECTIVE: Genetic association of the sequence variants for TIM-1 and TIM-3 genes with asthma in an African American population was investigated.","terms":[{"ids":"UNIPROT:P60174:T116:PRGE","score":0.8961993772009674,"id":1,"start":379,"end":384,"text":"TIM-1","terms":[]},{"ids":"UNIPROT:P60174:T116:PRGE","score":0.8961993772009674,"id":2,"start":389,"end":400,"text":"TIM-3 genes","terms":[]},{"ids":"UMLS:C0004096:T047:DISO","score":1.0,"id":3,"start":406,"end":412,"text":"asthma","terms":[]}]},{"id":3,"start":465,"end":708,"text":"METHODS: Both case-control and family-based association analyses were performed for a total of 7 polymorphisms, including 3 single nucleotide polymorphism (SNPs) and 1 insertion/deletion polymorphism in the TIM-1 and 3 SNPs in the TIM-3 genes.","terms":[{"ids":"UNIPROT:P60174:T116:PRGE","score":0.8983793497394185,"id":1,"start":672,"end":688,"text":"TIM-1 and 3 SNPs","terms":[]},{"ids":"UNIPROT:P60174:T116:PRGE","score":0.8983793497394185,"id":2,"start":696,"end":707,"text":"TIM-3 genes","terms":[]}]},{"id":4,"start":709,"end":789,"text":"The exposure to hepatitis A virus as judged by seropositivity was also examined.","terms":[{"ids":"UMLS:C0019159:T047:DISO","score":1.0,"id":1,"start":725,"end":736,"text":"hepatitis A","terms":[]}]},{"id":5,"start":790,"end":1121,"text":"RESULTS: In the case-control design, the frequencies of the TT genotype for SNP rs2277025 and the homozygous deletion variant (157delMTTTVP) in the fourth exon of the TIM-1 gene were higher among patients with patients with asthma compared with the controls (odds ratio [OR], 2.779, P \u003d .016; and OR, 3.09, P \u003d .022, respectively).","terms":[{"ids":"UNIPROT:P60174:T116:PRGE","score":0.4763128919230608,"id":1,"start":957,"end":967,"text":"TIM-1 gene","terms":[]},{"ids":"UMLS:C0004096:T047:DISO","score":1.0,"id":2,"start":1014,"end":1020,"text":"asthma","terms":[]}]},{"id":6,"start":1122,"end":1352,"text":"This association was substantiated by haplotype analysis of these and 2 additional SNPs (OR, 2.48; P \u003d .004), and also by family-based tests for the allele and haplotype carrying 157delMTTTVP (P \u003d .009 and P \u003d .048, respectively).","terms":[]},{"id":7,"start":1353,"end":1462,"text":"Furthermore, this association seems to exist even in the hepatitis A virus-seronegative subjects in our data.","terms":[{"ids":"UMLS:C0019159:T047:DISO","score":1.0,"id":1,"start":1410,"end":1421,"text":"hepatitis A","terms":[]}]},{"id":8,"start":1463,"end":1581,"text":"None of the 3 variants in TIM-3 genes yielded significant association with either asthma or asthma-related phenotypes.","terms":[{"ids":"UNIPROT:P60174:T116:PRGE","score":0.919987519986651,"id":1,"start":1489,"end":1500,"text":"TIM-3 genes","terms":[]},{"ids":"UMLS:C0004096:T047:DISO","score":1.0,"id":2,"start":1545,"end":1551,"text":"asthma","terms":[]},{"ids":"UMLS:C0004096:T047:DISO","score":1.0,"id":3,"start":1555,"end":1561,"text":"asthma","terms":[]}]},{"id":9,"start":1582,"end":1750,"text":"CONCLUSION: Our findings suggest that the genetic variants of the TIM-1 but not the TIM-3 gene contribute to asthma susceptibility in this African-American population..","terms":[{"ids":"UNIPROT:P60174:T116:PRGE","score":0.8409594157625861,"id":1,"start":1648,"end":1653,"text":"TIM-1","terms":[]},{"ids":"UNIPROT:P60174:T116:PRGE","score":0.8409594157625861,"id":2,"start":1666,"end":1676,"text":"TIM-3 gene","terms":[]},{"ids":"UMLS:C0004096:T047:DISO","score":1.0,"id":3,"start":1691,"end":1697,"text":"asthma","terms":[]}]}]