[{"id":0,"start":0,"end":81,"text":"Cytochrome P-450 1A1 gene polymorphisms and risk of breast cancer: a HuGE review.","terms":[{"ids":"UNIPROT:P20815:T116:PRGE|UNIPROT:Q08477:T116:PRGE|UNIPROT:P11712:T116:PRGE|UNIPROT:P08684:T116:PRGE","score":0.6151701587638356,"id":1,"start":0,"end":25,"text":"Cytochrome P-450 1A1 gene","terms":[]},{"ids":"UMLS:C0006141:T023:ANAT","score":1.0,"id":2,"start":52,"end":58,"text":"breast","terms":[]}]},{"id":1,"start":82,"end":211,"text":"Cytochrome P-450 (CYP) 1A1 plays a key role in phase I metabolism of polycyclic aromatic hydrocarbons and in estrogen metabolism.","terms":[{"ids":"UNIPROT:P33261:T116:PRGE|UNIPROT:P33260:T116:PRGE","score":0.0,"id":1,"start":82,"end":92,"text":"Cytochrome","terms":[]},{"ids":"UNIPROT:Q13427:T116:PRGE","score":0.6138467454663501,"id":2,"start":100,"end":103,"text":"CYP","terms":[]}]},{"id":2,"start":212,"end":288,"text":"It is expressed predominantly in extrahepatic tissues, including the breast.","terms":[{"ids":"UMLS:C0006141:T023:ANAT","score":1.0,"id":1,"start":281,"end":287,"text":"breast","terms":[]}]},{"id":3,"start":289,"end":420,"text":"Four CYP1A1 gene polymorphisms (3801T --\u003e C, Ile462Val, 3205T --\u003e C, and Thr461Asp) have been studied in relation to breast cancer.","terms":[{"ids":"UNIPROT:P04798:T116:PRGE","score":0.9809991763808631,"id":1,"start":294,"end":305,"text":"CYP1A1 gene","terms":[]},{"ids":"UMLS:C0006141:T023:ANAT","score":1.0,"id":2,"start":406,"end":412,"text":"breast","terms":[]}]},{"id":4,"start":421,"end":475,"text":"The 3801C variant is more common than the Val variant.","terms":[]},{"id":5,"start":476,"end":548,"text":"Both variants occur more frequently in Asians than in White populations.","terms":[]},{"id":6,"start":549,"end":622,"text":"The 3205T --\u003e C polymorphism has been observed in African Americans only.","terms":[]},{"id":7,"start":623,"end":717,"text":"Little data are available on the geographic/ethnic distribution of the Thr461Asp polymorphism.","terms":[]},{"id":8,"start":718,"end":778,"text":"The functional significance of the polymorphisms is unclear.","terms":[]},{"id":9,"start":779,"end":874,"text":"In 17  studies, no consistent association between breast cancer and CYP1A1 genotype was  found.","terms":[{"ids":"UNIPROT:P31749:T116:PRGE","score":0.45297940536467435,"id":1,"start":829,"end":862,"text":"breast cancer and CYP1A1 genotype","terms":[{"ids":"UMLS:C0006141:T023:ANAT","score":1.0,"id":1,"start":829,"end":835,"text":"breast","terms":[]}]}]},{"id":10,"start":875,"end":1280,"text":"Meta-analysis found no significant risk for the genotypes 1) 3801C/C (relative risk (RR) \u003d 0.97, 95% confidence interval (CI): 0.52, 1.80) or 3801T/C  (RR \u003d 0.91, 95% CI: 0.70, 1.19) versus 3801T/T, 2) Val/Val (RR \u003d 1.04, 95% CI: 0.63, 1.74) or Ile/Val (RR \u003d 0.92, 95% CI: 0.76, 1.10) versus Ile/Ile, or 3) Asp/Asp (RR \u003d 0.95, 95% CI: 0.20, 4.49) or Thr/Asp (RR \u003d 1.12, 95% CI: 0.87, 1.43) versus Thr/Thr.","terms":[]},{"id":11,"start":1281,"end":1577,"text":"Future studies should explore possible interactions between CYP1A1 and sources of polycyclic aromatic hydrocarbons, markers of estrogen exposure, other lifestyle factors influencing hormonal levels, and other genes involved in polycyclic aromatic hydrocarbon metabolism or hormonal biosynthesis..","terms":[{"ids":"UNIPROT:P04798:T116:PRGE","score":0.965646008584531,"id":1,"start":1341,"end":1347,"text":"CYP1A1","terms":[]}]}]