[{"id":0,"start":0,"end":117,"text":"The spectrum of aldolase B (ALDOB) mutations and the prevalence of hereditary fructose intolerance in Central Europe.","terms":[{"ids":"UNIPROT:P05062:T116:PRGE","score":0.987261837467919,"id":1,"start":16,"end":26,"text":"aldolase B","terms":[]},{"ids":"UNIPROT:P05062:T116:PRGE","score":0.987261837467919,"id":2,"start":28,"end":33,"text":"ALDOB","terms":[]},{"ids":"UMLS:C0016751:T047:DISO","score":1.0,"id":3,"start":67,"end":98,"text":"hereditary fructose intolerance","terms":[]}]},{"id":1,"start":118,"end":401,"text":"We investigated the molecular basis of hereditary fructose intolerance (HFI) in 80 patients from 72 families by means of a PCR-based mutation screening strategy, consisting of heteroduplex analysis, restriction enzyme digest, DNA single strand electrophoresis, and direct sequencing.","terms":[{"ids":"UMLS:C0016751:T047:DISO","score":1.0,"id":1,"start":157,"end":188,"text":"hereditary fructose intolerance","terms":[]}]},{"id":2,"start":402,"end":554,"text":"For a subset of patients mutation screening with DHPLC was established which turned out to be as fast and as sensitive as the more conventional methods.","terms":[]},{"id":3,"start":555,"end":646,"text":"Fifteen different mutations of the aldolase B (ALDOB) gene were identified in HFI patients.","terms":[{"ids":"UNIPROT:P05062:T116:PRGE","score":0.8937897071278165,"id":1,"start":590,"end":600,"text":"aldolase B","terms":[]},{"ids":"UNIPROT:P05062:T116:PRGE","score":0.8937897071278165,"id":2,"start":602,"end":607,"text":"ALDOB","terms":[]}]},{"id":4,"start":647,"end":824,"text":"As in smaller previous studies, p.A150P (65%), p.A175D (11%) and p.N335K (8%) were the most common mutated alleles, followed by c.360_363delCAAA, p.R60X, p.Y204X, and c.865delC.","terms":[]},{"id":5,"start":825,"end":1164,"text":"Eight novel mutations were identified in eight families with HFI: a small indel mutation (c.1044_1049delTTCTGGinsACACT), two small deletions (c.345_372del28; c.841_842delAC), two splice site mutations (c.113-1G\u003eA, c.799+2T\u003eA), one nonsense mutation (c.612T\u003eG (p.Y204X)), and two missense mutations (c.532T\u003eC (p.C178R), c.851T\u003eC (p.L284P)).","terms":[]},{"id":6,"start":1165,"end":1303,"text":"By mutation screening for the three most common ALDOB mutations by DHPLC in 2,000 randomly selected newborns we detected 21 heterozygotes.","terms":[]},{"id":7,"start":1304,"end":1495,"text":"Based on these data and after correction for less common and private ALDOB mutations, HFI prevalence in central Europe is estimated to be 1:26,100 (95% confidence interval 1: 12,600-79,000)..","terms":[{"ids":"UNIPROT:P05062:T116:PRGE","score":0.44941467436430227,"id":1,"start":1373,"end":1388,"text":"ALDOB mutations","terms":[]}]}]