[{"id":0,"start":0,"end":166,"text":"Polymorphisms in the SLC2A2 (GLUT2) gene are associated with the conversion from impaired glucose tolerance to type 2 diabetes: the Finnish Diabetes Prevention Study.","terms":[{"ids":"UNIPROT:P11168:T116:PRGE","score":0.5895150474172949,"id":1,"start":21,"end":40,"text":"SLC2A2 (GLUT2) gene","terms":[]},{"ids":"UMLS:C0271650:T047:DISO","score":1.0,"id":2,"start":81,"end":107,"text":"impaired glucose tolerance","terms":[]},{"ids":"UMLS:C0011860:T047:DISO","score":1.0,"id":3,"start":111,"end":126,"text":"type 2 diabetes","terms":[]},{"ids":"UMLS:C0011847:T047:DISO|UMLS:C0011849:T047:DISO","score":1.0,"id":4,"start":140,"end":148,"text":"Diabetes","terms":[]}]},{"id":1,"start":167,"end":237,"text":"Impaired insulin secretion is a fundamental defect in type 2 diabetes.","terms":[{"ids":"UNIPROT:P01308:T116:PRGE","score":0.965508284586604,"id":1,"start":176,"end":183,"text":"insulin","terms":[]},{"ids":"UMLS:C1861101:T047:DISO","score":1.0,"id":2,"start":211,"end":217,"text":"defect","terms":[]},{"ids":"UMLS:C0011860:T047:DISO","score":1.0,"id":3,"start":221,"end":236,"text":"type 2 diabetes","terms":[]}]},{"id":2,"start":238,"end":599,"text":"The aim of this study was to investigate whether single nucleotide polymorphisms (SNPs) in the genes regulating insulin secretion (SLC2A2 [encoding GLUT2], GCK, TCF1 [encoding HNF-1alpha], HNF4A, GIP, and GLP1R) are associated with the conversion from impaired glucose tolerance (IGT) to type 2 diabetes in participants of the Finnish Diabetes Prevention Study.","terms":[{"ids":"UNIPROT:P01308:T116:PRGE","score":0.2908696129047565,"id":1,"start":350,"end":357,"text":"insulin","terms":[]},{"ids":"UNIPROT:P11168:T116:PRGE","score":0.2908696129047565,"id":2,"start":369,"end":375,"text":"SLC2A2","terms":[]},{"ids":"UNIPROT:Q12851:T116:PRGE|UNIPROT:P35557:T116:PRGE","score":0.2908696129047565,"id":3,"start":394,"end":397,"text":"GCK","terms":[]},{"ids":"UNIPROT:P36402:T116:PRGE|UNIPROT:P20823:T116:PRGE","score":0.2908696129047565,"id":4,"start":399,"end":403,"text":"TCF1","terms":[]},{"ids":"UNIPROT:P09681:T116:PRGE|UNIPROT:Q9GZU7:T116:PRGE|UNIPROT:Q9BXJ1:T116:PRGE|UNIPROT:P04899:T116:PRGE","score":0.2908696129047565,"id":5,"start":434,"end":437,"text":"GIP","terms":[]},{"ids":"UNIPROT:P43220:T116:PRGE","score":0.2908696129047565,"id":6,"start":443,"end":448,"text":"GLP1R","terms":[]},{"ids":"UMLS:C0271650:T047:DISO","score":1.0,"id":7,"start":490,"end":516,"text":"impaired glucose tolerance","terms":[]},{"ids":"UMLS:C0011860:T047:DISO","score":1.0,"id":8,"start":526,"end":541,"text":"type 2 diabetes","terms":[]},{"ids":"UMLS:C0011847:T047:DISO|UMLS:C0011849:T047:DISO","score":1.0,"id":9,"start":573,"end":581,"text":"Diabetes","terms":[]}]},{"id":3,"start":600,"end":695,"text":"With the exception of SLC2A2, other genes were not associated with the risk of type 2 diabetes.","terms":[{"ids":"UNIPROT:P11168:T116:PRGE","score":0.9933793402178052,"id":1,"start":622,"end":628,"text":"SLC2A2","terms":[]},{"ids":"UMLS:C0011860:T047:DISO","score":1.0,"id":2,"start":679,"end":694,"text":"type 2 diabetes","terms":[]}]},{"id":4,"start":696,"end":912,"text":"All four SNPs of SLC2A2 predicted the conversion to diabetes, and rs5393 (AA genotype) increased the risk of type 2 diabetes in the entire study population by threefold (odds ratio 3.04, 95% CI 1.34-6.88, P \u003d 0.008).","terms":[{"ids":"UNIPROT:P11168:T116:PRGE","score":0.5965687699054657,"id":1,"start":713,"end":719,"text":"SLC2A2","terms":[]},{"ids":"UMLS:C0011847:T047:DISO|UMLS:C0011849:T047:DISO","score":1.0,"id":2,"start":748,"end":756,"text":"diabetes","terms":[]},{"ids":"UMLS:C1862382:T047:DISO","score":1.0,"id":3,"start":770,"end":772,"text":"AA","terms":[]},{"ids":"UMLS:C0011860:T047:DISO","score":1.0,"id":4,"start":805,"end":820,"text":"type 2 diabetes","terms":[]}]},{"id":5,"start":913,"end":1070,"text":"The risk for type 2 diabetes in the AA genotype carriers was increased in the control group (5.56 [1.78-17.39], P \u003d 0.003) but not in the intervention group.","terms":[{"ids":"UMLS:C0011860:T047:DISO","score":1.0,"id":1,"start":926,"end":941,"text":"type 2 diabetes","terms":[]},{"ids":"UMLS:C1862382:T047:DISO","score":1.0,"id":2,"start":949,"end":951,"text":"AA","terms":[]}]},{"id":6,"start":1071,"end":1170,"text":"We conclude that the SNPs of SLC2A2 predict the conversion to diabetes in obese subjects with IGT..","terms":[{"ids":"UNIPROT:P11168:T116:PRGE","score":0.6345574069174867,"id":1,"start":1100,"end":1106,"text":"SLC2A2","terms":[]},{"ids":"UMLS:C0011847:T047:DISO|UMLS:C0011849:T047:DISO","score":1.0,"id":2,"start":1133,"end":1141,"text":"diabetes","terms":[]},{"ids":"UMLS:C0028754:T047:DISO","score":1.0,"id":3,"start":1145,"end":1150,"text":"obese","terms":[]}]}]