[{"id":0,"start":0,"end":99,"text":"Identification of a novel WFS1 mutation (AFF344-345ins) in Japanese patients with Wolfram syndrome.","terms":[{"ids":"UMLS:C0043207:T047:DISO|UNIPROT:O76024:T116:PRGE","score":1.0,"id":1,"start":26,"end":30,"text":"WFS1","terms":[]},{"ids":"UMLS:C0043207:T047:DISO","score":1.0,"id":2,"start":82,"end":98,"text":"Wolfram syndrome","terms":[]}]},{"id":1,"start":100,"end":279,"text":"Wolfram syndrome (WFS) is an autosomal recessive disorder characterized by early onset diabetes mellitus, progressive optic atrophy, sensorineural deafness and diabetes insipidus.","terms":[{"ids":"UMLS:C0043207:T047:DISO","score":1.0,"id":1,"start":100,"end":116,"text":"Wolfram syndrome","terms":[]},{"ids":"UMLS:C0043207:T047:DISO","score":1.0,"id":2,"start":118,"end":121,"text":"WFS","terms":[]},{"ids":"UMLS:C0011849:T047:DISO","score":1.0,"id":3,"start":187,"end":204,"text":"diabetes mellitus","terms":[]},{"ids":"UMLS:C0029124:T047:DISO","score":1.0,"id":4,"start":218,"end":231,"text":"optic atrophy","terms":[{"ids":"UMLS:C0015392:T023:ANAT","score":1.0,"id":1,"start":218,"end":223,"text":"optic","terms":[]}]},{"ids":"UMLS:C0018784:T047:DISO","score":1.0,"id":5,"start":233,"end":255,"text":"sensorineural deafness","terms":[]},{"ids":"UMLS:C0011848:T047:DISO|UMLS:C0687720:T047:DISO","score":1.0,"id":6,"start":260,"end":278,"text":"diabetes insipidus","terms":[]}]},{"id":2,"start":280,"end":389,"text":"Affected individuals may also have renal tract abnormalities as well as neurogical and psychiatric syndromes.","terms":[{"ids":"UMLS:C0022646:T023:ANAT","score":1.0,"id":1,"start":315,"end":320,"text":"renal","terms":[]},{"ids":"UMLS:C1185740:T023:ANAT","score":1.0,"id":2,"start":321,"end":326,"text":"tract","terms":[]},{"ids":"UMLS:C0039082:T047:DISO","score":1.0,"id":3,"start":379,"end":388,"text":"syndromes","terms":[]}]},{"id":3,"start":390,"end":475,"text":"WFS1 encoding a transmembrane protein was identified as the gene responsible for WFS.","terms":[{"ids":"UMLS:C0043207:T047:DISO|UNIPROT:O76024:T116:PRGE","score":1.0,"id":1,"start":390,"end":394,"text":"WFS1","terms":[]},{"ids":"UMLS:C0043207:T047:DISO","score":1.0,"id":2,"start":471,"end":474,"text":"WFS","terms":[]}]},{"id":4,"start":476,"end":551,"text":"We report herein a Japanese family, of which two members had this syndrome.","terms":[{"ids":"UMLS:C0039082:T047:DISO","score":1.0,"id":1,"start":542,"end":550,"text":"syndrome","terms":[]}]},{"id":5,"start":552,"end":664,"text":"In the WFS1 gene of these patients, we identified a novel mutation, a nine nucleotide insertion (AFF344-345ins).","terms":[{"ids":"UNIPROT:O76024:T116:PRGE","score":0.903371742497861,"id":1,"start":559,"end":568,"text":"WFS1 gene","terms":[{"ids":"UMLS:C0043207:T047:DISO","score":1.0,"id":1,"start":559,"end":563,"text":"WFS1","terms":[]}]}]},{"id":6,"start":665,"end":768,"text":"In addition, one of these patients had preclinical hypopituitarism, which is an unusual feature of WFS.","terms":[{"ids":"UMLS:C0020635:T047:DISO","score":1.0,"id":1,"start":716,"end":731,"text":"hypopituitarism","terms":[]},{"ids":"UMLS:C0043207:T047:DISO","score":1.0,"id":2,"start":764,"end":767,"text":"WFS","terms":[]}]},{"id":7,"start":769,"end":910,"text":"As only the two family members homozygous for the mutation showed WFS, these data support the notion that this mutation is the cause of WFS..","terms":[{"ids":"UMLS:C0043207:T047:DISO","score":1.0,"id":1,"start":835,"end":838,"text":"WFS","terms":[]},{"ids":"UMLS:C0043207:T047:DISO","score":1.0,"id":2,"start":905,"end":908,"text":"WFS","terms":[]}]}]