[{"id":0,"start":0,"end":128,"text":"Successful therapy with argatroban for superior mesenteric vein thrombosis in a patient with congenital antithrombin deficiency.","terms":[{"ids":"","score":1.0,"id":1,"start":39,"end":74,"text":"superior mesenteric vein thrombosis","terms":[{"ids":"UMLS:C0226742:T023:ANAT","score":1.0,"id":1,"start":39,"end":63,"text":"superior mesenteric vein","terms":[]},{"ids":"UMLS:C0267412:T047:DISO","score":1.0,"id":2,"start":48,"end":74,"text":"mesenteric vein thrombosis","terms":[]}]},{"ids":"UMLS:C0272375:T047:DISO","score":1.0,"id":2,"start":104,"end":127,"text":"antithrombin deficiency","terms":[{"ids":"UNIPROT:P05546:T116:PRGE","score":0.999198400137026,"id":1,"start":104,"end":116,"text":"antithrombin","terms":[]}]}]},{"id":1,"start":129,"end":258,"text":"A 38-year-old woman was admitted with superior mesenteric vein (SMV) thrombosis, which was refractory to anticoagulation therapy.","terms":[{"ids":"UMLS:C0226742:T023:ANAT","score":1.0,"id":1,"start":167,"end":191,"text":"superior mesenteric vein","terms":[]}]},{"id":2,"start":259,"end":399,"text":"The plasma antithrombin activity was decreased and hardly compensated by concentrated antithrombin preparation due to high consumption rate.","terms":[{"ids":"UNIPROT:P05546:T116:PRGE","score":0.9502888803589392,"id":1,"start":270,"end":282,"text":"antithrombin","terms":[]},{"ids":"UNIPROT:P05546:T116:PRGE","score":0.9502888803589392,"id":2,"start":345,"end":357,"text":"antithrombin","terms":[]}]},{"id":3,"start":400,"end":508,"text":"However, successful anticoagulation was achieved by administration of direct thrombin inhibitor, argatroban.","terms":[{"ids":"UNIPROT:P00734:T116:PRGE","score":0.9975385365368888,"id":1,"start":477,"end":485,"text":"thrombin","terms":[]}]},{"id":4,"start":509,"end":613,"text":"Family studies of antithrombin activity revealed that she had type I congenital antithrombin deficiency.","terms":[{"ids":"UNIPROT:P05546:T116:PRGE","score":0.881491716425294,"id":1,"start":527,"end":539,"text":"antithrombin","terms":[]},{"ids":"","score":1.0,"id":2,"start":571,"end":612,"text":"type I congenital antithrombin deficiency","terms":[{"ids":"UNIPROT:Q13326:T116:PRGE|UNIPROT:P38405:T116:PRGE","score":0.881491716425294,"id":1,"start":571,"end":601,"text":"type I congenital antithrombin","terms":[]},{"ids":"UMLS:C0272375:T047:DISO","score":1.0,"id":2,"start":589,"end":612,"text":"antithrombin deficiency","terms":[]}]}]},{"id":5,"start":614,"end":764,"text":"A novel heterozygous mutation in the gene for antithrombin (single nucleotide T insertion at 7916 and 7917, Glu 272 to stop in exon 4) was identified.","terms":[{"ids":"UNIPROT:P05546:T116:PRGE","score":0.9936610569220379,"id":1,"start":660,"end":672,"text":"antithrombin","terms":[]}]},{"id":6,"start":765,"end":886,"text":"Argatroban administration would be effective in the treatment of congenital antithrombin deficiency with SMV thrombosis..","terms":[{"ids":"UMLS:C0272375:T047:DISO","score":1.0,"id":1,"start":841,"end":864,"text":"antithrombin deficiency","terms":[{"ids":"UNIPROT:P05546:T116:PRGE","score":0.974950603575972,"id":1,"start":841,"end":853,"text":"antithrombin","terms":[]}]}]}]