[{"id":0,"start":0,"end":69,"text":"Two novel mutations in SRY gene form Chinese sex reversal XY females.","terms":[{"ids":"UNIPROT:Q05066:T116:PRGE","score":0.5690253474101797,"id":1,"start":23,"end":31,"text":"SRY gene","terms":[]},{"ids":"UMLS:C0432470:T047:DISO","score":1.0,"id":2,"start":58,"end":68,"text":"XY females","terms":[]}]},{"id":1,"start":70,"end":190,"text":"The SRY gene (sex determining region on Y chromosome) acts as TDF and is required for regulating male sex determination.","terms":[{"ids":"UNIPROT:Q05066:T116:PRGE","score":0.6986995912845712,"id":1,"start":74,"end":82,"text":"SRY gene","terms":[]}]},{"id":2,"start":191,"end":353,"text":"SRY represents a transcription factor belonging to the superfamily of genes sharing the HMG-box motif (high-mobility group-box), which acts as DNA binding region.","terms":[{"ids":"UNIPROT:Q05066:T116:PRGE","score":0.2340416216680119,"id":1,"start":191,"end":194,"text":"SRY","terms":[]}]},{"id":3,"start":354,"end":443,"text":"Deletion and inactivating mutations of SRY are among the known causes of XY sex reversal.","terms":[{"ids":"UNIPROT:Q05066:T116:PRGE","score":0.9151941924122817,"id":1,"start":393,"end":396,"text":"SRY","terms":[]}]},{"id":4,"start":444,"end":584,"text":"Here, we described the screening of 10 patients who presented with 46,XY sex reversal for mutations in open reading frame (ORF) of SRY gene.","terms":[{"ids":"UMLS:C0013570:T047:DISO","score":1.0,"id":1,"start":567,"end":570,"text":"ORF","terms":[]},{"ids":"UNIPROT:Q05066:T116:PRGE","score":0.9756764138809612,"id":2,"start":575,"end":583,"text":"SRY gene","terms":[]}]},{"id":5,"start":585,"end":647,"text":"DNA was isolated from blood samples using standard techniques.","terms":[]},{"id":6,"start":648,"end":752,"text":"A 609 bp fragment from the central portion of the SRY gene was amplified, using primers XES-2 and XES-7.","terms":[{"ids":"UNIPROT:Q05066:T116:PRGE","score":0.3736780415487252,"id":1,"start":698,"end":706,"text":"SRY gene","terms":[]}]},{"id":7,"start":753,"end":920,"text":"The amplified PCR fragments were cloned into the pUCm-T vectors, and direct sequencing were carried out on an ABI 377-3 automated DNA sequencer to detect the mutation.","terms":[]},{"id":8,"start":921,"end":1006,"text":"PCR-restriction enzyme digestion was applied to detect the results of DNA sequencing.","terms":[]},{"id":9,"start":1007,"end":1075,"text":"In two patients,de novo mutations led to an amino acid substitution.","terms":[]},{"id":10,"start":1076,"end":1244,"text":"An A was replaced by a G in codon 38 upstream of the 5\u0027 border outside the HMG box of the SRY gene, resulting in the replacement of the amino acid glutamate by glycine.","terms":[{"ids":"UNIPROT:Q05066:T116:PRGE","score":0.45813425075426106,"id":1,"start":1166,"end":1174,"text":"SRY gene","terms":[]}]},{"id":11,"start":1245,"end":1431,"text":"Another heterozygous T to A transition at the nucleotide position +387 which encodes for a Tyrosine (Tyr) instead of a Term, whereas her father was proven to have the wild-type sequence.","terms":[{"ids":"UNIPROT:P48775:T116:PRGE","score":0.5921092717446425,"id":1,"start":1266,"end":1272,"text":"T to A","terms":[]}]},{"id":12,"start":1432,"end":1506,"text":"These point mutations have been confirmed with PCR-restrict enzyme method.","terms":[]},{"id":13,"start":1507,"end":1757,"text":"As demonstrated by the Human Gene Mutation Database analysis,homology search, and review of the literature, these two mutations were not described previously and brought the total number of SRY gene nucleotide substitutions (missense/nonsense) to 45.","terms":[{"ids":"UNIPROT:Q05066:T116:PRGE","score":0.7978517167118703,"id":1,"start":1697,"end":1705,"text":"SRY gene","terms":[]}]},{"id":14,"start":1758,"end":1916,"text":"These findings indicated that these amino acid substitutions may be responsible for the sex reversal,not only inside the HMG-box but also outside the HMG-box.","terms":[]},{"id":15,"start":1917,"end":2072,"text":"The two novel mutations in SRY gene provided valuable information for understanding the molecular mechanism of the patient with 46,XY female sex reversal..","terms":[{"ids":"UNIPROT:Q05066:T116:PRGE","score":0.7158289461291294,"id":1,"start":1944,"end":1952,"text":"SRY gene","terms":[]},{"ids":"UMLS:C0432470:T047:DISO","score":1.0,"id":2,"start":2048,"end":2057,"text":"XY female","terms":[]}]}]