[{"id":0,"start":0,"end":155,"text":"The 5alpha-reductase type II A49T and V89L high-activity allelic variants are more common in men with prostate cancer compared with the general population.","terms":[{"ids":"UNIPROT:Q8NEX9:T116:PRGE","score":0.6028895485929452,"id":1,"start":4,"end":33,"text":"5alpha-reductase type II A49T","terms":[]},{"ids":"UMLS:C0033572:T023:ANAT","score":1.0,"id":2,"start":102,"end":110,"text":"prostate","terms":[]}]},{"id":1,"start":156,"end":343,"text":"OBJECTIVES: To compare men with prostate disease with those from the general population regarding polymorphisms in the androgen receptor gene and in the 5alpha-reductase II (SRD5A2) gene.","terms":[{"ids":"UMLS:C0033575:T047:DISO","score":1.0,"id":1,"start":188,"end":204,"text":"prostate disease","terms":[{"ids":"UMLS:C0033572:T023:ANAT","score":1.0,"id":1,"start":188,"end":196,"text":"prostate","terms":[]}]},{"ids":"UNIPROT:P10275:T116:PRGE","score":0.989132781538194,"id":2,"start":275,"end":297,"text":"androgen receptor gene","terms":[]},{"ids":"UNIPROT:Q8NEX9:T116:PRGE","score":0.989132781538194,"id":3,"start":309,"end":328,"text":"5alpha-reductase II","terms":[]},{"ids":"UNIPROT:P31213:T116:PRGE","score":0.989132781538194,"id":4,"start":330,"end":336,"text":"SRD5A2","terms":[]}]},{"id":2,"start":344,"end":614,"text":"MATERIALS AND METHODS: The SRD5A2 polymorphisms A49T, V89L and R227Q, the androgen receptor CAG and GGN repeats and sex hormone status was investigated in  men with prostate cancer (CaP) (n\u003d89), benign prostate hyperplasia (n\u003d45) and healthy military conscripts (n\u003d223).","terms":[{"ids":"UNIPROT:P10275:T116:PRGE","score":0.16630950836000422,"id":1,"start":418,"end":439,"text":"androgen receptor CAG","terms":[]},{"ids":"UNIPROT:Q86UU5:T116:PRGE","score":0.16630950836000422,"id":2,"start":444,"end":455,"text":"GGN repeats","terms":[]},{"ids":"UNIPROT:P51805:T116:PRGE","score":0.16630950836000422,"id":3,"start":460,"end":471,"text":"sex hormone","terms":[]},{"ids":"UMLS:C0033572:T023:ANAT","score":1.0,"id":4,"start":509,"end":517,"text":"prostate","terms":[]},{"ids":"UMLS:C1855179:T047:DISO","score":1.0,"id":5,"start":526,"end":529,"text":"CaP","terms":[]},{"ids":"UMLS:C2937421:T047:DISO","score":1.0,"id":6,"start":546,"end":566,"text":"prostate hyperplasia","terms":[{"ids":"UMLS:C0033572:T023:ANAT","score":1.0,"id":1,"start":546,"end":554,"text":"prostate","terms":[]}]}]},{"id":3,"start":615,"end":785,"text":"RESULTS: The SRD5A2 high-activity allele variants A49T AT and V89L LL were more frequent in CaP-patients compared to general population, p\u003d0.026 and p\u003d0.05, respectively.","terms":[{"ids":"UNIPROT:P31213:T116:PRGE","score":0.7162946896661034,"id":1,"start":628,"end":672,"text":"SRD5A2 high-activity allele variants A49T AT","terms":[]},{"ids":"UMLS:C1855179:T047:DISO","score":1.0,"id":2,"start":707,"end":710,"text":"CaP","terms":[]}]},{"id":4,"start":786,"end":847,"text":"CaP progression was, however, independent of SRD5A2 variants.","terms":[{"ids":"UMLS:C1855179:T047:DISO","score":1.0,"id":1,"start":786,"end":789,"text":"CaP","terms":[]},{"ids":"UNIPROT:P31213:T116:PRGE","score":0.5152007845550268,"id":2,"start":831,"end":846,"text":"SRD5A2 variants","terms":[]}]},{"id":5,"start":848,"end":966,"text":"In contrary, men with GGN\u003c23 had a higher risk of dying from the disease than their  counterparts with longer repeats.","terms":[]},{"id":6,"start":967,"end":1130,"text":"CONCLUSIONS: Men with CaP were more often genetically predisposed to a higher enzymatic activity in the turn over from T to DHT compared to the general population.","terms":[{"ids":"UMLS:C1855179:T047:DISO","score":1.0,"id":1,"start":989,"end":992,"text":"CaP","terms":[]}]},{"id":7,"start":1131,"end":1199,"text":"In our population, androgen receptor genotype affected CaP outcome..","terms":[{"ids":"UNIPROT:P10275:T116:PRGE","score":0.5702294901430218,"id":1,"start":1150,"end":1176,"text":"androgen receptor genotype","terms":[]},{"ids":"UMLS:C1855179:T047:DISO","score":1.0,"id":2,"start":1186,"end":1189,"text":"CaP","terms":[]}]}]