[{"id":0,"start":0,"end":89,"text":"Allelic expression imbalance of human mu opioid receptor (OPRM1) caused by variant A118G.","terms":[{"ids":"UNIPROT:Q8TA86:T116:PRGE|UNIPROT:Q9H0Z9:T116:PRGE","score":0.8311087780653299,"id":1,"start":32,"end":56,"text":"human mu opioid receptor","terms":[]}]},{"id":1,"start":90,"end":222,"text":"As a primary target for opioid drugs and peptides, the mu opioid receptor (OPRM1) plays a key role in pain perception and addiction.","terms":[{"ids":"UNIPROT:P25787:T116:PRGE|UNIPROT:Q8TDH9:T116:PRGE|UNIPROT:P09488:T116:PRGE|UNIPROT:P01871:T116:PRGE","score":0.774085476515524,"id":1,"start":145,"end":163,"text":"mu opioid receptor","terms":[]}]},{"id":2,"start":223,"end":456,"text":"Genetic variants of OPRM1 have been implicated in predisposition to drug addiction, in particular the single nucleotide polymorphism A118G, leading to an N40D substitution, with an allele frequency of 10-32%, and uncertain functions.","terms":[]},{"id":3,"start":457,"end":571,"text":"We have measured allele-specific mRNA expression of OPRM1 in human autopsy brain tissues, using A118G as a marker.","terms":[{"ids":"UMLS:C0006104:T023:ANAT","score":1.0,"id":1,"start":532,"end":537,"text":"brain","terms":[]}]},{"id":4,"start":572,"end":681,"text":"In 8 heterozygous samples measured, the A118 mRNA allele was 1.5-2.5-fold more abundant than the G118 allele.","terms":[]},{"id":5,"start":682,"end":1022,"text":"Transfection into Chinese hamster ovary cells of a cDNA representing only the coding region of OPRM1, carrying adenosine, guanosine, cytidine, and thymidine in position 118, resulted in 1.5-fold lower mRNA levels only for OPRM1-G118, and more than 10-fold lower OPRM1 protein levels, measured by Western blotting and receptor binding assay.","terms":[{"ids":"UMLS:C0029939:T023:ANAT|UMLS:C0227898:T023:ANAT","score":1.0,"id":1,"start":716,"end":721,"text":"ovary","terms":[]},{"ids":"UNIPROT:Q92791:T116:PRGE|UNIPROT:O14495:T116:PRGE|UNIPROT:Q5T1R4:T116:PRGE|UNIPROT:Q13526:T116:PRGE|UNIPROT:Q15233:T116:PRGE","score":0.31374088346398726,"id":2,"start":944,"end":957,"text":"OPRM1 protein","terms":[]}]},{"id":6,"start":1023,"end":1254,"text":"After transfection and inhibition of transcription with actinomycin D, analysis of mRNA turnover failed to reveal differences in mRNA stability between A118 and G118 alleles, indicating a defect in transcription or mRNA maturation.","terms":[{"ids":"UMLS:C1861101:T047:DISO","score":1.0,"id":1,"start":1211,"end":1217,"text":"defect","terms":[]}]},{"id":7,"start":1255,"end":1374,"text":"These results indicate that OPRM1-G118 is a functional variant with deleterious effects on both mRNA and protein yield.","terms":[]},{"id":8,"start":1375,"end":1560,"text":"Clarifying the functional relevance of polymorphisms associated with susceptibility to a complex disorder such as drug addiction provides a foundation for clinical association studies..","terms":[]}]