[{"id":0,"start":0,"end":93,"text":"Polymorphism of the PEMT gene and susceptibility to nonalcoholic fatty liver disease (NAFLD).","terms":[{"ids":"UNIPROT:Q9UBM1:T116:PRGE","score":0.9494739621909051,"id":1,"start":20,"end":29,"text":"PEMT gene","terms":[]},{"ids":"UMLS:C0400966:T047:DISO","score":1.0,"id":2,"start":52,"end":84,"text":"nonalcoholic fatty liver disease","terms":[{"ids":"UMLS:C0023884:T023:ANAT","score":1.0,"id":1,"start":71,"end":76,"text":"liver","terms":[]}]},{"ids":"UMLS:C0400966:T047:DISO","score":1.0,"id":3,"start":86,"end":91,"text":"NAFLD","terms":[]}]},{"id":1,"start":94,"end":186,"text":"Phosphatidylethanolamine N-methyltransferase (PEMT) catalyzes phosphatidylcholine synthesis.","terms":[{"ids":"UNIPROT:Q9UBM1:T116:PRGE","score":0.8943379646490436,"id":1,"start":140,"end":144,"text":"PEMT","terms":[]}]},{"id":2,"start":187,"end":351,"text":"PEMT knockout mice have fatty livers, and it is possible that, in humans, nonalcoholic fatty liver disease (NAFLD) might be associated with PEMT gene polymorphisms.","terms":[{"ids":"UMLS:C0015695:T047:DISO","score":1.0,"id":1,"start":211,"end":223,"text":"fatty livers","terms":[{"ids":"UMLS:C0023884:T023:ANAT","score":1.0,"id":1,"start":217,"end":223,"text":"livers","terms":[]}]},{"ids":"UMLS:C0400966:T047:DISO","score":1.0,"id":2,"start":261,"end":293,"text":"nonalcoholic fatty liver disease","terms":[{"ids":"UMLS:C0023884:T023:ANAT","score":1.0,"id":1,"start":280,"end":285,"text":"liver","terms":[]}]},{"ids":"UMLS:C0400966:T047:DISO","score":1.0,"id":3,"start":295,"end":300,"text":"NAFLD","terms":[]},{"ids":"UNIPROT:Q9UBM1:T116:PRGE","score":0.8167884976282821,"id":4,"start":327,"end":336,"text":"PEMT gene","terms":[]}]},{"id":3,"start":352,"end":536,"text":"DNA samples from 59 humans without fatty liver and from 28 humans with NAFLD were genotyped for a single nucleotide polymorphism in exon 8 of PEMT, which leads to a V175M substitution.","terms":[{"ids":"UMLS:C0015695:T047:DISO","score":1.0,"id":1,"start":387,"end":398,"text":"fatty liver","terms":[{"ids":"UMLS:C0023884:T023:ANAT","score":1.0,"id":1,"start":393,"end":398,"text":"liver","terms":[]}]},{"ids":"UMLS:C0400966:T047:DISO","score":1.0,"id":2,"start":423,"end":428,"text":"NAFLD","terms":[]}]},{"id":4,"start":537,"end":711,"text":"V175M is a loss of function mutation, as determined by transiently transfecting McArdle-RH7777 cells with constructs of wild-type PEMT open reading frame or the V175M mutant.","terms":[{"ids":"UNIPROT:Q13326:T116:PRGE|UNIPROT:P38405:T116:PRGE","score":0.32134842214916537,"id":1,"start":657,"end":690,"text":"wild-type PEMT open reading frame","terms":[]}]},{"id":5,"start":712,"end":845,"text":"Met/Met at residue 175 (loss of function SNP) occurred in 67.9% of the NAFLD subjects and in only 40.7% of control subjects (P\u003c0.03).","terms":[{"ids":"UMLS:C0400966:T047:DISO","score":1.0,"id":1,"start":783,"end":788,"text":"NAFLD","terms":[]}]},{"id":6,"start":846,"end":1005,"text":"For the first time we report that a polymorphism of the human PEMT gene (V175M) is associated with diminished activity and may confer susceptibility to NAFLD..","terms":[{"ids":"UNIPROT:Q8TA86:T116:PRGE|UNIPROT:Q9H0Z9:T116:PRGE","score":0.298418942212149,"id":1,"start":902,"end":917,"text":"human PEMT gene","terms":[]},{"ids":"UMLS:C0400966:T047:DISO","score":1.0,"id":2,"start":998,"end":1003,"text":"NAFLD","terms":[]}]}]