[{"id":0,"start":0,"end":138,"text":"Identification and characterization of missense alterations in the BRCA1 associated RING domain (BARD1) gene in breast and ovarian cancer.","terms":[{"ids":"UNIPROT:P38398:T116:PRGE","score":0.8403799552086819,"id":1,"start":67,"end":95,"text":"BRCA1 associated RING domain","terms":[]},{"ids":"UNIPROT:Q99728:T116:PRGE","score":0.8403799552086819,"id":2,"start":97,"end":102,"text":"BARD1","terms":[]},{"ids":"UMLS:C0006141:T023:ANAT","score":1.0,"id":3,"start":112,"end":118,"text":"breast","terms":[]},{"ids":"UMLS:C0205065:T023:ANAT","score":1.0,"id":4,"start":123,"end":130,"text":"ovarian","terms":[]}]},{"id":1,"start":139,"end":275,"text":"BACKGROUND: BRCA1 associated RING domain protein (BARD1) was originally identified due to its interaction with the RING domain of BRCA1.","terms":[{"ids":"UNIPROT:P38398:T116:PRGE","score":0.7943204550886712,"id":1,"start":151,"end":187,"text":"BRCA1 associated RING domain protein","terms":[]},{"ids":"UNIPROT:Q99728:T116:PRGE","score":0.7943204550886712,"id":2,"start":189,"end":194,"text":"BARD1","terms":[]},{"ids":"UNIPROT:P38398:T116:PRGE","score":0.7943204550886712,"id":3,"start":269,"end":274,"text":"BRCA1","terms":[]}]},{"id":2,"start":276,"end":425,"text":"BARD1 is required for S phase progression, contact inhibition and normal nuclear division, as well as for BRCA1 independent, p53 dependent apoptosis.","terms":[{"ids":"UNIPROT:Q99728:T116:PRGE","score":0.9831193706937621,"id":1,"start":276,"end":281,"text":"BARD1","terms":[]},{"ids":"UNIPROT:P38398:T116:PRGE","score":0.9831193706937621,"id":2,"start":382,"end":387,"text":"BRCA1","terms":[]},{"ids":"UNIPROT:P42771:T116:PRGE","score":0.9831193706937621,"id":3,"start":401,"end":404,"text":"p53","terms":[]}]},{"id":3,"start":426,"end":670,"text":"METHODS: To investigate whether alterations in BARD1 are involved in human breast and ovarian cancer, we used single strand conformation polymorphism analysis and  sequencing on 35 breast tumours and cancer cell lines and on 21 ovarian tumours.","terms":[{"ids":"UNIPROT:Q99728:T116:PRGE","score":0.9949809286623064,"id":1,"start":473,"end":478,"text":"BARD1","terms":[]},{"ids":"UMLS:C0006141:T023:ANAT","score":1.0,"id":2,"start":501,"end":507,"text":"breast","terms":[]},{"ids":"UMLS:C0205065:T023:ANAT","score":1.0,"id":3,"start":512,"end":519,"text":"ovarian","terms":[]},{"ids":"UMLS:C0006141:T023:ANAT","score":1.0,"id":4,"start":607,"end":613,"text":"breast","terms":[]},{"ids":"UMLS:C0205065:T023:ANAT","score":1.0,"id":5,"start":654,"end":661,"text":"ovarian","terms":[]}]},{"id":4,"start":671,"end":852,"text":"RESULTS: Along with the G2355C (S761N) missense mutation previously identified in a uterine cancer, we found two other variants in breast cancers, T2006C (C645R) and A2286G (I738V).","terms":[{"ids":"UMLS:C0042149:T023:ANAT","score":1.0,"id":1,"start":755,"end":762,"text":"uterine","terms":[]},{"ids":"UMLS:C0006141:T023:ANAT","score":1.0,"id":2,"start":802,"end":808,"text":"breast","terms":[]}]},{"id":5,"start":853,"end":918,"text":"The T2006C (C645R) mutation was also found in one ovarian tumour.","terms":[{"ids":"UMLS:C0205065:T023:ANAT","score":1.0,"id":1,"start":903,"end":910,"text":"ovarian","terms":[]}]},{"id":6,"start":919,"end":1033,"text":"A variant of uncertain consequence, G1743C (C557S), was found to be homozygous or hemizygous in an ovarian tumour.","terms":[{"ids":"UMLS:C0205065:T023:ANAT","score":1.0,"id":1,"start":1018,"end":1025,"text":"ovarian","terms":[]}]},{"id":7,"start":1034,"end":1119,"text":"Eleven variants of BARD1 were characterised with respect to known functions of BARD1.","terms":[{"ids":"UNIPROT:Q99728:T116:PRGE","score":0.9538395172400713,"id":1,"start":1053,"end":1058,"text":"BARD1","terms":[]},{"ids":"UNIPROT:Q99728:T116:PRGE","score":0.9538395172400713,"id":2,"start":1113,"end":1118,"text":"BARD1","terms":[]}]},{"id":8,"start":1120,"end":1282,"text":"None of the variants appears to affect localisation or interaction with BRCA1; however, putative disease associated alleles appear to affect the stability of p53.","terms":[{"ids":"UNIPROT:P38398:T116:PRGE","score":0.9825855254338306,"id":1,"start":1192,"end":1197,"text":"BRCA1","terms":[]},{"ids":"UNIPROT:P42771:T116:PRGE","score":0.9825855254338306,"id":2,"start":1278,"end":1281,"text":"p53","terms":[]}]},{"id":9,"start":1283,"end":1385,"text":"These same mutations also appear to abrogate the growth suppressive and apoptotic activities of BARD1.","terms":[{"ids":"UNIPROT:Q99728:T116:PRGE","score":0.9898625218491006,"id":1,"start":1379,"end":1384,"text":"BARD1","terms":[]}]},{"id":10,"start":1386,"end":1642,"text":"CONCLUSIONS: These activities allowed us to identify one of the rare variants (A2286G; I738V) as a neutral polymorphism rather than a detrimental mutation, and suggested that G1743C (C557S) is not a polymorphism but may contribute to the cancer phenotype..","terms":[]}]