[{"id":0,"start":0,"end":118,"text":"Novel amino acid substitution in the Y-position of collagen type II causes spondyloepimetaphyseal dysplasia congenita.","terms":[{"ids":"UNIPROT:P27037:T116:PRGE","score":0.9993229802257229,"id":1,"start":51,"end":67,"text":"collagen type II","terms":[]}]},{"id":1,"start":119,"end":258,"text":"We report on monozygotic twins with short stature and severe spondyloepimetaphyseal dysplasia congenita (SEMDC) from the Polish population.","terms":[{"ids":"UMLS:C0013336:T047:DISO","score":1.0,"id":1,"start":155,"end":168,"text":"short stature","terms":[]},{"ids":"UMLS:C0700635:T047:DISO","score":1.0,"id":2,"start":224,"end":229,"text":"SEMDC","terms":[]}]},{"id":2,"start":259,"end":440,"text":"Phenotype of the twin girls resembles spondyloepiphyseal dysplasia congenita Spranger-Wiedemann (SEDC-SW), but shortening of the stature is more severe and the cranioface is normal.","terms":[{"ids":"UMLS:C2745959:T047:DISO","score":1.0,"id":1,"start":297,"end":335,"text":"spondyloepiphyseal dysplasia congenita","terms":[]},{"ids":"UMLS:C2745959:T047:DISO","score":1.0,"id":2,"start":356,"end":360,"text":"SEDC","terms":[]}]},{"id":3,"start":441,"end":586,"text":"The distinctive radiographic features, in spite of similarity to SEDC-SW, indicate different spinal and, notably, severe metaphyseal involvement.","terms":[{"ids":"UNIPROT:P02730:T116:PRGE","score":0.8073555185278559,"id":1,"start":506,"end":513,"text":"SEDC-SW","terms":[{"ids":"UMLS:C2745959:T047:DISO","score":1.0,"id":1,"start":506,"end":510,"text":"SEDC","terms":[]}]}]},{"id":4,"start":587,"end":775,"text":"Molecular analysis of the COL2A1 gene revealed an A to G transition at nucleotide +79 of exon 41 that converted the codon for arginine at amino acid 792 to a codon for glycine (Arg792Gly).","terms":[{"ids":"UNIPROT:Q9H3M7:T116:PRGE","score":0.9349599791325942,"id":1,"start":613,"end":624,"text":"COL2A1 gene","terms":[]}]},{"id":5,"start":776,"end":856,"text":"The twins were heterozygous for the mutation and neither parent had this change.","terms":[]},{"id":6,"start":857,"end":1152,"text":"The Arg792Gly substitution is located at the Y-position of Gly-X-Y triplet, and it is likely that this substitution decreased the thermal stability of the triple helix and may affect fibril growth by replacement of an arginine residue, which is important for a conformation of the triple helix..","terms":[{"ids":"UMLS:C0229304:T023:ANAT","score":1.0,"id":1,"start":1019,"end":1024,"text":"helix","terms":[]},{"ids":"UMLS:C0229304:T023:ANAT","score":1.0,"id":2,"start":1145,"end":1150,"text":"helix","terms":[]}]}]