[{"id":0,"start":0,"end":53,"text":"Molecular characterization of ring finger protein 11.","terms":[{"ids":"UNIPROT:Q9Y3C5:T116:PRGE","score":0.7239885274798686,"id":1,"start":30,"end":52,"text":"ring finger protein 11","terms":[{"ids":"UMLS:C0230398:T023:ANAT","score":1.0,"id":1,"start":30,"end":41,"text":"ring finger","terms":[]}]}]},{"id":1,"start":54,"end":118,"text":"Ring finger proteins serve many vital functions within the cell.","terms":[{"ids":"UMLS:C0230398:T023:ANAT","score":1.0,"id":1,"start":54,"end":65,"text":"Ring finger","terms":[]}]},{"id":2,"start":119,"end":235,"text":"We have identified RNF11, a novel 154-amino acid ring finger-containing protein, which is elevated in breast cancer.","terms":[{"ids":"UNIPROT:Q9Y3C5:T116:PRGE","score":0.935099138719575,"id":1,"start":138,"end":143,"text":"RNF11","terms":[]},{"ids":"UMLS:C0230398:T023:ANAT","score":1.0,"id":2,"start":168,"end":179,"text":"ring finger","terms":[]},{"ids":"UMLS:C0006141:T023:ANAT","score":1.0,"id":3,"start":221,"end":227,"text":"breast","terms":[]}]},{"id":3,"start":236,"end":365,"text":"Within its ring finger domain, RNF11 contains an AKT phosphorylation site (T135) that is situated within a 14-3-3 binding domain.","terms":[{"ids":"UMLS:C0230398:T023:ANAT","score":1.0,"id":1,"start":247,"end":258,"text":"ring finger","terms":[]},{"ids":"UNIPROT:Q9Y3C5:T116:PRGE","score":0.8287588905320354,"id":2,"start":267,"end":272,"text":"RNF11","terms":[]}]},{"id":4,"start":366,"end":516,"text":"In WM239 cells with constitutively active AKT, RNF11 exhibits seven distinct phosphopeptides as measured using two-dimensional phosphopeptide mapping.","terms":[{"ids":"UNIPROT:P31749:T116:PRGE","score":0.9825346414994423,"id":1,"start":408,"end":411,"text":"AKT","terms":[]},{"ids":"UNIPROT:Q9Y3C5:T116:PRGE","score":0.9825346414994423,"id":2,"start":413,"end":418,"text":"RNF11","terms":[]}]},{"id":5,"start":517,"end":694,"text":"Upon inhibition of the AKT pathway or mutation of T135, the phosphorylation at one of  these sites is virtually eliminated, suggesting that AKT may phosphorylate RNF11  at T135.","terms":[{"ids":"UNIPROT:P31749:T116:PRGE","score":0.9294198909241949,"id":1,"start":540,"end":543,"text":"AKT","terms":[]},{"ids":"UNIPROT:P31749:T116:PRGE","score":0.9294198909241949,"id":2,"start":657,"end":660,"text":"AKT","terms":[]},{"ids":"UNIPROT:Q9Y3C5:T116:PRGE","score":0.9294198909241949,"id":3,"start":679,"end":684,"text":"RNF11","terms":[]}]},{"id":6,"start":695,"end":799,"text":"Moreover, RNF11 is phosphorylated by AKT in vitro and is recognized by phospho-AKT substrate antibodies.","terms":[{"ids":"UNIPROT:Q9Y3C5:T116:PRGE","score":0.4554224602868231,"id":1,"start":705,"end":710,"text":"RNF11","terms":[]},{"ids":"UNIPROT:P31749:T116:PRGE","score":0.4554224602868231,"id":2,"start":732,"end":735,"text":"AKT","terms":[]}]},{"id":7,"start":800,"end":933,"text":"RNF11 shows enhanced binding to 14-3-3 in WM239 cells compared with that seen in the parental WM35 cells which have low AKT activity.","terms":[{"ids":"UNIPROT:Q9Y3C5:T116:PRGE","score":0.5550915743971978,"id":1,"start":800,"end":805,"text":"RNF11","terms":[]},{"ids":"UNIPROT:P31749:T116:PRGE","score":0.5550915743971978,"id":2,"start":920,"end":923,"text":"AKT","terms":[]}]},{"id":8,"start":934,"end":1077,"text":"Furthermore, treatment of WM239 cells with LY294002 reduces RNF11/14-3-3 interactions suggesting that RNF11/14-3-3 binding is regulated by AKT.","terms":[{"ids":"UNIPROT:Q9Y3C5:T116:PRGE","score":0.4884127680069495,"id":1,"start":994,"end":1006,"text":"RNF11/14-3-3","terms":[]},{"ids":"UNIPROT:Q9Y3C5:T116:PRGE","score":0.4884127680069495,"id":2,"start":1036,"end":1048,"text":"RNF11/14-3-3","terms":[]},{"ids":"UNIPROT:P31749:T116:PRGE","score":0.4884127680069495,"id":3,"start":1073,"end":1076,"text":"AKT","terms":[]}]},{"id":9,"start":1078,"end":1196,"text":"In addition, RNF11/14-3-3 binding is enhanced by constitutively active AKT and is diminished by dominant-negative AKT.","terms":[{"ids":"UNIPROT:Q9Y3C5:T116:PRGE","score":0.7493064486346136,"id":1,"start":1091,"end":1103,"text":"RNF11/14-3-3","terms":[]},{"ids":"UNIPROT:P31749:T116:PRGE","score":0.7493064486346136,"id":2,"start":1149,"end":1152,"text":"AKT","terms":[]}]},{"id":10,"start":1197,"end":1250,"text":"There is also reduced 14-3-3 binding  to T135E RNF11.","terms":[{"ids":"UNIPROT:Q9Y3C5:T116:PRGE","score":0.6078274950006626,"id":1,"start":1238,"end":1249,"text":"T135E RNF11","terms":[]}]},{"id":11,"start":1251,"end":1334,"text":"RNF11 localization was altered from the cytoplasm to the nucleus  by activated AKT.","terms":[{"ids":"UNIPROT:Q9Y3C5:T116:PRGE","score":0.894353576319335,"id":1,"start":1251,"end":1256,"text":"RNF11","terms":[]},{"ids":"UNIPROT:P31749:T116:PRGE","score":0.894353576319335,"id":2,"start":1330,"end":1333,"text":"AKT","terms":[]}]},{"id":12,"start":1335,"end":1456,"text":"Thus, phosphorylation of RNF11 by AKT either causes its nuclear localization or induces degradation of cytoplasmic RNF11.","terms":[{"ids":"UNIPROT:Q9Y3C5:T116:PRGE","score":0.919698584401636,"id":1,"start":1360,"end":1365,"text":"RNF11","terms":[]},{"ids":"UNIPROT:P31749:T116:PRGE","score":0.919698584401636,"id":2,"start":1369,"end":1372,"text":"AKT","terms":[]},{"ids":"UNIPROT:A6NDY0:T116:PRGE|UNIPROT:Q16773:T116:PRGE","score":0.919698584401636,"id":3,"start":1438,"end":1455,"text":"cytoplasmic RNF11","terms":[]}]},{"id":13,"start":1457,"end":1639,"text":"In addition, T135E RNF11, which does not bind 14-3-3 and is not phosphorylated by AKT, causes a greater enhancement of transforming growth factor-beta signaling than wild-type RNF11.","terms":[{"ids":"UNIPROT:Q9Y3C5:T116:PRGE","score":0.2708603329595311,"id":1,"start":1476,"end":1481,"text":"RNF11","terms":[]},{"ids":"UNIPROT:P31749:T116:PRGE","score":0.2708603329595311,"id":2,"start":1539,"end":1542,"text":"AKT","terms":[]},{"ids":"UNIPROT:P01137:T116:PRGE|UNIPROT:P18075:T116:PRGE|UNIPROT:P22004:T116:PRGE","score":0.2708603329595311,"id":3,"start":1576,"end":1607,"text":"transforming growth factor-beta","terms":[]},{"ids":"UNIPROT:Q13326:T116:PRGE|UNIPROT:P38405:T116:PRGE","score":0.2708603329595311,"id":4,"start":1623,"end":1638,"text":"wild-type RNF11","terms":[]}]},{"id":14,"start":1640,"end":1737,"text":"It is clear that RNF11 function, localization, and potentially, degradation are regulated by AKT.","terms":[{"ids":"UNIPROT:Q9Y3C5:T116:PRGE","score":0.852093352894355,"id":1,"start":1657,"end":1662,"text":"RNF11","terms":[]},{"ids":"UNIPROT:P31749:T116:PRGE","score":0.852093352894355,"id":2,"start":1733,"end":1736,"text":"AKT","terms":[]}]},{"id":15,"start":1738,"end":1897,"text":"Disregulation of proper RNF11 function by AKT may prove to be detrimental to patient outcomes, making RNF11 a potential target  for novel cancer therapeutics..","terms":[{"ids":"UNIPROT:Q9Y3C5:T116:PRGE","score":0.9674550343264103,"id":1,"start":1762,"end":1767,"text":"RNF11","terms":[]},{"ids":"UNIPROT:P31749:T116:PRGE","score":0.9674550343264103,"id":2,"start":1780,"end":1783,"text":"AKT","terms":[]},{"ids":"UNIPROT:Q9Y3C5:T116:PRGE","score":0.9674550343264103,"id":3,"start":1840,"end":1845,"text":"RNF11","terms":[]}]}]