[{"id":0,"start":0,"end":119,"text":"A single-nucleotide polymorphism in the 5\u0027-untranslated region of the hPER2 gene is associated with diurnal preference.","terms":[{"ids":"UNIPROT:O15055:T116:PRGE","score":0.9858344429927264,"id":1,"start":70,"end":80,"text":"hPER2 gene","terms":[]}]},{"id":1,"start":120,"end":234,"text":"The PERIOD2 (PER2) gene is a key component of the molecular mechanism that generates circadian rhythms in mammals.","terms":[{"ids":"UNIPROT:O15055:T116:PRGE","score":0.9752797375294093,"id":1,"start":133,"end":137,"text":"PER2","terms":[]}]},{"id":2,"start":235,"end":345,"text":"A missense mutation in the human PER2 gene has previously been linked to advanced sleep phase syndrome (ASPS).","terms":[{"ids":"UNIPROT:Q8TA86:T116:PRGE|UNIPROT:Q9H0Z9:T116:PRGE","score":0.9734093469854466,"id":1,"start":262,"end":277,"text":"human PER2 gene","terms":[]},{"ids":"UMLS:C0854739:T047:DISO","score":1.0,"id":2,"start":308,"end":328,"text":"advanced sleep phase","terms":[]},{"ids":"UMLS:C0039082:T047:DISO","score":1.0,"id":3,"start":329,"end":337,"text":"syndrome","terms":[]}]},{"id":3,"start":346,"end":654,"text":"We have investigated three other single-nucleotide polymorphisms in the hPER2 gene, one downstream of the transcription start site (C-1228T), one in exon 2 in the 5\u0027-untranslated region (5\u0027-UTR) (C111G), and one missense mutation (G3853A) causing a glycine to glutamine substitution in the predicted protein.","terms":[{"ids":"UNIPROT:O15055:T116:PRGE","score":0.6023477393607065,"id":1,"start":418,"end":428,"text":"hPER2 gene","terms":[]}]},{"id":4,"start":655,"end":858,"text":"Subjects selected from a group of 484 volunteers for extreme morning or evening preference, or intermediate diurnal preference were genotyped with regard to the three polymorphisms (n\u003d35 for each group).","terms":[]},{"id":5,"start":859,"end":1196,"text":"Whereas allele frequencies for the other two polymorphisms did not differ significantly between any of the groups, the 111G allele frequency was significantly higher in subjects with extreme morning preference (0.14) than in subjects with extreme evening preference (0.03) (Fisher\u0027s exact test, two-sided P value\u003d0.031, odds ratio\u003d5.67).","terms":[]},{"id":6,"start":1197,"end":1342,"text":"No significant difference in 111G allele frequency was observed between either of these groups and subjects with intermediate diurnal preference.","terms":[]},{"id":7,"start":1343,"end":1521,"text":"Computer prediction indicated that the C111G polymorphism, which occurs 12 bases upstream from the translation start codon, might alter the secondary structure of the transcript.","terms":[]},{"id":8,"start":1522,"end":1624,"text":"The PER2 111G allele associates with morning preference and is a potential candidate allele for ASPS..","terms":[{"ids":"UNIPROT:O15055:T116:PRGE","score":0.8512798511696461,"id":1,"start":1526,"end":1542,"text":"PER2 111G allele","terms":[]}]}]