[{"id":0,"start":0,"end":145,"text":"Combinations of genetic changes in the human cAMP-responsive element modulator gene: a clue towards understanding some forms of male infertility?","terms":[{"ids":"UMLS:C0021364:T047:DISO","score":1.0,"id":1,"start":128,"end":144,"text":"male infertility","terms":[]}]},{"id":1,"start":146,"end":316,"text":"The cAMP-responsive element modulator (CREM) gene plays a pivotal role in the mouse spermatogenesis, but its role in the human infertility has not been fully established.","terms":[{"ids":"UMLS:C0021359:T047:DISO","score":1.0,"id":1,"start":273,"end":284,"text":"infertility","terms":[]}]},{"id":2,"start":317,"end":419,"text":"We performed a mutation screening in 13 Slovenian men with round spermatid arrest and in six controls.","terms":[]},{"id":3,"start":420,"end":658,"text":"Eleven genetic changes have been identified in the human CREM gene, three novel single-nucleotide polymorphisms [within the promoters P1, P3 and intervening sequence 1 (IVS1)], one insertion (IVS2) and one non-sense mutation (exon gamma).","terms":[{"ids":"UNIPROT:Q8TA86:T116:PRGE|UNIPROT:Q9H0Z9:T116:PRGE","score":0.41537742698212804,"id":1,"start":471,"end":486,"text":"human CREM gene","terms":[]}]},{"id":4,"start":659,"end":738,"text":"Some infertile patients seem to accumulate potentially harmful genetic changes.","terms":[{"ids":"UMLS:C0021359:T047:DISO","score":1.0,"id":1,"start":664,"end":673,"text":"infertile","terms":[]}]},{"id":5,"start":739,"end":929,"text":"We identified a patient with no CREM immunoreactive protein that was homozygous for the nucleotide changes in all promoters, IVS 1, 2, 6, and was heterozygous for the mutation in exon gamma.","terms":[{"ids":"UNIPROT:Q92791:T116:PRGE|UNIPROT:O14495:T116:PRGE|UNIPROT:Q5T1R4:T116:PRGE|UNIPROT:Q13526:T116:PRGE|UNIPROT:Q15233:T116:PRGE","score":0.6196375226659302,"id":1,"start":771,"end":798,"text":"CREM immunoreactive protein","terms":[]}]},{"id":6,"start":930,"end":1043,"text":"Interestingly, insertion in IVS2 (IVS2-58_55insT) results in a four-fold decrease in binding of nuclear proteins.","terms":[]},{"id":7,"start":1044,"end":1285,"text":"Computer predictions suggested the presence of a potential novel CREM promoter, however, random amplification of cDNA ends from the human testis cDNA library was not successful in confirming a novel transcription start site of the CREM gene.","terms":[{"ids":"UMLS:C0039597:T023:ANAT","score":1.0,"id":1,"start":1182,"end":1188,"text":"testis","terms":[]},{"ids":"UNIPROT:Q9H3M7:T116:PRGE","score":0.7338259079014204,"id":2,"start":1275,"end":1284,"text":"CREM gene","terms":[]}]},{"id":8,"start":1286,"end":1479,"text":"Screening of a larger number of patients and controls is required to elucidate whether the observed combinations of genetic changes in the CREM gene can explain some forms of male infertility..","terms":[{"ids":"UNIPROT:Q9H3M7:T116:PRGE","score":0.7677660653669444,"id":1,"start":1425,"end":1434,"text":"CREM gene","terms":[]},{"ids":"UMLS:C0021364:T047:DISO","score":1.0,"id":2,"start":1461,"end":1477,"text":"male infertility","terms":[]}]}]