[{"id":0,"start":0,"end":136,"text":"Carrier frequency of mutation 657del5 in the NBS1 gene in a population of Polish pediatric patients with sporadic lymphoid malignancies.","terms":[{"ids":"UNIPROT:O60934:T116:PRGE|UNIPROT:Q9NX02:T116:PRGE","score":0.99329425076227,"id":1,"start":45,"end":54,"text":"NBS1 gene","terms":[]}]},{"id":1,"start":137,"end":321,"text":"Nijmegen breakage syndrome (NBS) is a human autosomal recessive disease characterized by genomic instability and enhanced cancer predisposition, in particular to lymphoma and leukemia.","terms":[{"ids":"UMLS:C0398791:T047:DISO","score":1.0,"id":1,"start":137,"end":163,"text":"Nijmegen breakage syndrome","terms":[]},{"ids":"UMLS:C0398791:T047:DISO","score":1.0,"id":2,"start":165,"end":168,"text":"NBS","terms":[]}]},{"id":2,"start":322,"end":557,"text":"Recently, significantly higher frequencies of heterozygous carriers of the Slavic founder NBS1 mutation, 657del5, were found in Russian children with sporadic lymphoid malignancies, and in Polish adults with non-Hodgkin lymphoma (NHL).","terms":[{"ids":"UMLS:C0263541:T047:DISO","score":1.0,"id":1,"start":404,"end":411,"text":"founder","terms":[]}]},{"id":3,"start":558,"end":688,"text":"In addition, the substitution 643C\u003eT (R215W) has also been found in excess among children with acute lymphoblastic leukemia (ALL).","terms":[]},{"id":4,"start":689,"end":873,"text":"In an attempt to asses the contribution of both mutations to the development of sporadic lymphoid malignancies, we analyzed DNA samples from a large group of Polish pediatric patients.","terms":[]},{"id":5,"start":874,"end":1068,"text":"The NBS1 mutation 657del5 on one allele was found in 3 of 270 patients with ALL and 2 of 212 children and adolescents with NHL; no carrier was found among 63 patients with Hodgkin lymphoma (HL).","terms":[{"ids":"UNIPROT:O60934:T116:PRGE|UNIPROT:Q9NX02:T116:PRGE","score":0.5166852658898653,"id":1,"start":878,"end":891,"text":"NBS1 mutation","terms":[]}]},{"id":6,"start":1069,"end":1137,"text":"No carriers of the variant R215W were detected in any studied group.","terms":[]},{"id":7,"start":1138,"end":1327,"text":"The relative frequency of the 657del5 mutation was calculated from a total of 6,984 controls matched by place of patient residence, of whom 42 were found to be carriers (frequency \u003d 0.006).","terms":[]},{"id":8,"start":1328,"end":1552,"text":"In the analyzed population with malignancies, an increased odds ratio for the occurrence of mutation 657del5 was found in comparison with the control Polish population (OR range 1.48-1.85, 95% confidence interval 1.18-2.65).","terms":[]},{"id":9,"start":1553,"end":1681,"text":"This finding indicates that the frequency of the mutation carriers was indeed increased in patients with ALL and NHL (p \u003c 0.05).","terms":[]},{"id":10,"start":1682,"end":1803,"text":"Nonetheless, NBS1 gene heterozygosity is not a major risk factor for lymphoid malignancies in childhood and adolescence..","terms":[{"ids":"UNIPROT:O60934:T116:PRGE|UNIPROT:Q9NX02:T116:PRGE","score":0.96450149331787,"id":1,"start":1695,"end":1704,"text":"NBS1 gene","terms":[]}]}]