[{"id":0,"start":0,"end":179,"text":"A Cys 23-Ser 23 substitution in the 5-HT(2C) receptor gene influences body weight regulation in females with seasonal affective disorder: an Austrian-Canadian collaborative study.","terms":[{"ids":"UMLS:C0677607:T047:DISO","score":1.0,"id":1,"start":38,"end":40,"text":"HT","terms":[]}]},{"id":1,"start":180,"end":320,"text":"Most females with seasonal affective disorder (SAD) exhibit atypical vegetative symptoms such as overeating, and weight gain when depressed.","terms":[]},{"id":2,"start":321,"end":410,"text":"The serotonin 2C receptor (5-HT(2C)) plays a key role in control of appetite and satiety.","terms":[{"ids":"UNIPROT:P60903:T116:PRGE","score":0.8466313175844922,"id":1,"start":325,"end":346,"text":"serotonin 2C receptor","terms":[]},{"ids":"UMLS:C0677607:T047:DISO","score":1.0,"id":2,"start":350,"end":352,"text":"HT","terms":[]}]},{"id":3,"start":411,"end":578,"text":"A 5-HT(2C) Cys 23 Ser substitution, coded for by a single nucleotide polymorphism (Cys 23 Ser) within the 5-HT(2C) gene, has been shown to influence 5-HT(2C) function.","terms":[{"ids":"UMLS:C0677607:T047:DISO","score":1.0,"id":1,"start":415,"end":417,"text":"HT","terms":[]},{"ids":"UMLS:C0677607:T047:DISO","score":1.0,"id":2,"start":519,"end":521,"text":"HT","terms":[]},{"ids":"UMLS:C0677607:T047:DISO","score":1.0,"id":3,"start":562,"end":564,"text":"HT","terms":[]}]},{"id":4,"start":579,"end":660,"text":"We hypothesized that Cys 23 Ser influences weight regulation in females with SAD.","terms":[]},{"id":5,"start":661,"end":812,"text":"Two independent samples from Austria (162 females with SAD, 119 controls), and Canada (90 females with SAD, 42 controls) were genotyped for Cys 23 Ser.","terms":[]},{"id":6,"start":813,"end":896,"text":"Influence on weight regulation was analyzed within patients with atypical features.","terms":[]},{"id":7,"start":897,"end":1106,"text":"In Austrians, genotype distribution differed between patients and controls (p\u003d0.044) and Cys 23 Ser was associated with weight (p\u003d0.039), body mass index (BMI; p\u003d0.038), and seasonal appetite change (p\u003d0.031).","terms":[]},{"id":8,"start":1107,"end":1199,"text":"All values were highest in Cys/Cys, intermediate in Cys/Ser, and lowest in Ser/Ser carriers.","terms":[]},{"id":9,"start":1200,"end":1324,"text":"In Canadian patients, Cys 23 Ser was associated with minimum lifetime BMI (p\u003d0.046), with lowest values in Ser/Ser carriers.","terms":[]},{"id":10,"start":1325,"end":1574,"text":"Our data provide evidence that Cys 23 Ser mediates severity of weight regulation disturbances in females with SAD, and the gene-dose effect-like differences suggest a direct functional role of Cys 23 Ser in the behavioral regulation of body weight..","terms":[]}]