[{"id":0,"start":0,"end":111,"text":"Strong evidence that the common variant S384F in BRCA2 has no pathogenic relevance in hereditary breast cancer.","terms":[{"ids":"UNIPROT:P51587:T116:PRGE","score":0.5228599910614815,"id":1,"start":49,"end":54,"text":"BRCA2","terms":[]},{"ids":"UMLS:C0006141:T023:ANAT","score":1.0,"id":2,"start":97,"end":103,"text":"breast","terms":[]}]},{"id":1,"start":112,"end":229,"text":"INTRODUCTION: Unclassified variants (UVs) of unknown clinical significance are frequently detected in the BRCA2 gene.","terms":[{"ids":"UMLS:C1833561:T047:DISO","score":1.0,"id":1,"start":149,"end":152,"text":"UVs","terms":[]},{"ids":"UNIPROT:P51587:T116:PRGE","score":0.9994480446542069,"id":2,"start":218,"end":228,"text":"BRCA2 gene","terms":[]}]},{"id":2,"start":230,"end":344,"text":"In this study, we have investigated the potential pathogenic relevance of the recurrent UV S384F (BRCA2, exon 10).","terms":[{"ids":"UNIPROT:P51587:T116:PRGE","score":0.4345860946922669,"id":1,"start":328,"end":333,"text":"BRCA2","terms":[]}]},{"id":3,"start":345,"end":457,"text":"METHODS: For co-segregation, four women from a large kindred (BN326) suffering from breast cancer were analysed.","terms":[{"ids":"UMLS:C0006141:T023:ANAT","score":1.0,"id":1,"start":429,"end":435,"text":"breast","terms":[]}]},{"id":4,"start":458,"end":553,"text":"Moreover, paraffin-embedded tumours from two patients were analysed for loss of heterozygosity.","terms":[]},{"id":5,"start":554,"end":677,"text":"Co-occurrence of the variant with a deleterious mutation was further determined in a large data set of 43,029  index cases.","terms":[]},{"id":6,"start":678,"end":754,"text":"Nature and position of the UV and conservation among species were evaluated.","terms":[]},{"id":7,"start":755,"end":910,"text":"RESULTS: We identified the unclassified variant S384F in three of the four breast cancer patients (the three were diagnosed at 41, 43 and 57 years of age).","terms":[{"ids":"UMLS:C0006141:T023:ANAT","score":1.0,"id":1,"start":830,"end":836,"text":"breast","terms":[]}]},{"id":8,"start":911,"end":1006,"text":"One woman with bilateral breast cancer (diagnosed at ages 32 and 50) did not carry the variant.","terms":[{"ids":"UMLS:C0222605:T023:ANAT","score":1.0,"id":1,"start":926,"end":942,"text":"bilateral breast","terms":[]}]},{"id":9,"start":1007,"end":1111,"text":"Both tumours were heterozygous for the S384F variant, so loss of the wild-type allele could be excluded.","terms":[]},{"id":10,"start":1112,"end":1297,"text":"Ser384 is not located in a region of functional importance and cross-species sequence comparison revealed incomplete conservation in the human, dog, rodent and chicken BRCA2 homologues.","terms":[{"ids":"UNIPROT:Q7Z5L0:T116:PRGE|UNIPROT:O00634:T116:PRGE|UNIPROT:Q58EX2:T116:PRGE|UNIPROT:Q99435:T116:PRGE|UNIPROT:Q7Z5N4:T116:PRGE|UNIPROT:O60784:T116:PRGE|UNIPROT:Q92859:T116:PRGE|UNIPROT:Q8N485:T116:PRGE|UNIPROT:Q92832:T116:PRGE|UNIPROT:O75674:T116:PRGE|UNIPROT:Q6ZVM7:T116:PRGE","score":0.4340157925192087,"id":1,"start":1272,"end":1296,"text":"chicken BRCA2 homologues","terms":[]}]},{"id":11,"start":1298,"end":1412,"text":"Overall, the variant was detected in 116 patients, five of which co-occurred with different deleterious mutations.","terms":[]},{"id":12,"start":1413,"end":1573,"text":"The combined likelihood ratio of co-occurrence, co-segregation and loss of heterozygosity revealed a value of 1.4 x 10-8 in favour of neutrality of the variant.","terms":[]},{"id":13,"start":1574,"end":1682,"text":"CONCLUSION: Our data provide conclusive evidence that the S384F variant is not a  disease causing mutation..","terms":[]}]