[{"id":0,"start":0,"end":102,"text":"Genetic variation in UCP2 (uncoupling protein-2) is associated with energy metabolism in Pima Indians.","terms":[]},{"id":1,"start":103,"end":226,"text":"AIMS/HYPOTHESIS: Uncoupling protein-2 (UCP2) is thought to play a role in insulin secretion and the development of obesity.","terms":[{"ids":"UNIPROT:Q92791:T116:PRGE|UNIPROT:O14495:T116:PRGE|UNIPROT:Q5T1R4:T116:PRGE|UNIPROT:Q13526:T116:PRGE|UNIPROT:Q15233:T116:PRGE","score":0.9797103312245731,"id":1,"start":131,"end":140,"text":"protein-2","terms":[]},{"ids":"UNIPROT:P55851:T116:PRGE","score":0.9797103312245731,"id":2,"start":142,"end":146,"text":"UCP2","terms":[]},{"ids":"UNIPROT:P01308:T116:PRGE","score":0.9797103312245731,"id":3,"start":177,"end":184,"text":"insulin","terms":[]},{"ids":"UMLS:C0028754:T047:DISO","score":1.0,"id":4,"start":218,"end":225,"text":"obesity","terms":[]}]},{"id":2,"start":227,"end":409,"text":"In this study, we investigated the effects of genetic variation in UCP2 on type 2 diabetes and obesity, as well as on metabolic phenotypes related to these diseases, in Pima Indians.","terms":[{"ids":"UNIPROT:P55851:T116:PRGE","score":0.8245307673319477,"id":1,"start":294,"end":298,"text":"UCP2","terms":[]},{"ids":"UMLS:C0011860:T047:DISO","score":1.0,"id":2,"start":302,"end":317,"text":"type 2 diabetes","terms":[]},{"ids":"UMLS:C0028754:T047:DISO","score":1.0,"id":3,"start":322,"end":329,"text":"obesity","terms":[]}]},{"id":3,"start":410,"end":623,"text":"METHODS: The coding and untranslated regions of UCP2, and approximately 1 kb of the 5\u0027 upstream region, were sequenced in DNA samples taken from 83 extremely obese Pima Indians who were not first-degree relatives.","terms":[{"ids":"UNIPROT:P55851:T116:PRGE","score":0.9915642108667224,"id":1,"start":458,"end":462,"text":"UCP2","terms":[]},{"ids":"UMLS:C0028754:T047:DISO","score":1.0,"id":2,"start":568,"end":573,"text":"obese","terms":[]}]},{"id":4,"start":624,"end":876,"text":"RESULTS: Five variants were identified: (1) a -866G/A in the 5\u0027 upstream region; (2) a G/A in exon 2; (3) a C/T resulting in an Ala55Val substitution in exon 4; and (4, 5) two insertion/deletions (ins/del; 45-bp and 3-bp) in the 3\u0027 untranslated region.","terms":[]},{"id":5,"start":877,"end":1026,"text":"Among the 83 subjects whose DNA was sequenced, the -866G/A was in complete genotypic concordance with the Ala55Val and the 3-bp ins/del polymorphism.","terms":[]},{"id":6,"start":1027,"end":1077,"text":"The G/A polymorphism in exon 2 was extremely rare.","terms":[]},{"id":7,"start":1078,"end":1313,"text":"To capture the common variation in this gene for association analyses, the -866G/A variant (as a representative of Ala55Val and the 3-bp ins/del polymorphism) and the 45-bp ins/del were also genotyped for 864 full-blooded Pima Indians.","terms":[{"ids":"UNIPROT:P01308:T116:PRGE|UNIPROT:Q13572:T116:PRGE","score":0.20442916869589078,"id":1,"start":1215,"end":1218,"text":"ins","terms":[]},{"ids":"UNIPROT:P01719:T116:PRGE","score":0.20442916869589078,"id":2,"start":1219,"end":1222,"text":"del","terms":[]},{"ids":"UNIPROT:P01308:T116:PRGE|UNIPROT:Q13572:T116:PRGE","score":0.20442916869589078,"id":3,"start":1251,"end":1254,"text":"ins","terms":[]},{"ids":"UNIPROT:P01719:T116:PRGE","score":0.20442916869589078,"id":4,"start":1255,"end":1258,"text":"del","terms":[]}]},{"id":8,"start":1314,"end":1395,"text":"Neither of these variants was associated with type 2 diabetes or body mass index.","terms":[{"ids":"UMLS:C0011860:T047:DISO","score":1.0,"id":1,"start":1360,"end":1375,"text":"type 2 diabetes","terms":[]}]},{"id":9,"start":1396,"end":1722,"text":"However, in a subgroup of 185 subjects who had undergone detailed metabolic measurements, these variants were associated with 24-h energy expenditure as measured in a human metabolic chamber (p\u003d0.007 for the 45-bp ins/del and p\u003d0.03 for the -866G/A after adjusting for age, sex, family membership, fat-free mass and fat mass).","terms":[{"ids":"UMLS:C0935616:T023:ANAT","score":1.0,"id":1,"start":1579,"end":1586,"text":"chamber","terms":[]}]},{"id":10,"start":1723,"end":1946,"text":"CONCLUSIONS/INTERPRETATION: Our data indicate that variation in UCP2 may play a role in energy metabolism, but this gene does not contribute significantly to the aetiology of type 2 diabetes and/or obesity in Pima Indians..","terms":[{"ids":"UNIPROT:P55851:T116:PRGE","score":0.972597561108734,"id":1,"start":1787,"end":1791,"text":"UCP2","terms":[]},{"ids":"UMLS:C0011860:T047:DISO","score":1.0,"id":2,"start":1898,"end":1913,"text":"type 2 diabetes","terms":[]},{"ids":"UMLS:C0028754:T047:DISO","score":1.0,"id":3,"start":1921,"end":1928,"text":"obesity","terms":[]}]}]