[{"id":0,"start":0,"end":142,"text":"Nucleotide variations in genes encoding plasminogen activator inhibitor-2 and serine proteinase inhibitor B10 associated with prostate cancer.","terms":[{"ids":"UNIPROT:P00747:T116:PRGE","score":0.697624627993453,"id":1,"start":40,"end":73,"text":"plasminogen activator inhibitor-2","terms":[]},{"ids":"UNIPROT:P50453:T116:PRGE|UNIPROT:P20155:T116:PRGE","score":0.697624627993453,"id":2,"start":78,"end":109,"text":"serine proteinase inhibitor B10","terms":[{"ids":"UMLS:C0507110:T023:ANAT","score":1.0,"id":1,"start":106,"end":109,"text":"B10","terms":[]}]},{"ids":"UMLS:C0033572:T023:ANAT","score":1.0,"id":3,"start":126,"end":134,"text":"prostate","terms":[]}]},{"id":1,"start":143,"end":262,"text":"Genes encoding the serine proteinase inhibitor B family (SERPINBs) are mainly clustered on human chromosome 18 (18q21).","terms":[{"ids":"UNIPROT:P50453:T116:PRGE|UNIPROT:P20155:T116:PRGE","score":0.9265343496300594,"id":1,"start":162,"end":198,"text":"serine proteinase inhibitor B family","terms":[]}]},{"id":2,"start":263,"end":454,"text":"Several serpins are known to affect malignant phenotypes of tumor cells, so aberrant genetic variants in this molecular family are candidates for conferring susceptibility for risk of cancer.","terms":[]},{"id":3,"start":455,"end":614,"text":"We investigated whether eight selected non-synonymous variations within SERPINB loci at 18q21 might be associated with risk of prostate cancer in Japanese men.","terms":[{"ids":"UMLS:C0033572:T023:ANAT","score":1.0,"id":1,"start":582,"end":590,"text":"prostate","terms":[]}]},{"id":4,"start":615,"end":852,"text":"A case-control study involving 292 prostate-cancer patients and 384 controls revealed significant differences in regard to distribution of four missense variations in genes encoding plasminogen activator inhibitor 2 (PAI2) and SERPINB10.","terms":[{"ids":"UMLS:C0033572:T023:ANAT","score":1.0,"id":1,"start":650,"end":658,"text":"prostate","terms":[]},{"ids":"UNIPROT:P05120:T116:PRGE","score":0.7011444438969263,"id":2,"start":797,"end":830,"text":"plasminogen activator inhibitor 2","terms":[]},{"ids":"UNIPROT:P05120:T116:PRGE","score":0.7011444438969263,"id":3,"start":832,"end":836,"text":"PAI2","terms":[]},{"ids":"UNIPROT:P48595:T116:PRGE","score":0.7011444438969263,"id":4,"start":842,"end":851,"text":"SERPINB10","terms":[]}]},{"id":5,"start":853,"end":1114,"text":"The most significant association was detected for the N120D polymorphism in the PAI2 gene (P \u003d 5.0 x 10(-5)); men carrying the 120-N allele (120-N/N and 120-N/D genotypes) carried a 2.4-fold increased risk of prostate cancer (95% confidence interval 1.45-4.07).","terms":[{"ids":"UNIPROT:P05120:T116:PRGE","score":0.7423603024463632,"id":1,"start":933,"end":942,"text":"PAI2 gene","terms":[]},{"ids":"UMLS:C0033572:T023:ANAT","score":1.0,"id":2,"start":1062,"end":1070,"text":"prostate","terms":[]}]},{"id":6,"start":1115,"end":1205,"text":"Associations were also detected for three other missense polymorphisms in those two genes.","terms":[]},{"id":7,"start":1206,"end":1307,"text":"Strong linkage disequilibrium in the region encompassing PAI2 and SERPINB10 extended to about 50 kbp.","terms":[{"ids":"UNIPROT:P05120:T116:PRGE","score":0.9464304145310174,"id":1,"start":1263,"end":1267,"text":"PAI2","terms":[]},{"ids":"UNIPROT:P48595:T116:PRGE","score":0.9464304145310174,"id":2,"start":1272,"end":1281,"text":"SERPINB10","terms":[]}]},{"id":8,"start":1308,"end":1463,"text":"The results suggested that missense variations in one or both of these genes confer important risks for prostate cancer, and may be themselves tumorigenic.","terms":[{"ids":"UMLS:C0033572:T023:ANAT","score":1.0,"id":1,"start":1412,"end":1420,"text":"prostate","terms":[]}]},{"id":9,"start":1464,"end":1659,"text":"Although confirmative replication studies on larger cohorts are awaited, clinical examination of these variations may become useful for identifying individuals at  high risk for prostate cancer..","terms":[{"ids":"UMLS:C0033572:T023:ANAT","score":1.0,"id":1,"start":1642,"end":1650,"text":"prostate","terms":[]}]}]