[{"id":0,"start":0,"end":80,"text":"Characterization of Bietti crystalline dystrophy patients with CYP4V2 mutations.","terms":[{"ids":"UMLS:C1859486:T047:DISO","score":1.0,"id":1,"start":20,"end":48,"text":"Bietti crystalline dystrophy","terms":[]},{"ids":"UNIPROT:Q6ZWL3:T116:PRGE","score":0.464243292410474,"id":2,"start":63,"end":79,"text":"CYP4V2 mutations","terms":[]}]},{"id":1,"start":81,"end":273,"text":"PURPOSE: Mutations of the CYP4V2 gene, a novel family member of the cytochrome P450 genes on chromosome 4q35, have recently been identified in patients with Bietti crystalline dystrophy (BCD).","terms":[{"ids":"UNIPROT:Q6ZWL3:T116:PRGE","score":0.8620633742468913,"id":1,"start":107,"end":118,"text":"CYP4V2 gene","terms":[]},{"ids":"UNIPROT:Q9HCS2:T116:PRGE|UNIPROT:P05177:T116:PRGE|UNIPROT:Q8N1L4:T116:PRGE|UNIPROT:P13584:T116:PRGE|UNIPROT:P24462:T116:PRGE|UNIPROT:Q7Z449:T116:PRGE|UNIPROT:P20815:T116:PRGE|UNIPROT:P20853:T116:PRGE|UNIPROT:P10635:T116:PRGE|UNIPROT:P04798:T116:PRGE|UNIPROT:Q96SQ9:T116:PRGE|UNIPROT:P33261:T116:PRGE|UNIPROT:P20813:T116:PRGE|UNIPROT:Q02928:T116:PRGE|UNIPROT:P11511:T116:PRGE|UNIPROT:Q86W10:T116:PRGE|UNIPROT:Q16696:T116:PRGE|UNIPROT:Q6V0L0:T116:PRGE|UNIPROT:Q9HBI6:T116:PRGE|UNIPROT:P24903:T116:PRGE|UNIPROT:P10632:T116:PRGE|UNIPROT:P51589:T116:PRGE|UNIPROT:Q8N118:T116:PRGE|UNIPROT:P98187:T116:PRGE|UNIPROT:Q16678:T116:PRGE|UNIPROT:P33260:T116:PRGE|UNIPROT:Q9HB55:T116:PRGE","score":0.8620633742468913,"id":2,"start":149,"end":170,"text":"cytochrome P450 genes","terms":[]},{"ids":"UMLS:C1859486:T047:DISO","score":1.0,"id":3,"start":238,"end":266,"text":"Bietti crystalline dystrophy","terms":[]},{"ids":"UMLS:C1859486:T047:DISO","score":1.0,"id":4,"start":268,"end":271,"text":"BCD","terms":[]}]},{"id":2,"start":274,"end":422,"text":"The aim of this study was to investigate the spectrum of mutations in this gene in BCD patients from Singapore, and to characterize their phenotype.","terms":[{"ids":"UMLS:C1859486:T047:DISO","score":1.0,"id":1,"start":357,"end":360,"text":"BCD","terms":[]}]},{"id":3,"start":423,"end":503,"text":"METHODS: Nine patients with BCD from six families were recruited into the study.","terms":[{"ids":"UMLS:C1859486:T047:DISO","score":1.0,"id":1,"start":451,"end":454,"text":"BCD","terms":[]}]},{"id":4,"start":504,"end":628,"text":"The 11 exons of the CYP4V2 gene were amplified from genomic DNA of patients by polymerase chain reaction and then sequenced.","terms":[{"ids":"UNIPROT:Q6ZWL3:T116:PRGE","score":0.9830859750324632,"id":1,"start":524,"end":535,"text":"CYP4V2 gene","terms":[]}]},{"id":5,"start":629,"end":805,"text":"Detailed characterization of the patients\u0027 phenotype was performed with fundal photography, visual field testing, fundal fluorescein angiography, and electroretinography (ERG).","terms":[]},{"id":6,"start":806,"end":930,"text":"RESULTS: Three pathogenic mutations were identified; two mutations, S482X and K386T, were novel and found in three patients.","terms":[]},{"id":7,"start":931,"end":1131,"text":"The third mutation, a previously identified 15-bp deletion that included the 3\u0027 splice site for exon 7, was found in all nine patients, with six patients carrying the deletion in the homozygous state.","terms":[]},{"id":8,"start":1132,"end":1240,"text":"Haplotype analysis in patients and controls indicated a founder effect for this deletion mutation in exon 7.","terms":[{"ids":"UMLS:C0263541:T047:DISO","score":1.0,"id":1,"start":1188,"end":1195,"text":"founder","terms":[]}]},{"id":9,"start":1241,"end":1292,"text":"Clinical heterogeneity was present in the patients.","terms":[]},{"id":10,"start":1293,"end":1427,"text":"Compound heterozygotes for the deletion in exon 7 seemed to have more severe disease compared to patients homozygous for the deletion.","terms":[]},{"id":11,"start":1428,"end":1554,"text":"There was good correlation between clinical stage of disease and ERG changes, but age did not correlate with disease severity.","terms":[]},{"id":12,"start":1555,"end":1643,"text":"CONCLUSIONS: This study identified novel mutations in the CYP4V2 gene as a cause of BCD.","terms":[{"ids":"UNIPROT:Q6ZWL3:T116:PRGE","score":0.9279146159747317,"id":1,"start":1613,"end":1624,"text":"CYP4V2 gene","terms":[]},{"ids":"UMLS:C1859486:T047:DISO","score":1.0,"id":2,"start":1639,"end":1642,"text":"BCD","terms":[]}]},{"id":13,"start":1644,"end":1740,"text":"A high carrier frequency for the 15-bp deletion in exon 7 may exist in the Singapore population.","terms":[]},{"id":14,"start":1741,"end":1848,"text":"Phenotype characterization showed clinical heterogeneity, and age did not correlate with disease severity..","terms":[]}]