[{"id":0,"start":0,"end":127,"text":"Mono-allelic POLG expression resulting from nonsense-mediated decay and alternative splicing in a patient with Alpers syndrome.","terms":[{"ids":"UMLS:C0021345:T047:DISO","score":1.0,"id":1,"start":0,"end":4,"text":"Mono","terms":[]},{"ids":"UMLS:C0205710:T047:DISO|UMLS:C0007795:T047:DISO","score":1.0,"id":2,"start":111,"end":126,"text":"Alpers syndrome","terms":[]}]},{"id":1,"start":128,"end":246,"text":"Alpers syndrome is an autosomal recessive mitochondrial DNA depletion disorder that affects children and young adults.","terms":[{"ids":"UMLS:C0205710:T047:DISO|UMLS:C0007795:T047:DISO","score":1.0,"id":1,"start":128,"end":143,"text":"Alpers syndrome","terms":[]},{"ids":"UMLS:C0342782:T047:DISO","score":1.0,"id":2,"start":170,"end":197,"text":"mitochondrial DNA depletion","terms":[]}]},{"id":2,"start":247,"end":315,"text":"It is characterized by a progressive, fatal brain and liver disease.","terms":[{"ids":"UMLS:C0006104:T023:ANAT","score":1.0,"id":1,"start":291,"end":296,"text":"brain","terms":[]},{"ids":"UMLS:C0023895:T047:DISO","score":1.0,"id":2,"start":301,"end":314,"text":"liver disease","terms":[{"ids":"UMLS:C0023884:T023:ANAT","score":1.0,"id":1,"start":301,"end":306,"text":"liver","terms":[]}]}]},{"id":3,"start":316,"end":437,"text":"This syndrome has been associated with mutations in POLG, the gene encoding the mitochondrial DNA polymerase (pol gamma).","terms":[{"ids":"UMLS:C0039082:T047:DISO","score":1.0,"id":1,"start":321,"end":329,"text":"syndrome","terms":[]},{"ids":"UNIPROT:P54098:T116:PRGE","score":0.9578649053910404,"id":2,"start":368,"end":372,"text":"POLG","terms":[]},{"ids":"UNIPROT:P34897:T116:PRGE|UNIPROT:P43304:T116:PRGE|UNIPROT:P54868:T116:PRGE|UNIPROT:O95363:T116:PRGE|UNIPROT:Q16540:T116:PRGE|UNIPROT:Q16822:T116:PRGE|UNIPROT:P05091:T116:PRGE|UNIPROT:P36969:T116:PRGE|UNIPROT:Q8IVS2:T116:PRGE|UNIPROT:Q9HBH1:T116:PRGE|UNIPROT:P40926:T116:PRGE|UNIPROT:Q969Y2:T116:PRGE|UNIPROT:Q96GW9:T116:PRGE","score":0.9578649053910404,"id":3,"start":396,"end":424,"text":"mitochondrial DNA polymerase","terms":[]},{"ids":"UNIPROT:Q9BXR3:T116:PRGE|UNIPROT:Q9UQG0:T116:PRGE|UNIPROT:P10266:T116:PRGE|UNIPROT:Q9WJR5:T116:PRGE|UNIPROT:Q9QC07:T116:PRGE","score":0.9578649053910404,"id":4,"start":426,"end":435,"text":"pol gamma","terms":[]}]},{"id":4,"start":438,"end":580,"text":"Most patients with Alpers syndrome have been found to be compound heterozygotes, carrying two pathogenic mutations in trans at the POLG locus.","terms":[{"ids":"UMLS:C0205710:T047:DISO|UMLS:C0007795:T047:DISO","score":1.0,"id":1,"start":457,"end":472,"text":"Alpers syndrome","terms":[]},{"ids":"UNIPROT:P54098:T116:PRGE","score":0.9662136889345715,"id":2,"start":569,"end":579,"text":"POLG locus","terms":[]}]},{"id":5,"start":581,"end":720,"text":"POLG is a nuclear-encoded gene whose protein product is imported into mitochondria, where it is essential for mtDNA replication and repair.","terms":[{"ids":"UNIPROT:P54098:T116:PRGE","score":0.4098079586954842,"id":1,"start":581,"end":585,"text":"POLG","terms":[]},{"ids":"UNIPROT:Q9H3M7:T116:PRGE","score":0.4098079586954842,"id":2,"start":607,"end":633,"text":"gene whose protein product","terms":[]}]},{"id":6,"start":721,"end":822,"text":"We studied the skin fibroblasts of a patient with Alpers syndrome having the genotype E873stop/A467T.","terms":[{"ids":"UMLS:C0205710:T047:DISO|UMLS:C0007795:T047:DISO","score":1.0,"id":1,"start":771,"end":786,"text":"Alpers syndrome","terms":[]}]},{"id":7,"start":823,"end":901,"text":"The E873stop mutation produces a premature termination codon (TAG) in exon 17.","terms":[]},{"id":8,"start":902,"end":1003,"text":"The A467T mutation produces a threonine to alanine substitution at a highly conserved site in exon 7.","terms":[]},{"id":9,"start":1004,"end":1120,"text":"The allele bearing the stop codon (E873-TAG) is predicted to produce a truncated, catalytically inactive polymerase.","terms":[]},{"id":10,"start":1121,"end":1203,"text":"However, only full-length pol gamma protein was detected by Western blot analysis.","terms":[{"ids":"UNIPROT:Q9BXR3:T116:PRGE|UNIPROT:Q9UQG0:T116:PRGE|UNIPROT:P10266:T116:PRGE|UNIPROT:Q9WJR5:T116:PRGE|UNIPROT:Q9QC07:T116:PRGE","score":0.7318467851663463,"id":1,"start":1135,"end":1164,"text":"full-length pol gamma protein","terms":[]}]},{"id":11,"start":1204,"end":1339,"text":"Here, we show that transcripts containing this stop codon undergo nonsense-associated alternative splicing and nonsense-mediated decay.","terms":[]},{"id":12,"start":1340,"end":1486,"text":"More than 95% of the functional POLG mRNA was derived from the allele bearing the A467T mutation and less than 5% contained the E873stop mutation.","terms":[{"ids":"UNIPROT:P54098:T116:PRGE","score":0.7072139990781555,"id":1,"start":1372,"end":1381,"text":"POLG mRNA","terms":[]}]},{"id":13,"start":1487,"end":1588,"text":"These events ensured that virtually all POLG protein in the cell was expressed from the A467T allele.","terms":[{"ids":"UNIPROT:P54098:T116:PRGE","score":0.7069088830696815,"id":1,"start":1527,"end":1539,"text":"POLG protein","terms":[]}]},{"id":14,"start":1589,"end":1775,"text":"Therefore, the Alpers phenotype in this patient was a consequence of a single-copy gene dose of the A467T allele, and selective elimination of transcripts bearing the E873stop mutation..","terms":[]}]