[{"id":0,"start":0,"end":121,"text":"A novel single-nucleotide substitution, Glu 4 Lys, in the leukotriene C4 synthase gene associated with allergic diseases.","terms":[{"ids":"UNIPROT:Q16873:T116:PRGE","score":0.8194152565040437,"id":1,"start":58,"end":86,"text":"leukotriene C4 synthase gene","terms":[]}]},{"id":1,"start":122,"end":328,"text":"Cysteinyl leukotrienes (cysLTs) play important roles in bronchial asthma, and can mediate bronchial smooth muscle constriction and increase mucous secretion, vascular permeability and cellular infiltration.","terms":[{"ids":"UMLS:C0004096:T047:DISO","score":1.0,"id":1,"start":178,"end":194,"text":"bronchial asthma","terms":[{"ids":"UMLS:C1442216:T023:ANAT|UMLS:C0205039:T023:ANAT","score":1.0,"id":1,"start":178,"end":187,"text":"bronchial","terms":[]}]},{"ids":"UMLS:C1442216:T023:ANAT|UMLS:C0205039:T023:ANAT","score":1.0,"id":2,"start":212,"end":221,"text":"bronchial","terms":[]},{"ids":"UMLS:C0005847:T023:ANAT","score":1.0,"id":3,"start":280,"end":288,"text":"vascular","terms":[]}]},{"id":2,"start":329,"end":475,"text":"We identified a novel heterozygous single-nucleotide substitution 10G\u003eA (Glu 4 Lys) in the first exon of the leukotriene C4 synthase gene (LTC4S).","terms":[{"ids":"UNIPROT:Q16873:T116:PRGE","score":0.4229367983142862,"id":1,"start":438,"end":466,"text":"leukotriene C4 synthase gene","terms":[]},{"ids":"UNIPROT:Q16873:T116:PRGE","score":0.4229367983142862,"id":2,"start":468,"end":473,"text":"LTC4S","terms":[]}]},{"id":3,"start":476,"end":574,"text":"This substitution was detected in 5 of 141 allergic patients, but not in 110 nonallergic subjects.","terms":[]},{"id":4,"start":575,"end":712,"text":"There was a difference in the Glu 4 Lys frequency between the allergic patients and nonallergic subjects (Fisher\u0027s exact test, p\u003d0.0460).","terms":[]},{"id":5,"start":713,"end":820,"text":"The five patients with Glu 4 Lys had allergic diseases such as bronchial asthma and/or allergic dermatitis.","terms":[{"ids":"UMLS:C0004096:T047:DISO","score":1.0,"id":1,"start":776,"end":792,"text":"bronchial asthma","terms":[{"ids":"UMLS:C1442216:T023:ANAT|UMLS:C0205039:T023:ANAT","score":1.0,"id":1,"start":776,"end":785,"text":"bronchial","terms":[]}]},{"ids":"UMLS:C0011615:T047:DISO","score":1.0,"id":2,"start":800,"end":819,"text":"allergic dermatitis","terms":[]}]},{"id":6,"start":821,"end":906,"text":"Furthermore, a familial analysis of Glu 4 Lys revealed a link with allergic diseases.","terms":[]},{"id":7,"start":907,"end":1005,"text":"Thus, our results suggest that Glu 4 Lys in the LTC4S might be associated with allergic diseases..","terms":[]}]