[{"id":0,"start":0,"end":87,"text":"HPRTSardinia: a new point mutation causing HPRT deficiency without Lesch-Nyhan disease.","terms":[{"ids":"UMLS:C0023374:T047:DISO","score":1.0,"id":1,"start":43,"end":58,"text":"HPRT deficiency","terms":[{"ids":"UNIPROT:P00492:T116:PRGE","score":0.5049146184681482,"id":1,"start":43,"end":47,"text":"HPRT","terms":[]}]},{"ids":"UMLS:C0023374:T047:DISO","score":1.0,"id":2,"start":67,"end":86,"text":"Lesch-Nyhan disease","terms":[]}]},{"id":1,"start":88,"end":285,"text":"Hypoxanthine-guanine phosphoribosyltransferase (HPRT) deficiency always causing hyperuricemia presents various degrees of neurological manifestations, the most severe which is Lesch-Nyhan syndrome.","terms":[{"ids":"UNIPROT:P00492:T116:PRGE","score":0.9894991566378702,"id":1,"start":88,"end":134,"text":"Hypoxanthine-guanine phosphoribosyltransferase","terms":[]},{"ids":"UNIPROT:P00492:T116:PRGE","score":0.9894991566378702,"id":2,"start":136,"end":140,"text":"HPRT","terms":[]},{"ids":"UMLS:C0740394:T047:DISO","score":1.0,"id":3,"start":168,"end":181,"text":"hyperuricemia","terms":[]},{"ids":"UMLS:C0023374:T047:DISO","score":1.0,"id":4,"start":264,"end":284,"text":"Lesch-Nyhan syndrome","terms":[]}]},{"id":2,"start":286,"end":361,"text":"The HPRT gene is situated in the region Xq26-q27.2 and consists of 9 exons.","terms":[{"ids":"UNIPROT:P00492:T116:PRGE","score":0.8416024596211957,"id":1,"start":290,"end":299,"text":"HPRT gene","terms":[]}]},{"id":3,"start":362,"end":483,"text":"At least 300 different mutations at different sites in the HPRT coding region from exon 1 to exon 9 have been identified.","terms":[{"ids":"UNIPROT:P00492:T116:PRGE","score":0.8323618811735536,"id":1,"start":421,"end":439,"text":"HPRT coding region","terms":[]}]},{"id":4,"start":484,"end":661,"text":"A new mutation in the HPRT gene has been determined in one patient with complete deficiency of erythrocyte activity, with hyperuricemia and gout but without Lesch-Nyhan disease.","terms":[{"ids":"UNIPROT:P00492:T116:PRGE","score":0.9444946602621608,"id":1,"start":506,"end":515,"text":"HPRT gene","terms":[]},{"ids":"UMLS:C0740394:T047:DISO","score":1.0,"id":2,"start":606,"end":619,"text":"hyperuricemia","terms":[]},{"ids":"UMLS:C0018099:T047:DISO","score":1.0,"id":3,"start":624,"end":628,"text":"gout","terms":[]},{"ids":"UMLS:C0023374:T047:DISO","score":1.0,"id":4,"start":641,"end":660,"text":"Lesch-Nyhan disease","terms":[]}]},{"id":5,"start":662,"end":773,"text":"Analysis of cultured fibroblasts revealed minimal residual HPRT activity mainly when guanine was the substrate.","terms":[]},{"id":6,"start":774,"end":890,"text":"Genomic DNA sequencing demonstrated patient\u0027s mother heterozygosity for the mutation and no mutation in her brother.","terms":[]},{"id":7,"start":891,"end":1038,"text":"The mutation consists in a C--\u003eT transversion at cDNA base 463 (C463T) in exon 6, resulting in proline to serine substitution at codon 155 (P155S).","terms":[]},{"id":8,"start":1039,"end":1125,"text":"This mutation had not been reported previously and has been designated HPRT(Sardinia).","terms":[{"ids":"UNIPROT:P00492:T116:PRGE","score":0.7005129019391755,"id":1,"start":1110,"end":1124,"text":"HPRT(Sardinia)","terms":[]}]},{"id":9,"start":1126,"end":1340,"text":"The mutation identified in this patient allows some expression of functional enzyme in nucleated cells such as fibroblasts, indicating that such cell type may add further information to conventional blood analysis.","terms":[{"ids":"UMLS:C0004269:T047:DISO","score":1.0,"id":1,"start":1285,"end":1288,"text":"add","terms":[]}]},{"id":10,"start":1341,"end":1516,"text":"A multicentre survey gathering patients with variant neurological forms could contribute to understand the pathophysiology of the neurobehavioral symptoms of HPRT deficiency..","terms":[{"ids":"UMLS:C0023374:T047:DISO","score":1.0,"id":1,"start":1499,"end":1514,"text":"HPRT deficiency","terms":[{"ids":"UNIPROT:P00492:T116:PRGE","score":0.9784043086119527,"id":1,"start":1499,"end":1503,"text":"HPRT","terms":[]}]}]}]