[{"id":0,"start":0,"end":44,"text":"Phenylketonuria mutations in Northern China.","terms":[{"ids":"UMLS:C0031485:T047:DISO|UMLS:C0751434:T047:DISO","score":1.0,"id":1,"start":0,"end":15,"text":"Phenylketonuria","terms":[]}]},{"id":1,"start":45,"end":225,"text":"Mutation spectrum of phenylalanine hydroxylase (PAH) gene in patients with phenylketonuria (PKU) in Northern China is described with a discussion on genotype-phenotype correlation.","terms":[{"ids":"UNIPROT:P00439:T116:PRGE","score":0.983662665474959,"id":1,"start":66,"end":91,"text":"phenylalanine hydroxylase","terms":[]},{"ids":"UMLS:C0152171:T047:DISO|UNIPROT:P00439:T116:PRGE|UNIPROT:Q8N4T0:T116:PRGE","score":1.0,"id":2,"start":93,"end":96,"text":"PAH","terms":[]},{"ids":"UMLS:C0031485:T047:DISO|UMLS:C0751434:T047:DISO","score":1.0,"id":3,"start":120,"end":135,"text":"phenylketonuria","terms":[]},{"ids":"UMLS:C0031485:T047:DISO|UMLS:C0751434:T047:DISO","score":1.0,"id":4,"start":137,"end":140,"text":"PKU","terms":[]}]},{"id":2,"start":226,"end":358,"text":"By using PCR/SSCP and DNA sequencing, all exons of PAH gene in the 185 unrelated patients with PKU from Northern China were studied.","terms":[{"ids":"UNIPROT:P00439:T116:PRGE|UNIPROT:Q8N4T0:T116:PRGE","score":0.48041082137284713,"id":1,"start":277,"end":285,"text":"PAH gene","terms":[{"ids":"UMLS:C0152171:T047:DISO","score":1.0,"id":1,"start":277,"end":280,"text":"PAH","terms":[]}]},{"ids":"UMLS:C0031485:T047:DISO|UMLS:C0751434:T047:DISO","score":1.0,"id":2,"start":321,"end":324,"text":"PKU","terms":[]}]},{"id":3,"start":359,"end":545,"text":"A total of 70 different mutations, including 42 missense, 12 splice, 7 nonsense, 5 deletion, 3 insertion, and 1 silence/splice mutations, were detected in 349/370 mutant alleles (94.3%).","terms":[]},{"id":4,"start":546,"end":644,"text":"Deletion, insertion, and frameshift mutations were found for the first time in China PKU patients.","terms":[{"ids":"UMLS:C0031485:T047:DISO|UMLS:C0751434:T047:DISO","score":1.0,"id":1,"start":631,"end":634,"text":"PKU","terms":[]}]},{"id":5,"start":645,"end":804,"text":"The mutations R243Q, EX6-96A\u003eG, R111X, Y356X, and R413P were the prevalent mutations with relative frequencies of 22.2, 11.1, 8.7, 6.5, and 6.5%, respectively.","terms":[]},{"id":6,"start":805,"end":992,"text":"Fifteen novel mutations were identified in this study: I38fsX19, IVS4+3G\u003eC, Y154H, R157K, R157I, T200fsX6, Q267H, Q267E, F302fsX39, G346R, S349A, L367L, R400K, IVS12+4A\u003eG, and IVS12+6T\u003eA.","terms":[]},{"id":7,"start":993,"end":1046,"text":"Each of them occurs at very low frequency (0.3-1.1%).","terms":[]},{"id":8,"start":1047,"end":1179,"text":"The mutation spectrum of PKU in Chinese is similar to other Asian populations but significantly different from European populations.","terms":[{"ids":"UMLS:C0031485:T047:DISO|UMLS:C0751434:T047:DISO|UNIPROT:P00439:T116:PRGE|UNIPROT:Q8N4T0:T116:PRGE","score":1.0,"id":1,"start":1072,"end":1075,"text":"PKU","terms":[]}]},{"id":9,"start":1180,"end":1277,"text":"Altogether, 70 different mutations are found in 109 genotypes distributed among 185 PKU patients.","terms":[{"ids":"UMLS:C0031485:T047:DISO|UMLS:C0751434:T047:DISO","score":1.0,"id":1,"start":1264,"end":1267,"text":"PKU","terms":[]}]},{"id":10,"start":1278,"end":1593,"text":"As shown by the analysis, the predicted residual activity found in the majority of PKU individuals match their in vivo phenotypes, though evidence is also found for both phenotypic inconsistencies among subjects with similar genotypes and discordance between the in vitro and in vivo effects of some mutant alleles.","terms":[{"ids":"UMLS:C0031485:T047:DISO|UMLS:C0751434:T047:DISO","score":1.0,"id":1,"start":1361,"end":1364,"text":"PKU","terms":[]}]},{"id":11,"start":1594,"end":1757,"text":"The study enables us to construct a national database in China serving as a valuable tool for genetic counseling and prognostic evaluation of future cases of PKU..","terms":[{"ids":"UMLS:C0031485:T047:DISO|UMLS:C0751434:T047:DISO|UNIPROT:P00439:T116:PRGE|UNIPROT:Q8N4T0:T116:PRGE","score":1.0,"id":1,"start":1752,"end":1755,"text":"PKU","terms":[]}]}]