[{"id":0,"start":0,"end":95,"text":"Polymorphisms of the DNA mismatch repair gene HMSH2 in breast cancer occurence and progression.","terms":[{"ids":"UMLS:C0006141:T023:ANAT","score":1.0,"id":1,"start":55,"end":61,"text":"breast","terms":[]}]},{"id":1,"start":96,"end":255,"text":"The response of the cell to DNA damage and its ability to maintain genomic stability by DNA repair are crucial in preventing cancer initiation and progression.","terms":[]},{"id":2,"start":256,"end":341,"text":"Therefore, polymorphism of DNA repair genes may affect the process of carcinogenesis.","terms":[{"ids":"UNIPROT:O14717:T116:PRGE","score":0.6519818731812912,"id":1,"start":283,"end":299,"text":"DNA repair genes","terms":[]}]},{"id":3,"start":342,"end":522,"text":"The importance of genetic variability of the components of mismatch repair (MMR) genes is well documented in colorectal cancer, but little is known about its role in breast cancer.","terms":[{"ids":"UMLS:C0006141:T023:ANAT","score":1.0,"id":1,"start":508,"end":514,"text":"breast","terms":[]}]},{"id":4,"start":523,"end":567,"text":"hMSH2 is one of the crucial proteins of MMR.","terms":[]},{"id":5,"start":568,"end":953,"text":"We performed a case-control study to test the association between two polymorphisms in the hMSH2 gene: an A --\u003e G transition at 127 position producing an Asn --\u003e Ser substitution at codon 127 (the Asn127Ser polymorphism) and a G --\u003e A transition at 1032 position resulting in a Gly --\u003e Asp change at codon 322 (the Gly322Asp polymorphism) and breast cancer risk and cancer progression.","terms":[{"ids":"UNIPROT:Q9H3M7:T116:PRGE","score":0.9854982229014294,"id":1,"start":659,"end":669,"text":"hMSH2 gene","terms":[]},{"ids":"UMLS:C0006141:T023:ANAT","score":1.0,"id":2,"start":911,"end":917,"text":"breast","terms":[]}]},{"id":6,"start":954,"end":1156,"text":"Genotypes were determined in DNA from peripheral blood lymphocytes of 150 breast cancer patients and 150 age-matched women (controls) by restriction fragment length polymorphism and allele-specific PCR.","terms":[{"ids":"UMLS:C0006141:T023:ANAT","score":1.0,"id":1,"start":1028,"end":1034,"text":"breast","terms":[]}]},{"id":7,"start":1157,"end":1322,"text":"We did not observe any correlation between studied polymorphisms and breast cancer progression evaluated by node-metastasis, tumor size and Bloom-Richardson grading.","terms":[{"ids":"UMLS:C0006141:T023:ANAT","score":1.0,"id":1,"start":1226,"end":1232,"text":"breast","terms":[]},{"ids":"UMLS:C0746922:T023:ANAT","score":1.0,"id":2,"start":1265,"end":1269,"text":"node","terms":[]}]},{"id":8,"start":1323,"end":1496,"text":"A strong association between breast cancer occurrence and the Gly/Gly phenotype of the Gly322Asp polymorphism (odds ratio 8.39; 95% confidence interval 1.44-48.8) was found.","terms":[{"ids":"UMLS:C0006141:T023:ANAT","score":1.0,"id":1,"start":1352,"end":1358,"text":"breast","terms":[]}]},{"id":9,"start":1497,"end":1664,"text":"Therefore, MMR may play a role in the breast carcinogenesis and the Gly322Asp polymorphism of the hMSH2 gene may be considered as a potential marker in breast cancer..","terms":[{"ids":"UMLS:C0006141:T023:ANAT","score":1.0,"id":1,"start":1535,"end":1541,"text":"breast","terms":[]},{"ids":"UNIPROT:Q9H3M7:T116:PRGE","score":0.777441823345493,"id":2,"start":1595,"end":1605,"text":"hMSH2 gene","terms":[]},{"ids":"UMLS:C0006141:T023:ANAT","score":1.0,"id":3,"start":1649,"end":1655,"text":"breast","terms":[]}]}]