[{"id":0,"start":0,"end":138,"text":"Segregation of a M404V mutation of the p62/sequestosome 1 (p62/SQSTM1) gene with polyostotic Paget\u0027s disease of bone in an Italian family.","terms":[{"ids":"UNIPROT:Q13501:T116:PRGE","score":0.8329851882537931,"id":1,"start":39,"end":57,"text":"p62/sequestosome 1","terms":[]},{"ids":"UNIPROT:Q9Y6M1:T116:PRGE|UNIPROT:Q96B36:T116:PRGE|UNIPROT:P37198:T116:PRGE|UNIPROT:Q13501:T116:PRGE|UNIPROT:Q9UJW0:T116:PRGE|UNIPROT:Q07666:T116:PRGE","score":0.8329851882537931,"id":2,"start":59,"end":62,"text":"p62","terms":[]},{"ids":"UNIPROT:Q13501:T116:PRGE","score":0.8329851882537931,"id":3,"start":63,"end":69,"text":"SQSTM1","terms":[]},{"ids":"UMLS:C0029401:T047:DISO","score":1.0,"id":4,"start":93,"end":116,"text":"Paget\u0027s disease of bone","terms":[{"ids":"UMLS:C0262950:T023:ANAT","score":1.0,"id":1,"start":112,"end":116,"text":"bone","terms":[]}]}]},{"id":1,"start":139,"end":271,"text":"Mutations of the p62/Sequestosome 1 gene (p62/SQSTM1) account for both sporadic and familial forms of Paget\u0027s disease of bone (PDB).","terms":[{"ids":"UNIPROT:Q9Y6M1:T116:PRGE|UNIPROT:Q96B36:T116:PRGE|UNIPROT:P37198:T116:PRGE|UNIPROT:Q13501:T116:PRGE|UNIPROT:Q9UJW0:T116:PRGE|UNIPROT:Q07666:T116:PRGE","score":0.5227194783687499,"id":1,"start":156,"end":159,"text":"p62","terms":[]},{"ids":"UNIPROT:Q13501:T116:PRGE","score":0.5227194783687499,"id":2,"start":160,"end":179,"text":"Sequestosome 1 gene","terms":[]},{"ids":"UNIPROT:Q9Y6M1:T116:PRGE|UNIPROT:Q96B36:T116:PRGE|UNIPROT:P37198:T116:PRGE|UNIPROT:Q13501:T116:PRGE|UNIPROT:Q9UJW0:T116:PRGE|UNIPROT:Q07666:T116:PRGE","score":0.5227194783687499,"id":3,"start":181,"end":184,"text":"p62","terms":[]},{"ids":"UNIPROT:Q13501:T116:PRGE","score":0.5227194783687499,"id":4,"start":185,"end":191,"text":"SQSTM1","terms":[]},{"ids":"UMLS:C0029401:T047:DISO","score":1.0,"id":5,"start":241,"end":264,"text":"Paget\u0027s disease of bone","terms":[{"ids":"UMLS:C0262950:T023:ANAT","score":1.0,"id":1,"start":260,"end":264,"text":"bone","terms":[]}]},{"ids":"UMLS:C0029401:T047:DISO","score":1.0,"id":6,"start":266,"end":269,"text":"PDB","terms":[]}]},{"id":2,"start":272,"end":448,"text":"We originally described a methionine--\u003evaline substitution at codon 404 (M404V) of exon 8, in the ubiquitin protein-binding domain of p62/SQSTM1 gene in an Italian PDB patient.","terms":[{"ids":"UNIPROT:P62987:T116:PRGE|UNIPROT:P62979:T116:PRGE","score":0.40190315265003645,"id":1,"start":370,"end":402,"text":"ubiquitin protein-binding domain","terms":[]},{"ids":"UNIPROT:Q9Y6M1:T116:PRGE|UNIPROT:Q96B36:T116:PRGE|UNIPROT:P37198:T116:PRGE|UNIPROT:Q13501:T116:PRGE|UNIPROT:Q9UJW0:T116:PRGE|UNIPROT:Q07666:T116:PRGE","score":0.40190315265003645,"id":2,"start":406,"end":409,"text":"p62","terms":[]},{"ids":"UNIPROT:Q13501:T116:PRGE","score":0.40190315265003645,"id":3,"start":410,"end":416,"text":"SQSTM1","terms":[]},{"ids":"UMLS:C0029401:T047:DISO","score":1.0,"id":4,"start":436,"end":439,"text":"PDB","terms":[]}]},{"id":3,"start":449,"end":545,"text":"The collection of data from the patient\u0027s pedigree provided evidence for a familial form of PDB.","terms":[{"ids":"UMLS:C0029401:T047:DISO","score":1.0,"id":1,"start":541,"end":544,"text":"PDB","terms":[]}]},{"id":4,"start":546,"end":762,"text":"Extension of the genetic analysis to other relatives in this family demonstrated segregation of the M404V mutation with the polyostotic PDB phenotype and provided the identification of six asymptomatic gene carriers.","terms":[{"ids":"UMLS:C0029401:T047:DISO","score":1.0,"id":1,"start":682,"end":685,"text":"PDB","terms":[]}]},{"id":5,"start":763,"end":904,"text":"DNA for mutational analysis of the exon 8 coding sequence was obtained from 22 subjects, 4 PDB patients and 18 clinically unaffected members.","terms":[{"ids":"UMLS:C0029401:T047:DISO","score":1.0,"id":1,"start":854,"end":857,"text":"PDB","terms":[]}]},{"id":6,"start":905,"end":1205,"text":"Of the five clinically ascertained affected members of the family, four possessed the M404V mutation and exhibited the polyostotic form of PDB, except one patient with a single X-ray-assessed skeletal localization and one with a polyostotic disease who had died several years before the DNA analysis.","terms":[{"ids":"UMLS:C0029401:T047:DISO","score":1.0,"id":1,"start":1044,"end":1047,"text":"PDB","terms":[]}]},{"id":7,"start":1206,"end":1488,"text":"By both reconstitution and mutational analysis of the pedigree, six unaffected subjects were shown to bear the M404V mutation, representing potential asymptomatic gene carriers whose circulating levels of alkaline phosphatase were recently assessed as still within the normal range.","terms":[{"ids":"UNIPROT:P05187:T116:PRGE|UNIPROT:P10696:T116:PRGE|UNIPROT:P09923:T116:PRGE","score":0.936615402419144,"id":1,"start":1411,"end":1431,"text":"alkaline phosphatase","terms":[]}]},{"id":8,"start":1489,"end":1655,"text":"Taken together, these results support a genotype-phenotype correlation between the M404V mutation in the p62/SQSTM1 gene and a polyostotic form of PDB in this family.","terms":[{"ids":"UNIPROT:Q9Y6M1:T116:PRGE|UNIPROT:Q96B36:T116:PRGE|UNIPROT:P37198:T116:PRGE|UNIPROT:Q13501:T116:PRGE|UNIPROT:Q9UJW0:T116:PRGE|UNIPROT:Q07666:T116:PRGE","score":0.501528631978328,"id":1,"start":1594,"end":1597,"text":"p62","terms":[]},{"ids":"UNIPROT:Q13501:T116:PRGE","score":0.501528631978328,"id":2,"start":1598,"end":1604,"text":"SQSTM1","terms":[]},{"ids":"UMLS:C0029401:T047:DISO","score":1.0,"id":3,"start":1636,"end":1639,"text":"PDB","terms":[]}]},{"id":9,"start":1656,"end":1968,"text":"The high penetrance of the PDB trait in this family together with the study of the asymptomatic gene carriers will allow us to confirm the proposed genotype-phenotype correlation and to evaluate the potential use of mutational analysis of the p62/SQSTM1 gene in the early detection of relatives at risk for PDB..","terms":[{"ids":"UMLS:C0029401:T047:DISO","score":1.0,"id":1,"start":1683,"end":1686,"text":"PDB","terms":[]},{"ids":"UNIPROT:Q9Y6M1:T116:PRGE|UNIPROT:Q96B36:T116:PRGE|UNIPROT:P37198:T116:PRGE|UNIPROT:Q13501:T116:PRGE|UNIPROT:Q9UJW0:T116:PRGE|UNIPROT:Q07666:T116:PRGE","score":0.4862418649338732,"id":2,"start":1899,"end":1902,"text":"p62","terms":[]},{"ids":"UNIPROT:Q13501:T116:PRGE","score":0.4862418649338732,"id":3,"start":1903,"end":1909,"text":"SQSTM1","terms":[]},{"ids":"UMLS:C0029401:T047:DISO","score":1.0,"id":4,"start":1963,"end":1966,"text":"PDB","terms":[]}]}]