[{"id":0,"start":0,"end":81,"text":"Mutation analysis of FANCD2, BRIP1/BACH1, LMO4 and SFN in familial breast cancer.","terms":[{"ids":"UMLS:C3160738:T047:DISO|UNIPROT:Q9BXW9:T116:PRGE","score":1.0,"id":1,"start":21,"end":27,"text":"FANCD2","terms":[]},{"ids":"UNIPROT:Q9BX63:T116:PRGE|UNIPROT:Q9P0J6:T116:PRGE","score":0.9892520182284676,"id":2,"start":29,"end":34,"text":"BRIP1","terms":[]},{"ids":"UNIPROT:O14867:T116:PRGE|UNIPROT:Q9BX63:T116:PRGE","score":0.9892520182284676,"id":3,"start":35,"end":40,"text":"BACH1","terms":[]},{"ids":"UNIPROT:P61968:T116:PRGE|UNIPROT:P50461:T116:PRGE","score":0.9892520182284676,"id":4,"start":42,"end":46,"text":"LMO4","terms":[]},{"ids":"UNIPROT:Q9Y3B8:T116:PRGE|UNIPROT:P31947:T116:PRGE","score":0.9892520182284676,"id":5,"start":51,"end":54,"text":"SFN","terms":[]},{"ids":"UMLS:C0006141:T023:ANAT","score":1.0,"id":6,"start":67,"end":73,"text":"breast","terms":[]}]},{"id":1,"start":82,"end":211,"text":"INTRODUCTION: Mutations in known predisposition genes account for only about a third of all multiple-case breast cancer families.","terms":[{"ids":"UMLS:C0006141:T023:ANAT","score":1.0,"id":1,"start":188,"end":194,"text":"breast","terms":[]}]},{"id":2,"start":212,"end":367,"text":"We hypothesized that germline  mutations in FANCD2, BRIP1/BACH1, LMO4 and SFN may account for some of the unexplained multiple-case breast cancer families.","terms":[{"ids":"UMLS:C3160738:T047:DISO|UNIPROT:Q9BXW9:T116:PRGE","score":1.0,"id":1,"start":256,"end":262,"text":"FANCD2","terms":[]},{"ids":"UNIPROT:Q9BX63:T116:PRGE|UNIPROT:Q9P0J6:T116:PRGE","score":0.994221761382918,"id":2,"start":264,"end":269,"text":"BRIP1","terms":[]},{"ids":"UNIPROT:O14867:T116:PRGE|UNIPROT:Q9BX63:T116:PRGE","score":0.994221761382918,"id":3,"start":270,"end":275,"text":"BACH1","terms":[]},{"ids":"UNIPROT:P61968:T116:PRGE|UNIPROT:P50461:T116:PRGE","score":0.994221761382918,"id":4,"start":277,"end":281,"text":"LMO4","terms":[]},{"ids":"UNIPROT:Q9Y3B8:T116:PRGE|UNIPROT:P31947:T116:PRGE","score":0.994221761382918,"id":5,"start":286,"end":289,"text":"SFN","terms":[]},{"ids":"UMLS:C0006141:T023:ANAT","score":1.0,"id":6,"start":344,"end":350,"text":"breast","terms":[]}]},{"id":3,"start":368,"end":530,"text":"METHODS: The families used in this study were ascertained through the Kathleen Cuningham Foundation Consortium for Research into Familial Breast Cancer (kConFab).","terms":[{"ids":"UMLS:C0006141:T023:ANAT","score":1.0,"id":1,"start":506,"end":512,"text":"Breast","terms":[]}]},{"id":4,"start":531,"end":734,"text":"Denaturing high performance liquid chromatography (DHPLC) analysis of  the coding regions of these four genes was conducted in the youngest affected cases of 30 to 267 non-BRCA1/2 breast cancer families.","terms":[{"ids":"UNIPROT:P38398:T116:PRGE","score":0.6376926029321905,"id":1,"start":703,"end":733,"text":"BRCA1/2 breast cancer families","terms":[{"ids":"UMLS:C0006141:T023:ANAT","score":1.0,"id":1,"start":711,"end":717,"text":"breast","terms":[]}]}]},{"id":5,"start":735,"end":950,"text":"In addition, a further 399 index cases were also screened for mutations in two functionally significant regions of the FANCD2 gene and 253 index cases were screened for two previously reported mutations in BACH1 (p.","terms":[{"ids":"UNIPROT:Q9BXW9:T116:PRGE","score":0.5908064320457651,"id":1,"start":854,"end":865,"text":"FANCD2 gene","terms":[{"ids":"UMLS:C3160738:T047:DISO","score":1.0,"id":1,"start":854,"end":860,"text":"FANCD2","terms":[]}]},{"ids":"UNIPROT:O14867:T116:PRGE|UNIPROT:Q9BX63:T116:PRGE","score":0.5908064320457651,"id":2,"start":941,"end":946,"text":"BACH1","terms":[]}]},{"id":6,"start":951,"end":962,"text":"P47A and p.","terms":[]},{"id":7,"start":963,"end":970,"text":"M299I).","terms":[]},{"id":8,"start":971,"end":1120,"text":"RESULTS: DHPLC analysis of FANCD2 identified six silent exonic variants, and a large number of intronic variants, which tagged two common haplotypes.","terms":[{"ids":"UMLS:C3160738:T047:DISO|UNIPROT:Q9BXW9:T116:PRGE","score":1.0,"id":1,"start":998,"end":1004,"text":"FANCD2","terms":[]}]},{"id":9,"start":1121,"end":1273,"text":"One protein truncating variant was found in BRIP1/BACH1, as well as four missense variants, a silent change and a variant in the 3\u0027 untranslated region.","terms":[{"ids":"UNIPROT:Q9BX63:T116:PRGE|UNIPROT:Q9P0J6:T116:PRGE","score":0.9644343220514717,"id":1,"start":1165,"end":1170,"text":"BRIP1","terms":[]},{"ids":"UNIPROT:O14867:T116:PRGE|UNIPROT:Q9BX63:T116:PRGE","score":0.9644343220514717,"id":2,"start":1171,"end":1176,"text":"BACH1","terms":[]}]},{"id":10,"start":1274,"end":1337,"text":"No missense or splice site mutations were found in LMO4 or SFN.","terms":[{"ids":"UNIPROT:P61968:T116:PRGE|UNIPROT:P50461:T116:PRGE","score":0.9794333692685208,"id":1,"start":1325,"end":1329,"text":"LMO4","terms":[]},{"ids":"UNIPROT:Q9Y3B8:T116:PRGE|UNIPROT:P31947:T116:PRGE","score":0.9794333692685208,"id":2,"start":1333,"end":1336,"text":"SFN","terms":[]}]},{"id":11,"start":1338,"end":1523,"text":"Analysis of the missense, silent and frameshift variants of FANCD2 and BACH1 in relatives of the  index cases, and in a panel of controls, found no evidence suggestive of pathogenicity.","terms":[{"ids":"UMLS:C3160738:T047:DISO|UNIPROT:Q9BXW9:T116:PRGE","score":1.0,"id":1,"start":1398,"end":1404,"text":"FANCD2","terms":[]},{"ids":"UNIPROT:O14867:T116:PRGE|UNIPROT:Q9BX63:T116:PRGE","score":0.8867890397297283,"id":2,"start":1409,"end":1414,"text":"BACH1","terms":[]}]},{"id":12,"start":1524,"end":1684,"text":"CONCLUSION: There is no evidence that highly penetrant exonic or splice site mutations in FANCD2, BRIP1/BACH1, LMO4 or SFN contribute to familial breast cancer.","terms":[{"ids":"UMLS:C3160738:T047:DISO|UNIPROT:Q9BXW9:T116:PRGE","score":1.0,"id":1,"start":1614,"end":1620,"text":"FANCD2","terms":[]},{"ids":"UNIPROT:Q9BX63:T116:PRGE|UNIPROT:Q9P0J6:T116:PRGE","score":0.9973102907115623,"id":2,"start":1622,"end":1627,"text":"BRIP1","terms":[]},{"ids":"UNIPROT:O14867:T116:PRGE|UNIPROT:Q9BX63:T116:PRGE","score":0.9973102907115623,"id":3,"start":1628,"end":1633,"text":"BACH1","terms":[]},{"ids":"UNIPROT:P61968:T116:PRGE|UNIPROT:P50461:T116:PRGE","score":0.9973102907115623,"id":4,"start":1635,"end":1639,"text":"LMO4","terms":[]},{"ids":"UNIPROT:Q9Y3B8:T116:PRGE|UNIPROT:P31947:T116:PRGE","score":0.9973102907115623,"id":5,"start":1643,"end":1646,"text":"SFN","terms":[]},{"ids":"UMLS:C0006141:T023:ANAT","score":1.0,"id":6,"start":1670,"end":1676,"text":"breast","terms":[]}]},{"id":13,"start":1685,"end":1856,"text":"Large scale association studies will be necessary to determine whether any of the polymorphisms or haplotypes identified in these genes contributes to breast cancer risk..","terms":[{"ids":"UMLS:C0006141:T023:ANAT","score":1.0,"id":1,"start":1836,"end":1842,"text":"breast","terms":[]}]}]