[{"id":0,"start":0,"end":101,"text":"Stress kinase signaling regulates androgen receptor phosphorylation, transcription, and localization.","terms":[{"ids":"UNIPROT:P20794:T116:PRGE|UNIPROT:P33981:T116:PRGE","score":0.70113022082745,"id":1,"start":0,"end":13,"text":"Stress kinase","terms":[]},{"ids":"UNIPROT:P10275:T116:PRGE","score":0.70113022082745,"id":2,"start":34,"end":51,"text":"androgen receptor","terms":[]}]},{"id":1,"start":102,"end":257,"text":"Activation of signal transduction kinase cascades is known to alter androgen receptor (AR) activity, but the molecular mechanisms are still poorly defined.","terms":[{"ids":"UNIPROT:P20794:T116:PRGE|UNIPROT:P33981:T116:PRGE","score":0.9392174084453891,"id":1,"start":116,"end":142,"text":"signal transduction kinase","terms":[]},{"ids":"UNIPROT:P10275:T116:PRGE","score":0.9392174084453891,"id":2,"start":170,"end":187,"text":"androgen receptor","terms":[]},{"ids":"UMLS:C0003504:T047:DISO|UNIPROT:P01721:T116:PRGE|UNIPROT:Q9NZJ4:T116:PRGE|UNIPROT:P10275:T116:PRGE","score":1.0,"id":3,"start":189,"end":191,"text":"AR","terms":[]}]},{"id":2,"start":258,"end":356,"text":"Here we show that stress kinase signaling regulates Ser 650 phosphorylation and AR nuclear export.","terms":[{"ids":"UNIPROT:P20794:T116:PRGE|UNIPROT:P33981:T116:PRGE","score":0.9120096434765815,"id":1,"start":276,"end":289,"text":"stress kinase","terms":[]},{"ids":"UMLS:C0003504:T047:DISO|UNIPROT:P01721:T116:PRGE|UNIPROT:Q9NZJ4:T116:PRGE|UNIPROT:P10275:T116:PRGE","score":1.0,"id":2,"start":338,"end":340,"text":"AR","terms":[]}]},{"id":3,"start":357,"end":632,"text":"In LNCaP prostate cancer cells, activation of either MAPK kinase (MKK) 4:c-Jun N-terminal kinase (JNK) or MKK6:p38 signaling pathways increased Ser 650 phosphorylation, whereas pharmacologic inhibition of JNK or p38 signaling led to a reduction of AR Ser 650 phosphorylation.","terms":[{"ids":"UMLS:C0033572:T023:ANAT","score":1.0,"id":1,"start":366,"end":374,"text":"prostate","terms":[]},{"ids":"UNIPROT:Q9UBE8:T116:PRGE|UNIPROT:Q8TD08:T116:PRGE|UNIPROT:P45984:T116:PRGE|UNIPROT:P53779:T116:PRGE|UNIPROT:Q13164:T116:PRGE|UNIPROT:Q16539:T116:PRGE|UNIPROT:P28482:T116:PRGE|UNIPROT:P53778:T116:PRGE|UNIPROT:Q15759:T116:PRGE|UNIPROT:O15264:T116:PRGE|UNIPROT:P45983:T116:PRGE|UNIPROT:P31152:T116:PRGE|UNIPROT:P27361:T116:PRGE|UNIPROT:Q16659:T116:PRGE","score":0.0,"id":2,"start":410,"end":421,"text":"MAPK kinase","terms":[]},{"ids":"UNIPROT:Q9UBE8:T116:PRGE|UNIPROT:Q8TD08:T116:PRGE|UNIPROT:P45984:T116:PRGE|UNIPROT:P53779:T116:PRGE|UNIPROT:Q13164:T116:PRGE|UNIPROT:Q16539:T116:PRGE|UNIPROT:P28482:T116:PRGE|UNIPROT:P53778:T116:PRGE|UNIPROT:Q15759:T116:PRGE|UNIPROT:O15264:T116:PRGE|UNIPROT:P45983:T116:PRGE|UNIPROT:P31152:T116:PRGE|UNIPROT:P27361:T116:PRGE|UNIPROT:Q16659:T116:PRGE","score":0.5455551807027631,"id":3,"start":430,"end":453,"text":"c-Jun N-terminal kinase","terms":[]},{"ids":"UNIPROT:Q9UBE8:T116:PRGE|UNIPROT:Q8TD08:T116:PRGE|UNIPROT:P45984:T116:PRGE|UNIPROT:P53779:T116:PRGE|UNIPROT:Q13164:T116:PRGE|UNIPROT:Q16539:T116:PRGE|UNIPROT:P28482:T116:PRGE|UNIPROT:P53778:T116:PRGE|UNIPROT:Q15759:T116:PRGE|UNIPROT:O15264:T116:PRGE|UNIPROT:P45983:T116:PRGE|UNIPROT:P31152:T116:PRGE|UNIPROT:P27361:T116:PRGE|UNIPROT:Q16659:T116:PRGE","score":0.5455551807027631,"id":4,"start":455,"end":458,"text":"JNK","terms":[]},{"ids":"UNIPROT:P52564:T116:PRGE","score":0.5455551807027631,"id":5,"start":463,"end":467,"text":"MKK6","terms":[]},{"ids":"UNIPROT:Q13155:T116:PRGE|UNIPROT:Q9Y2S7:T116:PRGE|UNIPROT:Q16539:T116:PRGE|UNIPROT:O75791:T116:PRGE|UNIPROT:P28482:T116:PRGE|UNIPROT:O95433:T116:PRGE|UNIPROT:P46108:T116:PRGE|UNIPROT:Q9NV58:T116:PRGE","score":0.5455551807027631,"id":6,"start":468,"end":471,"text":"p38","terms":[]},{"ids":"UNIPROT:Q9UBE8:T116:PRGE|UNIPROT:Q8TD08:T116:PRGE|UNIPROT:P45984:T116:PRGE|UNIPROT:P53779:T116:PRGE|UNIPROT:Q13164:T116:PRGE|UNIPROT:Q16539:T116:PRGE|UNIPROT:P28482:T116:PRGE|UNIPROT:P53778:T116:PRGE|UNIPROT:Q15759:T116:PRGE|UNIPROT:O15264:T116:PRGE|UNIPROT:P45983:T116:PRGE|UNIPROT:P31152:T116:PRGE|UNIPROT:P27361:T116:PRGE|UNIPROT:Q16659:T116:PRGE","score":0.5455551807027631,"id":7,"start":562,"end":565,"text":"JNK","terms":[]},{"ids":"UNIPROT:Q13155:T116:PRGE|UNIPROT:Q9Y2S7:T116:PRGE|UNIPROT:Q16539:T116:PRGE|UNIPROT:O75791:T116:PRGE|UNIPROT:P28482:T116:PRGE|UNIPROT:O95433:T116:PRGE|UNIPROT:P46108:T116:PRGE|UNIPROT:Q9NV58:T116:PRGE","score":0.5455551807027631,"id":8,"start":569,"end":572,"text":"p38","terms":[]},{"ids":"UMLS:C0003504:T047:DISO","score":1.0,"id":9,"start":605,"end":607,"text":"AR","terms":[]}]},{"id":4,"start":633,"end":688,"text":"Both p38alpha and JNK1 phosphorylated Ser 650 in vitro.","terms":[{"ids":"UNIPROT:Q16539:T116:PRGE","score":0.9919281924860032,"id":1,"start":638,"end":646,"text":"p38alpha","terms":[]},{"ids":"UNIPROT:P45983:T116:PRGE","score":0.9919281924860032,"id":2,"start":651,"end":655,"text":"JNK1","terms":[]}]},{"id":5,"start":689,"end":906,"text":"Small interfering RNA-mediated knockdown of either MKK4 or MKK6 increased endogenous prostate-specific antigen (PSA) transcript levels, and this increase was blocked by either bicalutamide or AR small interfering RNA.","terms":[{"ids":"UNIPROT:P45985:T116:PRGE","score":0.595025662771841,"id":1,"start":740,"end":744,"text":"MKK4","terms":[]},{"ids":"UNIPROT:P52564:T116:PRGE","score":0.595025662771841,"id":2,"start":748,"end":752,"text":"MKK6","terms":[]},{"ids":"UNIPROT:P07288:T116:PRGE","score":0.595025662771841,"id":3,"start":763,"end":799,"text":"endogenous prostate-specific antigen","terms":[{"ids":"UMLS:C0033572:T023:ANAT","score":1.0,"id":1,"start":774,"end":782,"text":"prostate","terms":[]}]},{"ids":"UNIPROT:Q9Y617:T116:PRGE|UNIPROT:P55786:T116:PRGE|UNIPROT:Q6DJT9:T116:PRGE|UNIPROT:P03952:T116:PRGE|UNIPROT:P07225:T116:PRGE|UNIPROT:P35222:T116:PRGE","score":0.595025662771841,"id":4,"start":801,"end":804,"text":"PSA","terms":[]},{"ids":"UMLS:C0003504:T047:DISO","score":1.0,"id":5,"start":881,"end":883,"text":"AR","terms":[]}]},{"id":6,"start":907,"end":988,"text":"Stress kinase inhibition of PSA transcription is, therefore, dependent on the AR.","terms":[{"ids":"UNIPROT:P20794:T116:PRGE|UNIPROT:P33981:T116:PRGE","score":0.29302975436689394,"id":1,"start":907,"end":920,"text":"Stress kinase","terms":[]},{"ids":"UNIPROT:Q9Y617:T116:PRGE|UNIPROT:P55786:T116:PRGE|UNIPROT:Q6DJT9:T116:PRGE|UNIPROT:P03952:T116:PRGE|UNIPROT:P07225:T116:PRGE|UNIPROT:P35222:T116:PRGE","score":0.29302975436689394,"id":2,"start":935,"end":938,"text":"PSA","terms":[]},{"ids":"UMLS:C0003504:T047:DISO|UNIPROT:P01721:T116:PRGE|UNIPROT:Q9NZJ4:T116:PRGE|UNIPROT:P10275:T116:PRGE","score":1.0,"id":3,"start":985,"end":987,"text":"AR","terms":[]}]},{"id":7,"start":989,"end":1148,"text":"Similar experiments involving either activation or inhibition of MAPK/ERK kinase:ERK signaling had little effect on Ser 650 phosphorylation or PSA mRNA levels.","terms":[{"ids":"UNIPROT:Q9UBE8:T116:PRGE|UNIPROT:Q8TD08:T116:PRGE|UNIPROT:P45984:T116:PRGE|UNIPROT:P53779:T116:PRGE|UNIPROT:Q13164:T116:PRGE|UNIPROT:Q16539:T116:PRGE|UNIPROT:P28482:T116:PRGE|UNIPROT:P53778:T116:PRGE|UNIPROT:Q15759:T116:PRGE|UNIPROT:O15264:T116:PRGE|UNIPROT:P45983:T116:PRGE|UNIPROT:P31152:T116:PRGE|UNIPROT:P27361:T116:PRGE|UNIPROT:Q16659:T116:PRGE","score":0.5926388219375877,"id":1,"start":1054,"end":1058,"text":"MAPK","terms":[]},{"ids":"UNIPROT:Q9UBE8:T116:PRGE|UNIPROT:Q8TD08:T116:PRGE|UNIPROT:P45984:T116:PRGE|UNIPROT:P53779:T116:PRGE|UNIPROT:Q13164:T116:PRGE|UNIPROT:Q16539:T116:PRGE|UNIPROT:P28482:T116:PRGE|UNIPROT:Q13233:T116:PRGE|UNIPROT:P53778:T116:PRGE|UNIPROT:Q15759:T116:PRGE|UNIPROT:O15264:T116:PRGE|UNIPROT:P45983:T116:PRGE|UNIPROT:P31152:T116:PRGE|UNIPROT:P29323:T116:PRGE|UNIPROT:P27361:T116:PRGE|UNIPROT:Q16659:T116:PRGE","score":0.5926388219375877,"id":2,"start":1059,"end":1062,"text":"ERK","terms":[]},{"ids":"UNIPROT:Q9UBE8:T116:PRGE|UNIPROT:Q8TD08:T116:PRGE|UNIPROT:P45984:T116:PRGE|UNIPROT:P53779:T116:PRGE|UNIPROT:Q13164:T116:PRGE|UNIPROT:Q16539:T116:PRGE|UNIPROT:P28482:T116:PRGE|UNIPROT:Q13233:T116:PRGE|UNIPROT:P53778:T116:PRGE|UNIPROT:Q15759:T116:PRGE|UNIPROT:O15264:T116:PRGE|UNIPROT:P45983:T116:PRGE|UNIPROT:P31152:T116:PRGE|UNIPROT:P29323:T116:PRGE|UNIPROT:P27361:T116:PRGE|UNIPROT:Q16659:T116:PRGE","score":0.5926388219375877,"id":3,"start":1070,"end":1073,"text":"ERK","terms":[]},{"ids":"UNIPROT:Q9Y617:T116:PRGE|UNIPROT:P55786:T116:PRGE|UNIPROT:Q6DJT9:T116:PRGE|UNIPROT:P03952:T116:PRGE|UNIPROT:P07225:T116:PRGE|UNIPROT:P35222:T116:PRGE","score":0.5926388219375877,"id":4,"start":1132,"end":1140,"text":"PSA mRNA","terms":[]}]},{"id":8,"start":1149,"end":1233,"text":"Ser 650 is proximal to the DNA binding domain that contains a nuclear export signal.","terms":[]},{"id":9,"start":1234,"end":1397,"text":"Mutation of Ser 650 to alanine reduced nuclear export of the AR, whereas mutation of Ser 650 to the phosphomimetic amino acid aspartate restored AR nuclear export.","terms":[{"ids":"UMLS:C0003504:T047:DISO|UNIPROT:P01721:T116:PRGE|UNIPROT:Q9NZJ4:T116:PRGE|UNIPROT:P10275:T116:PRGE","score":1.0,"id":1,"start":1295,"end":1297,"text":"AR","terms":[]},{"ids":"UMLS:C0003504:T047:DISO","score":1.0,"id":2,"start":1379,"end":1381,"text":"AR","terms":[]}]},{"id":10,"start":1398,"end":1570,"text":"Pharmacologic inhibition of stress kinase signaling reduced wild-type AR nuclear export equivalent to the S650A mutant without affecting nuclear export of the S650D mutant.","terms":[{"ids":"UNIPROT:P20794:T116:PRGE|UNIPROT:P33981:T116:PRGE","score":0.135427846518216,"id":1,"start":1426,"end":1439,"text":"stress kinase","terms":[]},{"ids":"UNIPROT:Q13326:T116:PRGE|UNIPROT:P38405:T116:PRGE","score":0.135427846518216,"id":2,"start":1458,"end":1470,"text":"wild-type AR","terms":[{"ids":"UMLS:C0003504:T047:DISO","score":1.0,"id":1,"start":1468,"end":1470,"text":"AR","terms":[]}]}]},{"id":11,"start":1571,"end":1674,"text":"Our data suggest that stress kinase signaling and nuclear export regulate AR transcriptional activity..","terms":[{"ids":"UMLS:C0003504:T047:DISO|UNIPROT:P01721:T116:PRGE|UNIPROT:Q9NZJ4:T116:PRGE|UNIPROT:P10275:T116:PRGE","score":1.0,"id":1,"start":1645,"end":1647,"text":"AR","terms":[]}]}]