[{"id":0,"start":0,"end":89,"text":"Genetic homogeneity for inherited congenital microcoria loci in an Asian Indian pedigree.","terms":[]},{"id":1,"start":90,"end":241,"text":"PURPOSE: Congenital microcoria is a rare autosomal dominant developmental disorder of the iris associated with myopia and juvenile open angle glaucoma.","terms":[{"ids":"UMLS:C0022077:T023:ANAT","score":1.0,"id":1,"start":180,"end":184,"text":"iris","terms":[]},{"ids":"UMLS:C0027092:T047:DISO","score":1.0,"id":2,"start":201,"end":207,"text":"myopia","terms":[]},{"ids":"UMLS:C0017612:T047:DISO","score":1.0,"id":3,"start":221,"end":240,"text":"open angle glaucoma","terms":[]}]},{"id":2,"start":242,"end":339,"text":"Linkage to the chromosomal locus 13q31-q32 has previously been reported in a large French family.","terms":[]},{"id":3,"start":340,"end":562,"text":"In the current study, a three generation Asian Indian family with 15 congenital microcoria (pupils with a diameter \u003c2 mm) affected members was studied for linkage to candidate microsatellite markers at the 13q31-q32 locus.","terms":[{"ids":"UMLS:C0034121:T023:ANAT","score":1.0,"id":1,"start":432,"end":438,"text":"pupils","terms":[]}]},{"id":4,"start":563,"end":661,"text":"METHODS: Twenty-four members of the family were clinically examined and genomic DNA was extracted.","terms":[]},{"id":5,"start":662,"end":803,"text":"Microsatellite markers at 13q31-q32 were PCR amplified and run on an ABI Prism 310 genetic analyzer and genotyped with the GeneScan analysis.","terms":[]},{"id":6,"start":804,"end":900,"text":"Two point and multipoint linkage analyses were performed using the MLINK and SUPERLINK programs.","terms":[]},{"id":7,"start":901,"end":1032,"text":"RESULTS: Peak two point LOD scores of 3.5, 4.7, and 5.3 were found co-incident with consecutive markers D13S154, DCT, and D13S1280.","terms":[]},{"id":8,"start":1033,"end":1241,"text":"Multipoint analysis revealed a 4 cM region encompassing D13S1300 to D13S1280 where the LOD remains just over 6.0 Thus we confirm localization of the congenital microcoria locus to chromosomal locus 13q31-q32.","terms":[]},{"id":9,"start":1242,"end":1390,"text":"In addition, eight individuals who had both microcoria and glaucoma were screened for glaucoma genes: myocilin (MYOC), optineurin (OPTN) and CYP1B1.","terms":[{"ids":"UMLS:C0017601:T047:DISO","score":1.0,"id":1,"start":1301,"end":1309,"text":"glaucoma","terms":[]},{"ids":"UMLS:C0017601:T047:DISO","score":1.0,"id":2,"start":1328,"end":1336,"text":"glaucoma","terms":[]},{"ids":"UNIPROT:Q99972:T116:PRGE","score":0.0,"id":3,"start":1344,"end":1352,"text":"myocilin","terms":[]},{"ids":"UNIPROT:Q16678:T116:PRGE","score":0.49054259779828496,"id":4,"start":1383,"end":1389,"text":"CYP1B1","terms":[]}]},{"id":10,"start":1391,"end":1619,"text":"Using direct sequencing a point mutation (144 G\u003eA) resulting in a Q48H substitution in exon 1 of the MYOC gene was observed in five of the eight glaucoma patients, but not in unaffected family members and 100 unrelated controls.","terms":[{"ids":"UNIPROT:Q99972:T116:PRGE","score":0.9085441811173521,"id":1,"start":1492,"end":1501,"text":"MYOC gene","terms":[]},{"ids":"UMLS:C0017601:T047:DISO","score":1.0,"id":2,"start":1536,"end":1544,"text":"glaucoma","terms":[]}]},{"id":11,"start":1620,"end":1861,"text":"CONCLUSIONS: We have confirmed the localization of the congenital microcoria locus (MCOR) to 13q31-q32 in a large Asian Indian family and conclude that current information suggests this is a single locus disorder and genetically homogeneous.","terms":[]},{"id":12,"start":1862,"end":2005,"text":"When combined with the initial linkage paper our haplotype and linkage data map the MCOR locus to a 6-7 cM region between D13S265 and D13S1280.","terms":[]},{"id":13,"start":2006,"end":2105,"text":"The DCT locus, a member of the tyrosinase family involved in pigmentation, maps within this region.","terms":[{"ids":"UNIPROT:P14174:T116:PRGE|UNIPROT:P40126:T116:PRGE","score":0.8837616165652543,"id":1,"start":2010,"end":2019,"text":"DCT locus","terms":[]},{"ids":"UNIPROT:P14679:T116:PRGE","score":0.8837616165652543,"id":2,"start":2037,"end":2054,"text":"tyrosinase family","terms":[]}]},{"id":14,"start":2106,"end":2372,"text":"Data presented here supports the hypothesis that congenital microcoria is a potential risk factor for glaucoma, although this observation is complicated by the partial segregation of MYOC Q48H (1q24.3-q25.2), a mutation known to be associated with glaucoma in India.","terms":[{"ids":"UMLS:C0017601:T047:DISO","score":1.0,"id":1,"start":2208,"end":2216,"text":"glaucoma","terms":[]},{"ids":"UNIPROT:Q99972:T116:PRGE","score":0.8142731489606754,"id":2,"start":2289,"end":2298,"text":"MYOC Q48H","terms":[]},{"ids":"UMLS:C0017601:T047:DISO","score":1.0,"id":3,"start":2354,"end":2362,"text":"glaucoma","terms":[]}]},{"id":15,"start":2373,"end":2550,"text":"Fine mapping and candidate gene analysis continues with the hope that characterizing the micocoria gene will lead to a better understanding of microcoria and glaucoma causation.","terms":[{"ids":"UMLS:C0017601:T047:DISO","score":1.0,"id":1,"start":2531,"end":2539,"text":"glaucoma","terms":[]}]},{"id":16,"start":2551,"end":2654,"text":"The relationship between microcoria, glaucoma, and the MYOC Q48H mutation in this family is discussed..","terms":[{"ids":"UMLS:C0017601:T047:DISO","score":1.0,"id":1,"start":2588,"end":2596,"text":"glaucoma","terms":[]},{"ids":"UNIPROT:Q99972:T116:PRGE","score":0.7432803002169234,"id":2,"start":2606,"end":2624,"text":"MYOC Q48H mutation","terms":[]}]}]