[{"id":0,"start":0,"end":89,"text":"Congenital disorder of glycosylation Ic due to a de novo deletion and an hALG-6 mutation.","terms":[{"ids":"UMLS:C0242354:T047:DISO","score":1.0,"id":1,"start":0,"end":19,"text":"Congenital disorder","terms":[]},{"ids":"UMLS:C0282488:T047:DISO","score":1.0,"id":2,"start":37,"end":39,"text":"Ic","terms":[]}]},{"id":1,"start":90,"end":215,"text":"We describe a new cause of congenital disorder of glycosylation-Ic (CDG-Ic) in a young girl with a rather mild CDG phenotype.","terms":[{"ids":"UMLS:C0242354:T047:DISO","score":1.0,"id":1,"start":117,"end":136,"text":"congenital disorder","terms":[]},{"ids":"UMLS:C0282488:T047:DISO","score":1.0,"id":2,"start":154,"end":156,"text":"Ic","terms":[]},{"ids":"UMLS:C0282488:T047:DISO","score":1.0,"id":3,"start":162,"end":164,"text":"Ic","terms":[]}]},{"id":2,"start":216,"end":412,"text":"Her cells accumulated lipid-linked oligosaccharides lacking three glucose residues, and sequencing of the ALG6 gene showed what initially appeared to be a homozygous novel point mutation (338G\u003eA).","terms":[{"ids":"UNIPROT:Q9Y672:T116:PRGE","score":0.9705249588596252,"id":1,"start":322,"end":331,"text":"ALG6 gene","terms":[]}]},{"id":3,"start":413,"end":644,"text":"However, haplotype analysis showed that the patient does not carry any paternal DNA markers extending 33kb in the telomeric direction from the ALG6 region, and microsatellite analysis extended the abnormal region to at least 2.5Mb.","terms":[{"ids":"UNIPROT:Q9Y672:T116:PRGE","score":0.9426016766417049,"id":1,"start":556,"end":567,"text":"ALG6 region","terms":[]}]},{"id":4,"start":645,"end":814,"text":"We used high-resolution karyotyping to confirm a deletion (10-12Mb) [del(1)(p31.2p32.3)] and found no structural abnormalities in the father, suggesting a de novo event.","terms":[{"ids":"UNIPROT:P48556:T116:PRGE|UNIPROT:Q9NZ43:T116:PRGE|UNIPROT:P36543:T116:PRGE","score":0.5513283150520987,"id":1,"start":721,"end":724,"text":"p31","terms":[]}]},{"id":5,"start":815,"end":926,"text":"Our findings extend the causes of CDG to larger DNA deletions and identify the first Japanese CDG-Ic mutation..","terms":[{"ids":"UMLS:C0282488:T047:DISO","score":1.0,"id":1,"start":913,"end":915,"text":"Ic","terms":[]}]}]