[{"id":0,"start":0,"end":71,"text":"BARD1 variants Cys557Ser and Val507Met in breast cancer predisposition.","terms":[{"ids":"UNIPROT:Q99728:T116:PRGE","score":0.5844154226791465,"id":1,"start":0,"end":5,"text":"BARD1","terms":[]},{"ids":"UMLS:C0006141:T023:ANAT","score":1.0,"id":2,"start":42,"end":48,"text":"breast","terms":[]}]},{"id":1,"start":72,"end":289,"text":"BARD1 (BRCA1-associated RING-domain 1) is a tumor suppressor whose protein product interacts with BRCA1, and in which rare somatic and germline mutations have been reported in breast, uterine, and endometrial cancers.","terms":[{"ids":"UNIPROT:Q99728:T116:PRGE","score":0.5497362241460434,"id":1,"start":72,"end":77,"text":"BARD1","terms":[]},{"ids":"UNIPROT:P38398:T116:PRGE","score":0.5497362241460434,"id":2,"start":79,"end":109,"text":"BRCA1-associated RING-domain 1","terms":[]},{"ids":"UNIPROT:P38398:T116:PRGE","score":0.5497362241460434,"id":3,"start":170,"end":175,"text":"BRCA1","terms":[]},{"ids":"UMLS:C0006141:T023:ANAT","score":1.0,"id":4,"start":248,"end":254,"text":"breast","terms":[]},{"ids":"UMLS:C0042149:T023:ANAT","score":1.0,"id":5,"start":256,"end":263,"text":"uterine","terms":[]}]},{"id":2,"start":290,"end":541,"text":"We aimed to evaluate whether there are BARD1 genetic variants that contribute to breast cancer risk by screening the gene for germline alterations in 45 Finnish familial breast cancer patients and in seven patients with both breast and ovarian cancer.","terms":[{"ids":"UNIPROT:Q99728:T116:PRGE","score":0.7609712376095967,"id":1,"start":329,"end":334,"text":"BARD1","terms":[]},{"ids":"UMLS:C0006141:T023:ANAT","score":1.0,"id":2,"start":371,"end":377,"text":"breast","terms":[]},{"ids":"UMLS:C0006141:T023:ANAT","score":1.0,"id":3,"start":460,"end":466,"text":"breast","terms":[]},{"ids":"UMLS:C0006141:T023:ANAT","score":1.0,"id":4,"start":515,"end":521,"text":"breast","terms":[]},{"ids":"UMLS:C0205065:T023:ANAT","score":1.0,"id":5,"start":526,"end":533,"text":"ovarian","terms":[]}]},{"id":3,"start":542,"end":685,"text":"Two of the missense alterations identified (Cys557Ser and Val507Met) were recently suggested to associate with an increased breast cancer risk.","terms":[{"ids":"UMLS:C0006141:T023:ANAT","score":1.0,"id":1,"start":666,"end":672,"text":"breast","terms":[]}]},{"id":4,"start":686,"end":821,"text":"We also analyzed these variants in large and independent series of familial and unselected breast cancer patients and healthy controls.","terms":[{"ids":"UMLS:C0006141:T023:ANAT","score":1.0,"id":1,"start":777,"end":783,"text":"breast","terms":[]}]},{"id":5,"start":822,"end":903,"text":"No clearly deleterious mutations were detected in the initial mutation screening.","terms":[]},{"id":6,"start":904,"end":1138,"text":"No association of the  Cys557Ser and breast cancer risk was observed as the variant was found altogether in 1.4% (16/1181) of familial and 2.2% (34/1565) of unselected breast cancer patients, and in 2.5% (27/1083) of healthy controls.","terms":[{"ids":"UMLS:C0006141:T023:ANAT","score":1.0,"id":1,"start":941,"end":947,"text":"breast","terms":[]},{"ids":"UMLS:C0006141:T023:ANAT","score":1.0,"id":2,"start":1072,"end":1078,"text":"breast","terms":[]}]},{"id":7,"start":1139,"end":1337,"text":"The frequency of the Val-allele of the Val507Met variant was modestly higher among breast cancer patients than among healthy controls, although the difference did not reach statistical significance.","terms":[{"ids":"UMLS:C0006141:T023:ANAT","score":1.0,"id":1,"start":1222,"end":1228,"text":"breast","terms":[]}]},{"id":8,"start":1338,"end":1469,"text":"No statistically significant association of the Cys557Ser or Val507Met variants with any clinicopathologic parameters was observed.","terms":[]},{"id":9,"start":1470,"end":1692,"text":"These results suggest that the contribution of the BARD1 germline variants to breast cancer predisposition is very limited, and that neither Cys557Ser nor Val507Met have an effect on familial breast cancer susceptibility..","terms":[{"ids":"UNIPROT:Q99728:T116:PRGE","score":0.6702041741892192,"id":1,"start":1521,"end":1526,"text":"BARD1","terms":[]},{"ids":"UMLS:C0006141:T023:ANAT","score":1.0,"id":2,"start":1548,"end":1554,"text":"breast","terms":[]},{"ids":"UMLS:C0006141:T023:ANAT","score":1.0,"id":3,"start":1662,"end":1668,"text":"breast","terms":[]}]}]