[{"id":0,"start":0,"end":77,"text":"Indirect CFTR mutation identification by PCR/OLA anomalous electropherograms.","terms":[]},{"id":1,"start":78,"end":340,"text":"Mutations of CFTR gene are responsible for cystic fibrosis (CF) and other clinical conditions such as congenital absence of the vas deferens (CAVD), chronic pancreatitis (IP), and idiopathic disseminated bronchiectasis (DBE) classified as CFTR-related disorders.","terms":[{"ids":"UNIPROT:P13569:T116:PRGE","score":0.9107454174262094,"id":1,"start":91,"end":100,"text":"CFTR gene","terms":[]},{"ids":"UMLS:C0010674:T047:DISO","score":1.0,"id":2,"start":121,"end":136,"text":"cystic fibrosis","terms":[]},{"ids":"UMLS:C0010674:T047:DISO","score":1.0,"id":3,"start":138,"end":140,"text":"CF","terms":[]},{"ids":"UMLS:C0042360:T023:ANAT","score":1.0,"id":4,"start":206,"end":218,"text":"vas deferens","terms":[]},{"ids":"UMLS:C0149521:T047:DISO","score":1.0,"id":5,"start":227,"end":247,"text":"chronic pancreatitis","terms":[]},{"ids":"UMLS:C2930820:T047:DISO","score":1.0,"id":6,"start":249,"end":251,"text":"IP","terms":[]},{"ids":"UMLS:C0006267:T047:DISO","score":1.0,"id":7,"start":282,"end":296,"text":"bronchiectasis","terms":[]},{"ids":"UNIPROT:P13569:T116:PRGE","score":0.9107454174262094,"id":8,"start":317,"end":321,"text":"CFTR","terms":[]}]},{"id":2,"start":341,"end":488,"text":"The PCR/OLA assay is designed to detect 31 known mutations including the 24 most common CF mutations worldwide, as identified by the CF Consortium.","terms":[{"ids":"UMLS:C0010674:T047:DISO","score":1.0,"id":1,"start":429,"end":431,"text":"CF","terms":[]},{"ids":"UMLS:C0010674:T047:DISO","score":1.0,"id":2,"start":474,"end":476,"text":"CF","terms":[]}]},{"id":3,"start":489,"end":659,"text":"In order to define the CFTR genotype a series of 1812 individuals from central-southern Italy with and without CF manifestations were screened by using the PCR/OLA assay.","terms":[{"ids":"UNIPROT:P13569:T116:PRGE","score":0.3996856955189618,"id":1,"start":512,"end":516,"text":"CFTR","terms":[]},{"ids":"UMLS:C0010674:T047:DISO","score":1.0,"id":2,"start":600,"end":602,"text":"CF","terms":[]}]},{"id":4,"start":660,"end":986,"text":"Here we report the description of five cases of anomalous electropherograms obtained after PCR/OLA analysis, that led to the identification, in the homozygous state, of two point mutations (D110H and S589N) not included in the assay test panel, a large gene deletion (CFTRdel14b_17b), and an exonic polymorphism (c.4002A \u003e G).","terms":[]},{"id":5,"start":987,"end":1092,"text":"Haplotype and real time PCR analysis were also performed in the subject carrying the large CFTR deletion.","terms":[{"ids":"UNIPROT:P13569:T116:PRGE","score":0.8021567035956135,"id":1,"start":1078,"end":1082,"text":"CFTR","terms":[]}]},{"id":6,"start":1093,"end":1383,"text":"The study demonstrates that the PCR/OLA assay, besides being an efficient and user-friendly method to screen known mutations in the CFTR gene, may also function as a mutation/polymorphism-scanning assay, at least for certain nucleotide changes located in some critical regions of the gene..","terms":[{"ids":"UNIPROT:P13569:T116:PRGE","score":0.7492536702048951,"id":1,"start":1225,"end":1234,"text":"CFTR gene","terms":[]}]}]