[{"id":0,"start":0,"end":54,"text":"Genetic alterations in primary glioblastomas in Japan.","terms":[]},{"id":1,"start":55,"end":223,"text":"Current knowledge of genetic alterations in glioblastomas is based largely on genetic analyses of tumors from mainly caucasian patients in the United States and Europe.","terms":[]},{"id":2,"start":224,"end":365,"text":"In the present study, screening for several key genetic alterations was performed on 77 primary (de novo) glioblastomas in Japanese patients.","terms":[]},{"id":3,"start":366,"end":506,"text":"SSCP followed by DNA sequencing revealed TP53 mutations in 16 of 73 (22%) glioblastomas and PTEN mutations in 13 of 63 (21%) cases analyzed.","terms":[{"ids":"UNIPROT:P60484:T116:PRGE|UNIPROT:P36894:T116:PRGE","score":0.1006976133881744,"id":1,"start":458,"end":472,"text":"PTEN mutations","terms":[]}]},{"id":4,"start":507,"end":641,"text":"Polymerase chain reaction (PCR) showed EGFR amplification in 25 of 77 (32%) cases and p16 homozygous deletion in 32 of 77 (42%) cases.","terms":[{"ids":"UNIPROT:Q8N726:T116:PRGE|UNIPROT:P42771:T116:PRGE","score":0.5718859284996092,"id":1,"start":593,"end":596,"text":"p16","terms":[]}]},{"id":5,"start":642,"end":728,"text":"Quantitative microsatellite analysis revealed LOH 10q in 41 of 59 (69%) glioblastomas.","terms":[]},{"id":6,"start":729,"end":870,"text":"The frequencies of these genetic alterations were similar to those reported for primary glioblastomas at the population level in Switzerland.","terms":[]},{"id":7,"start":871,"end":1128,"text":"As previously observed for glioblastomas in Europe, there was a positive association between EGFR amplification and p16 deletion (p\u003d0.009), whereas there was an inverse association between TP53 mutations and p16 deletion (p\u003d0.049) in glioblastomas in Japan.","terms":[{"ids":"UNIPROT:Q8N726:T116:PRGE|UNIPROT:P42771:T116:PRGE","score":0.3226947773663941,"id":1,"start":987,"end":990,"text":"p16","terms":[]},{"ids":"UNIPROT:Q8N726:T116:PRGE|UNIPROT:P42771:T116:PRGE","score":0.3226947773663941,"id":2,"start":1079,"end":1082,"text":"p16","terms":[]}]},{"id":8,"start":1129,"end":1260,"text":"Multivariate analyses showed that radiotherapy was significantly predictive for longer survival of glioblastoma patients (p\u003d0.002).","terms":[]},{"id":9,"start":1261,"end":1455,"text":"SSCP followed by DNA sequencing of the kinase domain (exons 18-21) of the EGFR gene revealed mutations in 2 ou of 69 (3%) glioblastomas in Japan and in 4 of 81 (5%) glioblastomas in Switzerland.","terms":[{"ids":"UNIPROT:Q9H3M7:T116:PRGE","score":0.18233827635002664,"id":1,"start":1335,"end":1344,"text":"EGFR gene","terms":[]}]},{"id":10,"start":1456,"end":1797,"text":"The allele frequencies of polymorphisms at codon 787 CAG/CAA (Gln/Gln) in glioblastomas in Japan were G/G (82.4%), G/A (10.8%), A/A (6.8%), corresponding to G 0.878 versus A 0.122, significantly different from those in glioblastomas in Switzerland: G/G (27.2%), G/A (28.4%), A/A (44.4%), corresponding to G 0.414 versus A 0.586 (p \u003c 0.0001).","terms":[{"ids":"UMLS:C1842937:T047:DISO","score":1.0,"id":1,"start":1513,"end":1516,"text":"CAA","terms":[]}]},{"id":11,"start":1798,"end":2079,"text":"These results suggest that primary glioblastomas in Japan show genetic alterations similar to those in Switzerland, suggesting a similar molecular basis in caucasians and Asians, despite different genetic backgrounds, including different status of a polymorphism in the EGFR gene..","terms":[{"ids":"UNIPROT:Q9H3M7:T116:PRGE","score":0.9892309391130538,"id":1,"start":2068,"end":2077,"text":"EGFR gene","terms":[]}]}]