[{"id":0,"start":0,"end":141,"text":"A novel missense mutation, F826Y, in the mineralocorticoid receptor gene in Japanese hypertensives: its implications for clinical phenotypes.","terms":[{"ids":"UNIPROT:P08235:T116:PRGE","score":0.5118438444348948,"id":1,"start":41,"end":72,"text":"mineralocorticoid receptor gene","terms":[]}]},{"id":1,"start":142,"end":383,"text":"A gain-of-function mutation resulting in the S810L amino acid substitution in the hormone-binding domain of the mineralocorticoid receptor (MR, locus symbol NR3C2) is responsible for early-onset hypertension that is exacerbated in pregnancy.","terms":[{"ids":"UMLS:C0020538:T047:DISO","score":1.0,"id":1,"start":337,"end":349,"text":"hypertension","terms":[]}]},{"id":2,"start":384,"end":544,"text":"The objective of this study was to test whether other types of missense mutations in the hormone-binding domain could be implicated in hypertension in Japanese.","terms":[{"ids":"UMLS:C0020538:T047:DISO","score":1.0,"id":1,"start":519,"end":531,"text":"hypertension","terms":[]}]},{"id":3,"start":545,"end":646,"text":"Here, we screened 942 Japanese patients with hypertension for the S810L mutation in exon 6 in the MR.","terms":[{"ids":"UMLS:C0020538:T047:DISO","score":1.0,"id":1,"start":590,"end":602,"text":"hypertension","terms":[]}]},{"id":4,"start":647,"end":821,"text":"We did not identify the S810L mutation in our hypertensive population, indicating that S810L does not play a major role in the etiology of essential hypertension in Japanese.","terms":[{"ids":"UMLS:C0085580:T047:DISO","score":1.0,"id":1,"start":786,"end":808,"text":"essential hypertension","terms":[]}]},{"id":5,"start":822,"end":1017,"text":"However, we identified a novel missense mutation, F826Y, in three patients in a heterozygous state, in addition to four single nucleotide polymorphisms, including one synonymous mutation (L809L).","terms":[]},{"id":6,"start":1018,"end":1118,"text":"The F826Y mutation is present in the MR hormone-binding domain and might affect the ligand affinity.","terms":[{"ids":"UNIPROT:P08235:T116:PRGE","score":0.9106586287217124,"id":1,"start":1055,"end":1080,"text":"MR hormone-binding domain","terms":[]}]},{"id":7,"start":1119,"end":1257,"text":"The F826Y mutation was also identified in 13 individuals (5 hypertensives and 8 normotensives) in a Japanese general population (n\u003d3,655).","terms":[]},{"id":8,"start":1258,"end":1291,"text":"The allele frequency was 0.00178.","terms":[]},{"id":9,"start":1292,"end":1574,"text":"The frequencies of the F826Y mutation in the hypertensive population (3/942) and in the hypertensive group (5/ 1,480) and the normotensive group (8/2,175) in the general population were not significantly different, suggesting that this mutation does not greatly affect hypertension.","terms":[{"ids":"UMLS:C0020538:T047:DISO","score":1.0,"id":1,"start":1561,"end":1573,"text":"hypertension","terms":[]}]},{"id":10,"start":1575,"end":1825,"text":"Although it is unclear at present whether or not the F826Y mutation makes a substantial contribution to the mineralocorticoid receptor activity, this missense mutation may contribute, to some extent, to clinical phenotypes through its effects on MR..","terms":[{"ids":"UNIPROT:P08235:T116:PRGE","score":0.4771172358816681,"id":1,"start":1683,"end":1709,"text":"mineralocorticoid receptor","terms":[]}]}]