[{"id":0,"start":0,"end":73,"text":"Genetic investigation of the TSPYL1 gene in sudden infant death syndrome.","terms":[{"ids":"UNIPROT:Q9H0U9:T116:PRGE","score":0.9992585478158584,"id":1,"start":29,"end":40,"text":"TSPYL1 gene","terms":[]},{"ids":"UMLS:C0038644:T047:DISO","score":1.0,"id":2,"start":44,"end":72,"text":"sudden infant death syndrome","terms":[]}]},{"id":1,"start":74,"end":206,"text":"BACKGROUND: Sudden infant death syndrome (SIDS) constitutes the most frequent cause of death in the postperinatal period in Germany.","terms":[{"ids":"UMLS:C0038644:T047:DISO","score":1.0,"id":1,"start":86,"end":114,"text":"Sudden infant death syndrome","terms":[]},{"ids":"UMLS:C0038644:T047:DISO","score":1.0,"id":2,"start":116,"end":120,"text":"SIDS","terms":[]}]},{"id":2,"start":207,"end":397,"text":"Recently, a lethal phenotype characterized by sudden infant death with dysgenesis of the testes syndrome (SIDDT) was identified to be caused by loss of function mutations in the TSPYL1 gene.","terms":[{"ids":"UMLS:C1837371:T047:DISO","score":1.0,"id":1,"start":253,"end":311,"text":"sudden infant death with dysgenesis of the testes syndrome","terms":[{"ids":"UMLS:C0021358:T023:ANAT|UMLS:C0039597:T023:ANAT","score":1.0,"id":1,"start":296,"end":302,"text":"testes","terms":[]}]},{"ids":"UMLS:C1837371:T047:DISO","score":1.0,"id":2,"start":313,"end":318,"text":"SIDDT","terms":[]},{"ids":"UNIPROT:Q9H0U9:T116:PRGE","score":0.9991715138919677,"id":3,"start":385,"end":396,"text":"TSPYL1 gene","terms":[]}]},{"id":3,"start":398,"end":475,"text":"PURPOSE: The study\u0027s purpose was to reveal a possible role of TSPYL1 in SIDS.","terms":[{"ids":"UNIPROT:Q9H0U9:T116:PRGE","score":0.9765189147218973,"id":1,"start":460,"end":466,"text":"TSPYL1","terms":[]},{"ids":"UMLS:C0038644:T047:DISO","score":1.0,"id":2,"start":470,"end":474,"text":"SIDS","terms":[]}]},{"id":4,"start":476,"end":550,"text":"METHODS: DNA samples of 126 SIDS cases and 261 controls were investigated.","terms":[{"ids":"UMLS:C0038644:T047:DISO","score":1.0,"id":1,"start":504,"end":508,"text":"SIDS","terms":[]}]},{"id":5,"start":551,"end":643,"text":"RESULTS: We found five sequence variations, each of them causing an amino acid substitution.","terms":[]},{"id":6,"start":644,"end":791,"text":"No Hardy Weinberg disequilibrium and no significant difference in allele frequencies between patients and controls were observed for any variation.","terms":[]},{"id":7,"start":792,"end":913,"text":"In one female patient a p.F366L amino acid polymorphism was found heterozygous, which could not be displayed in controls.","terms":[]},{"id":8,"start":914,"end":1036,"text":"A pathogenic implication of this substitution, which is conserved in primates and rodents, cannot be ruled out completely.","terms":[]},{"id":9,"start":1037,"end":1177,"text":"Because SIDDT is the result of homozygous TSPYL1 mutations, this heterozygous exchange cannot solely explain the sudden death in this child.","terms":[{"ids":"UMLS:C1837371:T047:DISO","score":1.0,"id":1,"start":1045,"end":1050,"text":"SIDDT","terms":[]},{"ids":"UNIPROT:Q9H0U9:T116:PRGE","score":0.9906509314819015,"id":2,"start":1079,"end":1095,"text":"TSPYL1 mutations","terms":[]}]},{"id":10,"start":1178,"end":1269,"text":"The reported mutation associated with SIDDT (457_458insG) was not detectable in our cohort.","terms":[{"ids":"UMLS:C1837371:T047:DISO","score":1.0,"id":1,"start":1216,"end":1221,"text":"SIDDT","terms":[]}]},{"id":11,"start":1270,"end":1382,"text":"CONCLUSION: No association of sequence variations in the TSPYL1 gene and SIDS has been found in a German cohort.","terms":[{"ids":"UNIPROT:Q9H0U9:T116:PRGE","score":0.959141446752564,"id":1,"start":1327,"end":1338,"text":"TSPYL1 gene","terms":[]},{"ids":"UMLS:C0038644:T047:DISO","score":1.0,"id":2,"start":1343,"end":1347,"text":"SIDS","terms":[]}]},{"id":12,"start":1383,"end":1518,"text":"Genetic analysis of TSPYL1 seems to be of limited significance in the differential diagnosis of SIDS without dysgenesis of the testes..","terms":[{"ids":"UNIPROT:Q9H0U9:T116:PRGE","score":0.9866483801562477,"id":1,"start":1403,"end":1409,"text":"TSPYL1","terms":[]},{"ids":"UMLS:C0038644:T047:DISO","score":1.0,"id":2,"start":1479,"end":1483,"text":"SIDS","terms":[]},{"ids":"UMLS:C0039584:T047:DISO|UMLS:C0021358:T023:ANAT|UMLS:C0039597:T023:ANAT","score":1.0,"id":3,"start":1510,"end":1516,"text":"testes","terms":[]}]}]