[{"id":0,"start":0,"end":149,"text":"The R273H p53 mutation can facilitate the androgen-independent growth of LNCaP by a mechanism that involves H2 relaxin and its cognate receptor LGR7.","terms":[{"ids":"UNIPROT:P42771:T116:PRGE","score":0.31524843907006694,"id":1,"start":10,"end":22,"text":"p53 mutation","terms":[]},{"ids":"UNIPROT:P20930:T116:PRGE|UNIPROT:P04090:T116:PRGE","score":0.31524843907006694,"id":2,"start":108,"end":118,"text":"H2 relaxin","terms":[]},{"ids":"UNIPROT:Q9HBX9:T116:PRGE","score":0.31524843907006694,"id":3,"start":144,"end":148,"text":"LGR7","terms":[]}]},{"id":1,"start":150,"end":349,"text":"Mutations in p53 occur at a rate of approximately 70% in hormone-refractory prostate cancer (CaP), suggesting that p53 mutations facilitate the progression of CaP to androgen-independent (AI) growth.","terms":[{"ids":"UNIPROT:P42771:T116:PRGE","score":0.8808419613683286,"id":1,"start":163,"end":166,"text":"p53","terms":[]},{"ids":"UMLS:C0033572:T023:ANAT","score":1.0,"id":2,"start":226,"end":234,"text":"prostate","terms":[]},{"ids":"UMLS:C1855179:T047:DISO","score":1.0,"id":3,"start":243,"end":246,"text":"CaP","terms":[]},{"ids":"UNIPROT:P42771:T116:PRGE","score":0.8808419613683286,"id":4,"start":265,"end":278,"text":"p53 mutations","terms":[]},{"ids":"UMLS:C1855179:T047:DISO","score":1.0,"id":5,"start":309,"end":312,"text":"CaP","terms":[]},{"ids":"UMLS:C0003504:T047:DISO","score":1.0,"id":6,"start":338,"end":340,"text":"AI","terms":[]}]},{"id":2,"start":350,"end":519,"text":"We have previously reported that transfection of p53 gain of function mutant alleles into LNCaP, an androgen-sensitive cell line, allows for AI growth of LNCaP in vitro.","terms":[{"ids":"UNIPROT:P42771:T116:PRGE","score":0.35726838027906027,"id":1,"start":399,"end":407,"text":"p53 gain","terms":[]},{"ids":"UMLS:C0003504:T047:DISO","score":1.0,"id":2,"start":491,"end":493,"text":"AI","terms":[]}]},{"id":3,"start":520,"end":681,"text":"We herein confirm the in vivo relevance of those findings by demonstrating that the R273H p53 mutation (p53(R273H)) facilitates AI growth in castrated nude mice.","terms":[{"ids":"UNIPROT:P42771:T116:PRGE","score":0.295454091026709,"id":1,"start":604,"end":613,"text":"R273H p53","terms":[]},{"ids":"UNIPROT:P42771:T116:PRGE","score":0.295454091026709,"id":2,"start":624,"end":627,"text":"p53","terms":[]},{"ids":"UMLS:C0003504:T047:DISO","score":1.0,"id":3,"start":648,"end":650,"text":"AI","terms":[]}]},{"id":4,"start":682,"end":785,"text":"In addition, we demonstrate that H2 relaxin is responsible for facilitating p53(R273H)-mediated AI CaP.","terms":[{"ids":"UNIPROT:P20930:T116:PRGE|UNIPROT:P04090:T116:PRGE","score":0.5284830984711859,"id":1,"start":715,"end":725,"text":"H2 relaxin","terms":[]},{"ids":"UNIPROT:P42771:T116:PRGE","score":0.5284830984711859,"id":2,"start":758,"end":761,"text":"p53","terms":[]},{"ids":"UMLS:C0003504:T047:DISO","score":1.0,"id":3,"start":778,"end":780,"text":"AI","terms":[]},{"ids":"UMLS:C1855179:T047:DISO","score":1.0,"id":4,"start":781,"end":784,"text":"CaP","terms":[]}]},{"id":5,"start":786,"end":841,"text":"H2 relaxin is overexpressed in the LNCaP-R273H subline.","terms":[{"ids":"UNIPROT:P20930:T116:PRGE|UNIPROT:P04090:T116:PRGE","score":0.9313709922527318,"id":1,"start":786,"end":796,"text":"H2 relaxin","terms":[]}]},{"id":6,"start":842,"end":1016,"text":"Downregulation of H2 relaxin expression results in significant inhibition of AI growth, whereas addition of recombinant human H2 relaxin to parental LNCaP promotes AI growth.","terms":[{"ids":"UNIPROT:P20930:T116:PRGE|UNIPROT:P04090:T116:PRGE","score":0.671280883625554,"id":1,"start":860,"end":870,"text":"H2 relaxin","terms":[]},{"ids":"UMLS:C0003504:T047:DISO","score":1.0,"id":2,"start":919,"end":921,"text":"AI","terms":[]},{"ids":"UNIPROT:Q8TA86:T116:PRGE|UNIPROT:Q9H0Z9:T116:PRGE","score":0.671280883625554,"id":3,"start":950,"end":978,"text":"recombinant human H2 relaxin","terms":[]},{"ids":"UMLS:C0003504:T047:DISO","score":1.0,"id":4,"start":1006,"end":1008,"text":"AI","terms":[]}]},{"id":7,"start":1017,"end":1126,"text":"Inhibition of AI growth was also achieved by blocking expression of LGR7, the cognate receptor of H2 relaxin.","terms":[{"ids":"UMLS:C0003504:T047:DISO","score":1.0,"id":1,"start":1031,"end":1033,"text":"AI","terms":[]},{"ids":"UNIPROT:Q9HBX9:T116:PRGE","score":0.8113027617558853,"id":2,"start":1085,"end":1089,"text":"LGR7","terms":[]},{"ids":"UNIPROT:P20930:T116:PRGE|UNIPROT:P04090:T116:PRGE","score":0.8113027617558853,"id":3,"start":1115,"end":1125,"text":"H2 relaxin","terms":[]}]},{"id":8,"start":1127,"end":1327,"text":"Chromatin immunoprecipitation analysis was used to demonstrate that p53(R273H) binds directly to the relaxin promoter, further confirming a role for H2 relaxin signaling in p53(R273H)-mediated AI CaP.","terms":[{"ids":"UNIPROT:P42771:T116:PRGE","score":0.21128761100551424,"id":1,"start":1195,"end":1198,"text":"p53","terms":[]},{"ids":"UNIPROT:P04808:T116:PRGE","score":0.21128761100551424,"id":2,"start":1228,"end":1244,"text":"relaxin promoter","terms":[]},{"ids":"UNIPROT:P20930:T116:PRGE|UNIPROT:P04090:T116:PRGE","score":0.21128761100551424,"id":3,"start":1276,"end":1286,"text":"H2 relaxin","terms":[]},{"ids":"UNIPROT:P42771:T116:PRGE","score":0.21128761100551424,"id":4,"start":1300,"end":1303,"text":"p53","terms":[]},{"ids":"UMLS:C0003504:T047:DISO","score":1.0,"id":5,"start":1320,"end":1322,"text":"AI","terms":[]},{"ids":"UMLS:C1855179:T047:DISO","score":1.0,"id":6,"start":1323,"end":1326,"text":"CaP","terms":[]}]},{"id":9,"start":1328,"end":1495,"text":"Lastly, we used a reporter gene assay to demonstrate that H2 relaxin can induce the expression of prostate-specific antigen via an androgen receptor-mediated pathway..","terms":[{"ids":"UNIPROT:P20930:T116:PRGE|UNIPROT:P04090:T116:PRGE","score":0.5042981496194551,"id":1,"start":1386,"end":1396,"text":"H2 relaxin","terms":[]},{"ids":"UNIPROT:P07288:T116:PRGE","score":0.5042981496194551,"id":2,"start":1426,"end":1451,"text":"prostate-specific antigen","terms":[{"ids":"UMLS:C0033572:T023:ANAT","score":1.0,"id":1,"start":1426,"end":1434,"text":"prostate","terms":[]}]},{"ids":"UNIPROT:P10275:T116:PRGE","score":0.5042981496194551,"id":3,"start":1459,"end":1476,"text":"androgen receptor","terms":[]}]}]