[{"id":0,"start":0,"end":82,"text":"Genetic variation in the COX-2 gene and the association with prostate cancer risk.","terms":[{"ids":"UNIPROT:P35354:T116:PRGE","score":0.9553972260301064,"id":1,"start":25,"end":35,"text":"COX-2 gene","terms":[]},{"ids":"UMLS:C0033572:T023:ANAT","score":1.0,"id":2,"start":61,"end":69,"text":"prostate","terms":[]}]},{"id":1,"start":83,"end":161,"text":"COX-2 is a key enzyme in the conversion of arachidonic acid to prostaglandins.","terms":[{"ids":"UNIPROT:P35354:T116:PRGE","score":0.973281788147124,"id":1,"start":83,"end":88,"text":"COX-2","terms":[]}]},{"id":2,"start":162,"end":279,"text":"The prostaglandins produced by COX-2 are involved in inflammation and pain response in different tissues in the body.","terms":[{"ids":"UNIPROT:P35354:T116:PRGE","score":0.9971259684611137,"id":1,"start":193,"end":198,"text":"COX-2","terms":[]}]},{"id":3,"start":280,"end":496,"text":"Accumulating evidence from epidemiologic studies, chemical carcinogen-induced rodent models and clinical trials indicate that COX-2 plays a role in human carcinogenesis and is overexpressed in prostate cancer tissue.","terms":[{"ids":"UMLS:C0033572:T023:ANAT","score":1.0,"id":1,"start":473,"end":481,"text":"prostate","terms":[]}]},{"id":4,"start":497,"end":594,"text":"We examined whether sequence variants in the COX-2 gene are associated with prostate cancer risk.","terms":[{"ids":"UNIPROT:P35354:T116:PRGE","score":0.9925222049501662,"id":1,"start":542,"end":552,"text":"COX-2 gene","terms":[]},{"ids":"UMLS:C0033572:T023:ANAT","score":1.0,"id":2,"start":573,"end":581,"text":"prostate","terms":[]}]},{"id":5,"start":595,"end":728,"text":"We analyzed a large population-based case-control study, cancer prostate in Sweden (CAPS) consisting of 1,378 cases and 782 controls.","terms":[{"ids":"UMLS:C0033572:T023:ANAT","score":1.0,"id":1,"start":659,"end":667,"text":"prostate","terms":[]}]},{"id":6,"start":729,"end":851,"text":"We evaluated 16 single nucleotide polymorphisms (SNPs) spanning the entire COX-2 gene in 94 subjects of the control group.","terms":[{"ids":"UNIPROT:P35354:T116:PRGE","score":0.9103296042355284,"id":1,"start":804,"end":814,"text":"COX-2 gene","terms":[]}]},{"id":7,"start":852,"end":1044,"text":"Five SNPs had a minor allele frequency of more than 5% in our study population and these were genotyped in all case patients and control subjects and gene-specific haplotypes were constructed.","terms":[]},{"id":8,"start":1045,"end":1276,"text":"A statistically significant difference in allele frequency between cases and controls was observed for 2 of the SNPs (+3100 T/G and +8365 C/T), with an odds ratio of 0.78 (95% CI\u003d0.64-0.96) and 0.65 (95% CI\u003d0.45-0.94) respectively.","terms":[]},{"id":9,"start":1277,"end":1529,"text":"In the haplotype analysis, 1 haplotype carrying the variant allele from both +3100 T/G and +8365 C/T, with a population frequency of 3%, was also significantly associated with decreased risk of prostate cancer (p\u003d0.036, global simulated p-value\u003d0.046).","terms":[{"ids":"UMLS:C0033572:T023:ANAT","score":1.0,"id":1,"start":1471,"end":1479,"text":"prostate","terms":[]}]},{"id":10,"start":1530,"end":1711,"text":"This study supports the hypothesis that inflammation is involved in prostate carcinogenesis and that sequence variation within the COX-2 gene influence the risk of prostate cancer..","terms":[{"ids":"UMLS:C0033572:T023:ANAT","score":1.0,"id":1,"start":1598,"end":1606,"text":"prostate","terms":[]},{"ids":"UNIPROT:P35354:T116:PRGE","score":0.644300381357291,"id":2,"start":1661,"end":1671,"text":"COX-2 gene","terms":[]},{"ids":"UMLS:C0033572:T023:ANAT","score":1.0,"id":3,"start":1694,"end":1702,"text":"prostate","terms":[]}]}]