[{"id":0,"start":0,"end":82,"text":"HFE H63D mutation frequency shows an increase in Turkish women with breast cancer.","terms":[{"ids":"UMLS:C0006141:T023:ANAT","score":1.0,"id":1,"start":68,"end":74,"text":"breast","terms":[]}]},{"id":1,"start":83,"end":177,"text":"BACKGROUND: The hereditary hemochromatosis gene HFE plays a pivotal role in iron  homeostasis.","terms":[{"ids":"UMLS:C0392514:T047:DISO","score":1.0,"id":1,"start":99,"end":125,"text":"hereditary hemochromatosis","terms":[]}]},{"id":2,"start":178,"end":327,"text":"The association between cancer and HFE hetero- or homozygosity has previously been shown including hepatocellular and nonhepatocellular malignancies.","terms":[]},{"id":3,"start":328,"end":464,"text":"This study was performed to compare frequencies of HFE C282Y and H63D variants in Turkish women with breast cancer and healthy controls.","terms":[{"ids":"UMLS:C0006141:T023:ANAT","score":1.0,"id":1,"start":429,"end":435,"text":"breast","terms":[]}]},{"id":4,"start":465,"end":562,"text":"METHODS: Archived DNA samples of Hacettepe University Oncology Institute were used in this study.","terms":[]},{"id":5,"start":563,"end":605,"text":"The HFE gene was investigated by PCR-RFLP.","terms":[{"ids":"UNIPROT:Q9H3M7:T116:PRGE","score":0.8147820059739148,"id":1,"start":567,"end":575,"text":"HFE gene","terms":[]}]},{"id":6,"start":606,"end":666,"text":"RESULTS: All subjects studied were free from C282Y mutation.","terms":[]},{"id":7,"start":667,"end":732,"text":"Thirty-nine patients had H63D mutation and were all heterozygous.","terms":[]},{"id":8,"start":733,"end":848,"text":"H63D allele frequency was 22.2% (39/176) in the breast cancer patients, and 14% (28/200) in the healthy volunteers.","terms":[{"ids":"UMLS:C0006141:T023:ANAT","score":1.0,"id":1,"start":781,"end":787,"text":"breast","terms":[]}]},{"id":9,"start":849,"end":989,"text":"Statistical analysis of cases with HFE H63D phenotype showed significant difference between breast cancer and healthy volunteers (P \u003d 0.02).","terms":[{"ids":"UMLS:C0006141:T023:ANAT","score":1.0,"id":1,"start":941,"end":947,"text":"breast","terms":[]}]},{"id":10,"start":990,"end":1151,"text":"CONCLUSION: Our results suggest that HFE H63D mutation frequencies were increased in the breast cancer patients in comparison to those in the general population.","terms":[{"ids":"UMLS:C0006141:T023:ANAT","score":1.0,"id":1,"start":1079,"end":1085,"text":"breast","terms":[]}]},{"id":11,"start":1152,"end":1278,"text":"Also, odds ratios (odds ratio \u003d 2.05) computed in this study suggest that H63D has a positive association with breast cancer..","terms":[{"ids":"UMLS:C0006141:T023:ANAT","score":1.0,"id":1,"start":1263,"end":1269,"text":"breast","terms":[]}]}]