[{"id":0,"start":0,"end":71,"text":"Mutations in coagulation factor XIII A gene in eight unrelated Indians.","terms":[{"ids":"UNIPROT:Q9H3M7:T116:PRGE","score":0.9818685137644388,"id":1,"start":13,"end":43,"text":"coagulation factor XIII A gene","terms":[]}]},{"id":1,"start":72,"end":133,"text":"Five novel mutations identified by a novel PCR-CSGE approach.","terms":[]},{"id":2,"start":134,"end":309,"text":"Factor XIII deficiency is a rare autosomal (1:2,000,000) recessive disorder of blood coagulation usually attributed to mutations in the coagulation factor XIII (FXIII) A gene.","terms":[{"ids":"UMLS:C0015530:T047:DISO","score":1.0,"id":1,"start":134,"end":156,"text":"Factor XIII deficiency","terms":[]},{"ids":"UNIPROT:Q9H3M7:T116:PRGE","score":0.5097355820022353,"id":2,"start":302,"end":308,"text":"A gene","terms":[]}]},{"id":3,"start":310,"end":407,"text":"We have studied the molecular basis of FXIII deficiency in eight unrelated South Indian patients.","terms":[]},{"id":4,"start":408,"end":540,"text":"Their diagnosis was based on clinical history, normal plasma clotting times and increased solubility of fibrin clot in 5 mol/l urea.","terms":[]},{"id":5,"start":541,"end":624,"text":"Genomic DNA was screened for FXIII A gene defects by a novel PCR and CSGE strategy.","terms":[]},{"id":6,"start":625,"end":673,"text":"Mutations were identified in all these patients.","terms":[]},{"id":7,"start":674,"end":736,"text":"Five of these were novel mutations occurring in four patients.","terms":[]},{"id":8,"start":737,"end":873,"text":"These included a novel c.210T \u003e G transversion in homozygosity in exon 3 predicting a Tyr69X in the beta-sandwich domain in one patient.","terms":[]},{"id":9,"start":874,"end":1074,"text":"Another patient was compound heterozygote for a novel c.791C \u003e T transition predicting a Ser263Phe in the core domain and a novel c.2045-1G \u003e A transition at the acceptor splice junction of intron 14.","terms":[]},{"id":10,"start":1075,"end":1161,"text":"Two novel frame shifts were also identified in two patients in a homozygous condition.","terms":[{"ids":"UMLS:C0012634:T047:DISO","score":1.0,"id":1,"start":1151,"end":1160,"text":"condition","terms":[]}]},{"id":11,"start":1162,"end":1406,"text":"One of them resulted from a single base \u0027G\u0027 duplication (c.892_895dupG) at codons Ser290/Ala291fs affecting the core domain and the other was due to a single base \u0027A\u0027 duplication (c.1642_1644dupA) and at codonTyr547fs affecting barrel-1 domain.","terms":[]},{"id":12,"start":1407,"end":1545,"text":"The remaining four patients had the previously reported Arg260His, Ser413Leu, and Val414Phe (n \u003d 2) missense mutations in the core domain.","terms":[]},{"id":13,"start":1546,"end":1776,"text":"The novel mutations identified were considered to be disease causative by studying the nature of mutation, the degree of conservation of the mutated aminoacid among transglutaminases of different species and by molecular modeling.","terms":[]},{"id":14,"start":1777,"end":1927,"text":"Apart from describing a significant number of novel mutations, this report is the first study from Southern India to describe FXIII A gene mutations..","terms":[{"ids":"UNIPROT:Q9H3M7:T116:PRGE","score":0.697104720533187,"id":1,"start":1903,"end":1915,"text":"FXIII A gene","terms":[]}]}]