[{"id":0,"start":0,"end":93,"text":"A G1103R mutation in CRB1 is co-inherited with high hyperopia and Leber congenital amaurosis.","terms":[{"ids":"UNIPROT:P82279:T116:PRGE","score":0.734358293603855,"id":1,"start":21,"end":25,"text":"CRB1","terms":[]},{"ids":"UMLS:C0020490:T047:DISO","score":1.0,"id":2,"start":52,"end":61,"text":"hyperopia","terms":[]},{"ids":"UMLS:C0339527:T047:DISO","score":1.0,"id":3,"start":66,"end":92,"text":"Leber congenital amaurosis","terms":[]}]},{"id":1,"start":94,"end":250,"text":"PURPOSE: To identify the genetic basis of recessive inheritance of high hyperopia and Leber congenital amaurosis (LCA) in a family of Middle Eastern origin.","terms":[{"ids":"UMLS:C0020490:T047:DISO","score":1.0,"id":1,"start":166,"end":175,"text":"hyperopia","terms":[]},{"ids":"UMLS:C0339527:T047:DISO","score":1.0,"id":2,"start":180,"end":206,"text":"Leber congenital amaurosis","terms":[]},{"ids":"UMLS:C0339527:T047:DISO","score":1.0,"id":3,"start":208,"end":211,"text":"LCA","terms":[]}]},{"id":2,"start":251,"end":338,"text":"MATERIALS AND METHODS: The patients were examined using standard ophthalmic techniques.","terms":[{"ids":"UMLS:C0015392:T023:ANAT","score":1.0,"id":1,"start":316,"end":326,"text":"ophthalmic","terms":[]}]},{"id":3,"start":339,"end":469,"text":"DNA samples were obtained and genetic linkage was carried out using polymorphic markers flanking the known genes and loci for LCA.","terms":[{"ids":"UMLS:C0339527:T047:DISO","score":1.0,"id":1,"start":465,"end":468,"text":"LCA","terms":[]}]},{"id":4,"start":470,"end":505,"text":"Exons were amplified and sequenced.","terms":[]},{"id":5,"start":506,"end":667,"text":"RESULTS: All four members of this family affected by LCA showed high to extreme hyperopia, with average spherical refractive errors ranging from +5.00 to +10.00.","terms":[{"ids":"UMLS:C0339527:T047:DISO","score":1.0,"id":1,"start":559,"end":562,"text":"LCA","terms":[]},{"ids":"UMLS:C0020490:T047:DISO","score":1.0,"id":2,"start":586,"end":595,"text":"hyperopia","terms":[]},{"ids":"UMLS:C0034951:T047:DISO","score":1.0,"id":3,"start":620,"end":637,"text":"refractive errors","terms":[]}]},{"id":6,"start":668,"end":853,"text":"Linkage was obtained to 1q31.3 with a maximal LOD score of 5.20 and a mutation found in exon 9 of the CRB1 gene, causing a G1103R substitution at a highly conserved site in the protein.","terms":[{"ids":"UNIPROT:P82279:T116:PRGE","score":0.6059741308045251,"id":1,"start":770,"end":779,"text":"CRB1 gene","terms":[]}]},{"id":7,"start":854,"end":1034,"text":"CRB1 is a vertebrate homolog of the Drosophila crumbs gene, which is required for photoreceptor morphogenesis, and has been associated with either retinitis pigmentosa (RP) or LCA.","terms":[{"ids":"UNIPROT:P82279:T116:PRGE","score":0.8564690111352532,"id":1,"start":854,"end":858,"text":"CRB1","terms":[]},{"ids":"UMLS:C0035334:T047:DISO","score":1.0,"id":2,"start":1001,"end":1021,"text":"retinitis pigmentosa","terms":[]},{"ids":"UMLS:C0035334:T047:DISO","score":1.0,"id":3,"start":1023,"end":1025,"text":"RP","terms":[]},{"ids":"UMLS:C0339527:T047:DISO","score":1.0,"id":4,"start":1030,"end":1033,"text":"LCA","terms":[]}]},{"id":8,"start":1035,"end":1141,"text":"This sequence variant has previously been reported as a compound heterozygote in one sporadic LCA patient.","terms":[{"ids":"UMLS:C0339527:T047:DISO","score":1.0,"id":1,"start":1129,"end":1132,"text":"LCA","terms":[]}]},{"id":9,"start":1142,"end":1281,"text":"CONCLUSION: Although hyperopia has been associated with LCA, it is typically moderate and variable between patients with the same mutation.","terms":[{"ids":"UMLS:C0020490:T047:DISO","score":1.0,"id":1,"start":1163,"end":1172,"text":"hyperopia","terms":[]},{"ids":"UMLS:C0339527:T047:DISO","score":1.0,"id":2,"start":1198,"end":1201,"text":"LCA","terms":[]}]},{"id":10,"start":1282,"end":1355,"text":"In addition, some CRB1 mutations can be associated with either RP or LCA.","terms":[{"ids":"UNIPROT:P82279:T116:PRGE","score":0.8492617470874828,"id":1,"start":1300,"end":1304,"text":"CRB1","terms":[]},{"ids":"UMLS:C0035334:T047:DISO","score":1.0,"id":2,"start":1345,"end":1347,"text":"RP","terms":[]},{"ids":"UMLS:C0339527:T047:DISO","score":1.0,"id":3,"start":1351,"end":1354,"text":"LCA","terms":[]}]},{"id":11,"start":1356,"end":1480,"text":"We have shown that hyperopia and LCA are linked to the mutant CRB1 gene itself and are not dependent on unlinked modifiers..","terms":[{"ids":"UMLS:C0020490:T047:DISO","score":1.0,"id":1,"start":1375,"end":1384,"text":"hyperopia","terms":[]},{"ids":"UMLS:C0339527:T047:DISO","score":1.0,"id":2,"start":1389,"end":1392,"text":"LCA","terms":[]},{"ids":"UNIPROT:P82279:T116:PRGE","score":0.7940966368308114,"id":3,"start":1411,"end":1427,"text":"mutant CRB1 gene","terms":[]}]}]