[{"id":0,"start":0,"end":109,"text":"Influence of the MDM2 single nucleotide polymorphism SNP309 on tumour development in BRCA1 mutation carriers.","terms":[{"ids":"UNIPROT:P38398:T116:PRGE","score":0.8999155779131888,"id":1,"start":85,"end":99,"text":"BRCA1 mutation","terms":[]}]},{"id":1,"start":110,"end":202,"text":"BACKGROUND: The MDM2 gene encodes a negative regulator of the p53 tumour suppressor protein.","terms":[{"ids":"UNIPROT:Q9H3M7:T116:PRGE","score":0.5213136819202235,"id":1,"start":126,"end":135,"text":"MDM2 gene","terms":[]},{"ids":"UNIPROT:P42771:T116:PRGE","score":0.5213136819202235,"id":2,"start":172,"end":201,"text":"p53 tumour suppressor protein","terms":[]}]},{"id":2,"start":203,"end":403,"text":"A single nucleotide polymorphism (SNP) in the MDM2 promoter (a T to G exchange at nucleotide 309) has been reported to produce accelerated tumour formation in individuals with inherited p53 mutations.","terms":[{"ids":"UNIPROT:P42771:T116:PRGE","score":0.8110330621680955,"id":1,"start":389,"end":402,"text":"p53 mutations","terms":[]}]},{"id":3,"start":404,"end":532,"text":"We have investigated the effect of the MDM2 SNP309 on clinical outcome in a cohort of patients with germline mutations of BRCA1.","terms":[{"ids":"UNIPROT:P38398:T116:PRGE","score":0.871170798085757,"id":1,"start":526,"end":531,"text":"BRCA1","terms":[]}]},{"id":4,"start":533,"end":757,"text":"METHODS: Genomic DNA was obtained for 102 healthy controls and 116 patients with  established pathogenic mutations of BRCA1 and Pyrosequencing technologytrade mark was used to determine the genotype at the MDM2 SNP309 locus.","terms":[{"ids":"UNIPROT:P38398:T116:PRGE","score":0.7180208622415942,"id":1,"start":651,"end":656,"text":"BRCA1","terms":[]}]},{"id":5,"start":758,"end":921,"text":"RESULTS: The polymorphism was present in 52.9% of the controls (G/T in 37.3% and  G/G in 15.6%) and 58.6% of the BRCA1 mutation carriers (47.4% G/T and 11.2% G/G).","terms":[{"ids":"UNIPROT:P38398:T116:PRGE","score":0.5273827572499149,"id":1,"start":871,"end":885,"text":"BRCA1 mutation","terms":[]}]},{"id":6,"start":922,"end":1065,"text":"Incidence of malignancy in female BRCA1 carriers was not significantly higher in  SNP309 carriers than in wildtype (T/T) individuals (72.7% vs.","terms":[{"ids":"UNIPROT:P38398:T116:PRGE","score":0.6159900627543734,"id":1,"start":956,"end":961,"text":"BRCA1","terms":[]}]},{"id":7,"start":1066,"end":1083,"text":"75.6%, p \u003d 1.00).","terms":[]},{"id":8,"start":1084,"end":1277,"text":"Mean age of diagnosis of first breast cancer was 41.2 years in the SNP309 G/G genotype carriers, 38.6 years in those with the SNP309 G/T genotype and 39.0 years in wildtype subjects (p \u003d 0.80).","terms":[{"ids":"UMLS:C0006141:T023:ANAT","score":1.0,"id":1,"start":1115,"end":1121,"text":"breast","terms":[]}]},{"id":9,"start":1278,"end":1424,"text":"CONCLUSION: We found no evidence that the MDM2 SNP309 accelerates tumour development in carriers of known pathogenic germline mutations of BRCA1..","terms":[{"ids":"UNIPROT:P38398:T116:PRGE","score":0.9418653574974108,"id":1,"start":1417,"end":1422,"text":"BRCA1","terms":[]}]}]