[{"id":0,"start":0,"end":146,"text":"Tumor thymidylate synthase 1494del6 genotype as a prognostic factor in colorectal cancer patients receiving fluorouracil-based adjuvant treatment.","terms":[{"ids":"UNIPROT:P04818:T116:PRGE","score":0.49271264482139,"id":1,"start":0,"end":26,"text":"Tumor thymidylate synthase","terms":[]}]},{"id":1,"start":147,"end":385,"text":"PURPOSE: The purpose of this study was to analyze the value of germline and tumor thymidylate synthase (TS) genotyping as a prognostic marker in a series of colorectal cancer patients receiving adjuvant fluorouracil (FU) -based treatment.","terms":[{"ids":"UNIPROT:P04818:T116:PRGE","score":0.0,"id":1,"start":229,"end":249,"text":"thymidylate synthase","terms":[]},{"ids":"UMLS:C1832916:T047:DISO|UMLS:C0040963:T047:DISO|UNIPROT:P04818:T116:PRGE|UNIPROT:Q96T52:T116:PRGE|UNIPROT:Q92574:T116:PRGE","score":1.0,"id":2,"start":251,"end":253,"text":"TS","terms":[]}]},{"id":2,"start":386,"end":557,"text":"PATIENTS AND METHODS: One hundred twenty-nine colorectal cancer patients homogeneously treated with FU plus levamisole or leucovorin in the adjuvant setting were included.","terms":[]},{"id":3,"start":558,"end":714,"text":"TS enhancer region, 3R G \u003e C single nucleotide polymorphism (SNP), and TS 1494del6 polymorphisms were assessed in both fresh-frozen normal mucosa and tumor.","terms":[{"ids":"UNIPROT:P04818:T116:PRGE|UNIPROT:Q96T52:T116:PRGE|UNIPROT:Q92574:T116:PRGE","score":0.4207909435612296,"id":1,"start":558,"end":569,"text":"TS enhancer","terms":[{"ids":"UMLS:C1832916:T047:DISO|UMLS:C0040963:T047:DISO","score":1.0,"id":1,"start":558,"end":560,"text":"TS","terms":[]}]},{"ids":"UMLS:C1832916:T047:DISO|UMLS:C0040963:T047:DISO","score":1.0,"id":2,"start":629,"end":631,"text":"TS","terms":[]}]},{"id":4,"start":715,"end":843,"text":"Mutational analyses of TS and allelic imbalances were studied in all primary tumors and in 18 additional metachronic metastases.","terms":[{"ids":"UMLS:C1832916:T047:DISO|UMLS:C0040963:T047:DISO","score":1.0,"id":1,"start":738,"end":740,"text":"TS","terms":[]}]},{"id":5,"start":844,"end":919,"text":"TS protein immunostaining was assessed in an expanded series of 214 tumors.","terms":[{"ids":"UMLS:C1832916:T047:DISO|UMLS:C0040963:T047:DISO","score":1.0,"id":1,"start":844,"end":846,"text":"TS","terms":[]}]},{"id":6,"start":920,"end":999,"text":"Multivariate Cox models were adjusted for stage, differentiation, and location.","terms":[]},{"id":7,"start":1000,"end":1210,"text":"RESULTS: Tumor genotyping (frequency of allelic loss, 26%) showed that the 3R/3R genotype was associated with a better outcome (hazard ratio [HR] \u003d 0.38; 95% CI, 0.16 to 0.93; P \u003d .020 for the recessive model).","terms":[]},{"id":8,"start":1211,"end":1270,"text":"3R G \u003e C SNP genotyping did not add prognostic information.","terms":[{"ids":"UMLS:C0004269:T047:DISO","score":1.0,"id":1,"start":1243,"end":1246,"text":"add","terms":[]}]},{"id":9,"start":1271,"end":1452,"text":"Tumor TS 1494del6 allele (frequency of allelic loss, 36%) was protective (for each allele with the deletion, based on an additive model, HR \u003d 0.42; 95% CI, 0.22 to 0.82; P \u003d .0034).","terms":[{"ids":"UMLS:C1832916:T047:DISO|UMLS:C0040963:T047:DISO","score":1.0,"id":1,"start":1277,"end":1279,"text":"TS","terms":[]}]},{"id":10,"start":1453,"end":1713,"text":"Both polymorphisms were in strong linkage disequilibrium (D\u0027 \u003d 0.71, P \u003c .001), and the 3R/-6 base pair (bp) haplotype showed a significant overall survival benefit compared with the most prevalent haplotype 2R/+6bp (HR \u003d 0.42; 95% CI, 0.20 to 0.85; P \u003d .017).","terms":[]},{"id":11,"start":1714,"end":1780,"text":"No TS point mutation was detected in primary tumors or metastases.","terms":[{"ids":"UMLS:C1832916:T047:DISO|UMLS:C0040963:T047:DISO","score":1.0,"id":1,"start":1717,"end":1719,"text":"TS","terms":[]}]},{"id":12,"start":1781,"end":1873,"text":"TS protein immunostaining was not associated with survival or any of the genotypes analyzed.","terms":[{"ids":"UMLS:C1832916:T047:DISO|UMLS:C0040963:T047:DISO","score":1.0,"id":1,"start":1781,"end":1783,"text":"TS","terms":[]}]},{"id":13,"start":1874,"end":2002,"text":"CONCLUSION: Tumor TS 1494del6 genotype may be a prognostic factor in FU-based adjuvant treatment of colorectal cancer patients..","terms":[{"ids":"UMLS:C1832916:T047:DISO|UMLS:C0040963:T047:DISO","score":1.0,"id":1,"start":1892,"end":1894,"text":"TS","terms":[]}]}]