[{"id":0,"start":0,"end":92,"text":"Genetic heterogeneity of the GLDC gene in 28 unrelated patients with glycine encephalopathy.","terms":[{"ids":"UNIPROT:P23378:T116:PRGE","score":0.8721423250879752,"id":1,"start":29,"end":38,"text":"GLDC gene","terms":[]},{"ids":"UMLS:C0751748:T047:DISO","score":1.0,"id":2,"start":69,"end":91,"text":"glycine encephalopathy","terms":[]}]},{"id":1,"start":93,"end":328,"text":"Glycine encephalopathy, or nonketotic hyperglycinaemia (NKH; Mckusick 238300) is a severe autosomal recessive disease due to a defect in the glycine cleavage system (GCS), which is a complex of four subunits: P-, T-, H- and L-proteins.","terms":[{"ids":"UMLS:C0751748:T047:DISO","score":1.0,"id":1,"start":93,"end":115,"text":"Glycine encephalopathy","terms":[]},{"ids":"UMLS:C0268559:T047:DISO","score":1.0,"id":2,"start":131,"end":147,"text":"hyperglycinaemia","terms":[]},{"ids":"UMLS:C0751748:T047:DISO","score":1.0,"id":3,"start":149,"end":152,"text":"NKH","terms":[]},{"ids":"UMLS:C1861101:T047:DISO","score":1.0,"id":4,"start":220,"end":226,"text":"defect","terms":[]}]},{"id":2,"start":329,"end":426,"text":"A P-protein (glycine decarboxylase or GLDC) deficiency was reported in about 80% of NKH patients.","terms":[{"ids":"UNIPROT:P23378:T116:PRGE","score":0.8232566815435659,"id":1,"start":367,"end":371,"text":"GLDC","terms":[]},{"ids":"UMLS:C0751748:T047:DISO","score":1.0,"id":2,"start":413,"end":416,"text":"NKH","terms":[]}]},{"id":3,"start":427,"end":629,"text":"We performed mutation analysis of the complete coding sequence of the GLDC gene in 28 unrelated patients with neonatal NKH using denaturing high-performance liquid chromatography (DHPLC) and sequencing.","terms":[{"ids":"UNIPROT:P23378:T116:PRGE","score":0.8698494314637542,"id":1,"start":497,"end":506,"text":"GLDC gene","terms":[]},{"ids":"UMLS:C0751748:T047:DISO","score":1.0,"id":2,"start":546,"end":549,"text":"NKH","terms":[]}]},{"id":4,"start":630,"end":742,"text":"Forty different gene alterations were identified, confirming the large molecular heterogeneity of the GLDC gene.","terms":[{"ids":"UNIPROT:P23378:T116:PRGE","score":0.9120140349488141,"id":1,"start":732,"end":741,"text":"GLDC gene","terms":[]}]},{"id":5,"start":743,"end":1185,"text":"Eighteen alterations were clearly disease-causing: two large deletions, four one-base deletions (c.28delC, c.1175delC, c.2186delC, c.2422delA), one 1-base insertion (c.1002_1003insT), one 4-base insertion (c.1285_1286insCAAA), one insertion/deletion (c.2153_2155delinsTCCTGGTTTA), five nonsense mutations (p.E153X, p.R236X, p.E270X, p.R337X, p.R424X) and four splice site mutations (c.861+1G \u003e T, c.1402-1C \u003e G, c.2316-1G \u003e A, c.2919+1G \u003e A).","terms":[]},{"id":6,"start":1186,"end":1687,"text":"Additionally, we identified one intronic mutation outside the consensus splice sites (c.2838+5G \u003e A) and 21 nucleotide substitutions leading to amino acid change (including three previously described mutations: p.T269M, p.R461Q, p.G771R), the pathogenicity of which should be confirmed by expression studies (p.S132W, p.Y138F, p.G171A, p.T187K, p.R212K, p.T269M, p.R373W, p.I440N, p.R461Q, p.N533Y, p.C644F, p.H651R, p.V705M, p.N732K, p.G771R, p.H775R, p.T830M, p.A841P, p.D880V, p.S957P and p.R966G).","terms":[]},{"id":7,"start":1688,"end":2035,"text":"Mutation analysis allowed us to identify sequence alterations in both alleles for 19 patients and in one allele for 7 patients One patient was carrying three mutations (p.Y138F, p.T269M and p.E153X) and one patient was carrying two amino acid substitutions on the same allele (p.V705M and p.R212K) and an unidentified mutation on the other allele.","terms":[]},{"id":8,"start":2036,"end":2191,"text":"No mutation could be found in two patients, suggesting possible defects in the H-protein or gene alterations that could not be identified by our technique.","terms":[]},{"id":9,"start":2192,"end":2274,"text":"The potential use of genotype determination for prenatal diagnosis is emphasized..","terms":[]}]