[{"id":0,"start":0,"end":131,"text":"A novel multidrug-resistance protein 2 gene mutation identifies a subgroup of patients with primary biliary cirrhosis and pruritus.","terms":[{"ids":"UNIPROT:P08183:T116:PRGE|UNIPROT:P21439:T116:PRGE","score":0.5902339006298731,"id":1,"start":8,"end":43,"text":"multidrug-resistance protein 2 gene","terms":[]},{"ids":"UMLS:C0008312:T047:DISO","score":1.0,"id":2,"start":92,"end":117,"text":"primary biliary cirrhosis","terms":[]}]},{"id":1,"start":132,"end":350,"text":"A single nucleotide polymorphism characterized by the substitution of valine for glutamate (V1188E) in exon 25 of the multidrug resistance protein 2 gene was found in a group of patients with primary biliary cirrhosis.","terms":[{"ids":"UNIPROT:Q92887:T116:PRGE","score":0.9908454797784058,"id":1,"start":250,"end":285,"text":"multidrug resistance protein 2 gene","terms":[]},{"ids":"UMLS:C0008312:T047:DISO","score":1.0,"id":2,"start":324,"end":349,"text":"primary biliary cirrhosis","terms":[]}]},{"id":2,"start":351,"end":438,"text":"This heterozygous mutation was significantly associated with the presence of pruritus..","terms":[]}]