[{"id":0,"start":0,"end":92,"text":"A functional Tyr1306Cys variant in LARG is associated with increased insulin action in vivo.","terms":[{"ids":"UMLS:C0020459:T047:DISO","score":1.0,"id":1,"start":59,"end":76,"text":"increased insulin","terms":[{"ids":"UNIPROT:P01308:T116:PRGE","score":0.45924572717600926,"id":1,"start":69,"end":76,"text":"insulin","terms":[]}]}]},{"id":1,"start":93,"end":171,"text":"Diminished insulin sensitivity is a characteristic feature of type 2 diabetes.","terms":[{"ids":"UNIPROT:P01308:T116:PRGE","score":0.9937142421189231,"id":1,"start":104,"end":111,"text":"insulin","terms":[]},{"ids":"UMLS:C0011860:T047:DISO","score":1.0,"id":2,"start":155,"end":170,"text":"type 2 diabetes","terms":[]}]},{"id":2,"start":172,"end":312,"text":"Inhibition of insulin action, resulting in reduced skeletal muscle glucose uptake, is mediated in part through stimulation of RhoA activity.","terms":[{"ids":"UNIPROT:P01308:T116:PRGE","score":0.9900812145838265,"id":1,"start":186,"end":193,"text":"insulin","terms":[]},{"ids":"UMLS:C0242692:T023:ANAT","score":1.0,"id":2,"start":223,"end":238,"text":"skeletal muscle","terms":[]},{"ids":"UNIPROT:P61586:T116:PRGE","score":0.9900812145838265,"id":3,"start":298,"end":302,"text":"RhoA","terms":[]}]},{"id":3,"start":313,"end":413,"text":"One regulator of RhoA activity is leukemia-associated Rho guanine nucleotide exchange factor (LARG).","terms":[{"ids":"UNIPROT:P61586:T116:PRGE","score":0.905055828795734,"id":1,"start":330,"end":334,"text":"RhoA","terms":[]},{"ids":"UNIPROT:Q8N1W1:T116:PRGE","score":0.905055828795734,"id":2,"start":367,"end":405,"text":"Rho guanine nucleotide exchange factor","terms":[]},{"ids":"UNIPROT:Q9NZN5:T116:PRGE","score":0.905055828795734,"id":3,"start":407,"end":411,"text":"LARG","terms":[]}]},{"id":4,"start":414,"end":538,"text":"The LARG gene maps to a region on chromosome 11q23-24 that shows genetic linkage to BMI and type 2 diabetes in Pima Indians.","terms":[{"ids":"UNIPROT:Q9NZN5:T116:PRGE","score":0.9748339867307924,"id":1,"start":418,"end":427,"text":"LARG gene","terms":[]},{"ids":"UMLS:C0011860:T047:DISO","score":1.0,"id":2,"start":506,"end":521,"text":"type 2 diabetes","terms":[]}]},{"id":5,"start":539,"end":654,"text":"Because of its role in RhoA activation, the LARG gene was analyzed as a positional candidate gene for this linkage.","terms":[{"ids":"UNIPROT:P61586:T116:PRGE","score":0.9872475276769542,"id":1,"start":562,"end":566,"text":"RhoA","terms":[]},{"ids":"UNIPROT:Q9NZN5:T116:PRGE","score":0.9872475276769542,"id":2,"start":583,"end":592,"text":"LARG gene","terms":[]}]},{"id":6,"start":655,"end":980,"text":"Sequencing of the LARG gene and genotyping of variants identified several polymorphisms that were associated with in vivo rates of insulin-mediated glucose uptake, at both physiological and maximally stimulating insulin concentrations, among 322 nondiabetic Pima Indians who had undergone a hyperinsulinemic-euglycemic clamp.","terms":[{"ids":"UNIPROT:Q9NZN5:T116:PRGE","score":0.9220607417821762,"id":1,"start":673,"end":682,"text":"LARG gene","terms":[]},{"ids":"UNIPROT:P01308:T116:PRGE","score":0.9220607417821762,"id":2,"start":786,"end":793,"text":"insulin","terms":[]},{"ids":"UNIPROT:P01308:T116:PRGE","score":0.9220607417821762,"id":3,"start":867,"end":874,"text":"insulin","terms":[]}]},{"id":7,"start":981,"end":1161,"text":"The strongest association with rate of glucose uptake was found with a Tyr1306Cys polymorphism (P \u003c 0.0001, adjusted for age, sex, percent body fat, and nuclear family membership).","terms":[{"ids":"UMLS:C0015665:T023:ANAT","score":1.0,"id":1,"start":1120,"end":1128,"text":"body fat","terms":[]}]},{"id":8,"start":1162,"end":1307,"text":"In transient transfection studies in NIH3T3 cells, the LARG(Cys1306) protein had reduced activity compared with LARG(Tyr1306) protein (P \u003c 0.05).","terms":[]},{"id":9,"start":1308,"end":1465,"text":"We propose that the Tyr1306Cys substitution in LARG, through its differential activation of RhoA, increases insulin sensitivity in nondiabetic Pima Indians..","terms":[{"ids":"UNIPROT:P61586:T116:PRGE","score":0.8059259180028691,"id":1,"start":1400,"end":1404,"text":"RhoA","terms":[]},{"ids":"UNIPROT:P01308:T116:PRGE","score":0.8059259180028691,"id":2,"start":1416,"end":1423,"text":"insulin","terms":[]}]}]