[{"id":0,"start":0,"end":78,"text":"The ATM missense mutation p.Ser49Cys (c.146C\u003eG) and the risk of breast cancer.","terms":[{"ids":"UMLS:C0006141:T023:ANAT","score":1.0,"id":1,"start":64,"end":70,"text":"breast","terms":[]}]},{"id":1,"start":79,"end":221,"text":"Homozygous mutation in the ATM gene causes ataxia telangiectasia and heterozygous mutation carriers may be at increased risk of breast cancer.","terms":[{"ids":"UNIPROT:Q13315:T116:PRGE|UNIPROT:Q14134:T116:PRGE","score":0.8055988178977213,"id":1,"start":106,"end":114,"text":"ATM gene","terms":[]},{"ids":"UMLS:C0004135:T047:DISO","score":1.0,"id":2,"start":122,"end":143,"text":"ataxia telangiectasia","terms":[]},{"ids":"UMLS:C0006141:T023:ANAT","score":1.0,"id":3,"start":207,"end":213,"text":"breast","terms":[]}]},{"id":2,"start":222,"end":345,"text":"We studied a total of 22 ATM variants; 18 variants were analyzed in one of two large population-based studies from the U.S.","terms":[]},{"id":3,"start":346,"end":463,"text":"and Poland, and four variants were analyzed in all 2,856 breast cancer cases and 3,344 controls from the two studies.","terms":[{"ids":"UMLS:C0006141:T023:ANAT","score":1.0,"id":1,"start":403,"end":409,"text":"breast","terms":[]}]},{"id":4,"start":464,"end":681,"text":"The missense mutation Ser49Cys (c.146C\u003eG, p.S49C), carried by approximately 2% of subjects, was more common in cases than controls in both study populations, combined odds ratio (OR) 1.69 (95% CI, 1.19-2.40; P\u003d0.004).","terms":[]},{"id":5,"start":682,"end":831,"text":"Another missense mutation at approximately 2% frequency, Phe858Leu (c.2572T\u003eC, p.F858L), was associated with a significant increased risk in the U.S.","terms":[]},{"id":6,"start":832,"end":916,"text":"study but  not in Poland, and had a combined OR of 1.44 (95% CI, 0.98-2.11; P\u003d0.06).","terms":[]},{"id":7,"start":917,"end":1075,"text":"These analyses provide the most convincing evidence thus far that missense mutations in ATM, particularly p.S49C, may be breast cancer susceptibility alleles.","terms":[{"ids":"UNIPROT:Q13315:T116:PRGE|UNIPROT:Q14134:T116:PRGE","score":0.539698675321004,"id":1,"start":1005,"end":1008,"text":"ATM","terms":[]},{"ids":"UNIPROT:Q14CZ8:T116:PRGE","score":0.539698675321004,"id":2,"start":1038,"end":1074,"text":"breast cancer susceptibility alleles","terms":[{"ids":"UMLS:C0006141:T023:ANAT","score":1.0,"id":1,"start":1038,"end":1044,"text":"breast","terms":[]}]}]},{"id":8,"start":1076,"end":1191,"text":"Because of their low frequency, even larger sample sizes are required to more firmly establish these associations..","terms":[]}]