[{"id":0,"start":0,"end":128,"text":"Polymorphisms in thymidylate synthase gene and susceptibility to breast cancer in a Chinese population: a case-control analysis.","terms":[{"ids":"UNIPROT:P04818:T116:PRGE","score":0.944510576755268,"id":1,"start":17,"end":42,"text":"thymidylate synthase gene","terms":[]},{"ids":"UMLS:C0006141:T023:ANAT","score":1.0,"id":2,"start":65,"end":71,"text":"breast","terms":[]}]},{"id":1,"start":129,"end":246,"text":"BACKGROUND: Accumulative evidence suggests that low folate intake is associated with increased risk of breast cancer.","terms":[{"ids":"UMLS:C0006141:T023:ANAT","score":1.0,"id":1,"start":232,"end":238,"text":"breast","terms":[]}]},{"id":2,"start":247,"end":398,"text":"Polymorphisms in genes involved in folate metabolism may influence DNA methylation, nucleotide synthesis, and thus individual susceptibility to cancer.","terms":[]},{"id":3,"start":399,"end":559,"text":"Thymidylate synthase (TYMS) is a key enzyme that participates in folate metabolism and catalyzes the conversion of dUMP to dTMP in the process of DNA synthesis.","terms":[{"ids":"UNIPROT:P04818:T116:PRGE","score":0.7098685605915716,"id":1,"start":399,"end":419,"text":"Thymidylate synthase","terms":[]},{"ids":"UNIPROT:P04818:T116:PRGE","score":0.7098685605915716,"id":2,"start":421,"end":425,"text":"TYMS","terms":[]}]},{"id":4,"start":560,"end":868,"text":"Two potentially functional polymorphisms [a 28-bp tandem repeat in the TYMS 5\u0027-untranslated enhanced region (TSER) and a 6-bp deletion/insertion in the TYMS 3\u0027-untranslated region (TS 3\u0027-UTR)] were suggested to be correlated with alteration of thymidylate synthase expression and associated with cancer risk.","terms":[{"ids":"UMLS:C1832916:T047:DISO|UMLS:C0040963:T047:DISO","score":1.0,"id":1,"start":741,"end":743,"text":"TS","terms":[]},{"ids":"UNIPROT:P04818:T116:PRGE","score":0.8799965169833105,"id":2,"start":804,"end":824,"text":"thymidylate synthase","terms":[]}]},{"id":5,"start":869,"end":1144,"text":"METHODS: To test the hypothesis that polymorphisms of the TYMS gene are associated with risk of breast cancer, we genotyped these two polymorphisms in a case-control study of 432 incident cases with invasive breast cancer and 473 cancer-free controls in a Chinese population.","terms":[{"ids":"UNIPROT:P04818:T116:PRGE","score":0.9722204982116499,"id":1,"start":927,"end":936,"text":"TYMS gene","terms":[]},{"ids":"UMLS:C0006141:T023:ANAT","score":1.0,"id":2,"start":965,"end":971,"text":"breast","terms":[]},{"ids":"UMLS:C0006141:T023:ANAT","score":1.0,"id":3,"start":1077,"end":1083,"text":"breast","terms":[]}]},{"id":6,"start":1145,"end":1301,"text":"RESULTS: We found that the distribution of TS3\u0027-UTR (1494del6) genotype frequencies were significantly different between the cases and controls (P \u003d 0.026).","terms":[{"ids":"UNIPROT:Q15849:T116:PRGE|UNIPROT:Q9UKP6:T116:PRGE","score":0.6288695403552212,"id":1,"start":1188,"end":1196,"text":"TS3\u0027-UTR","terms":[]}]},{"id":7,"start":1302,"end":1554,"text":"Compared with the TS3\u0027-UTR del6/del6 wild-type genotype, a significantly reduced risk was associated with the ins6/ins6 homozygous variant genotype (adjusted OR \u003d 0.58, 95% CI \u003d 0.35-0.97) but not the del6/ins6 genotype (OR \u003d 1.09, 95% CI \u003d 0.82-1.46).","terms":[{"ids":"UNIPROT:Q15849:T116:PRGE|UNIPROT:Q9UKP6:T116:PRGE","score":0.47211186312531656,"id":1,"start":1320,"end":1333,"text":"TS3\u0027-UTR del6","terms":[]}]},{"id":8,"start":1555,"end":1792,"text":"Furthermore, breast cancer risks associated with the TS3\u0027-UTR del6/del6 genotype were more evident in older women, postmenopausal subjects, individuals with a younger age at first-live birth and individuals with an older age at menarche.","terms":[{"ids":"UMLS:C0006141:T023:ANAT","score":1.0,"id":1,"start":1568,"end":1574,"text":"breast","terms":[]},{"ids":"UNIPROT:Q15849:T116:PRGE|UNIPROT:Q9UKP6:T116:PRGE","score":0.5950742107953274,"id":2,"start":1608,"end":1635,"text":"TS3\u0027-UTR del6/del6 genotype","terms":[]}]},{"id":9,"start":1793,"end":1897,"text":"However, there was no evidence for an association between the TSER polymorphism and breast cancer risks.","terms":[{"ids":"UMLS:C0006141:T023:ANAT","score":1.0,"id":1,"start":1877,"end":1883,"text":"breast","terms":[]}]},{"id":10,"start":1898,"end":2018,"text":"CONCLUSION: These findings suggest that the TS3\u0027-UTR del6 polymorphism may play a role in the etiology of breast cancer.","terms":[{"ids":"UNIPROT:Q15849:T116:PRGE|UNIPROT:Q9UKP6:T116:PRGE","score":0.9690023396521932,"id":1,"start":1942,"end":1955,"text":"TS3\u0027-UTR del6","terms":[]},{"ids":"UMLS:C0006141:T023:ANAT","score":1.0,"id":2,"start":2004,"end":2010,"text":"breast","terms":[]}]},{"id":11,"start":2019,"end":2147,"text":"Further larger population-based studies as well as functional evaluation of the variants are warranted to confirm our findings..","terms":[]}]