[{"id":0,"start":0,"end":105,"text":"Association of TNF haplotypes with asthma, serum IgE levels, and correlation with serum TNF-alpha levels.","terms":[{"ids":"UNIPROT:P01375:T116:PRGE","score":0.35855704547506856,"id":1,"start":15,"end":29,"text":"TNF haplotypes","terms":[]},{"ids":"UMLS:C0004096:T047:DISO","score":1.0,"id":2,"start":35,"end":41,"text":"asthma","terms":[]},{"ids":"UMLS:C0270850:T047:DISO|UNIPROT:P01854:T116:PRGE","score":1.0,"id":3,"start":49,"end":52,"text":"IgE","terms":[]},{"ids":"UNIPROT:P01375:T116:PRGE","score":0.35855704547506856,"id":4,"start":88,"end":97,"text":"TNF-alpha","terms":[]}]},{"id":1,"start":106,"end":236,"text":"Both biochemical and genetic evidence have implicated the genes for TNF-alpha (TNFA) and lymphotoxin-alpha (LTA) in atopic asthma.","terms":[{"ids":"UNIPROT:P01375:T116:PRGE","score":0.9319448145282536,"id":1,"start":174,"end":183,"text":"TNF-alpha","terms":[]},{"ids":"UNIPROT:P01375:T116:PRGE","score":0.9319448145282536,"id":2,"start":185,"end":189,"text":"TNFA","terms":[]},{"ids":"UMLS:C0155877:T047:DISO","score":1.0,"id":3,"start":222,"end":235,"text":"atopic asthma","terms":[]}]},{"id":2,"start":237,"end":363,"text":"Here, we report for the first time the association of their genotypes and haplotypes with atopic asthma in Indian populations.","terms":[{"ids":"UMLS:C0155877:T047:DISO","score":1.0,"id":1,"start":327,"end":340,"text":"atopic asthma","terms":[]}]},{"id":3,"start":364,"end":504,"text":"We genotyped seven single nucleotide polymorphisms, encompassing the two genes, in patients and control subjects in two independent cohorts.","terms":[]},{"id":4,"start":505,"end":611,"text":"Serum TNF-alpha levels of selected individuals were measured and correlated with genotypes and haplotypes.","terms":[{"ids":"UNIPROT:P01375:T116:PRGE","score":0.6392003218787283,"id":1,"start":505,"end":520,"text":"Serum TNF-alpha","terms":[]}]},{"id":5,"start":612,"end":887,"text":"The A allele of the TNFA-863C \u003e A polymorphism was associated with reduced risk of asthma (P \u003d 0.002 and 0.007 in Cohorts A and B, respectively), reduced TsIgE levels (P \u003d 0.0024 and P \u003d 0.0029 in Cohorts A and B, respectively), and reduced serum TNF-alpha levels (P \u003c 0.05).","terms":[{"ids":"UNIPROT:P01375:T116:PRGE","score":0.5049613206648284,"id":1,"start":632,"end":641,"text":"TNFA-863C","terms":[]},{"ids":"UMLS:C0004096:T047:DISO","score":1.0,"id":2,"start":695,"end":701,"text":"asthma","terms":[]},{"ids":"UNIPROT:P01375:T116:PRGE","score":0.5049613206648284,"id":3,"start":853,"end":868,"text":"serum TNF-alpha","terms":[]}]},{"id":6,"start":888,"end":984,"text":"A marginal association was also observed for LTA_NcoI polymorphism with asthma and TsIgE levels.","terms":[{"ids":"UMLS:C0004096:T047:DISO","score":1.0,"id":1,"start":960,"end":966,"text":"asthma","terms":[]}]},{"id":7,"start":985,"end":1019,"text":"Furthermore, analysis using HAPLO.","terms":[]},{"id":8,"start":1020,"end":1197,"text":"STATS showed significant differences in the major haplotype frequencies (\u003e 3%) between patients and control subjects (P \u003d 0.002 and P \u003d 0.006 for Cohorts A and B, respectively).","terms":[]},{"id":9,"start":1198,"end":1577,"text":"Individually, the haplotype GATCCG was the most frequent in patients (P \u003d 0.0029 and P \u003d 0.0025 for Cohorts A and B, respectively), and was associated with high TsIgE and serum TNF-alpha levels, whereas AACACG was the most frequent in the control subjects (P \u003d 0.0032 and P \u003d 0.022 for Cohorts A and B, respectively), and was associated with low TsIgE and serum TNF-alpha levels.","terms":[{"ids":"UNIPROT:P01375:T116:PRGE","score":0.7635300147108622,"id":1,"start":1369,"end":1384,"text":"serum TNF-alpha","terms":[]},{"ids":"UNIPROT:P01375:T116:PRGE","score":0.7635300147108622,"id":2,"start":1554,"end":1569,"text":"serum TNF-alpha","terms":[]}]},{"id":10,"start":1578,"end":1750,"text":"We also report here that the C \u003e A substitution at position -863 of the TNFA influences the binding of nuclear proteins in electrophoretic mobility shift assay experiments.","terms":[{"ids":"UNIPROT:P01375:T116:PRGE","score":0.6116588968630006,"id":1,"start":1650,"end":1654,"text":"TNFA","terms":[]}]},{"id":11,"start":1751,"end":1908,"text":"Thus, the TNFA-863C \u003e A polymorphism in the promoter region of TNFA may influence TNF-alpha expression and affect TsIgE levels and susceptibility to asthma..","terms":[{"ids":"UNIPROT:P01375:T116:PRGE","score":0.8435594096533853,"id":1,"start":1761,"end":1770,"text":"TNFA-863C","terms":[]},{"ids":"UNIPROT:P01375:T116:PRGE","score":0.8435594096533853,"id":2,"start":1814,"end":1818,"text":"TNFA","terms":[]},{"ids":"UNIPROT:P01375:T116:PRGE","score":0.8435594096533853,"id":3,"start":1833,"end":1842,"text":"TNF-alpha","terms":[]},{"ids":"UMLS:C0004096:T047:DISO","score":1.0,"id":4,"start":1900,"end":1906,"text":"asthma","terms":[]}]}]