[{"id":0,"start":0,"end":91,"text":"The DU145 human prostate carcinoma cell line harbors a temperature-sensitive allele of p53.","terms":[{"ids":"UMLS:C0033572:T023:ANAT","score":1.0,"id":1,"start":16,"end":24,"text":"prostate","terms":[]},{"ids":"UNIPROT:P42771:T116:PRGE","score":0.766187662936078,"id":2,"start":87,"end":90,"text":"p53","terms":[]}]},{"id":1,"start":92,"end":219,"text":"BACKGROUND: Some nuances of mutant and wild-type p53 activity have been uncovered utilizing temperature sensitive (TS) alleles.","terms":[{"ids":"UNIPROT:P42771:T116:PRGE","score":0.760367711526413,"id":1,"start":141,"end":144,"text":"p53","terms":[]},{"ids":"UMLS:C1832916:T047:DISO|UMLS:C0040963:T047:DISO","score":1.0,"id":2,"start":207,"end":209,"text":"TS","terms":[]}]},{"id":2,"start":220,"end":288,"text":"However, few human tumor derived cell lines possess a TS p53 mutant.","terms":[{"ids":"UMLS:C1832916:T047:DISO|UMLS:C0040963:T047:DISO","score":1.0,"id":1,"start":274,"end":276,"text":"TS","terms":[]},{"ids":"UNIPROT:P42771:T116:PRGE","score":0.8558497718654252,"id":2,"start":277,"end":287,"text":"p53 mutant","terms":[]}]},{"id":3,"start":289,"end":551,"text":"METHODS: The cell lines DU145 (heterozygous p53, P223L, and V274F) and PC3 (p53-null, where exogenous P223L and V274F were introduced individually or in combination) were examined for TS p53 activity as revealed by reporter construct  and target gene activation.","terms":[{"ids":"UNIPROT:P42771:T116:PRGE","score":0.41684547593331683,"id":1,"start":333,"end":336,"text":"p53","terms":[]},{"ids":"UNIPROT:P78543:T116:PRGE|UNIPROT:Q9HC52:T116:PRGE|UNIPROT:P29120:T116:PRGE|UNIPROT:P42025:T116:PRGE","score":0.41684547593331683,"id":2,"start":360,"end":363,"text":"PC3","terms":[]},{"ids":"UNIPROT:P42771:T116:PRGE","score":0.41684547593331683,"id":3,"start":365,"end":368,"text":"p53","terms":[]},{"ids":"UNIPROT:P04818:T116:PRGE|UNIPROT:Q96T52:T116:PRGE|UNIPROT:Q92574:T116:PRGE","score":0.41684547593331683,"id":4,"start":473,"end":479,"text":"TS p53","terms":[{"ids":"UMLS:C1832916:T047:DISO|UMLS:C0040963:T047:DISO","score":1.0,"id":1,"start":473,"end":475,"text":"TS","terms":[]}]}]},{"id":4,"start":552,"end":668,"text":"RESULTS: TS p53 function was observed in DU145 and expression of the P223L allele in PC3 conferred a TS p53 profile.","terms":[{"ids":"UNIPROT:P04818:T116:PRGE|UNIPROT:Q96T52:T116:PRGE|UNIPROT:Q92574:T116:PRGE","score":0.48084176726954536,"id":1,"start":561,"end":567,"text":"TS p53","terms":[{"ids":"UMLS:C1832916:T047:DISO|UMLS:C0040963:T047:DISO","score":1.0,"id":1,"start":561,"end":563,"text":"TS","terms":[]}]},{"ids":"UNIPROT:P63132:T116:PRGE|UNIPROT:P63135:T116:PRGE|UNIPROT:Q9BXR3:T116:PRGE|UNIPROT:Q9UQG0:T116:PRGE|UNIPROT:P10266:T116:PRGE|UNIPROT:Q9WJR5:T116:PRGE|UNIPROT:P63133:T116:PRGE|UNIPROT:P63136:T116:PRGE","score":0.48084176726954536,"id":2,"start":621,"end":640,"text":"P223L allele in PC3","terms":[]},{"ids":"UNIPROT:P04818:T116:PRGE|UNIPROT:Q96T52:T116:PRGE|UNIPROT:Q92574:T116:PRGE","score":0.48084176726954536,"id":3,"start":653,"end":659,"text":"TS p53","terms":[{"ids":"UMLS:C1832916:T047:DISO|UMLS:C0040963:T047:DISO","score":1.0,"id":1,"start":653,"end":655,"text":"TS","terms":[]}]}]},{"id":5,"start":669,"end":773,"text":"Activation of p21Waf1 demonstrated that P223L  TS activity may have been influenced by cellular context.","terms":[{"ids":"UNIPROT:P04818:T116:PRGE|UNIPROT:Q96T52:T116:PRGE|UNIPROT:Q92574:T116:PRGE","score":0.8592487703067536,"id":1,"start":709,"end":718,"text":"P223L  TS","terms":[{"ids":"UMLS:C1832916:T047:DISO|UMLS:C0040963:T047:DISO","score":1.0,"id":1,"start":716,"end":718,"text":"TS","terms":[]}]}]},{"id":6,"start":774,"end":1022,"text":"CONCLUSIONS: The DU145 cell line harbors a TS mutant of p53 and, in addition to being a widely used model of human prostate carcinoma, may also reveal new insights into p53 function due to the unique transcriptional properties of its TS phenotype..","terms":[{"ids":"UNIPROT:P04818:T116:PRGE|UNIPROT:Q96T52:T116:PRGE|UNIPROT:Q92574:T116:PRGE","score":0.4364379479615363,"id":1,"start":817,"end":826,"text":"TS mutant","terms":[{"ids":"UMLS:C1832916:T047:DISO|UMLS:C0040963:T047:DISO","score":1.0,"id":1,"start":817,"end":819,"text":"TS","terms":[]}]},{"ids":"UNIPROT:P42771:T116:PRGE","score":0.4364379479615363,"id":2,"start":830,"end":833,"text":"p53","terms":[]},{"ids":"UMLS:C0033572:T023:ANAT","score":1.0,"id":3,"start":889,"end":897,"text":"prostate","terms":[]},{"ids":"UNIPROT:P42771:T116:PRGE","score":0.4364379479615363,"id":4,"start":943,"end":946,"text":"p53","terms":[]},{"ids":"UMLS:C1832916:T047:DISO|UMLS:C0040963:T047:DISO","score":1.0,"id":5,"start":1008,"end":1010,"text":"TS","terms":[]}]}]