[{"id":0,"start":0,"end":193,"text":"Y179C, F486L and N550H are BRCA1 variants that may be associated with breast cancer in a Sicilian family: results of a 5-year GOIM (Gruppo Oncologico dell\u0027Italia Meridionale) prospective study.","terms":[{"ids":"UNIPROT:P38398:T116:PRGE","score":0.1914595753794427,"id":1,"start":27,"end":32,"text":"BRCA1","terms":[]},{"ids":"UMLS:C0006141:T023:ANAT","score":1.0,"id":2,"start":70,"end":76,"text":"breast","terms":[]}]},{"id":1,"start":194,"end":285,"text":"BACKGROUND: Over 600 different pathogenic mutations have been identified in the BRCA1 gene.","terms":[{"ids":"UNIPROT:P38398:T116:PRGE","score":0.999463995769013,"id":1,"start":274,"end":284,"text":"BRCA1 gene","terms":[]}]},{"id":2,"start":286,"end":371,"text":"Nevertheless, numerous missense mutations of unknown biological function still exist.","terms":[]},{"id":3,"start":372,"end":498,"text":"Understanding of biological significance of these mutations should help in genetic counselling to carriers and their families.","terms":[]},{"id":4,"start":499,"end":796,"text":"PATIENTS AND METHODS: A total of 104 patients with breast and/or ovarian cancer whose genetic counselling answered the criteria of the American Society of Clinical Oncology (ASCO 2003), were prospectively screened for mutations in all coding exons of the BRCA1 gene by automatic direct sequencing.","terms":[{"ids":"UMLS:C0006141:T023:ANAT","score":1.0,"id":1,"start":550,"end":556,"text":"breast","terms":[]},{"ids":"UMLS:C0205065:T023:ANAT","score":1.0,"id":2,"start":564,"end":571,"text":"ovarian","terms":[]},{"ids":"UNIPROT:P38398:T116:PRGE","score":0.9979995760046767,"id":3,"start":754,"end":764,"text":"BRCA1 gene","terms":[]}]},{"id":5,"start":797,"end":964,"text":"RESULTS: During these mutational screening procedures one case presented three mutations classified in the Breast Cancer Information Core Database as unknown variants.","terms":[{"ids":"UMLS:C0006141:T023:ANAT","score":1.0,"id":1,"start":904,"end":910,"text":"Breast","terms":[]}]},{"id":6,"start":965,"end":1063,"text":"These were 655A/G found in exon 8 of BRCA1, 1575T/C and 1767A/C found in exon 11 of the same gene.","terms":[{"ids":"UNIPROT:P38398:T116:PRGE","score":0.38580914519818027,"id":1,"start":1002,"end":1007,"text":"BRCA1","terms":[]}]},{"id":7,"start":1064,"end":1213,"text":"The identification of the three unknown variants in  the proband (16SIRIO) and in her mother and sister indicates that such alterations exist in cis.","terms":[]},{"id":8,"start":1214,"end":1454,"text":"CONCLUSIONS: Our results suggest that the charge and stechiometry variations determined by the changes in the amino acids Y179C, F486L and N550H might produce an effect on the conformation of the protein and, consequently, on its function..","terms":[]}]