[{"id":0,"start":0,"end":136,"text":"Ectodermal dysplasia-skin fragility syndrome resulting from a new homozygous mutation, 888delC, in the desmosomal protein plakophilin 1.","terms":[{"ids":"UMLS:C0013575:T047:DISO","score":1.0,"id":1,"start":0,"end":20,"text":"Ectodermal dysplasia","terms":[]},{"ids":"UMLS:C0039082:T047:DISO","score":1.0,"id":2,"start":36,"end":44,"text":"syndrome","terms":[]},{"ids":"UNIPROT:Q13835:T116:PRGE","score":0.5281131663952943,"id":3,"start":122,"end":135,"text":"plakophilin 1","terms":[]}]},{"id":1,"start":137,"end":287,"text":"We report an unusual case of an inherited disorder of the desmosomal protein plakophilin 1, resulting in ectodermal dysplasia-skin fragility syndrome.","terms":[{"ids":"UNIPROT:Q92791:T116:PRGE|UNIPROT:O14495:T116:PRGE|UNIPROT:Q5T1R4:T116:PRGE|UNIPROT:Q13526:T116:PRGE|UNIPROT:Q15233:T116:PRGE","score":0.5942853876618372,"id":1,"start":195,"end":227,"text":"desmosomal protein plakophilin 1","terms":[]},{"ids":"UMLS:C0013575:T047:DISO","score":1.0,"id":2,"start":242,"end":262,"text":"ectodermal dysplasia","terms":[]},{"ids":"UMLS:C0039082:T047:DISO","score":1.0,"id":3,"start":278,"end":286,"text":"syndrome","terms":[]}]},{"id":2,"start":288,"end":443,"text":"The affected 6-year-old boy had red skin at birth and subsequently developed skin fragility, progressive plantar keratoderma, nail dystrophy, and alopecia.","terms":[{"ids":"UMLS:C0221260:T047:DISO","score":1.0,"id":1,"start":414,"end":428,"text":"nail dystrophy","terms":[{"ids":"UMLS:C0027342:T023:ANAT","score":1.0,"id":1,"start":414,"end":418,"text":"nail","terms":[]}]}]},{"id":3,"start":444,"end":571,"text":"Skin biopsy revealed widening of intercellular spaces in the epidermis and a reduced number of small, poorly formed desmosomes.","terms":[]},{"id":4,"start":572,"end":689,"text":"Mutation analysis of the plakophilin 1 gene PKP1 revealed a homozygous deletion of C at nucleotide 888 within exon 5.","terms":[{"ids":"UNIPROT:Q13835:T116:PRGE","score":0.9263327050829325,"id":1,"start":597,"end":610,"text":"plakophilin 1","terms":[]},{"ids":"UNIPROT:Q13835:T116:PRGE","score":0.9263327050829325,"id":2,"start":616,"end":620,"text":"PKP1","terms":[]}]},{"id":5,"start":690,"end":818,"text":"This mutation differs from the PKP1 gene pathology reported in 8 previously published individuals with this rare genodermatosis.","terms":[{"ids":"UNIPROT:Q13835:T116:PRGE","score":0.8120420152400817,"id":1,"start":721,"end":730,"text":"PKP1 gene","terms":[]},{"ids":"UMLS:C0037277:T047:DISO","score":1.0,"id":2,"start":803,"end":817,"text":"genodermatosis","terms":[]}]},{"id":6,"start":819,"end":1044,"text":"However, all cases show similar clinical features, highlighting the importance of functional plakophilin 1 in maintaining desmosomal adhesion in skin, as well as the role of this protein in aspects of ectodermal development..","terms":[{"ids":"UNIPROT:Q13835:T116:PRGE","score":0.9945232933572257,"id":1,"start":912,"end":925,"text":"plakophilin 1","terms":[]}]}]