[{"id":0,"start":0,"end":184,"text":"Nordic collaborative study of the BARD1 Cys557Ser allele in 3956 patients with cancer: enrichment in familial BRCA1/BRCA2 mutation-negative breast cancer but not in other malignancies.","terms":[{"ids":"UNIPROT:Q99728:T116:PRGE","score":0.873859788887432,"id":1,"start":34,"end":56,"text":"BARD1 Cys557Ser allele","terms":[]},{"ids":"UNIPROT:P38398:T116:PRGE","score":0.873859788887432,"id":2,"start":110,"end":115,"text":"BRCA1","terms":[]},{"ids":"UNIPROT:P51587:T116:PRGE","score":0.873859788887432,"id":3,"start":116,"end":121,"text":"BRCA2","terms":[]},{"ids":"UMLS:C0006141:T023:ANAT","score":1.0,"id":4,"start":140,"end":146,"text":"breast","terms":[]}]},{"id":1,"start":185,"end":341,"text":"BACKGROUND: BARD1 was originally identified as a BRCA1-interacting protein but has also been described in tumour-suppressive functions independent of BRCA1.","terms":[{"ids":"UNIPROT:Q99728:T116:PRGE","score":0.9045058179469306,"id":1,"start":197,"end":202,"text":"BARD1","terms":[]},{"ids":"UNIPROT:P38398:T116:PRGE","score":0.9045058179469306,"id":2,"start":234,"end":259,"text":"BRCA1-interacting protein","terms":[]},{"ids":"UNIPROT:P38398:T116:PRGE","score":0.9045058179469306,"id":3,"start":335,"end":340,"text":"BRCA1","terms":[]}]},{"id":2,"start":342,"end":478,"text":"Several studies have indicated that the BARD1 gene is a potential target for germline changes predisposing to breast and ovarian cancer.","terms":[{"ids":"UNIPROT:Q99728:T116:PRGE","score":0.9977400454926777,"id":1,"start":382,"end":392,"text":"BARD1 gene","terms":[]},{"ids":"UMLS:C0006141:T023:ANAT","score":1.0,"id":2,"start":452,"end":458,"text":"breast","terms":[]},{"ids":"UMLS:C0205065:T023:ANAT","score":1.0,"id":3,"start":463,"end":470,"text":"ovarian","terms":[]}]},{"id":3,"start":479,"end":661,"text":"The C-terminal Cys557Ser change has previously been uncovered to associate with an increased risk of breast cancer and was recently shown to result in defective apoptotic activities.","terms":[{"ids":"UMLS:C0006141:T023:ANAT","score":1.0,"id":1,"start":580,"end":586,"text":"breast","terms":[]}]},{"id":4,"start":662,"end":1150,"text":"AIM AND METHODS: Conformation-sensitive gel electrophoresis, minisequencing, TaqMan assays, denaturing high-performance liquid chromatography analysis and DNA sequencing were used to investigate the prevalence of the Cys557Ser allele in a large Nordic case-control study cohort consisting of 2906 patients with breast or ovarian cancer, 734 with prostate cancer, 188 with colorectal cancer, 128 men with breast cancer, and 3591 controls from Finland, Iceland, Denmark, Sweden and  Norway.","terms":[{"ids":"UMLS:C0006141:T023:ANAT","score":1.0,"id":1,"start":973,"end":979,"text":"breast","terms":[]},{"ids":"UMLS:C0205065:T023:ANAT","score":1.0,"id":2,"start":983,"end":990,"text":"ovarian","terms":[]},{"ids":"UMLS:C0033572:T023:ANAT","score":1.0,"id":3,"start":1008,"end":1016,"text":"prostate","terms":[]},{"ids":"UMLS:C0006141:T023:ANAT","score":1.0,"id":4,"start":1066,"end":1072,"text":"breast","terms":[]}]},{"id":5,"start":1151,"end":1577,"text":"RESULTS: The frequency of the BARD1 Cys557Ser variant seemed to increase among patients from families with breast or ovarian cancer lacking BRCA1 or BRCA2 mutations: a significant difference was obtained compared with controls (6.8% v 2.7%; p\u003c0.001; odds ratio (OR) 2.6; 95% confidence interval (CI) 1.7 to 4.0) and  with patients from BRCA1/BRCA2 mutation-positive families (6.8% v 2.2%; p \u003d 0.01; OR 3.2; 95% CI 1.2 to 8.3).","terms":[{"ids":"UNIPROT:Q99728:T116:PRGE","score":0.56150522553701,"id":1,"start":1181,"end":1186,"text":"BARD1","terms":[]},{"ids":"UMLS:C0006141:T023:ANAT","score":1.0,"id":2,"start":1258,"end":1264,"text":"breast","terms":[]},{"ids":"UMLS:C0205065:T023:ANAT","score":1.0,"id":3,"start":1268,"end":1275,"text":"ovarian","terms":[]},{"ids":"UNIPROT:P38398:T116:PRGE","score":0.56150522553701,"id":4,"start":1291,"end":1296,"text":"BRCA1","terms":[]},{"ids":"UNIPROT:P51587:T116:PRGE","score":0.56150522553701,"id":5,"start":1300,"end":1315,"text":"BRCA2 mutations","terms":[]},{"ids":"UNIPROT:P38398:T116:PRGE","score":0.56150522553701,"id":6,"start":1487,"end":1492,"text":"BRCA1","terms":[]},{"ids":"UNIPROT:P51587:T116:PRGE","score":0.56150522553701,"id":7,"start":1493,"end":1498,"text":"BRCA2","terms":[]}]},{"id":6,"start":1578,"end":1682,"text":"In contrast, no major association with male breast, ovarian, colorectal or prostate cancer was observed.","terms":[{"ids":"UMLS:C0222604:T023:ANAT","score":1.0,"id":1,"start":1617,"end":1628,"text":"male breast","terms":[]},{"ids":"UMLS:C0205065:T023:ANAT","score":1.0,"id":2,"start":1630,"end":1637,"text":"ovarian","terms":[]},{"ids":"UMLS:C0033572:T023:ANAT","score":1.0,"id":3,"start":1653,"end":1661,"text":"prostate","terms":[]}]},{"id":7,"start":1683,"end":1789,"text":"Additionally, a novel BARD1  allele resulting in Ser558Pro was identified in familial breast cancer cases.","terms":[{"ids":"UNIPROT:Q99728:T116:PRGE","score":0.938410445388696,"id":1,"start":1705,"end":1718,"text":"BARD1  allele","terms":[]},{"ids":"UMLS:C0006141:T023:ANAT","score":1.0,"id":2,"start":1769,"end":1775,"text":"breast","terms":[]}]},{"id":8,"start":1790,"end":1923,"text":"CONCLUSION: These results provide further evidence that BARD1 Cys557Ser confers a slightly increased risk of breast cancer in women..","terms":[{"ids":"UNIPROT:Q99728:T116:PRGE","score":0.9177598808930906,"id":1,"start":1846,"end":1851,"text":"BARD1","terms":[]},{"ids":"UMLS:C0006141:T023:ANAT","score":1.0,"id":2,"start":1899,"end":1905,"text":"breast","terms":[]}]}]