[{"id":0,"start":0,"end":196,"text":"Genotyping of five chinese patients with 17alpha-hydroxylase deficiency diagnosed through high-performance liquid chromatography serum adrenal profile: identification of two novel CYP17 mutations.","terms":[{"ids":"UMLS:C1291314:T047:DISO","score":1.0,"id":1,"start":49,"end":71,"text":"hydroxylase deficiency","terms":[]},{"ids":"UNIPROT:P05093:T116:PRGE","score":0.5632526637540498,"id":2,"start":180,"end":185,"text":"CYP17","terms":[]}]},{"id":1,"start":197,"end":317,"text":"CONTEXT: 17alpha-Hydroxylase deficiency is a rare form of congenital adrenal hyperplasia caused by CYP17 gene mutations.","terms":[{"ids":"UMLS:C1291314:T047:DISO","score":1.0,"id":1,"start":214,"end":236,"text":"Hydroxylase deficiency","terms":[]},{"ids":"UMLS:C0001627:T047:DISO","score":1.0,"id":2,"start":255,"end":285,"text":"congenital adrenal hyperplasia","terms":[]},{"ids":"UNIPROT:P05093:T116:PRGE","score":0.3952174397144279,"id":3,"start":296,"end":306,"text":"CYP17 gene","terms":[]}]},{"id":2,"start":318,"end":402,"text":"OBJECTIVE: Five Chinese patients with 17alpha-hydroxylase deficiency were genotyped.","terms":[{"ids":"UMLS:C1291314:T047:DISO","score":1.0,"id":1,"start":364,"end":386,"text":"hydroxylase deficiency","terms":[]}]},{"id":3,"start":403,"end":493,"text":"PATIENTS: The five patients derived from four families living in Shandong Province, China.","terms":[]},{"id":4,"start":494,"end":644,"text":"The diagnosis of 17alpha-hydroxylase deficiency was initially established through HPLC serum adrenal profiles in Qilu Hospital, China, from 1983-1993.","terms":[{"ids":"UMLS:C1291314:T047:DISO","score":1.0,"id":1,"start":519,"end":541,"text":"hydroxylase deficiency","terms":[]}]},{"id":5,"start":645,"end":717,"text":"RESULTS: Three CYP17 gene mutations were identified from these patients.","terms":[{"ids":"UNIPROT:P05093:T116:PRGE","score":0.9620397890151909,"id":1,"start":660,"end":670,"text":"CYP17 gene","terms":[]}]},{"id":6,"start":718,"end":787,"text":"Among them, V311fs and Y329fs are two novel frame-shifting mutations.","terms":[]},{"id":7,"start":788,"end":847,"text":"V311fs is an 8-bp nucleotide (TTAAATGG) deletion in exon 5.","terms":[]},{"id":8,"start":848,"end":931,"text":"Y329fs is a deletion-insertion combined mutation (TAC--\u003eAA) at codon 329 in exon 6.","terms":[{"ids":"UMLS:C1862382:T047:DISO","score":1.0,"id":1,"start":904,"end":906,"text":"AA","terms":[]}]},{"id":9,"start":932,"end":1057,"text":"Two homozygotes for Y329fs and one compound heterozygote for Y329fs and V311fs were identified from three different families.","terms":[]},{"id":10,"start":1058,"end":1129,"text":"Two homozygous sisters for the D487_S488_F489 deletion were identified.","terms":[]},{"id":11,"start":1130,"end":1254,"text":"CONCLUSION: The results confirmed the diagnostic value of the HPLC serum adrenal profile for 17alpha-hydroxylase deficiency.","terms":[{"ids":"UMLS:C1291314:T047:DISO","score":1.0,"id":1,"start":1231,"end":1253,"text":"hydroxylase deficiency","terms":[]}]},{"id":12,"start":1255,"end":1348,"text":"The D487_S488_F489 deletion had been identified in two previously genotyped Chinese families.","terms":[]},{"id":13,"start":1349,"end":1515,"text":"In our present study, a third Chinese family with this mutation was identified, suggesting that this mutation is a prevalent CYP17 mutation in the Chinese population.","terms":[{"ids":"UNIPROT:P05093:T116:PRGE","score":0.9013325214672026,"id":1,"start":1474,"end":1488,"text":"CYP17 mutation","terms":[]}]},{"id":14,"start":1516,"end":1683,"text":"The identification of Y329fs mutation in addition to three previously identified mutations at codon 329 suggests that codon 329 is an unstable point of the CYP17 gene.","terms":[{"ids":"UNIPROT:P05093:T116:PRGE","score":0.9128089585256122,"id":1,"start":1672,"end":1682,"text":"CYP17 gene","terms":[]}]},{"id":15,"start":1684,"end":1833,"text":"The mutations identified from our five patients appear to be random, but the recurrence of the Y329fs mutation may be attributed to a founder effect.","terms":[{"ids":"UMLS:C0263541:T047:DISO","score":1.0,"id":1,"start":1818,"end":1825,"text":"founder","terms":[]}]},{"id":16,"start":1834,"end":1933,"text":"Our studies suggest that 17alpha-hydroxylase deficiency may not be rare in the Chinese population..","terms":[{"ids":"UMLS:C1291314:T047:DISO","score":1.0,"id":1,"start":1867,"end":1889,"text":"hydroxylase deficiency","terms":[]}]}]