[{"id":0,"start":0,"end":96,"text":"FGFR4 Arg388 allele is associated with resistance to adjuvant therapy in primary  breast cancer.","terms":[{"ids":"UNIPROT:P22455:T116:PRGE","score":0.9414135954174735,"id":1,"start":0,"end":19,"text":"FGFR4 Arg388 allele","terms":[]},{"ids":"UMLS:C0006141:T023:ANAT","score":1.0,"id":2,"start":82,"end":88,"text":"breast","terms":[]}]},{"id":1,"start":97,"end":384,"text":"PURPOSE: A recent study presented first evidence that a single nucleotide polymorphism (SNP) at codon 388 of fibroblast growth factor receptor 4 (FGFR4) gene, causing a transmembrane domain missense mutation (Gly388Arg), is associated with disease outcome in node-positive breast cancer.","terms":[{"ids":"UNIPROT:Q08357:T116:PRGE","score":0.9313733149227145,"id":1,"start":206,"end":241,"text":"fibroblast growth factor receptor 4","terms":[]},{"ids":"UNIPROT:P22455:T116:PRGE","score":0.9313733149227145,"id":2,"start":243,"end":248,"text":"FGFR4","terms":[]},{"ids":"UMLS:C0746922:T023:ANAT","score":1.0,"id":3,"start":356,"end":360,"text":"node","terms":[]},{"ids":"UMLS:C0006141:T023:ANAT","score":1.0,"id":4,"start":370,"end":376,"text":"breast","terms":[]}]},{"id":2,"start":385,"end":640,"text":"This article addresses the clinical relevance of this SNP, FGFR4 genotype, phenotype, and HER2 regarding patient outcome and influence of adjuvant systemic therapy in a substantial primary breast cancer collective (n \u003d 372; median follow-up, 94.5 months).","terms":[{"ids":"UNIPROT:P22455:T116:PRGE","score":0.5981753139942929,"id":1,"start":444,"end":458,"text":"FGFR4 genotype","terms":[]},{"ids":"UNIPROT:P04626:T116:PRGE","score":0.5981753139942929,"id":2,"start":475,"end":479,"text":"HER2","terms":[]},{"ids":"UMLS:C0006141:T023:ANAT","score":1.0,"id":3,"start":574,"end":580,"text":"breast","terms":[]}]},{"id":3,"start":641,"end":877,"text":"METHODS: Polymerase chain reaction restriction fragment length polymorphism analysis of germ-line polymorphism was performed in uninvolved lymph nodes; FGFR4 and HER2 expression were assessed immunohistochemically in tissue microarrays.","terms":[{"ids":"UMLS:C0024204:T023:ANAT","score":1.0,"id":1,"start":780,"end":791,"text":"lymph nodes","terms":[]},{"ids":"UNIPROT:P22455:T116:PRGE","score":0.9992993568979899,"id":2,"start":793,"end":798,"text":"FGFR4","terms":[]},{"ids":"UNIPROT:P04626:T116:PRGE","score":0.9992993568979899,"id":3,"start":803,"end":807,"text":"HER2","terms":[]}]},{"id":4,"start":878,"end":955,"text":"RESULTS: In 51% of patients, homo- or heterozygous Arg388 allele was present.","terms":[]},{"id":5,"start":956,"end":1033,"text":"No  correlation existed between FGFR4 genotype and expression or HER2 status.","terms":[{"ids":"UNIPROT:P22455:T116:PRGE","score":0.9349453575210311,"id":1,"start":988,"end":1002,"text":"FGFR4 genotype","terms":[]},{"ids":"UNIPROT:P04626:T116:PRGE","score":0.9349453575210311,"id":2,"start":1021,"end":1025,"text":"HER2","terms":[]}]},{"id":6,"start":1034,"end":1116,"text":"In node-negative patients, FGFR4 genotype was not correlated with disease outcome.","terms":[{"ids":"UMLS:C0746922:T023:ANAT","score":1.0,"id":1,"start":1037,"end":1041,"text":"node","terms":[]},{"ids":"UNIPROT:P22455:T116:PRGE","score":0.7657993571588101,"id":2,"start":1061,"end":1075,"text":"FGFR4 genotype","terms":[]}]},{"id":7,"start":1117,"end":1277,"text":"In node-positive patients, however, FGFR4 Arg388 was significantly associated with poor disease-free survival (DFS; P \u003d .02) and overall survival (OS; P \u003d .04).","terms":[{"ids":"UMLS:C0746922:T023:ANAT","score":1.0,"id":1,"start":1120,"end":1124,"text":"node","terms":[]},{"ids":"UNIPROT:P22455:T116:PRGE","score":0.4956452806707082,"id":2,"start":1153,"end":1165,"text":"FGFR4 Arg388","terms":[]},{"ids":"UMLS:C2936904:T047:DISO|UMLS:C0262950:T023:ANAT","score":1.0,"id":3,"start":1264,"end":1266,"text":"OS","terms":[]}]},{"id":8,"start":1278,"end":1509,"text":"Notably, this association seems to be attributable to relatively poor therapy response in Arg388 carriers, reflected in their significantly shorter DFS (P \u003d .02) and OS (P \u003d .045) among patients receiving adjuvant systemic therapy.","terms":[{"ids":"UMLS:C2936904:T047:DISO|UMLS:C0262950:T023:ANAT","score":1.0,"id":1,"start":1444,"end":1446,"text":"OS","terms":[]}]},{"id":9,"start":1510,"end":1719,"text":"It is also seen as a significant interaction term in a multivariate proportional  hazards model with Arg388 carriers having only about half as much benefit from adjuvant systemic therapy as wild-type carriers.","terms":[]},{"id":10,"start":1720,"end":1934,"text":"CONCLUSION: According to this study, FGFR4 Arg388 genotype is a marker for breast cancer progression in patients with adjuvant systemic therapy, particularly chemotherapy, and thus may indicate therapy resistance..","terms":[{"ids":"UNIPROT:P22455:T116:PRGE","score":0.4620876208433305,"id":1,"start":1757,"end":1778,"text":"FGFR4 Arg388 genotype","terms":[]},{"ids":"UMLS:C0006141:T023:ANAT","score":1.0,"id":2,"start":1795,"end":1801,"text":"breast","terms":[]}]}]