[{"id":0,"start":0,"end":139,"text":"Single nucleotide polymorphisms of the HNF4alpha gene are associated with the conversion to type 2 diabetes mellitus: the STOP-NIDDM trial.","terms":[{"ids":"UNIPROT:Q9H3M7:T116:PRGE","score":0.9933966162084268,"id":1,"start":39,"end":53,"text":"HNF4alpha gene","terms":[]},{"ids":"UMLS:C0011860:T047:DISO","score":1.0,"id":2,"start":92,"end":116,"text":"type 2 diabetes mellitus","terms":[]},{"ids":"UMLS:C0011860:T047:DISO","score":1.0,"id":3,"start":127,"end":132,"text":"NIDDM","terms":[]}]},{"id":1,"start":140,"end":288,"text":"Hepatocyte nuclear factor 4alpha (HNF4alpha) is a transcription factor, which is necessary for normal function of human liver and pancreatic islets.","terms":[{"ids":"UNIPROT:P48552:T116:PRGE","score":0.9878308632306037,"id":1,"start":140,"end":172,"text":"Hepatocyte nuclear factor 4alpha","terms":[]},{"ids":"UMLS:C0023884:T023:ANAT","score":1.0,"id":2,"start":260,"end":265,"text":"liver","terms":[]},{"ids":"UMLS:C0022131:T023:ANAT","score":1.0,"id":3,"start":270,"end":287,"text":"pancreatic islets","terms":[]}]},{"id":2,"start":289,"end":510,"text":"We investigated whether single nucleotide polymorphisms (SNPs) of HNF4A, encoding HNF4alpha, influenced the conversion from impaired glucose tolerance (IGT) to type 2 diabetes mellitus in subjects of the STOP-NIDDM trial.","terms":[{"ids":"UMLS:C0271650:T047:DISO","score":1.0,"id":1,"start":413,"end":439,"text":"impaired glucose tolerance","terms":[]},{"ids":"UMLS:C0011860:T047:DISO","score":1.0,"id":2,"start":449,"end":473,"text":"type 2 diabetes mellitus","terms":[]},{"ids":"UMLS:C0011860:T047:DISO","score":1.0,"id":3,"start":498,"end":503,"text":"NIDDM","terms":[]}]},{"id":3,"start":511,"end":631,"text":"This trial aimed at evaluating the effect of acarbose compared to placebo in the prevention of type 2 diabetes mellitus.","terms":[{"ids":"UMLS:C0011860:T047:DISO","score":1.0,"id":1,"start":606,"end":630,"text":"type 2 diabetes mellitus","terms":[]}]},{"id":4,"start":632,"end":789,"text":"Eight SNPs covering the intragenic and alternate P2 promoter regions of HNF4A were genotyped in study samples using the TaqMan Allelic Discrimination Assays.","terms":[]},{"id":5,"start":790,"end":987,"text":"Three SNPs in the P2 promoter region (rs4810424, rs1884614, and rs2144908) were in almost complete association (D\u0027\u003e0.97, r (2)\u003e0.95) and, therefore, only rs4810424 was included in further analyses.","terms":[]},{"id":6,"start":988,"end":1316,"text":"Female carriers of the less frequent C allele of rs4810424 had a 1.7-fold elevated risk [95% confidence interval (CI) 1.09-2.66; P\u003d0.020] for the conversion to diabetes compared to women with the common genotype after the adjustment for age, treatment group (placebo or acarbose), smoking, weight at baseline, and weight change.","terms":[{"ids":"UMLS:C0011847:T047:DISO|UMLS:C0011849:T047:DISO","score":1.0,"id":1,"start":1148,"end":1156,"text":"diabetes","terms":[]}]},{"id":7,"start":1317,"end":1349,"text":"No association was found in men.","terms":[]},{"id":8,"start":1350,"end":1633,"text":"Haplotype analysis based on three SNPs (rs4810424, rs2071197, and rs3818247) representing the linkage disequilibrium blocks in our study population indicated that the conversion to type 2 diabetes mellitus was dependent on the number of risk alleles in different haplotypes in women.","terms":[{"ids":"UMLS:C0011860:T047:DISO","score":1.0,"id":1,"start":1531,"end":1555,"text":"type 2 diabetes mellitus","terms":[]}]},{"id":9,"start":1634,"end":1788,"text":"Our results suggest that SNPs of HNF4A and their haplotypes predispose to type 2 diabetes mellitus in female subjects of the STOP-NIDDM study population..","terms":[{"ids":"UMLS:C0011860:T047:DISO","score":1.0,"id":1,"start":1708,"end":1732,"text":"type 2 diabetes mellitus","terms":[]},{"ids":"UMLS:C0011860:T047:DISO","score":1.0,"id":2,"start":1764,"end":1769,"text":"NIDDM","terms":[]}]}]