[{"id":0,"start":0,"end":55,"text":"Characterization of CHEK2 mutations in prostate cancer.","terms":[{"ids":"UMLS:C0033572:T023:ANAT","score":1.0,"id":1,"start":39,"end":47,"text":"prostate","terms":[]}]},{"id":1,"start":56,"end":184,"text":"The checkpoint kinase 2 (CHEK2, also known as CHK2) is a tumor suppressor that participates in the DNA damage-signaling pathway.","terms":[{"ids":"UNIPROT:O14757:T116:PRGE","score":0.9936746195139715,"id":1,"start":60,"end":79,"text":"checkpoint kinase 2","terms":[]}]},{"id":2,"start":185,"end":287,"text":"It is phosphorylated and activated following DNA damage, resulting in cell cycle arrest and apoptosis.","terms":[]},{"id":3,"start":288,"end":370,"text":"Previously, we reported germline CHEK2 mutations in patients with prostate cancer.","terms":[{"ids":"UMLS:C0033572:T023:ANAT","score":1.0,"id":1,"start":354,"end":362,"text":"prostate","terms":[]}]},{"id":4,"start":371,"end":571,"text":"In this study, we have identified two novel somatic CHEK2 mutations, c.349A \u003e G (p.R117G) and c.967A \u003e C (p.E321K), in prostate tumor specimens and investigated the functions of these mutants in vivo.","terms":[{"ids":"UMLS:C0033572:T023:ANAT","score":1.0,"id":1,"start":490,"end":498,"text":"prostate","terms":[]}]},{"id":5,"start":572,"end":877,"text":"We have shown that most of the germline CHEK2 mutations and one somatic mutation (p.R117G) within FHA domain have modestly reduced CHEK2 kinase activity in comparison with wild-type CHEK2 while the other somatic mutation (p.E321K) within the kinase domain of CHEK2 totally abolished CHEK2 kinase activity.","terms":[{"ids":"UMLS:C1704429:T047:DISO","score":1.0,"id":1,"start":670,"end":673,"text":"FHA","terms":[]},{"ids":"UNIPROT:P20794:T116:PRGE|UNIPROT:P33981:T116:PRGE","score":0.08717611344930926,"id":2,"start":703,"end":715,"text":"CHEK2 kinase","terms":[]},{"ids":"UNIPROT:Q13326:T116:PRGE|UNIPROT:P38405:T116:PRGE","score":0.08717611344930926,"id":3,"start":744,"end":759,"text":"wild-type CHEK2","terms":[]},{"ids":"UNIPROT:P20794:T116:PRGE|UNIPROT:P33981:T116:PRGE","score":0.08717611344930926,"id":4,"start":855,"end":867,"text":"CHEK2 kinase","terms":[]}]},{"id":6,"start":878,"end":1133,"text":"Given that several clinical CHEK2 mutations reside in the Forkhead-associated (FHA) domain, we further generated a  series of missense mutations within this domain and demonstrated the requirement  of an intact FHA domain for the full activation of CHEK2.","terms":[{"ids":"UMLS:C1704429:T047:DISO","score":1.0,"id":1,"start":957,"end":960,"text":"FHA","terms":[]},{"ids":"UMLS:C1704429:T047:DISO","score":1.0,"id":2,"start":1089,"end":1092,"text":"FHA","terms":[]}]},{"id":7,"start":1134,"end":1404,"text":"Taken together, these results provide evidence that both germline and somatic CHEK2 mutations identified in prostate cancer may contribute to the development of prostate cancer through the reduction of CHEK2 activation in response to DNA damage and/or oncogenic stress..","terms":[{"ids":"UMLS:C0033572:T023:ANAT","score":1.0,"id":1,"start":1242,"end":1250,"text":"prostate","terms":[]},{"ids":"UMLS:C0033572:T023:ANAT","score":1.0,"id":2,"start":1295,"end":1303,"text":"prostate","terms":[]}]}]