[{"id":0,"start":0,"end":85,"text":"Two novel mutations in the MEN1 gene in subjects with multiple endocrine neoplasia-1.","terms":[{"ids":"UNIPROT:O00255:T116:PRGE","score":0.5386441330614233,"id":1,"start":27,"end":36,"text":"MEN1 gene","terms":[]}]},{"id":1,"start":86,"end":258,"text":"Multiple endocrine neoplasia type 1 (MEN1) is characterized by parathyroid, enteropancreatic endocrine and pituitary adenomas as well as germline mutation of the MEN1 gene.","terms":[{"ids":"UNIPROT:Q13326:T116:PRGE|UNIPROT:P38405:T116:PRGE","score":0.0,"id":1,"start":86,"end":121,"text":"Multiple endocrine neoplasia type 1","terms":[]},{"ids":"UNIPROT:O00255:T116:PRGE","score":0.9119827385856726,"id":2,"start":123,"end":127,"text":"MEN1","terms":[]},{"ids":"UMLS:C0030518:T023:ANAT","score":1.0,"id":3,"start":149,"end":160,"text":"parathyroid","terms":[]},{"ids":"UMLS:C0032005:T023:ANAT","score":1.0,"id":4,"start":193,"end":202,"text":"pituitary","terms":[]},{"ids":"UNIPROT:O00255:T116:PRGE","score":0.9119827385856726,"id":5,"start":248,"end":257,"text":"MEN1 gene","terms":[]}]},{"id":2,"start":259,"end":330,"text":"We describe 2 families with MEN1 with novel mutations in the MEN1 gene.","terms":[{"ids":"UNIPROT:O00255:T116:PRGE","score":0.7019689413081612,"id":1,"start":287,"end":291,"text":"MEN1","terms":[]},{"ids":"UNIPROT:O00255:T116:PRGE","score":0.7019689413081612,"id":2,"start":320,"end":329,"text":"MEN1 gene","terms":[]}]},{"id":3,"start":331,"end":477,"text":"One family was of Turkish origin, and the index patient had primary hyperparathyroidism (PHPT) plus a prolactinoma; three relatives had PHPT only.","terms":[{"ids":"UMLS:C0221002:T047:DISO","score":1.0,"id":1,"start":391,"end":418,"text":"primary hyperparathyroidism","terms":[]},{"ids":"UMLS:C0221002:T047:DISO","score":1.0,"id":2,"start":420,"end":424,"text":"PHPT","terms":[]},{"ids":"UMLS:C0221002:T047:DISO","score":1.0,"id":3,"start":467,"end":471,"text":"PHPT","terms":[]}]},{"id":4,"start":478,"end":574,"text":"The index patient in the second family was a 46-yr-old woman of Chinese origin living in Taiwan.","terms":[]},{"id":5,"start":575,"end":789,"text":"This patient presented with a complaint of epigastric pain and watery diarrhea over the past 3 months, and had undergone subtotal parathyroidectomy and enucleation of pancreatic islet cell tumor about 10 yr before.","terms":[{"ids":"UMLS:C0022131:T023:ANAT","score":1.0,"id":1,"start":742,"end":758,"text":"pancreatic islet","terms":[]}]},{"id":6,"start":790,"end":820,"text":"There was also a prolactinoma.","terms":[]},{"id":7,"start":821,"end":932,"text":"Sequence analysis of the MEN1 gene from leukocyte genomic DNA revealed heterozygous mutations in both probands.","terms":[{"ids":"UNIPROT:O00255:T116:PRGE","score":0.8862332577962677,"id":1,"start":846,"end":855,"text":"MEN1 gene","terms":[]}]},{"id":8,"start":933,"end":1122,"text":"The Turkish patient and her affected relatives all had a heterozygous A to G transition at codon 557 (AAG--\u003eGAG) of exon 10 of MEN1 that results in a replacement of lysine by glutamic acid.","terms":[{"ids":"UNIPROT:O00255:T116:PRGE","score":0.7683338084596961,"id":1,"start":1060,"end":1064,"text":"MEN1","terms":[]}]},{"id":9,"start":1123,"end":1296,"text":"The Chinese index patient and one of her siblings had a heterozygous mutation at codon 418 of exon 9 (GAC--\u003eTAT) that results in a substitution of aspartic acid by tyrosine.","terms":[]},{"id":10,"start":1297,"end":1376,"text":"In conclusion, we have identified 2 novel missense mutations in the MEN1 gene..","terms":[{"ids":"UNIPROT:O00255:T116:PRGE","score":0.9787317195530556,"id":1,"start":1365,"end":1374,"text":"MEN1 gene","terms":[]}]}]