[{"id":0,"start":0,"end":100,"text":"DNA damage and repair in gastric cancer--a correlation with the hOGG1 and RAD51 genes polymorphisms.","terms":[{"ids":"UMLS:C0038351:T023:ANAT","score":1.0,"id":1,"start":25,"end":32,"text":"gastric","terms":[]},{"ids":"UNIPROT:Q06609:T116:PRGE","score":0.8160782138840511,"id":2,"start":74,"end":85,"text":"RAD51 genes","terms":[]}]},{"id":1,"start":101,"end":239,"text":"The cell\u0027s susceptibility to mutagens and its ability to repair DNA lesions are important for cancer induction, promotion and progression.","terms":[]},{"id":2,"start":240,"end":376,"text":"Both the mutagens\u0027 sensitivity and the efficacy of DNA repair may be affected by variation in several genes, including DNA repair genes.","terms":[]},{"id":3,"start":377,"end":505,"text":"The hOGG1 gene encodes glycosylase of base excision repair and RAD51 specifies a key protein in homologues recombination repair.","terms":[{"ids":"UNIPROT:Q9H3M7:T116:PRGE","score":0.35676557852378066,"id":1,"start":381,"end":411,"text":"hOGG1 gene encodes glycosylase","terms":[]},{"ids":"UNIPROT:Q06609:T116:PRGE","score":0.35676557852378066,"id":2,"start":440,"end":445,"text":"RAD51","terms":[]}]},{"id":4,"start":506,"end":606,"text":"Both can be involved in the repair of oxidative DNA lesions, which can contribute to stomach cancer.","terms":[{"ids":"UMLS:C0038351:T023:ANAT","score":1.0,"id":1,"start":591,"end":598,"text":"stomach","terms":[]}]},{"id":5,"start":607,"end":845,"text":"In the present work we determined the level of basal and oxidative DNA damage and the kinetics of removal of DNA damage induced by hydrogen peroxide in peripheral blood lymphocytes of 30 gastric cancer patients and 30 healthy individuals.","terms":[{"ids":"UMLS:C0038351:T023:ANAT","score":1.0,"id":1,"start":794,"end":801,"text":"gastric","terms":[]}]},{"id":6,"start":846,"end":1226,"text":"The metrics from DNA damage and repair study were correlated with the genotypes of common polymorphisms of the hOGG1 and RAD51 genes: a G--\u003eC transversion at 1245 position of the hOGG1 gene producing a Ser--\u003eCys substitution at the codon 326 (the Ser326Cys polymorphism) and a G--\u003eC substitution at position 135 (5\u0027-untranslated region) of the RAD51 gene (the G135C polymorphism).","terms":[{"ids":"UNIPROT:Q06609:T116:PRGE","score":0.8381026851842048,"id":1,"start":967,"end":978,"text":"RAD51 genes","terms":[]},{"ids":"UNIPROT:Q9H3M7:T116:PRGE","score":0.8381026851842048,"id":2,"start":1025,"end":1035,"text":"hOGG1 gene","terms":[]},{"ids":"UNIPROT:Q06609:T116:PRGE","score":0.8381026851842048,"id":3,"start":1190,"end":1200,"text":"RAD51 gene","terms":[]}]},{"id":7,"start":1227,"end":1470,"text":"DNA damage and repair were evaluated by alkaline single cell gel electrophoresis (comet assay) assisted by DNA repair enzymes: endonuclease III (Nth) and formamidopyrimidine-DNA glycosylase (Fpg), preferentially recognizing oxidized DNA bases.","terms":[{"ids":"UNIPROT:P78549:T116:PRGE","score":0.9524097811279589,"id":1,"start":1354,"end":1370,"text":"endonuclease III","terms":[]},{"ids":"UNIPROT:O14717:T116:PRGE","score":0.9524097811279589,"id":2,"start":1381,"end":1416,"text":"formamidopyrimidine-DNA glycosylase","terms":[]}]},{"id":8,"start":1471,"end":1569,"text":"The genotypes of the polymorphism were determined by restriction fragment length polymorphism PCR.","terms":[]},{"id":9,"start":1570,"end":1744,"text":"We observed a strong association between gastric cancer occurrence, impaired DNA repair in human lymphocytes and the G/C genotype of the G135C polymorphism of the RAD51 gene.","terms":[{"ids":"UMLS:C0038351:T023:ANAT","score":1.0,"id":1,"start":1611,"end":1618,"text":"gastric","terms":[]},{"ids":"UNIPROT:Q06609:T116:PRGE","score":0.8282885414131832,"id":2,"start":1733,"end":1743,"text":"RAD51 gene","terms":[]}]},{"id":10,"start":1745,"end":1893,"text":"Moreover, there was a strong correlation between that genotype and stomach cancer occurrence in subjects with high level of oxidatively damaged DNA.","terms":[{"ids":"UMLS:C0038351:T023:ANAT","score":1.0,"id":1,"start":1812,"end":1819,"text":"stomach","terms":[]}]},{"id":11,"start":1894,"end":2102,"text":"We did not observe any correlation between the Ser1245Cys polymorphism of the hOGG1 gene and gastric cancer, including subjects with impaired DNA repair and/or high levels of endogenous oxidative DNA lesions.","terms":[{"ids":"UNIPROT:Q9H3M7:T116:PRGE","score":0.9961519861327458,"id":1,"start":1972,"end":1982,"text":"hOGG1 gene","terms":[]},{"ids":"UMLS:C0038351:T023:ANAT","score":1.0,"id":2,"start":1987,"end":1994,"text":"gastric","terms":[]}]},{"id":12,"start":2103,"end":2424,"text":"Therefore, our result suggest that the G135C polymorphism of the RAD51 gene may be linked with gastric cancer by the modulation of the cellular response to oxidative stress and this polymorphism may be a useful additional marker in this disease along with the genetic or/and environmental indicators of oxidative stress..","terms":[{"ids":"UNIPROT:Q06609:T116:PRGE","score":0.9748447633494136,"id":1,"start":2168,"end":2178,"text":"RAD51 gene","terms":[]},{"ids":"UMLS:C0038351:T023:ANAT","score":1.0,"id":2,"start":2198,"end":2205,"text":"gastric","terms":[]}]}]