[{"id":0,"start":0,"end":90,"text":"Clinical characterization and evaluation of DYT1 gene in Indian primary dystonia patients.","terms":[{"ids":"UNIPROT:O14656:T116:PRGE","score":0.9921480914338544,"id":1,"start":44,"end":53,"text":"DYT1 gene","terms":[{"ids":"UMLS:C1851945:T047:DISO","score":1.0,"id":1,"start":44,"end":48,"text":"DYT1","terms":[]}]},{"ids":"UMLS:C0752203:T047:DISO","score":1.0,"id":2,"start":64,"end":80,"text":"primary dystonia","terms":[]}]},{"id":1,"start":91,"end":142,"text":"OBJECTIVES: Dystonia is a common movement disorder.","terms":[{"ids":"UMLS:C0393593:T047:DISO","score":1.0,"id":1,"start":103,"end":111,"text":"Dystonia","terms":[]},{"ids":"UMLS:C0026650:T047:DISO","score":1.0,"id":2,"start":124,"end":141,"text":"movement disorder","terms":[]}]},{"id":2,"start":143,"end":304,"text":"The purpose of this study is to examine the relative distribution of the primary dystonia subtypes and identify mutation (s) in the DYT1 gene in Indian patients.","terms":[{"ids":"UMLS:C0752203:T047:DISO","score":1.0,"id":1,"start":216,"end":232,"text":"primary dystonia","terms":[]},{"ids":"UNIPROT:O14656:T116:PRGE","score":0.992758224214445,"id":2,"start":275,"end":284,"text":"DYT1 gene","terms":[{"ids":"UMLS:C1851945:T047:DISO","score":1.0,"id":1,"start":275,"end":279,"text":"DYT1","terms":[]}]}]},{"id":3,"start":305,"end":472,"text":"MATERIALS AND METHODS: Primary dystonia patients (n \u003d 178) and controls (n \u003d 63), lacking any symptoms of the disease, were recruited for the study from eastern India.","terms":[{"ids":"UMLS:C0752203:T047:DISO","score":1.0,"id":1,"start":328,"end":344,"text":"Primary dystonia","terms":[]}]},{"id":4,"start":473,"end":635,"text":"The nucleotide variants in the DYT1 gene were identified by carrying out polymerase chain reaction, single stranded conformation polymorphism, and DNA sequencing.","terms":[{"ids":"UNIPROT:O14656:T116:PRGE","score":0.925372715669948,"id":1,"start":504,"end":513,"text":"DYT1 gene","terms":[{"ids":"UMLS:C1851945:T047:DISO","score":1.0,"id":1,"start":504,"end":508,"text":"DYT1","terms":[]}]}]},{"id":5,"start":636,"end":750,"text":"RESULTS: Unlike other reports, pain and/or tremor was more common in our sporadic patients than in familial cases.","terms":[]},{"id":6,"start":751,"end":817,"text":"Three reported and two novel changes were identified in this gene.","terms":[]},{"id":7,"start":818,"end":980,"text":"The homozygous genotype (G,G) for a missense variant (c.646G \u003e C; Asp216His) was significantly over-represented in the patients compared with controls (P \u003c 0.05).","terms":[]},{"id":8,"start":981,"end":1059,"text":"However, the commonly reported 3 bp deletion (904-906delGAG) was not detected.","terms":[]},{"id":9,"start":1060,"end":1188,"text":"CONCLUSION: Our results suggest that the DYT1 gene might have a limited role in causation of dystonia in the Indian population..","terms":[{"ids":"UNIPROT:O14656:T116:PRGE","score":0.994216540349189,"id":1,"start":1101,"end":1110,"text":"DYT1 gene","terms":[{"ids":"UMLS:C1851945:T047:DISO","score":1.0,"id":1,"start":1101,"end":1105,"text":"DYT1","terms":[]}]},{"ids":"UMLS:C0393593:T047:DISO","score":1.0,"id":2,"start":1153,"end":1161,"text":"dystonia","terms":[]}]}]