[{"id":0,"start":0,"end":108,"text":"Unique substitution of CHEK2 and TP53 mutations implicated in primary prostate tumors and cancer cell lines.","terms":[{"ids":"UMLS:C0033572:T023:ANAT","score":1.0,"id":1,"start":70,"end":78,"text":"prostate","terms":[]}]},{"id":1,"start":109,"end":195,"text":"Genetic defects in CHEK2 and TP53 have been implicated in prostate cancer development.","terms":[{"ids":"UMLS:C0033572:T023:ANAT","score":1.0,"id":1,"start":167,"end":175,"text":"prostate","terms":[]}]},{"id":2,"start":196,"end":299,"text":"However, the interaction of these two genes in prostate cancer tumorigenesis has not been investigated.","terms":[{"ids":"UMLS:C0033572:T023:ANAT","score":1.0,"id":1,"start":243,"end":251,"text":"prostate","terms":[]}]},{"id":3,"start":300,"end":384,"text":"We previously described 11 CHEK2 mutations in a group of 84 primary prostate tumors.","terms":[{"ids":"UMLS:C0033572:T023:ANAT","score":1.0,"id":1,"start":368,"end":376,"text":"prostate","terms":[]}]},{"id":4,"start":385,"end":510,"text":"In this report, we screened the same group of tumors for TP53 mutations and revealed nine somatic and two germline mutations.","terms":[]},{"id":5,"start":511,"end":673,"text":"One germline TP53 mutation (c.408A \u003e T/p.Gln136His) and two somatic mutations (c.1022T \u003e G/p.Phe341Cys and c.108-109ins22/p.His37fsX13) are novel to human cancer.","terms":[]},{"id":6,"start":674,"end":776,"text":"More interestingly, CHEK2 and TP53 mutations were observed to be mutually substituted in these tumors.","terms":[]},{"id":7,"start":777,"end":997,"text":"Analysis of five commonly used prostate cancer cell lines revealed that four cell lines harboring TP53 mutations carry no CHEK2 mutation while the only cell line (LNCaP) carrying wild-type TP53  harbors a CHEK2 mutation.","terms":[{"ids":"UMLS:C0033572:T023:ANAT","score":1.0,"id":1,"start":808,"end":816,"text":"prostate","terms":[]},{"ids":"UNIPROT:Q13326:T116:PRGE|UNIPROT:P38405:T116:PRGE","score":0.26340099714454085,"id":2,"start":956,"end":970,"text":"wild-type TP53","terms":[]}]},{"id":8,"start":998,"end":1178,"text":"The novel CHEK2 mutation (c.1160C\u003eT/p.Thr387Asn) identified in LNCaP cells changes amino acid Thr387 to Asn which has been shown to impair CHEK2 autophosphorylation and activation.","terms":[]},{"id":9,"start":1179,"end":1396,"text":"Our data suggest that the CHEK2 and TP53 mutations can substitute each other in at least 25% (21/84) of prostate cancers and that DNA damage-signaling pathway plays an important role in prostate cancer tumorigenesis..","terms":[{"ids":"UMLS:C0033572:T023:ANAT","score":1.0,"id":1,"start":1283,"end":1291,"text":"prostate","terms":[]},{"ids":"UMLS:C0033572:T023:ANAT","score":1.0,"id":2,"start":1365,"end":1373,"text":"prostate","terms":[]}]}]