[{"id":0,"start":0,"end":168,"text":"Analysis of a missense variant of the human N-formyl peptide receptor that is associated with agonist-independent beta-arrestin association and indices of inflammation.","terms":[{"ids":"UNIPROT:Q8TA86:T116:PRGE|UNIPROT:Q9H0Z9:T116:PRGE","score":0.6594767396298279,"id":1,"start":38,"end":69,"text":"human N-formyl peptide receptor","terms":[]},{"ids":"UNIPROT:P49407:T116:PRGE","score":0.6594767396298279,"id":2,"start":114,"end":127,"text":"beta-arrestin","terms":[]}]},{"id":1,"start":169,"end":395,"text":"Formyl-Met-Leu-Phe (fMLP) is a potent chemoattractant molecule released from both bacteria and damaged mitochondria that activates fMLP receptors (FPR) leading to neutrophil chemotaxis, degranulation and superoxide production.","terms":[{"ids":"UNIPROT:O43148:T116:PRGE|UNIPROT:P08581:T116:PRGE","score":0.612801875975169,"id":1,"start":169,"end":187,"text":"Formyl-Met-Leu-Phe","terms":[]},{"ids":"UNIPROT:P21462:T116:PRGE","score":0.612801875975169,"id":2,"start":189,"end":193,"text":"fMLP","terms":[]},{"ids":"UNIPROT:P21462:T116:PRGE","score":0.612801875975169,"id":3,"start":300,"end":314,"text":"fMLP receptors","terms":[]},{"ids":"UNIPROT:P25090:T116:PRGE|UNIPROT:P21462:T116:PRGE","score":0.612801875975169,"id":4,"start":316,"end":319,"text":"FPR","terms":[]}]},{"id":2,"start":396,"end":579,"text":"A common missense single nucleotide polymorphism in the human FPR1 gene at nucleotide c.32C\u003eT results in the amino-acid substitution, p.I11T, in the FPR1 extracellular amino-terminus.","terms":[{"ids":"UNIPROT:Q8TA86:T116:PRGE|UNIPROT:Q9H0Z9:T116:PRGE","score":0.5564420652148966,"id":1,"start":452,"end":467,"text":"human FPR1 gene","terms":[]},{"ids":"UNIPROT:P21462:T116:PRGE","score":0.5564420652148966,"id":2,"start":545,"end":549,"text":"FPR1","terms":[]}]},{"id":3,"start":580,"end":752,"text":"The minor (c.32T) allele frequencies were 0.25, 0.27, 0.25, 0.15 and 0.14 in healthy Caucasian, African, East Indian, Chinese and Native Canadian individuals, respectively.","terms":[]},{"id":4,"start":753,"end":958,"text":"In subjects homozygous for the p.T11 allele, we find elevated serum concentrations of C-reactive protein, increased absolute counts of blood leukocytes and neutrophils, and erythrocyte sedimentation rates.","terms":[{"ids":"UNIPROT:P02741:T116:PRGE","score":0.9674130970541507,"id":1,"start":839,"end":857,"text":"C-reactive protein","terms":[]}]},{"id":5,"start":959,"end":1240,"text":"When expressed in HEK 293 and RBL-2H3 cells a substantial proportion of FPR1 p.I11T variant is retained intracellularly and agonist-independent internalization of the FPR1 p.I11T variant, but not the wild-type FPR1, is constitutively associated with beta-arrestin2-GFP in vesicles.","terms":[{"ids":"UNIPROT:P21462:T116:PRGE","score":0.05334928943121809,"id":1,"start":1031,"end":1050,"text":"FPR1 p.I11T variant","terms":[]},{"ids":"UNIPROT:P21462:T116:PRGE","score":0.05334928943121809,"id":2,"start":1126,"end":1132,"text":"FPR1 p","terms":[]},{"ids":"UNIPROT:P78371:T116:PRGE|UNIPROT:P07951:T116:PRGE|UNIPROT:Q9HCC0:T116:PRGE|UNIPROT:O00459:T116:PRGE","score":0.05334928943121809,"id":3,"start":1209,"end":1227,"text":"beta-arrestin2-GFP","terms":[]}]},{"id":6,"start":1241,"end":1411,"text":"Moreover, basal N-acetyl-D-glucosaminidase release is increased in primary neutrophils isolated from subjects either heterozygous or homozygous for the FPR1 p.T11 allele.","terms":[{"ids":"UNIPROT:P21462:T116:PRGE","score":0.46839138546043774,"id":1,"start":1393,"end":1399,"text":"FPR1 p","terms":[]}]},{"id":7,"start":1412,"end":1571,"text":"Taken together, the data suggest an increased receptor activity and phenotypic expression of increased inflammatory indices in subjects with the p.T11 allele..","terms":[]}]