[{"id":0,"start":0,"end":72,"text":"Identification of germline MLH1 alterations in familial prostate cancer.","terms":[{"ids":"UNIPROT:P40692:T116:PRGE","score":0.7966029812613196,"id":1,"start":27,"end":31,"text":"MLH1","terms":[]},{"ids":"UMLS:C0033572:T023:ANAT","score":1.0,"id":2,"start":56,"end":64,"text":"prostate","terms":[]}]},{"id":1,"start":73,"end":269,"text":"Several linkage and loss of heterozygosity (LOH) analyses suggest that the region 3p21-p26, which is a chromosomal location of MLH1, could harbour a susceptibility gene for prostate cancer (PRCA).","terms":[{"ids":"UNIPROT:P40967:T116:PRGE|UNIPROT:P36639:T116:PRGE","score":0.18703020036752155,"id":1,"start":160,"end":163,"text":"p26","terms":[]},{"ids":"UNIPROT:P40692:T116:PRGE","score":0.18703020036752155,"id":2,"start":200,"end":204,"text":"MLH1","terms":[]},{"ids":"UMLS:C0033572:T023:ANAT","score":1.0,"id":3,"start":246,"end":254,"text":"prostate","terms":[]}]},{"id":2,"start":270,"end":413,"text":"Furthermore, in a recent candidate single nucleotide polymorphism (SNP) analysis the I219V variation of the MLH1 gene was associated with PRCA.","terms":[{"ids":"UNIPROT:P40692:T116:PRGE","score":0.6379143083151182,"id":1,"start":378,"end":387,"text":"MLH1 gene","terms":[]}]},{"id":3,"start":414,"end":625,"text":"Microsatellite instability (MSI) and germ-line MLH1 mutations were originally demonstrated in hereditary non-polyposis colorectal cancer (HNPCC) but MSI and loss of MLH1 function have also been detected in PRCA.","terms":[{"ids":"UNIPROT:P40692:T116:PRGE","score":0.403175928674732,"id":1,"start":461,"end":465,"text":"MLH1","terms":[]},{"ids":"UNIPROT:P40692:T116:PRGE","score":0.403175928674732,"id":2,"start":579,"end":583,"text":"MLH1","terms":[]}]},{"id":4,"start":626,"end":750,"text":"To assess the contribution of MLH1 germline mutations to the development of PRCA  in Finland different approaches were used.","terms":[{"ids":"UNIPROT:P40692:T116:PRGE","score":0.9451043344277017,"id":1,"start":656,"end":660,"text":"MLH1","terms":[]}]},{"id":5,"start":751,"end":893,"text":"First, the samples from 11 PRCA-colon  cancer patients were screened for MLH1, MSH2 and MSH6 protein expression by immunohistochemistry (IHC).","terms":[{"ids":"UMLS:C0009368:T023:ANAT","score":1.0,"id":1,"start":783,"end":788,"text":"colon","terms":[]},{"ids":"UNIPROT:P40692:T116:PRGE","score":0.9201456126779268,"id":2,"start":824,"end":828,"text":"MLH1","terms":[]},{"ids":"UNIPROT:P43246:T116:PRGE","score":0.9201456126779268,"id":3,"start":830,"end":834,"text":"MSH2","terms":[]},{"ids":"UNIPROT:P52701:T116:PRGE","score":0.9201456126779268,"id":4,"start":839,"end":851,"text":"MSH6 protein","terms":[]}]},{"id":6,"start":894,"end":1061,"text":"IHC revealed one patient with a putative MLH1 aberration and sequencing of this sample revealed five sequence variants including two missense variants P434L and I219V.","terms":[{"ids":"UNIPROT:P40692:T116:PRGE","score":0.938127634243775,"id":1,"start":935,"end":939,"text":"MLH1","terms":[]}]},{"id":7,"start":1062,"end":1316,"text":"Second, the samples from Finnish hereditary prostate cancer (HPC) families were used for the screening of MLH1 mutations which produced twelve MLH1 sequence variants including two missense mutations, I219V, as in the PRCA-colon cancer patient, and V647M.","terms":[{"ids":"UMLS:C0033572:T023:ANAT","score":1.0,"id":1,"start":1106,"end":1114,"text":"prostate","terms":[]},{"ids":"UMLS:C0238339:T047:DISO","score":1.0,"id":2,"start":1123,"end":1126,"text":"HPC","terms":[]},{"ids":"UNIPROT:P40692:T116:PRGE","score":0.3579763546642248,"id":3,"start":1168,"end":1172,"text":"MLH1","terms":[]},{"ids":"UNIPROT:P40692:T116:PRGE","score":0.3579763546642248,"id":4,"start":1205,"end":1227,"text":"MLH1 sequence variants","terms":[]},{"ids":"UMLS:C0009368:T023:ANAT","score":1.0,"id":5,"start":1284,"end":1289,"text":"colon","terms":[]}]},{"id":8,"start":1317,"end":1364,"text":"P434L and V647  were both novel, rare variants.","terms":[]},{"id":9,"start":1365,"end":1607,"text":"Carrier frequencies of the I219V mutation were compared between hereditary prostate cancer (HPC) patients, unselected PRCA cases, patients with benign prostate hyperplasia and controls, but no differences between the sample groups were found.","terms":[{"ids":"UMLS:C0033572:T023:ANAT","score":1.0,"id":1,"start":1440,"end":1448,"text":"prostate","terms":[]},{"ids":"UMLS:C0238339:T047:DISO","score":1.0,"id":2,"start":1457,"end":1460,"text":"HPC","terms":[]},{"ids":"UMLS:C2937421:T047:DISO","score":1.0,"id":3,"start":1516,"end":1536,"text":"prostate hyperplasia","terms":[{"ids":"UMLS:C0033572:T023:ANAT","score":1.0,"id":1,"start":1516,"end":1524,"text":"prostate","terms":[]}]}]},{"id":10,"start":1608,"end":1718,"text":"P434L was not present in this study population and V647M was a very rare variant found only in one HPC family.","terms":[{"ids":"UNIPROT:Q99895:T116:PRGE","score":0.2606586046536998,"id":1,"start":1707,"end":1717,"text":"HPC family","terms":[{"ids":"UMLS:C0238339:T047:DISO","score":1.0,"id":1,"start":1707,"end":1710,"text":"HPC","terms":[]}]}]},{"id":11,"start":1719,"end":1815,"text":"According to the present results, MLH1 does not have a major role in PRCA causation in Finland..","terms":[{"ids":"UNIPROT:P40692:T116:PRGE","score":0.9681217261657733,"id":1,"start":1753,"end":1757,"text":"MLH1","terms":[]}]}]