[{"id":0,"start":0,"end":87,"text":"Missense mutations of BRCA1 gene affect the binding with p53 both in vitro and in vivo.","terms":[{"ids":"UNIPROT:P38398:T116:PRGE","score":0.9979223821456773,"id":1,"start":22,"end":32,"text":"BRCA1 gene","terms":[]},{"ids":"UNIPROT:P42771:T116:PRGE","score":0.9979223821456773,"id":2,"start":57,"end":60,"text":"p53","terms":[]}]},{"id":1,"start":88,"end":179,"text":"Women with BRCA1 gene mutations have an increased risk for breast and ovarian cancer (BOC).","terms":[{"ids":"UNIPROT:P38398:T116:PRGE","score":0.9716422621617826,"id":1,"start":99,"end":109,"text":"BRCA1 gene","terms":[]},{"ids":"UMLS:C0006141:T023:ANAT","score":1.0,"id":2,"start":147,"end":153,"text":"breast","terms":[]},{"ids":"UMLS:C0205065:T023:ANAT","score":1.0,"id":3,"start":158,"end":165,"text":"ovarian","terms":[]}]},{"id":2,"start":180,"end":317,"text":"Classification of missense variants as neutral or disease causing is still a challenge and has major implications for genetic counseling.","terms":[]},{"id":3,"start":318,"end":463,"text":"BRCA1 is  organized in an N-terminal ring-finger domain and two BRCT (breast cancer C-terminus) domains, involved in protein-protein interaction.","terms":[{"ids":"UNIPROT:P38398:T116:PRGE","score":0.7921279917746351,"id":1,"start":318,"end":323,"text":"BRCA1","terms":[]},{"ids":"UMLS:C0006141:T023:ANAT","score":1.0,"id":2,"start":388,"end":394,"text":"breast","terms":[]}]},{"id":4,"start":464,"end":569,"text":"The integrity of the C-terminal, BRCT repeat region is also critical for BRCA1 tumor suppressor function.","terms":[{"ids":"UNIPROT:P38398:T116:PRGE","score":0.3261805232669931,"id":1,"start":537,"end":542,"text":"BRCA1","terms":[]}]},{"id":5,"start":570,"end":708,"text":"Several molecular partners of BRCA1 have so far been identified; among  them, the tumor suppressor protein p53 seems to play a major role.","terms":[{"ids":"UNIPROT:P38398:T116:PRGE","score":0.9676088059288559,"id":1,"start":600,"end":605,"text":"BRCA1","terms":[]},{"ids":"UNIPROT:P49789:T116:PRGE|UNIPROT:Q9BT92:T116:PRGE","score":0.9676088059288559,"id":2,"start":652,"end":680,"text":"tumor suppressor protein p53","terms":[]}]},{"id":6,"start":709,"end":952,"text":"This study was aimed at evaluating the impact of two missense mutations, namely the W1837R and the S1841N, previously identified in BOC patients and located in the BRCT domain  of the BRCA1 gene, on the binding capacity of this protein to p53.","terms":[{"ids":"UNIPROT:Q9NYG2:T116:PRGE","score":0.7041824960377099,"id":1,"start":873,"end":884,"text":"BRCT domain","terms":[]},{"ids":"UNIPROT:P38398:T116:PRGE","score":0.7041824960377099,"id":2,"start":893,"end":903,"text":"BRCA1 gene","terms":[]},{"ids":"UNIPROT:P42771:T116:PRGE","score":0.7041824960377099,"id":3,"start":948,"end":951,"text":"p53","terms":[]}]},{"id":7,"start":953,"end":988,"text":"Co-immunoprecipitation assays of E.","terms":[]},{"id":8,"start":989,"end":1206,"text":"coli-expressed wild-type and mutated BRCTs challenged with a HeLa cell extract revealed, for the S1841N variant a significant reduction in the binding activity to p53, while the W1837R mutant showed an inverse effect.","terms":[{"ids":"UNIPROT:P42771:T116:PRGE","score":0.3001621578820117,"id":1,"start":1152,"end":1155,"text":"p53","terms":[]}]},{"id":9,"start":1207,"end":1536,"text":"Furthermore, a clonogenic soft agar growth assay performed on HeLa cells stably transfected with either wild-type or mutant BRCA1  showed a marked decrease of the growth in wild-type BRCA1-overexpressing cells and in BRCA1S1841N-transfected cells, while no significant changes were detected  in the BRCA1W1837R-transfected cells.","terms":[{"ids":"UNIPROT:P38398:T116:PRGE","score":0.29749039564805996,"id":1,"start":1331,"end":1336,"text":"BRCA1","terms":[]},{"ids":"UNIPROT:P38398:T116:PRGE","score":0.29749039564805996,"id":2,"start":1390,"end":1395,"text":"BRCA1","terms":[]}]},{"id":10,"start":1537,"end":1795,"text":"These results demonstrate that: i) distinct single nucleotide changes in the BRCT domain of BRCA1 affect binding of this protein to the tumor suppressor p53, and ii) the two missense mutations here described are likely to play a role in breast tumorigenesis.","terms":[{"ids":"UNIPROT:Q9NYG2:T116:PRGE","score":0.4960295561251394,"id":1,"start":1614,"end":1625,"text":"BRCT domain","terms":[]},{"ids":"UNIPROT:P38398:T116:PRGE","score":0.4960295561251394,"id":2,"start":1629,"end":1634,"text":"BRCA1","terms":[]},{"ids":"UNIPROT:P42771:T116:PRGE","score":0.4960295561251394,"id":3,"start":1690,"end":1693,"text":"p53","terms":[]},{"ids":"UMLS:C0006141:T023:ANAT","score":1.0,"id":4,"start":1774,"end":1780,"text":"breast","terms":[]}]},{"id":11,"start":1796,"end":2054,"text":"We suggest that in vitro/in vivo experiments testing the effects of unclassified BRCA1 gene variants should therefore be taken in to consideration and that increased surveillance should be adopted in individuals bearing these two BRCA1 missense alterations..","terms":[{"ids":"UNIPROT:P38398:T116:PRGE","score":0.7290271612805692,"id":1,"start":1877,"end":1887,"text":"BRCA1 gene","terms":[]},{"ids":"UNIPROT:P38398:T116:PRGE","score":0.7290271612805692,"id":2,"start":2026,"end":2031,"text":"BRCA1","terms":[]}]}]