[{"id":0,"start":0,"end":127,"text":"Mutations in the NDP gene: contribution to Norrie disease, familial exudative vitreoretinopathy and retinopathy of prematurity.","terms":[{"ids":"UNIPROT:Q00604:T116:PRGE","score":0.9813828340346428,"id":1,"start":17,"end":25,"text":"NDP gene","terms":[]},{"ids":"UMLS:C0266526:T047:DISO","score":1.0,"id":2,"start":43,"end":57,"text":"Norrie disease","terms":[]},{"ids":"UMLS:C0035344:T047:DISO","score":1.0,"id":3,"start":100,"end":126,"text":"retinopathy of prematurity","terms":[]}]},{"id":1,"start":128,"end":383,"text":"BACKGROUND: To examine the contribution of mutations within the Norrie disease (NDP) gene to the clinically similar retinal diseases Norrie disease, X-linked familial exudative vitreoretinopathy (FEVR), Coat\u0027s disease and retinopathy of prematurity (ROP).","terms":[{"ids":"UMLS:C0266526:T047:DISO","score":1.0,"id":1,"start":192,"end":206,"text":"Norrie disease","terms":[]},{"ids":"UMLS:C0035309:T047:DISO","score":1.0,"id":2,"start":244,"end":260,"text":"retinal diseases","terms":[{"ids":"UMLS:C0035298:T023:ANAT","score":1.0,"id":1,"start":244,"end":251,"text":"retinal","terms":[]}]},{"ids":"UMLS:C0266526:T047:DISO","score":1.0,"id":3,"start":261,"end":275,"text":"Norrie disease","terms":[]},{"ids":"UMLS:C0154832:T047:DISO","score":1.0,"id":4,"start":331,"end":345,"text":"Coat\u0027s disease","terms":[{"ids":"UMLS:C2987482:T023:ANAT","score":1.0,"id":1,"start":331,"end":335,"text":"Coat","terms":[]}]},{"ids":"UMLS:C0035344:T047:DISO","score":1.0,"id":5,"start":350,"end":376,"text":"retinopathy of prematurity","terms":[]},{"ids":"UMLS:C0035344:T047:DISO","score":1.0,"id":6,"start":378,"end":381,"text":"ROP","terms":[]}]},{"id":2,"start":384,"end":708,"text":"METHODS: A dataset comprising 13 Norrie-FEVR, one Coat\u0027s disease, 31 ROP patients and 90 ex-premature babies of \u003c32 weeks\u0027 gestation underwent an ophthalmologic examination and were screened for mutations within the NDP gene by direct DNA sequencing, denaturing high-performance liquid chromatography or gel electrophoresis.","terms":[{"ids":"UMLS:C0154832:T047:DISO","score":1.0,"id":1,"start":434,"end":448,"text":"Coat\u0027s disease","terms":[{"ids":"UMLS:C2987482:T023:ANAT","score":1.0,"id":1,"start":434,"end":438,"text":"Coat","terms":[]}]},{"ids":"UMLS:C0035344:T047:DISO","score":1.0,"id":2,"start":453,"end":456,"text":"ROP","terms":[]},{"ids":"UNIPROT:Q00604:T116:PRGE","score":0.7226760635386593,"id":3,"start":600,"end":608,"text":"NDP gene","terms":[]}]},{"id":3,"start":709,"end":817,"text":"Controls were only screened using denaturing high-performance liquid chromatography and gel electrophoresis.","terms":[]},{"id":4,"start":818,"end":886,"text":"Confirmation of mutations identified was obtained by DNA sequencing.","terms":[]},{"id":5,"start":887,"end":1047,"text":"RESULTS: Evidence for two novel mutations in the NDP gene was presented: Leu103Val in one FEVR patient and His43Arg in monozygotic twin Norrie disease patients.","terms":[{"ids":"UNIPROT:Q00604:T116:PRGE","score":0.7134328015315693,"id":1,"start":936,"end":944,"text":"NDP gene","terms":[]},{"ids":"UMLS:C0266526:T047:DISO","score":1.0,"id":2,"start":1023,"end":1037,"text":"Norrie disease","terms":[]}]},{"id":6,"start":1048,"end":1199,"text":"Furthermore, a previously described 14-bp deletion located in the 5\u0027 unstranslated region of the NDP gene was detected in three cases of regressed ROP.","terms":[{"ids":"UNIPROT:Q00604:T116:PRGE","score":0.8361140011733074,"id":1,"start":1145,"end":1153,"text":"NDP gene","terms":[]},{"ids":"UMLS:C0035344:T047:DISO","score":1.0,"id":2,"start":1195,"end":1198,"text":"ROP","terms":[]}]},{"id":7,"start":1200,"end":1286,"text":"A second heterozygotic 14-bp deletion was detected in an unaffected ex-premature girl.","terms":[]},{"id":8,"start":1287,"end":1407,"text":"Only two of the 13 Norrie-FEVR index cases had the full features of Norrie disease with deafness and mental retardation.","terms":[{"ids":"UMLS:C0266526:T047:DISO","score":1.0,"id":1,"start":1355,"end":1369,"text":"Norrie disease","terms":[]},{"ids":"UMLS:C0581883:T047:DISO|UMLS:C0011053:T047:DISO","score":1.0,"id":2,"start":1375,"end":1383,"text":"deafness","terms":[]}]},{"id":9,"start":1408,"end":1583,"text":"CONCLUSION: Two novel mutations within the coding region of the NDP gene were found, one associated with a severe disease phenotypes of Norrie disease and the other with FEVR.","terms":[{"ids":"UNIPROT:Q00604:T116:PRGE","score":0.7366056154198265,"id":1,"start":1472,"end":1480,"text":"NDP gene","terms":[]},{"ids":"UMLS:C0266526:T047:DISO","score":1.0,"id":2,"start":1544,"end":1558,"text":"Norrie disease","terms":[]}]},{"id":10,"start":1584,"end":1745,"text":"A deletion within the non-coding region was associated with only mild-regressed ROP, despite the presence of low birthweight, prematurity and exposure to oxygen.","terms":[{"ids":"UMLS:C0035344:T047:DISO","score":1.0,"id":1,"start":1664,"end":1667,"text":"ROP","terms":[]},{"ids":"UMLS:C0728731:T047:DISO","score":1.0,"id":2,"start":1710,"end":1721,"text":"prematurity","terms":[]}]},{"id":11,"start":1746,"end":1933,"text":"In full-term children with retinal detachment only 15% appear to have the full features of Norrie disease and this is important for counselling parents on the possible long-term outcome..","terms":[{"ids":"UMLS:C0035305:T047:DISO","score":1.0,"id":1,"start":1773,"end":1791,"text":"retinal detachment","terms":[{"ids":"UMLS:C0035298:T023:ANAT","score":1.0,"id":1,"start":1773,"end":1780,"text":"retinal","terms":[]}]},{"ids":"UMLS:C0266526:T047:DISO","score":1.0,"id":2,"start":1837,"end":1851,"text":"Norrie disease","terms":[]}]}]