[{"id":0,"start":0,"end":88,"text":"A novel His158Arg mutation in TIMP3 causes a late-onset form of Sorsby fundus dystrophy.","terms":[{"ids":"UNIPROT:P35625:T116:PRGE","score":0.9949311878458379,"id":1,"start":30,"end":35,"text":"TIMP3","terms":[]},{"ids":"UMLS:C0740422:T023:ANAT","score":1.0,"id":2,"start":71,"end":77,"text":"fundus","terms":[]}]},{"id":1,"start":89,"end":194,"text":"PURPOSE: To describe the phenotype and genotype of a family with suspected Sorsby fundus dystrophy (SFD).","terms":[{"ids":"UMLS:C0740422:T023:ANAT","score":1.0,"id":1,"start":171,"end":177,"text":"fundus","terms":[]},{"ids":"UMLS:C1850938:T047:DISO","score":1.0,"id":2,"start":189,"end":192,"text":"SFD","terms":[]}]},{"id":2,"start":195,"end":268,"text":"DESIGN: Case reports and results of deoxyribonucleic acid (DNA) analysis.","terms":[]},{"id":3,"start":269,"end":383,"text":"METHODS: Clinical features were determined by complete ophthalmologic examination or by review of medical records.","terms":[]},{"id":4,"start":384,"end":496,"text":"Mutational analysis of the tissue inhibitor of metalloproteinase (TIMP)3 gene was performed by DNA resequencing.","terms":[{"ids":"UNIPROT:P15086:T116:PRGE","score":0.0,"id":1,"start":411,"end":448,"text":"tissue inhibitor of metalloproteinase","terms":[]}]},{"id":5,"start":497,"end":643,"text":"Biochemical properties of the mutant TIMP3 protein were studied, and phylogenetic and molecular modeling analyses of TIMP proteins were performed.","terms":[{"ids":"UNIPROT:P35625:T116:PRGE","score":0.6989560323412454,"id":1,"start":527,"end":547,"text":"mutant TIMP3 protein","terms":[]},{"ids":"UNIPROT:P01588:T116:PRGE|UNIPROT:P01033:T116:PRGE|UNIPROT:P16035:T116:PRGE","score":0.6989560323412454,"id":2,"start":614,"end":618,"text":"TIMP","terms":[]}]},{"id":6,"start":644,"end":898,"text":"RESULTS: Fundi of four affected family members demonstrated active or regressed bilateral choroidal neovascularization, whereas another affected individual displayed severe diffuse pigmentary degeneration associated with nyctalopia characteristic of SFD.","terms":[{"ids":"UMLS:C0740422:T023:ANAT","score":1.0,"id":1,"start":653,"end":658,"text":"Fundi","terms":[]},{"ids":"UMLS:C0028077:T047:DISO","score":1.0,"id":2,"start":865,"end":875,"text":"nyctalopia","terms":[]},{"ids":"UMLS:C1850938:T047:DISO|UNIPROT:P35625:T116:PRGE|UNIPROT:Q9UI12:T116:PRGE","score":1.0,"id":3,"start":894,"end":897,"text":"SFD","terms":[]}]},{"id":7,"start":899,"end":965,"text":"Onset of disease occurred in the fifth to seventh decades of life.","terms":[]},{"id":8,"start":966,"end":1110,"text":"A heterozygous His158Arg mutation was found in seven affected family members and was absent from an unaffected member and 98 unrelated controls.","terms":[]},{"id":9,"start":1111,"end":1300,"text":"Bioinformatic analyses indicate that histidine 158 is an evolutionarily conserved residue in most vertebrate TIMP homologs and predict that substitution by arginine disrupts TIMP3 function.","terms":[{"ids":"UNIPROT:P35625:T116:PRGE","score":0.9391247992115825,"id":1,"start":1285,"end":1290,"text":"TIMP3","terms":[]}]},{"id":10,"start":1301,"end":1390,"text":"The mutant protein appears to be expressed by fibroblasts from an affected family member.","terms":[]},{"id":11,"start":1391,"end":1497,"text":"Molecular modeling suggests that TIMP3 residue 158 may be part of a protein-protein interaction interface.","terms":[{"ids":"UNIPROT:P35625:T116:PRGE","score":0.8817701918157727,"id":1,"start":1424,"end":1429,"text":"TIMP3","terms":[]}]},{"id":12,"start":1498,"end":1583,"text":"CONCLUSION: A novel mutation in TIMP3 causes a late-onset form of SFD in this family.","terms":[{"ids":"UNIPROT:P35625:T116:PRGE","score":0.6845763036754682,"id":1,"start":1530,"end":1535,"text":"TIMP3","terms":[]},{"ids":"UMLS:C1850938:T047:DISO|UNIPROT:P35625:T116:PRGE|UNIPROT:Q9UI12:T116:PRGE","score":1.0,"id":2,"start":1564,"end":1567,"text":"SFD","terms":[]}]},{"id":13,"start":1584,"end":1693,"text":"His158Arg is the first reported TIMP3 SFD coding sequence mutation that does not create an unpaired cysteine.","terms":[{"ids":"UMLS:C1850938:T047:DISO","score":1.0,"id":1,"start":1622,"end":1625,"text":"SFD","terms":[]}]},{"id":14,"start":1694,"end":1793,"text":"Further study of this unusual mutation may provide insight into the mechanism of SFD pathogenesis..","terms":[{"ids":"UMLS:C1850938:T047:DISO|UNIPROT:P35625:T116:PRGE|UNIPROT:Q9UI12:T116:PRGE","score":1.0,"id":1,"start":1775,"end":1778,"text":"SFD","terms":[]}]}]