[{"id":0,"start":0,"end":66,"text":"A haplotype-based analysis of the PTPN22 locus in type 1 diabetes.","terms":[{"ids":"UNIPROT:Q9Y2R2:T116:PRGE","score":0.9849009890863303,"id":1,"start":34,"end":46,"text":"PTPN22 locus","terms":[]},{"ids":"UMLS:C0011854:T047:DISO","score":1.0,"id":2,"start":50,"end":65,"text":"type 1 diabetes","terms":[]}]},{"id":1,"start":67,"end":209,"text":"A recent addition to the list of widely confirmed type 1 diabetes risk loci is the PTPN22 gene encoding a lymphoid-specific phosphatase (Lyp).","terms":[{"ids":"UMLS:C0011854:T047:DISO","score":1.0,"id":1,"start":117,"end":132,"text":"type 1 diabetes","terms":[]},{"ids":"UNIPROT:Q9Y2R2:T116:PRGE","score":0.9914724106001261,"id":2,"start":150,"end":161,"text":"PTPN22 gene","terms":[]},{"ids":"UNIPROT:Q9Y2R2:T116:PRGE","score":0.9914724106001261,"id":3,"start":173,"end":202,"text":"lymphoid-specific phosphatase","terms":[]},{"ids":"UMLS:C1868674:T047:DISO|UNIPROT:O60880:T116:PRGE|UNIPROT:Q9Y2R2:T116:PRGE","score":1.0,"id":4,"start":204,"end":207,"text":"Lyp","terms":[]}]},{"id":2,"start":210,"end":367,"text":"However, evidence supporting a role for PTPN22 in type 1 diabetes derives entirely from the study of just one coding single nucleotide polymorphism, 1858C/T.","terms":[{"ids":"UMLS:C0011854:T047:DISO","score":1.0,"id":1,"start":260,"end":275,"text":"type 1 diabetes","terms":[]}]},{"id":3,"start":368,"end":548,"text":"In the current study, the haplotype structure of the PTPN22 region was determined, and individual haplotypes were tested for association with type 1 diabetes in family-based tests.","terms":[{"ids":"UNIPROT:Q9Y2R2:T116:PRGE","score":0.8601725986009391,"id":1,"start":421,"end":434,"text":"PTPN22 region","terms":[]},{"ids":"UMLS:C0011854:T047:DISO","score":1.0,"id":2,"start":510,"end":525,"text":"type 1 diabetes","terms":[]}]},{"id":4,"start":549,"end":676,"text":"The 1858T risk allele occurred on only a single haplotype that was strongly associated with type 1 diabetes (P \u003d 7.9 x 10(-5)).","terms":[{"ids":"UMLS:C0011854:T047:DISO","score":1.0,"id":1,"start":641,"end":656,"text":"type 1 diabetes","terms":[]}]},{"id":5,"start":677,"end":818,"text":"After controlling for the effects of this allele, two other haplotypes were observed to be weakly associated with type 1 diabetes (P \u003c 0.05).","terms":[{"ids":"UMLS:C0011854:T047:DISO","score":1.0,"id":1,"start":791,"end":806,"text":"type 1 diabetes","terms":[]}]},{"id":6,"start":819,"end":979,"text":"Sequencing of the coding region of PTPN22 on these haplotypes revealed a novel variant (2250G/C) predicted to result in a nonsynonymous amino acid substitution.","terms":[{"ids":"UNIPROT:Q9Y2R2:T116:PRGE","score":0.9308254328505575,"id":1,"start":854,"end":860,"text":"PTPN22","terms":[]}]},{"id":7,"start":980,"end":1169,"text":"Analysis of PTPN22 transcripts from a subject heterozygous for this variant indicated that it interfered with normal mRNA splicing, resulting in a premature termination codon after exon 17.","terms":[{"ids":"UNIPROT:Q9Y2R2:T116:PRGE","score":0.9868543692641908,"id":1,"start":992,"end":1010,"text":"PTPN22 transcripts","terms":[]}]},{"id":8,"start":1170,"end":1413,"text":"These results support the conclusion that the 1858C/T allele is the major risk variant for type 1 diabetes in the PTPN22 locus, but they suggest that additional infrequent coding variants at PTPN22 may also contribute to type 1 diabetes risk..","terms":[{"ids":"UMLS:C0011854:T047:DISO","score":1.0,"id":1,"start":1261,"end":1276,"text":"type 1 diabetes","terms":[]},{"ids":"UNIPROT:Q9Y2R2:T116:PRGE","score":0.5150801781834198,"id":2,"start":1284,"end":1296,"text":"PTPN22 locus","terms":[]},{"ids":"UNIPROT:Q9Y2R2:T116:PRGE","score":0.5150801781834198,"id":3,"start":1361,"end":1367,"text":"PTPN22","terms":[]},{"ids":"UMLS:C0011854:T047:DISO","score":1.0,"id":4,"start":1391,"end":1406,"text":"type 1 diabetes","terms":[]}]}]