[{"id":0,"start":0,"end":115,"text":"Severe prothrombin deficiency caused by prothrombin-Edmonton (R-4Q) combined with a previously undetected deletion.","terms":[{"ids":"UMLS:C0020640:T047:DISO","score":1.0,"id":1,"start":7,"end":29,"text":"prothrombin deficiency","terms":[{"ids":"UNIPROT:P00734:T116:PRGE","score":0.9163922738673337,"id":1,"start":7,"end":18,"text":"prothrombin","terms":[]}]},{"ids":"UNIPROT:P00734:T116:PRGE","score":0.9163922738673337,"id":2,"start":40,"end":51,"text":"prothrombin","terms":[]}]},{"id":1,"start":116,"end":214,"text":"BACKGROUND: During infancy, a male patient experienced several life-threatening bleeding episodes.","terms":[]},{"id":2,"start":215,"end":376,"text":"Standard coagulation tests revealed that the patient\u0027s plasma prothrombin activity was 8%, while his father\u0027s and mother\u0027s levels were 74% and 62%, respectively.","terms":[{"ids":"UNIPROT:P00734:T116:PRGE","score":0.9969429048686294,"id":1,"start":277,"end":288,"text":"prothrombin","terms":[]}]},{"id":3,"start":377,"end":504,"text":"OBJECTIVES: A molecular genetic approach was used to determine the molecular basis of prothrombin deficiency within the family.","terms":[{"ids":"UMLS:C0020640:T047:DISO","score":1.0,"id":1,"start":463,"end":485,"text":"prothrombin deficiency","terms":[{"ids":"UNIPROT:P00734:T116:PRGE","score":0.999923183783411,"id":1,"start":463,"end":474,"text":"prothrombin","terms":[]}]}]},{"id":4,"start":505,"end":616,"text":"PATIENT/METHODS: Prothrombin genomic DNA fragments were amplified by using the polymerase chain reaction (PCR).","terms":[{"ids":"UNIPROT:P00734:T116:PRGE","score":0.6679667325057183,"id":1,"start":522,"end":533,"text":"Prothrombin","terms":[]}]},{"id":5,"start":617,"end":727,"text":"In addition, liver cDNA fragments were amplified from the patient by using reverse transcription (RT) and PCR.","terms":[{"ids":"UMLS:C0023884:T023:ANAT","score":1.0,"id":1,"start":630,"end":635,"text":"liver","terms":[]}]},{"id":6,"start":728,"end":790,"text":"The nucleotide sequences of the DNA fragments were determined.","terms":[]},{"id":7,"start":791,"end":1003,"text":"RESULTS: A novel, heterozygous point mutation (g.1755 G \u003e A, named prothrombin-Edmonton) was detected in the patient and his mother, resulting in the mutation of Arg-4 in the prothrombin propeptide to Gln (R-4Q).","terms":[{"ids":"UNIPROT:P00734:T116:PRGE","score":0.28238349467290647,"id":1,"start":858,"end":869,"text":"prothrombin","terms":[]},{"ids":"UNIPROT:P42684:T116:PRGE|UNIPROT:P55145:T116:PRGE|UNIPROT:Q9P2R6:T116:PRGE|UNIPROT:P05089:T116:PRGE","score":0.28238349467290647,"id":2,"start":953,"end":958,"text":"Arg-4","terms":[]},{"ids":"UNIPROT:P00734:T116:PRGE","score":0.28238349467290647,"id":3,"start":966,"end":977,"text":"prothrombin","terms":[]}]},{"id":8,"start":1004,"end":1152,"text":"RT-PCR analysis of the patient\u0027s liver sample demonstrated the presence of two mRNA transcripts that differed by the presence or absence of exon 11.","terms":[{"ids":"UMLS:C0023884:T023:ANAT","score":1.0,"id":1,"start":1037,"end":1042,"text":"liver","terms":[]}]},{"id":9,"start":1153,"end":1263,"text":"Real-time PCR analysis on genomic DNA and cDNA confirmed a deletion (g.10435_10809del) in the paternal allele.","terms":[]},{"id":10,"start":1264,"end":1374,"text":"CONCLUSIONS: The patient has a maternally-inherited point mutation (R-4Q) and a paternally-inherited deletion.","terms":[]},{"id":11,"start":1375,"end":1559,"text":"By analogy with the previously reported factor IX San Dimas, the R-4Q mutation probably causes under-carboxylation of prothrombin and poor cleavage of the propeptide in the hepatocyte.","terms":[{"ids":"UNIPROT:P00740:T116:PRGE|UNIPROT:P42568:T116:PRGE","score":0.5976192516053132,"id":1,"start":1415,"end":1424,"text":"factor IX","terms":[]},{"ids":"UNIPROT:P00734:T116:PRGE","score":0.5976192516053132,"id":2,"start":1493,"end":1504,"text":"prothrombin","terms":[]}]},{"id":12,"start":1560,"end":1759,"text":"The deletion probably results in a polypeptide that lacks 50 amino acids from the protease domain; this is likely to impair folding, secretion, stability and/or activity of the truncated prothrombin.","terms":[{"ids":"UNIPROT:P00734:T116:PRGE","score":0.856983114546839,"id":1,"start":1747,"end":1758,"text":"prothrombin","terms":[]}]},{"id":13,"start":1760,"end":1846,"text":"The two mutations combine to give the prothrombin deficiency observed in the patient..","terms":[{"ids":"UMLS:C0020640:T047:DISO","score":1.0,"id":1,"start":1798,"end":1820,"text":"prothrombin deficiency","terms":[{"ids":"UNIPROT:P00734:T116:PRGE","score":0.9999488797542389,"id":1,"start":1798,"end":1809,"text":"prothrombin","terms":[]}]}]}]