[{"id":0,"start":0,"end":108,"text":"Characterization of the breast cancer associated ATM 7271T\u003eG (V2424G) mutation by gene expression profiling.","terms":[{"ids":"UNIPROT:P31749:T116:PRGE","score":0.3857970764128729,"id":1,"start":24,"end":58,"text":"breast cancer associated ATM 7271T","terms":[{"ids":"UMLS:C0006141:T023:ANAT","score":1.0,"id":1,"start":24,"end":30,"text":"breast","terms":[]}]}]},{"id":1,"start":109,"end":201,"text":"Mutations in ATM are responsible for the autosomal recessive disorder ataxia telangiectasia.","terms":[{"ids":"UMLS:C0004135:T047:DISO","score":1.0,"id":1,"start":179,"end":200,"text":"ataxia telangiectasia","terms":[]}]},{"id":2,"start":202,"end":292,"text":"Heterozygous mutations in ATM have been associated with an elevated risk of breast cancer.","terms":[{"ids":"UNIPROT:Q13315:T116:PRGE|UNIPROT:Q14134:T116:PRGE","score":0.6149468702219509,"id":1,"start":228,"end":231,"text":"ATM","terms":[]},{"ids":"UMLS:C0006141:T023:ANAT","score":1.0,"id":2,"start":278,"end":284,"text":"breast","terms":[]}]},{"id":3,"start":293,"end":448,"text":"We previously reported one breast cancer family in which ATM 7271T\u003eG (V2424G) segregated with disease, and apparently acted in a  dominant negative manner.","terms":[{"ids":"UNIPROT:P31749:T116:PRGE","score":0.399478191418284,"id":1,"start":320,"end":340,"text":"breast cancer family","terms":[{"ids":"UMLS:C0006141:T023:ANAT","score":1.0,"id":1,"start":320,"end":326,"text":"breast","terms":[]}]},{"ids":"UNIPROT:Q13315:T116:PRGE|UNIPROT:Q14134:T116:PRGE","score":0.399478191418284,"id":2,"start":350,"end":353,"text":"ATM","terms":[]}]},{"id":4,"start":449,"end":581,"text":"We now report the screening of 782 multiple-case breast cancer families that identified two additional index cases with ATM 7271T\u003eG.","terms":[{"ids":"UMLS:C0006141:T023:ANAT","score":1.0,"id":1,"start":498,"end":504,"text":"breast","terms":[]}]},{"id":5,"start":582,"end":726,"text":"Phylogenetic sequence analysis showed that V2424 is a highly conserved residue, and that the 2424G variant is likely to interfere with function.","terms":[]},{"id":6,"start":727,"end":945,"text":"To elucidate the consequences of this mutation, we expression profiled wild-type, heterozygous, and homozygous lymphoblastoid cell lines (LCLs) from Scottish and Australian families using an oligonucleotide microarray.","terms":[]},{"id":7,"start":946,"end":1147,"text":"Cluster analysis revealed 77 genes  that were differentially expressed in homozygous and heterozygous V2424G cells (compared to wild-type) and 11 genes differentially expressed in the homozygous cells.","terms":[]},{"id":8,"start":1148,"end":1359,"text":"We also evaluated the profiles of LCLs after exposure to ionizing radiation (IR) and identified 77 genes that were differentially expressed in wild-type cells, but not in homozygous or heterozygous V2424G cells.","terms":[]},{"id":9,"start":1360,"end":1484,"text":"We validated the expression differences by RT-PCR in additional heterozygous V2424G LCLs from  another breast cancer family.","terms":[{"ids":"UMLS:C0006141:T023:ANAT","score":1.0,"id":1,"start":1463,"end":1469,"text":"breast","terms":[]}]},{"id":10,"start":1485,"end":1696,"text":"We found no consistent cytotoxicity or abrogation of ATM kinase activity after IR in seven heterozygous V2424G LCLs, compared to wild-type LCLs, but did find an increase in the number of chromosomal aberrations.","terms":[{"ids":"UNIPROT:Q13315:T116:PRGE|UNIPROT:Q14134:T116:PRGE","score":0.9175669885743634,"id":1,"start":1538,"end":1548,"text":"ATM kinase","terms":[]}]},{"id":11,"start":1697,"end":1834,"text":"These data suggest that the V2424G missense mutation acts largely as a dominant negative in terms of the associated expression profiles..","terms":[]}]