[{"id":0,"start":0,"end":154,"text":"Gene polymorphisms implicated in influencing susceptibility to venous and arterial thromboembolism: frequency distribution in a healthy German population.","terms":[{"ids":"UMLS:C0042449:T023:ANAT","score":1.0,"id":1,"start":63,"end":69,"text":"venous","terms":[]},{"ids":"UMLS:C0003842:T023:ANAT","score":1.0,"id":2,"start":74,"end":82,"text":"arterial","terms":[]},{"ids":"UMLS:C0040038:T047:DISO","score":1.0,"id":3,"start":83,"end":98,"text":"thromboembolism","terms":[]}]},{"id":1,"start":155,"end":320,"text":"Evolvement and progression of cardiovascular diseases affecting the venous and arterial system are influenced by a multitude of environmental and hereditary factors.","terms":[{"ids":"UMLS:C0007222:T047:DISO","score":1.0,"id":1,"start":185,"end":208,"text":"cardiovascular diseases","terms":[]},{"ids":"UMLS:C0042449:T023:ANAT","score":1.0,"id":2,"start":223,"end":229,"text":"venous","terms":[]},{"ids":"UMLS:C0003842:T023:ANAT","score":1.0,"id":3,"start":234,"end":242,"text":"arterial","terms":[]}]},{"id":2,"start":321,"end":535,"text":"Many of these hereditary factors consist of defined gene polymorphisms, such as single nucleotide polymorphisms (SNPs) or insertion-deletion polymorphisms, which directly or indirectly affect the hemostatic system.","terms":[]},{"id":3,"start":536,"end":645,"text":"The frequencies of individual hemostatic gene polymorphisms in different normal populations are well defined.","terms":[]},{"id":4,"start":646,"end":809,"text":"However, descriptions of patterns of genetic variability of a larger extent of different factors of hereditary hypercoagulability in single populations are scarce.","terms":[{"ids":"UMLS:C0398623:T047:DISO","score":1.0,"id":1,"start":757,"end":775,"text":"hypercoagulability","terms":[]}]},{"id":5,"start":810,"end":1061,"text":"The aim of this study was i) to give a detailed description of the frequencies of factors of hereditary thrombophilia and their combinations in a German population (n \u003d 282) and ii) to compare their distributions with those reported for other regions.","terms":[{"ids":"UMLS:C2584620:T047:DISO","score":1.0,"id":1,"start":903,"end":927,"text":"hereditary thrombophilia","terms":[]}]},{"id":6,"start":1062,"end":1812,"text":"Variants of coagulation factors [factor V 1691G\u003eA (factor V Leiden), factor V 4070A\u003eG (factor V HR2 haplotype), factor VII Arg353Gln, factor XIII Val34Leu, beta-fibrinogen -455G\u003eA, prothrombin 20210G\u003eA], coagulation inhibitors [tissue factor pathway inhibitor 536C\u003eT, thrombomodulin 127G\u003eA], fibrinolytic factors [angiotensin converting enzyme intron 16 insertion/deletion, factor VII-activating protease 1601G\u003eA (FSAP Marburg I), plasminogen activator inhibitor 1-675 insertion/deletion (5G/4G), tissue plasminogen activator intron h deletion/insertion], and other factors implicated in influencing susceptibility to thromboembolic diseases [apolipoprotein E2/E3/E4, glycoprotein Ia 807C\u003eT, methylenetetrahydrofolate reductase 677C\u003eT] were included.","terms":[{"ids":"UNIPROT:P08709:T116:PRGE","score":0.010783665605922633,"id":1,"start":1174,"end":1194,"text":"factor VII Arg353Gln","terms":[]},{"ids":"UNIPROT:P02675:T116:PRGE","score":0.010783665605922633,"id":2,"start":1218,"end":1241,"text":"beta-fibrinogen -455G\u003eA","terms":[]},{"ids":"UNIPROT:P00734:T116:PRGE","score":0.010783665605922633,"id":3,"start":1243,"end":1254,"text":"prothrombin","terms":[]},{"ids":"UNIPROT:P07204:T116:PRGE","score":0.010783665605922633,"id":4,"start":1330,"end":1344,"text":"thrombomodulin","terms":[]},{"ids":"UNIPROT:Q14520:T116:PRGE","score":0.010783665605922633,"id":5,"start":1436,"end":1466,"text":"factor VII-activating protease","terms":[]},{"ids":"UNIPROT:Q14520:T116:PRGE","score":0.010783665605922633,"id":6,"start":1476,"end":1490,"text":"FSAP Marburg I","terms":[]},{"ids":"UNIPROT:P00747:T116:PRGE","score":0.010783665605922633,"id":7,"start":1493,"end":1526,"text":"plasminogen activator inhibitor 1","terms":[]},{"ids":"UNIPROT:P00747:T116:PRGE","score":0.010783665605922633,"id":8,"start":1559,"end":1587,"text":"tissue plasminogen activator","terms":[]},{"ids":"UNIPROT:P42898:T116:PRGE","score":0.010783665605922633,"id":9,"start":1705,"end":1794,"text":"apolipoprotein E2/E3/E4, glycoprotein Ia 807C\u003eT, methylenetetrahydrofolate reductase 677C","terms":[]}]},{"id":7,"start":1813,"end":2077,"text":"The distribution of glycoprotein Ia 807C\u003eT deviated significantly from the Hardy-Weinberg equilibrium, and a comparison with previously published data indicates marked region and ethnicity dependent differences in the genotype distributions of some other factors..","terms":[{"ids":"UNIPROT:Q13201:T116:PRGE","score":0.4604400426684053,"id":1,"start":1833,"end":1853,"text":"glycoprotein Ia 807C","terms":[]}]}]