[{"id":0,"start":0,"end":172,"text":"No independent role of the -1123 G\u003eC and+2740 A\u003eG variants in the association of PTPN22 with type 1 diabetes and juvenile idiopathic arthritis in two Caucasian populations.","terms":[{"ids":"UMLS:C0011854:T047:DISO","score":1.0,"id":1,"start":93,"end":108,"text":"type 1 diabetes","terms":[]},{"ids":"UMLS:C0553662:T047:DISO","score":1.0,"id":2,"start":113,"end":142,"text":"juvenile idiopathic arthritis","terms":[]}]},{"id":1,"start":173,"end":245,"text":"INTRODUCTION: The PTPN22 is a negative regulator of the T cell response.","terms":[{"ids":"UNIPROT:Q9Y2R2:T116:PRGE","score":0.8112100772109782,"id":1,"start":191,"end":197,"text":"PTPN22","terms":[]}]},{"id":2,"start":246,"end":426,"text":"Its +1858C\u003eT (R620W) polymorphism has been shown to associate with a risk for multiple autoimmune diseases, including type 1 diabetes (T1D) and juvenile idiopathic arthritis (JIA).","terms":[{"ids":"UMLS:C0004364:T047:DISO","score":1.0,"id":1,"start":333,"end":352,"text":"autoimmune diseases","terms":[]},{"ids":"UMLS:C0011854:T047:DISO","score":1.0,"id":2,"start":364,"end":379,"text":"type 1 diabetes","terms":[]},{"ids":"UMLS:C0553662:T047:DISO","score":1.0,"id":3,"start":390,"end":419,"text":"juvenile idiopathic arthritis","terms":[]}]},{"id":3,"start":427,"end":660,"text":"The minor (susceptibility) allele is absent in Asian populations, but a recent study suggested an independent involvement of another polymorphism located within the promoter -1123 nucleotides relative to the translational start site.","terms":[]},{"id":4,"start":661,"end":828,"text":"AIMS: We aimed to analyse the association of three PTPN22 polymorphisms in two distinct Caucasian populations, the Czechs (with T1D and with JIA) and Azeri (with T1D).","terms":[{"ids":"UNIPROT:Q9Y2R2:T116:PRGE","score":0.6011931665496087,"id":1,"start":712,"end":718,"text":"PTPN22","terms":[]}]},{"id":5,"start":829,"end":1189,"text":"METHODS: The single nucleotide polymorphisms (SNP) at positions -1123 (rs2488457), +1858 (rs2476601, the R620W substitution), and +2740 (rs1217412) were genotyped using TaqMan assays in 372 subjects with childhood-onset T1D, 130 subjects with JIA, and 400 control subjects of Czech origin, and in 160 subjects with T1D and 271 healthy controls of Azeri origin.","terms":[]},{"id":6,"start":1190,"end":1408,"text":"RESULTS: In the Czechs, all three SNPs were in a tight linkage disequlibrium, while in the Azeri, the linkage disequlibrium was limited to between the promoter and 3\u0027-UTR polymorphism, D\u0027(-1123, +2740)\u003d0.99, r(2)\u003d0.72.","terms":[]},{"id":7,"start":1409,"end":1714,"text":"Haplotype reconstruction via the expectation-maximization algorithm showed in both populations that only the haplotype containing the minor (W) allele at codon 620 was associated with T1D (OR\u003d2.26, 95% CI 1.68-3.02 in Czechs, OR\u003d14.8, 95% CI 2.0-651 in Azeri) or JIA (OR\u003d2.43, 95% CI 1.66-3.56 in Czechs).","terms":[]},{"id":8,"start":1715,"end":1888,"text":"The haplotypes having the wild-type (R) allele at codon 620 and minor alleles at -1123 and/or +2740 were neutral as to the risk of autoimmune conditions in both populations.","terms":[]},{"id":9,"start":1889,"end":2157,"text":"CONCLUSIONS: In two different Caucasian populations, the Czechs and the Azeri, no independent contribution can be detected either of the -1123 promoter SNP or the +2740 3\u0027-UTR SNP, and only the minor allele at PTPN22 codon 620 contributes to the risk of autoimmunity..","terms":[{"ids":"UNIPROT:Q9Y2R2:T116:PRGE","score":0.514038582889252,"id":1,"start":2099,"end":2115,"text":"PTPN22 codon 620","terms":[]}]}]