[{"id":0,"start":0,"end":75,"text":"RNASEL gene polymorphisms and the risk of prostate cancer: a meta-analysis.","terms":[{"ids":"UMLS:C0033572:T023:ANAT","score":1.0,"id":1,"start":42,"end":50,"text":"prostate","terms":[]}]},{"id":1,"start":76,"end":330,"text":"PURPOSE: Studies revealing conflicting results on the role of RNASEL polymorphisms Glu265X, Arg462Gln, and Asp541Glu on prostate cancer risk led us to perform a meta-analysis to investigate the association of these polymorphisms and prostate cancer risk.","terms":[{"ids":"UMLS:C0033572:T023:ANAT","score":1.0,"id":1,"start":196,"end":204,"text":"prostate","terms":[]},{"ids":"UMLS:C0033572:T023:ANAT","score":1.0,"id":2,"start":309,"end":317,"text":"prostate","terms":[]}]},{"id":2,"start":331,"end":600,"text":"EXPERIMENTAL DESIGN: Relevant studies were selected by searching PubMed from January 1996 to August 2005 using keywords \"RNASEL gene AND prostate cancer.\" For each study, odds ratio (OR) with 95% confidence interval (95% CI) was calculated  to estimate the gene effect.","terms":[{"ids":"UMLS:C0033572:T023:ANAT","score":1.0,"id":1,"start":468,"end":476,"text":"prostate","terms":[]}]},{"id":3,"start":601,"end":673,"text":"Pooled estimates of the OR were computed using the random effects model.","terms":[]},{"id":4,"start":674,"end":730,"text":"RESULTS: Ten studies were included in the meta-analysis.","terms":[{"ids":"UMLS:C0014518:T047:DISO","score":1.0,"id":1,"start":683,"end":686,"text":"Ten","terms":[]}]},{"id":5,"start":731,"end":822,"text":"The overall results suggested no major influence of these variants on prostate cancer risk.","terms":[{"ids":"UMLS:C0033572:T023:ANAT","score":1.0,"id":1,"start":801,"end":809,"text":"prostate","terms":[]}]},{"id":6,"start":823,"end":1402,"text":"However,  analysis of the Asp541Glu polymorphism by ethnic populations showed that Asp/Glu  (familial cases versus control: OR, 1.38; 95% CI, 1.04-1.82; sporadic cases versus control: OR, 1.26; 95% CI, 1.07-1.48; prostate cancer versus control: OR,  1.29; 95% CI, 1.12-1.48) and Asp/Glu + Glu/Glu (familial cases versus control: OR, 1.37; 95% CI, 1.10-1.70; sporadic cases versus control: OR, 1.24; 95% CI, 1.07-1.44; prostate cancer versus control: OR, 1.27; 95% CI, 1.13-1.44) increased prostate cancer risk in Caucasians, thus suggesting a dominant model for the Glu  variant.","terms":[{"ids":"UMLS:C0033572:T023:ANAT","score":1.0,"id":1,"start":1036,"end":1044,"text":"prostate","terms":[]},{"ids":"UMLS:C0033572:T023:ANAT","score":1.0,"id":2,"start":1241,"end":1249,"text":"prostate","terms":[]},{"ids":"UMLS:C0033572:T023:ANAT","score":1.0,"id":3,"start":1312,"end":1320,"text":"prostate","terms":[]}]},{"id":7,"start":1403,"end":1600,"text":"CONCLUSIONS: Compared with the genotype Asp/Asp, the Glu variant at the Asp541Glu polymorphism increases prostate cancer risk by \u003c2-fold in Caucasians, regardless  of family history of the disease.","terms":[{"ids":"UMLS:C0033572:T023:ANAT","score":1.0,"id":1,"start":1508,"end":1516,"text":"prostate","terms":[]}]},{"id":8,"start":1601,"end":1741,"text":"This suggests that genuine genetic effects of this polymorphism may account for only a part of prostate cancer in the Caucasian population..","terms":[{"ids":"UMLS:C0033572:T023:ANAT","score":1.0,"id":1,"start":1696,"end":1704,"text":"prostate","terms":[]}]}]