[{"id":0,"start":0,"end":101,"text":"Mutation in the auxiliary calcium-channel subunit CACNA2D4 causes autosomal recessive cone dystrophy.","terms":[{"ids":"UMLS:C0730290:T047:DISO","score":1.0,"id":1,"start":86,"end":100,"text":"cone dystrophy","terms":[]}]},{"id":1,"start":102,"end":233,"text":"Retinal signal transmission depends on the activity of high voltage-gated l-type calcium channels in photoreceptor ribbon synapses.","terms":[{"ids":"UMLS:C0035298:T023:ANAT","score":1.0,"id":1,"start":102,"end":109,"text":"Retinal","terms":[]}]},{"id":2,"start":234,"end":445,"text":"We recently identified a truncating frameshift mutation in the Cacna2d4 gene in a spontaneous mouse mutant with profound loss of retinal signaling and an abnormal morphology of ribbon synapses in rods and cones.","terms":[{"ids":"UNIPROT:Q7Z3S7:T116:PRGE","score":0.9866948935545732,"id":1,"start":297,"end":310,"text":"Cacna2d4 gene","terms":[]},{"ids":"UMLS:C0035298:T023:ANAT","score":1.0,"id":2,"start":363,"end":370,"text":"retinal","terms":[]}]},{"id":3,"start":446,"end":544,"text":"The Cacna2d4 gene encodes an l-type calcium-channel auxiliary subunit of the alpha (2) delta type.","terms":[{"ids":"UNIPROT:Q7Z3S7:T116:PRGE","score":0.6933229808545658,"id":1,"start":450,"end":463,"text":"Cacna2d4 gene","terms":[]}]},{"id":4,"start":545,"end":641,"text":"Mutations in its human orthologue, CACNA2D4, were not yet known to be associated with a disease.","terms":[{"ids":"UNIPROT:Q7Z3S7:T116:PRGE","score":0.6802271966573963,"id":1,"start":580,"end":588,"text":"CACNA2D4","terms":[]}]},{"id":5,"start":642,"end":848,"text":"We performed mutation analyses of 34 patients who received an initial diagnosis of night blindness, and, in two affected siblings, we detected a homozygous nucleotide substitution (c.2406C--\u003eA) in CACNA2D4.","terms":[{"ids":"UMLS:C0028077:T047:DISO","score":1.0,"id":1,"start":725,"end":740,"text":"night blindness","terms":[]},{"ids":"UNIPROT:Q7Z3S7:T116:PRGE","score":0.6861604429062159,"id":2,"start":839,"end":847,"text":"CACNA2D4","terms":[]}]},{"id":6,"start":849,"end":961,"text":"The mutation introduces a premature stop codon that truncates one-third of the corresponding open reading frame.","terms":[]},{"id":7,"start":962,"end":1028,"text":"Both patients share symptoms of slowly progressing cone dystrophy.","terms":[{"ids":"UMLS:C0730290:T047:DISO","score":1.0,"id":1,"start":1013,"end":1027,"text":"cone dystrophy","terms":[]}]},{"id":8,"start":1029,"end":1191,"text":"These findings represent the first report of a mutation in the human CACNA2D4 gene and define a novel gene defect that causes autosomal recessive cone dystrophy..","terms":[{"ids":"UNIPROT:Q8TA86:T116:PRGE|UNIPROT:Q9H0Z9:T116:PRGE","score":0.9929695593317236,"id":1,"start":1092,"end":1111,"text":"human CACNA2D4 gene","terms":[]},{"ids":"UMLS:C1861101:T047:DISO","score":1.0,"id":2,"start":1136,"end":1142,"text":"defect","terms":[]},{"ids":"UMLS:C0730290:T047:DISO","score":1.0,"id":3,"start":1175,"end":1189,"text":"cone dystrophy","terms":[]}]}]