[{"id":0,"start":0,"end":141,"text":"Nucleotide change of codon 38 in the X gene of hepatitis B virus genotype C is associated with an increased risk of hepatocellular carcinoma.","terms":[{"ids":"UMLS:C0019163:T047:DISO","score":1.0,"id":1,"start":47,"end":58,"text":"hepatitis B","terms":[]}]},{"id":1,"start":142,"end":267,"text":"BACKGROUND/AIMS: The hepatitis B virus (HBV) genotype C is associated with the development of hepatocellular carcinoma (HCC).","terms":[{"ids":"UMLS:C0019163:T047:DISO","score":1.0,"id":1,"start":163,"end":174,"text":"hepatitis B","terms":[]},{"ids":"UMLS:C0019163:T047:DISO","score":1.0,"id":2,"start":182,"end":185,"text":"HBV","terms":[]}]},{"id":2,"start":268,"end":400,"text":"In addition, the HBV X gene, which encodes the pleiotropic transactivator HBx, has also been associated with the development of HCC.","terms":[{"ids":"UNIPROT:Q9H3M7:T116:PRGE","score":0.786704417818235,"id":1,"start":285,"end":295,"text":"HBV X gene","terms":[{"ids":"UMLS:C0019163:T047:DISO","score":1.0,"id":1,"start":285,"end":288,"text":"HBV","terms":[]}]},{"ids":"UNIPROT:P17275:T116:PRGE","score":0.786704417818235,"id":2,"start":315,"end":345,"text":"pleiotropic transactivator HBx","terms":[]}]},{"id":3,"start":401,"end":530,"text":"In this study, we investigated whether nucleotide changes in the X gene of genotype C are associated with the development of HCC.","terms":[]},{"id":4,"start":531,"end":671,"text":"METHODS/RESULTS: We sequenced the X gene in age- and sex-matched 39 HBV-infected patients with HCC and 36 HBV-infected patients without HCC.","terms":[{"ids":"UMLS:C0019163:T047:DISO","score":1.0,"id":1,"start":599,"end":602,"text":"HBV","terms":[]},{"ids":"UMLS:C0019163:T047:DISO","score":1.0,"id":2,"start":637,"end":640,"text":"HBV","terms":[]}]},{"id":5,"start":672,"end":831,"text":"A novel nucleotide change that resulted in a proline to serine substitution at codon 38 in HBx (codon-38 change) was preferentially found in patients with HCC.","terms":[{"ids":"UNIPROT:P24821:T116:PRGE","score":0.5216814760225504,"id":1,"start":763,"end":766,"text":"HBx","terms":[]}]},{"id":6,"start":832,"end":948,"text":"Then, sera were collected from a new group of age- and sex-matched 52 patients with HCC and 51 patients without HCC.","terms":[]},{"id":7,"start":949,"end":1014,"text":"In this cohort also, the codon-38 change was associated with HCC.","terms":[]},{"id":8,"start":1015,"end":1180,"text":"Multiple logistic regression analysis showed the prevalence of the codon-38 change was significantly associated with HCC in all patients (P\u003d0.001, odds ratio: 4.89).","terms":[]},{"id":9,"start":1181,"end":1395,"text":"CONCLUSION: The codon-38 change in genotype C is an independent risk factor for the development of HCC and may serve as a useful molecular marker for predicting the clinical outcomes in patients infected with HBV..","terms":[{"ids":"UMLS:C0019163:T047:DISO","score":1.0,"id":1,"start":1390,"end":1393,"text":"HBV","terms":[]}]}]