[{"id":0,"start":0,"end":112,"text":"A novel splicing mutation in SLC12A3 associated with Gitelman syndrome and idiopathic intracranial hypertension.","terms":[{"ids":"UNIPROT:P55017:T116:PRGE","score":0.957851111709957,"id":1,"start":29,"end":36,"text":"SLC12A3","terms":[]},{"ids":"UMLS:C0268450:T047:DISO","score":1.0,"id":2,"start":53,"end":70,"text":"Gitelman syndrome","terms":[]},{"ids":"UMLS:C0033845:T047:DISO","score":1.0,"id":3,"start":75,"end":111,"text":"idiopathic intracranial hypertension","terms":[]}]},{"id":1,"start":113,"end":401,"text":"We report a case of Gitelman syndrome (GS) in a dizygotic twin who presented at 12 years of age with growth delay, metabolic alkalosis, hypomagnesemia and hypokalemia with inappropriate kaliuresis, and idiopathic intracranial hypertension with bilateral papilledema (pseudotumor cerebri).","terms":[{"ids":"UMLS:C0268450:T047:DISO","score":1.0,"id":1,"start":133,"end":150,"text":"Gitelman syndrome","terms":[]},{"ids":"UMLS:C0017097:T047:DISO","score":1.0,"id":2,"start":152,"end":154,"text":"GS","terms":[]},{"ids":"UMLS:C0220983:T047:DISO","score":1.0,"id":3,"start":228,"end":247,"text":"metabolic alkalosis","terms":[]},{"ids":"UMLS:C0033845:T047:DISO","score":1.0,"id":4,"start":315,"end":351,"text":"idiopathic intracranial hypertension","terms":[]},{"ids":"UMLS:C0030353:T047:DISO","score":1.0,"id":5,"start":367,"end":378,"text":"papilledema","terms":[]},{"ids":"UMLS:C0033845:T047:DISO","score":1.0,"id":6,"start":380,"end":399,"text":"pseudotumor cerebri","terms":[]}]},{"id":2,"start":402,"end":500,"text":"The patient, her twin sister, and her mother also presented with cerebral cavernous malformations.","terms":[{"ids":"UMLS:C1861784:T047:DISO","score":1.0,"id":1,"start":467,"end":499,"text":"cerebral cavernous malformations","terms":[{"ids":"UMLS:C0228174:T023:ANAT|UMLS:C0006104:T023:ANAT","score":1.0,"id":1,"start":467,"end":475,"text":"cerebral","terms":[]}]}]},{"id":3,"start":501,"end":583,"text":"Based on the early onset and normocalciuria, Bartter syndrome was diagnosed first.","terms":[{"ids":"UMLS:C0004775:T047:DISO","score":1.0,"id":1,"start":546,"end":562,"text":"Bartter syndrome","terms":[]}]},{"id":4,"start":584,"end":900,"text":"However, mutation analysis showed that the proband is a compound heterozygote for 2 mutations in SLC12A3: a substitution of serine by leucine at amino acid position 555 (p.Ser555Leu) and a novel guanine to cytosine transition at the 5\u0027 splice site of intron 22 (c.2633+1G\u003eC), providing the molecular diagnosis of GS.","terms":[{"ids":"UNIPROT:P55017:T116:PRGE","score":0.9111108740598918,"id":1,"start":681,"end":688,"text":"SLC12A3","terms":[]},{"ids":"UMLS:C0017097:T047:DISO","score":1.0,"id":2,"start":897,"end":899,"text":"GS","terms":[]}]},{"id":5,"start":901,"end":996,"text":"These mutations were not detected in 200 normal chromosomes and cosegregated within the family.","terms":[]},{"id":6,"start":997,"end":1199,"text":"Analysis of complementary DNA showed that the heterozygous nucleotide change c.2633+1G\u003eC caused the appearance of 2 RNA molecules, 1 normal transcript and 1 skipping the entire exon 22 (r.2521_2634del).","terms":[]},{"id":7,"start":1200,"end":1334,"text":"Supplementation with potassium and magnesium improved clinical symptoms and resulted in catch-up growth, but vision remained impaired.","terms":[]},{"id":8,"start":1335,"end":1566,"text":"Three similar associations of Bartter syndrome/GS with pseudotumor cerebri were found in the literature, suggesting that electrolyte abnormalities and secondary aldosteronism may have a role in idiopathic intracranial hypertension.","terms":[{"ids":"UMLS:C0004775:T047:DISO","score":1.0,"id":1,"start":1365,"end":1381,"text":"Bartter syndrome","terms":[]},{"ids":"UMLS:C0017097:T047:DISO","score":1.0,"id":2,"start":1382,"end":1384,"text":"GS","terms":[]},{"ids":"UMLS:C0033845:T047:DISO","score":1.0,"id":3,"start":1390,"end":1409,"text":"pseudotumor cerebri","terms":[]},{"ids":"UMLS:C0271728:T047:DISO","score":1.0,"id":4,"start":1486,"end":1509,"text":"secondary aldosteronism","terms":[]},{"ids":"UMLS:C0033845:T047:DISO","score":1.0,"id":5,"start":1529,"end":1565,"text":"idiopathic intracranial hypertension","terms":[]}]},{"id":9,"start":1567,"end":1704,"text":"This study provides further evidence for the phenotypical heterogeneity of GS and its association with severe manifestations in children.","terms":[{"ids":"UMLS:C0017097:T047:DISO","score":1.0,"id":1,"start":1642,"end":1644,"text":"GS","terms":[]}]},{"id":10,"start":1705,"end":1782,"text":"It also shows the independent segregation of familial cavernomatosis and GS..","terms":[{"ids":"UMLS:C0017097:T047:DISO","score":1.0,"id":1,"start":1778,"end":1780,"text":"GS","terms":[]}]}]