[{"id":0,"start":0,"end":173,"text":"Monocyte chemotactic protein-1 single nucleotide polymorphisms do not confer susceptibility for the development of adult onset polymyositis/dermatomyositis in UK Caucasians.","terms":[{"ids":"UMLS:C0085655:T047:DISO","score":1.0,"id":1,"start":127,"end":139,"text":"polymyositis","terms":[]},{"ids":"UMLS:C0011633:T047:DISO|UMLS:C0221056:T047:DISO","score":1.0,"id":2,"start":140,"end":155,"text":"dermatomyositis","terms":[]}]},{"id":1,"start":174,"end":288,"text":"OBJECTIVES: Polymyositis (PM) and dermatomyositis (DM) form part of the idiopathic inflammatory myopathies (IIMs).","terms":[{"ids":"UMLS:C0085655:T047:DISO","score":1.0,"id":1,"start":186,"end":198,"text":"Polymyositis","terms":[]},{"ids":"UMLS:C0011633:T047:DISO|UMLS:C0221056:T047:DISO","score":1.0,"id":2,"start":208,"end":223,"text":"dermatomyositis","terms":[]},{"ids":"UMLS:C0027126:T047:DISO|UMLS:C0011849:T047:DISO","score":1.0,"id":3,"start":225,"end":227,"text":"DM","terms":[]},{"ids":"UMLS:C0751356:T047:DISO","score":1.0,"id":4,"start":246,"end":280,"text":"idiopathic inflammatory myopathies","terms":[]}]},{"id":2,"start":289,"end":412,"text":"The chemokine monocyte chemotactic protein-1 (MCP-1) is expressed at sites of the T cell inflammatory response in the IIMs.","terms":[{"ids":"UNIPROT:Q16663:T116:PRGE|UNIPROT:Q92583:T116:PRGE|UNIPROT:Q07325:T116:PRGE|UNIPROT:P55773:T116:PRGE|UNIPROT:P48061:T116:PRGE|UNIPROT:O15444:T116:PRGE","score":0.8350086643360357,"id":1,"start":293,"end":333,"text":"chemokine monocyte chemotactic protein-1","terms":[]},{"ids":"UNIPROT:P41597:T116:PRGE|UNIPROT:P13500:T116:PRGE","score":0.8350086643360357,"id":2,"start":335,"end":340,"text":"MCP-1","terms":[]}]},{"id":3,"start":413,"end":538,"text":"We thus investigate whether genetic markers in the MCP-1 gene confer disease susceptibility for the development of PM and DM.","terms":[{"ids":"UNIPROT:P41597:T116:PRGE|UNIPROT:P13500:T116:PRGE","score":0.6272562075051793,"id":1,"start":464,"end":474,"text":"MCP-1 gene","terms":[]},{"ids":"UMLS:C0027126:T047:DISO|UMLS:C0011849:T047:DISO","score":1.0,"id":2,"start":535,"end":537,"text":"DM","terms":[]}]},{"id":4,"start":539,"end":649,"text":"METHODS: DNA samples were analysed from a group of 195 UK Caucasian IIM patients, comprising 103 PM and 92 DM.","terms":[{"ids":"UMLS:C2931785:T047:DISO","score":1.0,"id":1,"start":607,"end":610,"text":"IIM","terms":[]},{"ids":"UMLS:C0027126:T047:DISO|UMLS:C0011849:T047:DISO","score":1.0,"id":2,"start":646,"end":648,"text":"DM","terms":[]}]},{"id":5,"start":650,"end":724,"text":"Their results were compared with those of 162 ethnically matched controls.","terms":[]},{"id":6,"start":725,"end":879,"text":"The polymorphic positions of three single nucleotide polymorphisms (SNPs) and one insertion-deletion sequence within regions coding for MCP-1 were tested.","terms":[{"ids":"UNIPROT:P41597:T116:PRGE|UNIPROT:P13500:T116:PRGE","score":0.985663775445763,"id":1,"start":861,"end":866,"text":"MCP-1","terms":[]}]},{"id":7,"start":880,"end":1009,"text":"The SNPs examined were located in intron 1 (rs2857657, C/G), exon 2 (rs4586, A/G) and the 3 \u0027 untranslated region (rs13900, C/T).","terms":[]},{"id":8,"start":1010,"end":1096,"text":"The insertion-deletion sequence was located in intron 1 (rs3917887, AGCTCCTCCTTCTC/-).","terms":[]},{"id":9,"start":1097,"end":1183,"text":"Each SNP was tested for Hardy-Weinberg equilibrium and allelic/genotypic associations.","terms":[]},{"id":10,"start":1184,"end":1266,"text":"Haplotype frequencies were estimated using the Expectation/Maximization algorithm.","terms":[]},{"id":11,"start":1267,"end":1364,"text":"RESULTS: There was strong linkage disequilibrium present between three out of these four markers.","terms":[]},{"id":12,"start":1365,"end":1425,"text":"The majority of controls were in Hardy Weinberg equilibrium.","terms":[]},{"id":13,"start":1426,"end":1580,"text":"No allelic, genotypic or haplotypic associations were detected when comparing PM or DM cases to controls, or when PM and DM were compared with each other.","terms":[{"ids":"UMLS:C0027126:T047:DISO|UMLS:C0011849:T047:DISO","score":1.0,"id":1,"start":1510,"end":1512,"text":"DM","terms":[]},{"ids":"UMLS:C0027126:T047:DISO|UMLS:C0011849:T047:DISO","score":1.0,"id":2,"start":1547,"end":1549,"text":"DM","terms":[]}]},{"id":14,"start":1581,"end":1760,"text":"CONCLUSIONS: Genetic markers in the MCP-1 gene do not demonstrate significant genetic associations with the IIMs, and do not discriminate PM from DM in a UK Caucasian population..","terms":[{"ids":"UNIPROT:P41597:T116:PRGE|UNIPROT:P13500:T116:PRGE","score":0.9697910193610001,"id":1,"start":1617,"end":1627,"text":"MCP-1 gene","terms":[]},{"ids":"UMLS:C0027126:T047:DISO|UMLS:C0011849:T047:DISO","score":1.0,"id":2,"start":1727,"end":1729,"text":"DM","terms":[]}]}]