[{"id":0,"start":0,"end":83,"text":"Putative association of RUNX1 polymorphisms with IgE levels in a Korean population.","terms":[{"ids":"UMLS:C0270850:T047:DISO|UNIPROT:P01854:T116:PRGE","score":1.0,"id":1,"start":49,"end":52,"text":"IgE","terms":[]}]},{"id":1,"start":84,"end":301,"text":"RUNX1, a member of the runt domain gene family of transcription factors, encodes a heterodimeric transcription factor and regulates the expression of various genes related to hematopoiesis and myeloid differentiation.","terms":[{"ids":"UNIPROT:Q9NYG2:T116:PRGE","score":0.4537404464565412,"id":1,"start":107,"end":155,"text":"runt domain gene family of transcription factors","terms":[{"ids":"UMLS:C0013336:T047:DISO","score":1.0,"id":1,"start":107,"end":111,"text":"runt","terms":[]}]}]},{"id":2,"start":302,"end":493,"text":"RUNX1 has been one of the target genes for research into various autoimmune diseases due to its properties as a transcription factor and functional distribution for chromosomal translocation.","terms":[{"ids":"UMLS:C0004364:T047:DISO","score":1.0,"id":1,"start":367,"end":386,"text":"autoimmune diseases","terms":[]}]},{"id":3,"start":494,"end":749,"text":"In an effort to identify additional gene polymorphisms in which variants have been implicated in asthma, we investigated the genetic polymorphisms in RUNX1 to evaluate it as a potential candidate gene for a host genetic study of asthma and IgE production.","terms":[{"ids":"UMLS:C0004096:T047:DISO","score":1.0,"id":1,"start":591,"end":597,"text":"asthma","terms":[]},{"ids":"UMLS:C0004096:T047:DISO","score":1.0,"id":2,"start":723,"end":729,"text":"asthma","terms":[]},{"ids":"UMLS:C0270850:T047:DISO|UNIPROT:P01854:T116:PRGE","score":1.0,"id":3,"start":734,"end":737,"text":"IgE","terms":[]}]},{"id":4,"start":750,"end":956,"text":"We identified 19 sequence variants by direct DNA sequencing in 24 individuals of which four common variants were selected for genotyping in our asthma cohort (1,055 asthmatic patients, 384 normal controls).","terms":[{"ids":"UMLS:C0004096:T047:DISO","score":1.0,"id":1,"start":894,"end":900,"text":"asthma","terms":[]},{"ids":"UMLS:C0004096:T047:DISO","score":1.0,"id":2,"start":915,"end":924,"text":"asthmatic","terms":[]}]},{"id":5,"start":957,"end":1168,"text":"Using logistic regression analysis for association with the risk of asthma, while controlling for age, gender, and smoking status as covariates, no significant associations with the risk of asthma were detected.","terms":[{"ids":"UMLS:C0004096:T047:DISO","score":1.0,"id":1,"start":1025,"end":1031,"text":"asthma","terms":[]},{"ids":"UMLS:C0004096:T047:DISO","score":1.0,"id":2,"start":1147,"end":1153,"text":"asthma","terms":[]}]},{"id":6,"start":1169,"end":1345,"text":"However, two polymorphisms in the promoter region (-2084G\u003eC and -1282G\u003eA) showed a marginal association with total IgE levels (0.03 and 0.03 in recessive models, respectively).","terms":[{"ids":"UMLS:C0270850:T047:DISO|UNIPROT:P01854:T116:PRGE","score":1.0,"id":1,"start":1284,"end":1287,"text":"IgE","terms":[]}]},{"id":7,"start":1346,"end":1469,"text":"Our findings suggest that polymorphisms in RUNX1 might be one of the genetic factors for the regulation of IgE production..","terms":[{"ids":"UMLS:C0270850:T047:DISO|UNIPROT:P01854:T116:PRGE","score":1.0,"id":1,"start":1453,"end":1456,"text":"IgE","terms":[]}]}]