[{"id":0,"start":0,"end":118,"text":"Genetic polymorphism of the binding domain of surfactant protein-A2 increases susceptibility to meningococcal disease.","terms":[{"ids":"UMLS:C0935080:T023:ANAT","score":1.0,"id":1,"start":65,"end":67,"text":"A2","terms":[]},{"ids":"UMLS:C0025303:T047:DISO","score":1.0,"id":2,"start":96,"end":117,"text":"meningococcal disease","terms":[]}]},{"id":1,"start":119,"end":226,"text":"BACKGROUND: Meningococcal disease occurs after colonization of the nasopharynx with Neisseria meningitidis.","terms":[{"ids":"UMLS:C0025303:T047:DISO","score":1.0,"id":1,"start":131,"end":152,"text":"Meningococcal disease","terms":[]},{"ids":"UMLS:C0027442:T023:ANAT","score":1.0,"id":2,"start":186,"end":197,"text":"nasopharynx","terms":[]}]},{"id":2,"start":227,"end":406,"text":"Surfactant protein (SP)-A and SP-D are pattern-recognition molecules of the respiratory tract that activate inflammatory and phagocytic defences after binding to microbial sugars.","terms":[{"ids":"UMLS:C0282335:T023:ANAT","score":1.0,"id":1,"start":303,"end":320,"text":"respiratory tract","terms":[]}]},{"id":3,"start":407,"end":512,"text":"Variation in the genes of the surfactant proteins affects the expression and function of these molecules.","terms":[]},{"id":4,"start":513,"end":746,"text":"METHODS: Allele frequencies of SP-A1, SP-A2, and SP-D were determined by polymerase chain reaction in 303 patients with microbiologically proven meningococcal disease, including 18 patients who died, and 222 healthy control subjects.","terms":[{"ids":"UNIPROT:Q8IWL1:T116:PRGE","score":0.4777579153521741,"id":1,"start":544,"end":549,"text":"SP-A1","terms":[{"ids":"UMLS:C0933653:T023:ANAT","score":1.0,"id":1,"start":547,"end":549,"text":"A1","terms":[]}]},{"ids":"UNIPROT:Q03403:T116:PRGE","score":0.4777579153521741,"id":2,"start":551,"end":556,"text":"SP-A2","terms":[{"ids":"UMLS:C0935080:T023:ANAT","score":1.0,"id":1,"start":554,"end":556,"text":"A2","terms":[]}]},{"ids":"UNIPROT:Q03403:T116:PRGE","score":0.4777579153521741,"id":3,"start":562,"end":566,"text":"SP-D","terms":[]},{"ids":"UMLS:C0025303:T047:DISO","score":1.0,"id":4,"start":658,"end":679,"text":"meningococcal disease","terms":[]}]},{"id":5,"start":747,"end":961,"text":"RESULTS: Homozygosity of allele 1A1 of SP-A2 increased the risk of meningococcal disease (odds ratio [OR], 7.4; 95% confidence interval [CI], 1.3-42.4); carriage of 1A5 reduced the risk (OR, 0.3; 95% CI, 0.1-0.97).","terms":[{"ids":"UMLS:C0935080:T023:ANAT","score":1.0,"id":1,"start":789,"end":791,"text":"A2","terms":[]},{"ids":"UMLS:C0025303:T047:DISO","score":1.0,"id":2,"start":814,"end":835,"text":"meningococcal disease","terms":[]}]},{"id":6,"start":962,"end":1277,"text":"An analysis of the multiple single-nucleotide polymorphisms in SP-A demonstrated that homozygosity for alleles encoding lysine (in 1A1) rather than glutamine (in 1A5) at amino acid 223 in the carbohydrate recognition domain was associated with an increased risk of meningococcal disease (OR, 6.7; 95% CI, 1.4-31.5).","terms":[{"ids":"UMLS:C0025303:T047:DISO","score":1.0,"id":1,"start":1227,"end":1248,"text":"meningococcal disease","terms":[]}]},{"id":7,"start":1278,"end":1452,"text":"Carriage of alleles encoding lysine at residue 223 was found in 61% of patients who died, compared with 35% of those who survived (OR adjusted for age, 2.9; 95% CI, 1.1-7.7).","terms":[]},{"id":8,"start":1453,"end":1535,"text":"Genetic variation of SP-A1 and SP-D was not associated with meningococcal disease.","terms":[{"ids":"UNIPROT:Q8IWL1:T116:PRGE","score":0.971978587299017,"id":1,"start":1474,"end":1479,"text":"SP-A1","terms":[{"ids":"UMLS:C0933653:T023:ANAT","score":1.0,"id":1,"start":1477,"end":1479,"text":"A1","terms":[]}]},{"ids":"UNIPROT:Q03403:T116:PRGE","score":0.971978587299017,"id":2,"start":1484,"end":1488,"text":"SP-D","terms":[]},{"ids":"UMLS:C0025303:T047:DISO","score":1.0,"id":3,"start":1513,"end":1534,"text":"meningococcal disease","terms":[]}]},{"id":9,"start":1536,"end":1766,"text":"CONCLUSIONS: Gene polymorphism resulting in the substitution of glutamine with lysine at residue 223 in the carbohydrate recognition domain of SP-A2 increases susceptibility to meningococcal disease, as well as the risk of death..","terms":[{"ids":"UNIPROT:Q03403:T116:PRGE","score":0.8308218364469794,"id":1,"start":1679,"end":1684,"text":"SP-A2","terms":[{"ids":"UMLS:C0935080:T023:ANAT","score":1.0,"id":1,"start":1682,"end":1684,"text":"A2","terms":[]}]},{"ids":"UMLS:C0025303:T047:DISO","score":1.0,"id":2,"start":1713,"end":1734,"text":"meningococcal disease","terms":[]}]}]