[{"id":0,"start":0,"end":178,"text":"Negative regulation of chemokine receptor CXCR4 by tumor suppressor p53 in breast cancer cells: implications of p53 mutation or isoform expression on breast cancer cell invasion.","terms":[{"ids":"UNIPROT:P61073:T116:PRGE","score":0.5700933776630903,"id":1,"start":23,"end":47,"text":"chemokine receptor CXCR4","terms":[]},{"ids":"UNIPROT:P42771:T116:PRGE","score":0.5700933776630903,"id":2,"start":51,"end":71,"text":"tumor suppressor p53","terms":[]},{"ids":"UMLS:C0006141:T023:ANAT","score":1.0,"id":3,"start":75,"end":81,"text":"breast","terms":[]},{"ids":"UNIPROT:P42771:T116:PRGE","score":0.5700933776630903,"id":4,"start":112,"end":124,"text":"p53 mutation","terms":[]},{"ids":"UMLS:C0006141:T023:ANAT","score":1.0,"id":5,"start":150,"end":156,"text":"breast","terms":[]}]},{"id":1,"start":179,"end":316,"text":"Chemokine receptor CXCR4 and its ligand CXCL12 are suggested to be involved in migration, invasion and metastasis of breast cancer cells.","terms":[{"ids":"UNIPROT:P51677:T116:PRGE|UNIPROT:P61073:T116:PRGE|UNIPROT:Q9NPB9:T116:PRGE|UNIPROT:O00421:T116:PRGE","score":0.5192713192499399,"id":1,"start":179,"end":197,"text":"Chemokine receptor","terms":[]},{"ids":"UNIPROT:P61073:T116:PRGE","score":0.5192713192499399,"id":2,"start":198,"end":203,"text":"CXCR4","terms":[]},{"ids":"UNIPROT:P48061:T116:PRGE","score":0.5192713192499399,"id":3,"start":219,"end":225,"text":"CXCL12","terms":[]},{"ids":"UMLS:C0006141:T023:ANAT","score":1.0,"id":4,"start":296,"end":302,"text":"breast","terms":[]}]},{"id":2,"start":317,"end":441,"text":"Mutation of the tumor  suppressor gene p53 in breast cancer is associated with metastasis and aggressive clinical phenotype.","terms":[{"ids":"UNIPROT:Q9H3M7:T116:PRGE","score":0.8584466687050522,"id":1,"start":333,"end":359,"text":"tumor  suppressor gene p53","terms":[]},{"ids":"UMLS:C0006141:T023:ANAT","score":1.0,"id":2,"start":363,"end":369,"text":"breast","terms":[]}]},{"id":3,"start":442,"end":609,"text":"In this report, we demonstrate that wild type but not the dominant-negative mutant (V143A) or cancer-specific mutants (R175H or R280K) of p53 repress CXCR4 expression.","terms":[{"ids":"UNIPROT:P42771:T116:PRGE","score":0.832081334450216,"id":1,"start":580,"end":583,"text":"p53","terms":[]},{"ids":"UNIPROT:P61073:T116:PRGE","score":0.832081334450216,"id":2,"start":592,"end":597,"text":"CXCR4","terms":[]}]},{"id":4,"start":610,"end":718,"text":"Recently described cancer-specific p53 isoform, Delta133p53, also failed to repress CXCR4 promoter activity.","terms":[{"ids":"UNIPROT:P42771:T116:PRGE","score":0.48669451973978595,"id":1,"start":645,"end":656,"text":"p53 isoform","terms":[]},{"ids":"UNIPROT:P61073:T116:PRGE","score":0.48669451973978595,"id":2,"start":694,"end":708,"text":"CXCR4 promoter","terms":[]}]},{"id":5,"start":719,"end":861,"text":"Short-interfering RNA-mediated depletion of p53 increased endogenous CXCR4 expression in MCF-7 breast cancer cells that contain wild-type p53.","terms":[{"ids":"UNIPROT:P42771:T116:PRGE","score":0.9478841730294398,"id":1,"start":763,"end":766,"text":"p53","terms":[]},{"ids":"UNIPROT:P61073:T116:PRGE","score":0.9478841730294398,"id":2,"start":788,"end":793,"text":"CXCR4","terms":[]},{"ids":"UMLS:C0006141:T023:ANAT","score":1.0,"id":3,"start":814,"end":820,"text":"breast","terms":[]},{"ids":"UNIPROT:Q13326:T116:PRGE|UNIPROT:P38405:T116:PRGE","score":0.9478841730294398,"id":4,"start":847,"end":860,"text":"wild-type p53","terms":[]}]},{"id":6,"start":862,"end":1047,"text":"Basal CXCR4 promoter activity in  HCT116 colon carcinoma cells deleted of p53 [HCT116(p53KO)] was 10-fold higher compared to that in parental HCT116 cells with functional wild-type p53.","terms":[{"ids":"UNIPROT:P61073:T116:PRGE","score":0.6791682710019804,"id":1,"start":868,"end":882,"text":"CXCR4 promoter","terms":[]},{"ids":"UMLS:C0009368:T023:ANAT","score":1.0,"id":2,"start":903,"end":908,"text":"colon","terms":[]},{"ids":"UNIPROT:P42771:T116:PRGE","score":0.6791682710019804,"id":3,"start":936,"end":939,"text":"p53","terms":[]},{"ids":"UNIPROT:Q13326:T116:PRGE|UNIPROT:P38405:T116:PRGE","score":0.6791682710019804,"id":4,"start":1033,"end":1046,"text":"wild-type p53","terms":[]}]},{"id":7,"start":1048,"end":1193,"text":"Deletion analysis of CXCR4 promoter identified a seven-base pair p53-repressor element homologous to cyclic AMP/AP-1 response (CRE/AP-1) element.","terms":[{"ids":"UNIPROT:P61073:T116:PRGE","score":0.1591847139536751,"id":1,"start":1069,"end":1083,"text":"CXCR4 promoter","terms":[]},{"ids":"UNIPROT:P42771:T116:PRGE","score":0.1591847139536751,"id":2,"start":1113,"end":1126,"text":"p53-repressor","terms":[]},{"ids":"UNIPROT:P07741:T116:PRGE","score":0.1591847139536751,"id":3,"start":1149,"end":1164,"text":"cyclic AMP/AP-1","terms":[]},{"ids":"UNIPROT:P05412:T116:PRGE|UNIPROT:P17275:T116:PRGE|UNIPROT:P01100:T116:PRGE|UNIPROT:P53539:T116:PRGE|UNIPROT:P17535:T116:PRGE","score":0.1591847139536751,"id":4,"start":1179,"end":1183,"text":"AP-1","terms":[]}]},{"id":8,"start":1194,"end":1325,"text":"Electrophoretic mobility shift and chromatin immunoprecipitation assays revealed binding of ATF-1 and cJun to the CRE/AP-1 element.","terms":[{"ids":"UNIPROT:P18846:T116:PRGE","score":0.7740034880789148,"id":1,"start":1286,"end":1291,"text":"ATF-1","terms":[]},{"ids":"UNIPROT:P05412:T116:PRGE|UNIPROT:P17275:T116:PRGE|UNIPROT:P01100:T116:PRGE|UNIPROT:P53539:T116:PRGE|UNIPROT:P17535:T116:PRGE","score":0.7740034880789148,"id":2,"start":1312,"end":1324,"text":"AP-1 element","terms":[]}]},{"id":9,"start":1326,"end":1454,"text":"The p53 rescue drug PRIMA-1 reduced CXCR4 mRNA  and cell surface expression in MDA-MB-231 cells, which express R280K mutant p53.","terms":[{"ids":"UNIPROT:Q86XR5:T116:PRGE","score":0.596980151290051,"id":1,"start":1330,"end":1353,"text":"p53 rescue drug PRIMA-1","terms":[]},{"ids":"UNIPROT:P61073:T116:PRGE","score":0.596980151290051,"id":2,"start":1362,"end":1372,"text":"CXCR4 mRNA","terms":[]},{"ids":"UNIPROT:P42771:T116:PRGE","score":0.596980151290051,"id":3,"start":1437,"end":1453,"text":"R280K mutant p53","terms":[]}]},{"id":10,"start":1456,"end":1538,"text":"CP-31398, another p53 rescue drug, similarly reduced cell surface levels of CXCR4.","terms":[{"ids":"UMLS:C0007789:T047:DISO","score":1.0,"id":1,"start":1456,"end":1458,"text":"CP","terms":[]},{"ids":"UNIPROT:P42771:T116:PRGE","score":0.9403773785053438,"id":2,"start":1474,"end":1477,"text":"p53","terms":[]},{"ids":"UNIPROT:P61073:T116:PRGE","score":0.9403773785053438,"id":3,"start":1532,"end":1537,"text":"CXCR4","terms":[]}]},{"id":11,"start":1539,"end":1655,"text":"PRIMA-1-mediated decrease in CXCR4 expression correlated with reduced invasion of MDA-MB-231 cells through matrigel.","terms":[{"ids":"UNIPROT:Q86XR5:T116:PRGE","score":0.8350544985051653,"id":1,"start":1539,"end":1546,"text":"PRIMA-1","terms":[]},{"ids":"UNIPROT:P61073:T116:PRGE","score":0.8350544985051653,"id":2,"start":1568,"end":1573,"text":"CXCR4","terms":[]}]},{"id":12,"start":1656,"end":1795,"text":"These results suggest a mechanism  for elevated CXCR4 expression and metastasis of breast cancers with p53 mutations or isoform expression.","terms":[{"ids":"UNIPROT:P61073:T116:PRGE","score":0.7321818240042427,"id":1,"start":1704,"end":1709,"text":"CXCR4","terms":[]},{"ids":"UMLS:C0006141:T023:ANAT","score":1.0,"id":2,"start":1739,"end":1745,"text":"breast","terms":[]},{"ids":"UNIPROT:P42771:T116:PRGE","score":0.7321818240042427,"id":3,"start":1759,"end":1772,"text":"p53 mutations","terms":[]}]},{"id":13,"start":1796,"end":1944,"text":"We propose that p53 rescue drugs either alone or in combination with chemotherapeutic drugs may be effective in reducing CXCR4-mediated metastasis..","terms":[{"ids":"UNIPROT:P42771:T116:PRGE","score":0.9930353367631566,"id":1,"start":1812,"end":1815,"text":"p53","terms":[]},{"ids":"UNIPROT:P61073:T116:PRGE","score":0.9930353367631566,"id":2,"start":1917,"end":1922,"text":"CXCR4","terms":[]}]}]