[{"id":0,"start":0,"end":113,"text":"Association between an endoglin gene polymorphism and systemic sclerosis-related pulmonary arterial hypertension.","terms":[{"ids":"UNIPROT:P17813:T116:PRGE","score":0.9842534166585954,"id":1,"start":23,"end":36,"text":"endoglin gene","terms":[]},{"ids":"UMLS:C0036421:T047:DISO","score":1.0,"id":2,"start":54,"end":72,"text":"systemic sclerosis","terms":[]},{"ids":"UMLS:C0152171:T047:DISO|UMLS:C2973725:T047:DISO","score":1.0,"id":3,"start":81,"end":112,"text":"pulmonary arterial hypertension","terms":[{"ids":"UMLS:C0024109:T023:ANAT","score":1.0,"id":1,"start":81,"end":90,"text":"pulmonary","terms":[]},{"ids":"UMLS:C0003842:T023:ANAT","score":1.0,"id":2,"start":91,"end":99,"text":"arterial","terms":[]}]}]},{"id":1,"start":114,"end":250,"text":"Systemic sclerosis (SSc) is a connective tissue disorder characterized by early generalized microangiopathy with disturbed angiogenesis.","terms":[{"ids":"UMLS:C0036421:T047:DISO","score":1.0,"id":1,"start":114,"end":132,"text":"Systemic sclerosis","terms":[]},{"ids":"UMLS:C0009782:T047:DISO","score":1.0,"id":2,"start":144,"end":170,"text":"connective tissue disorder","terms":[]},{"ids":"UMLS:C0155765:T047:DISO","score":1.0,"id":3,"start":206,"end":221,"text":"microangiopathy","terms":[]}]},{"id":2,"start":251,"end":458,"text":"Endoglin gene (ENG) encodes a transmembrane glycoprotein which acts as an accessory receptor for the transforming growth factor-beta (TGF-beta) superfamily, and is crucial for maintaining vascular integrity.","terms":[{"ids":"UNIPROT:P17813:T116:PRGE","score":0.6964633628826075,"id":1,"start":251,"end":264,"text":"Endoglin gene","terms":[]},{"ids":"UNIPROT:P17813:T116:PRGE","score":0.6964633628826075,"id":2,"start":266,"end":269,"text":"ENG","terms":[]},{"ids":"UNIPROT:P01137:T116:PRGE|UNIPROT:P18075:T116:PRGE|UNIPROT:P22004:T116:PRGE","score":0.6964633628826075,"id":3,"start":352,"end":383,"text":"transforming growth factor-beta","terms":[]},{"ids":"UMLS:C0005847:T023:ANAT","score":1.0,"id":4,"start":439,"end":447,"text":"vascular","terms":[]}]},{"id":3,"start":459,"end":571,"text":"A 6-base insertion in intron 7 (6bINS) of ENG has been reported to be associated with microvascular disturbance.","terms":[]},{"id":4,"start":572,"end":756,"text":"OBJECTIVES: Our objective was to investigate the relationship between 6bINS and the vascular complication pulmonary arterial hypertension (PAH) in SSc in a French Caucasian population.","terms":[{"ids":"UMLS:C0005847:T023:ANAT","score":1.0,"id":1,"start":656,"end":664,"text":"vascular","terms":[]},{"ids":"UMLS:C0152171:T047:DISO","score":1.0,"id":2,"start":678,"end":709,"text":"pulmonary arterial hypertension","terms":[{"ids":"UMLS:C0024109:T023:ANAT","score":1.0,"id":1,"start":678,"end":687,"text":"pulmonary","terms":[]},{"ids":"UMLS:C0003842:T023:ANAT","score":1.0,"id":2,"start":688,"end":696,"text":"arterial","terms":[]}]},{"ids":"UMLS:C0152171:T047:DISO","score":1.0,"id":3,"start":711,"end":714,"text":"PAH","terms":[]}]},{"id":5,"start":757,"end":901,"text":"METHODS: Two hundred eighty SSc cases containing 29/280 having PAH diagnosed by catheterism were compared with 140 patients with osteoarthritis.","terms":[{"ids":"UMLS:C0152171:T047:DISO","score":1.0,"id":1,"start":820,"end":823,"text":"PAH","terms":[]},{"ids":"UMLS:C0029408:T047:DISO","score":1.0,"id":2,"start":886,"end":900,"text":"osteoarthritis","terms":[]}]},{"id":6,"start":902,"end":1012,"text":"Genotyping was performed by polymerase-chain-reaction-based fluorescence and direct sequencing of genomic DNA.","terms":[]},{"id":7,"start":1013,"end":1073,"text":"RESULTS: The polymorphism was in Hardy-Weinberg equilibrium.","terms":[]},{"id":8,"start":1074,"end":1391,"text":"We observed a significant lower frequency of 6bINS allele in SSc patients with associated PAH compared with controls [10.3 vs 23.9%, P \u003d 0.01; odds ratio (OR) 0.37, 95% confidence interval (CI) 0.15-0.89], and a trend in comparison with SSc patients without PAH (10.3 vs 20.3%, P \u003d 0.05; OR: 0.45, 95% CI: 0.19-1.08).","terms":[{"ids":"UMLS:C0152171:T047:DISO","score":1.0,"id":1,"start":1164,"end":1167,"text":"PAH","terms":[]},{"ids":"UMLS:C0152171:T047:DISO","score":1.0,"id":2,"start":1332,"end":1335,"text":"PAH","terms":[]}]},{"id":9,"start":1392,"end":1516,"text":"Genotypes carrying allele 6bINS were also less frequent in SSc patients with PAH than in controls (20.7 vs 42.9%, P \u003d 0.02).","terms":[{"ids":"UMLS:C0152171:T047:DISO","score":1.0,"id":1,"start":1469,"end":1472,"text":"PAH","terms":[]}]},{"id":10,"start":1517,"end":1692,"text":"CONCLUSIONS: Thus the frequency of 6bINS differs between SSc patients with or without PAH, suggesting the implication of ENG in this devastating vascular complication of SSc..","terms":[{"ids":"UMLS:C0152171:T047:DISO|UNIPROT:P00439:T116:PRGE|UNIPROT:Q8N4T0:T116:PRGE","score":1.0,"id":1,"start":1603,"end":1606,"text":"PAH","terms":[]},{"ids":"UMLS:C0005847:T023:ANAT","score":1.0,"id":2,"start":1662,"end":1670,"text":"vascular","terms":[]}]}]