[{"id":0,"start":0,"end":186,"text":"Single-base substitution at the last nucleotide of exon 6 (c.671G\u003eA), resulting in the skipping of exon 6, and exons 6 and 7 in human succinyl-CoA:3-ketoacid CoA transferase (SCOT) gene.","terms":[{"ids":"UMLS:C2678439:T047:DISO","score":1.0,"id":1,"start":143,"end":146,"text":"CoA","terms":[]},{"ids":"UMLS:C2678439:T047:DISO","score":1.0,"id":2,"start":158,"end":161,"text":"CoA","terms":[]},{"ids":"UNIPROT:P55809:T116:PRGE","score":0.42698624243579303,"id":3,"start":175,"end":179,"text":"SCOT","terms":[]}]},{"id":1,"start":187,"end":292,"text":"Succinyl-CoA:3-ketoacid CoA transferase (SCOT, EC 2.8.3.5) is the key enzyme for ketone body utilization.","terms":[{"ids":"UNIPROT:P55809:T116:PRGE","score":0.5568749823787885,"id":1,"start":187,"end":226,"text":"Succinyl-CoA:3-ketoacid CoA transferase","terms":[{"ids":"UMLS:C2678439:T047:DISO","score":1.0,"id":1,"start":196,"end":199,"text":"CoA","terms":[]},{"ids":"UMLS:C2678439:T047:DISO","score":1.0,"id":2,"start":211,"end":214,"text":"CoA","terms":[]}]},{"ids":"UNIPROT:P55809:T116:PRGE","score":0.5568749823787885,"id":2,"start":228,"end":232,"text":"SCOT","terms":[]},{"ids":"UNIPROT:Q16769:T116:PRGE","score":0.5568749823787885,"id":3,"start":234,"end":244,"text":"EC 2.8.3.5","terms":[]}]},{"id":2,"start":293,"end":372,"text":"Hereditary SCOT deficiency (MIM 245050) causes episodes of severe ketoacidosis.","terms":[{"ids":"UMLS:C0342792:T047:DISO","score":1.0,"id":1,"start":304,"end":319,"text":"SCOT deficiency","terms":[]},{"ids":"UMLS:C0022638:T047:DISO","score":1.0,"id":2,"start":359,"end":371,"text":"ketoacidosis","terms":[]}]},{"id":3,"start":373,"end":547,"text":"We identified a homozygous point mutation (c.671G\u003eA) , which is a single-base substitution at the last nucleotide of exon 6, in a Turkish patient (GS12) with SCOT deficiency.","terms":[{"ids":"UMLS:C0342792:T047:DISO","score":1.0,"id":1,"start":531,"end":546,"text":"SCOT deficiency","terms":[{"ids":"UNIPROT:P55809:T116:PRGE","score":0.7094254698781077,"id":1,"start":531,"end":535,"text":"SCOT","terms":[]}]}]},{"id":4,"start":548,"end":642,"text":"This point mutation resulted in the skipping of exon 6, and exons 6 and 7 in human SCOT genes.","terms":[]},{"id":5,"start":643,"end":785,"text":"To understand why the c.671G\u003eA causes exons 6 and 7 skipping, nuclear RNA was separated from cytoplasmic RNA and both were analyzed by RT-PCR.","terms":[]},{"id":6,"start":786,"end":978,"text":"In nuclear RNA, SCOT mRNA with exon 6 skipping was predominant and mRNA with exons 6 and 7 skipping was hardly detected, whereas the latter became one of major mRNA species in cytoplasmic RNA.","terms":[]},{"id":7,"start":979,"end":1150,"text":"This discrepancy was interpreted as follows: exon 6 skipping causes a frameshift and nonsense-mediated RNA decay in the cytosol, so mRNA with exon 6 skipping was unstable.","terms":[]},{"id":8,"start":1151,"end":1279,"text":"On the other hand, SCOT mRNA with exons 6 and 7 is a minor transcript but it retains the reading-frame and is stable in cytosol.","terms":[{"ids":"UMLS:C0018563:T023:ANAT","score":1.0,"id":1,"start":1164,"end":1168,"text":"hand","terms":[]}]},{"id":9,"start":1280,"end":1388,"text":"As a result, the latter mRNA is more abundant under steady-state conditions as compared to the former mRNA..","terms":[]}]