[{"id":0,"start":0,"end":109,"text":"A novel mutation (E333D) in the thyroid hormone beta receptor causing resistance to thyroid hormone syndrome.","terms":[{"ids":"UNIPROT:P78371:T116:PRGE|UNIPROT:P07951:T116:PRGE|UNIPROT:Q9HCC0:T116:PRGE|UNIPROT:O00459:T116:PRGE","score":0.9363891892681658,"id":1,"start":32,"end":61,"text":"thyroid hormone beta receptor","terms":[{"ids":"UMLS:C0040132:T023:ANAT","score":1.0,"id":1,"start":32,"end":39,"text":"thyroid","terms":[]}]},{"ids":"UMLS:C0040132:T023:ANAT","score":1.0,"id":2,"start":84,"end":91,"text":"thyroid","terms":[]},{"ids":"UMLS:C0039082:T047:DISO","score":1.0,"id":3,"start":100,"end":108,"text":"syndrome","terms":[]}]},{"id":1,"start":110,"end":353,"text":"Resistance to thyroid hormone (RTH) is an inherited syndrome characterized by elevated serum thyroid hormones (TH), failure to suppress pituitary thyroid stimulating hormone (TSH) secretion, and variable peripheral tissue responsiveness to TH.","terms":[{"ids":"UMLS:C0040132:T023:ANAT","score":1.0,"id":1,"start":124,"end":131,"text":"thyroid","terms":[]},{"ids":"UMLS:C0039082:T047:DISO","score":1.0,"id":2,"start":162,"end":170,"text":"syndrome","terms":[]},{"ids":"UMLS:C0040132:T023:ANAT","score":1.0,"id":3,"start":203,"end":210,"text":"thyroid","terms":[]},{"ids":"UNIPROT:P18509:T116:PRGE","score":0.4787240899504734,"id":4,"start":246,"end":283,"text":"pituitary thyroid stimulating hormone","terms":[{"ids":"UMLS:C0032005:T023:ANAT","score":1.0,"id":1,"start":246,"end":255,"text":"pituitary","terms":[]},{"ids":"UMLS:C0040132:T023:ANAT","score":1.0,"id":2,"start":256,"end":263,"text":"thyroid","terms":[]}]}]},{"id":2,"start":354,"end":450,"text":"The disorder is associated with diverse mutations in the thyroid hormone beta receptor (TRbeta).","terms":[{"ids":"UNIPROT:P78371:T116:PRGE|UNIPROT:P07951:T116:PRGE|UNIPROT:Q9HCC0:T116:PRGE|UNIPROT:O00459:T116:PRGE","score":0.9999414970453782,"id":1,"start":411,"end":440,"text":"thyroid hormone beta receptor","terms":[{"ids":"UMLS:C0040132:T023:ANAT","score":1.0,"id":1,"start":411,"end":418,"text":"thyroid","terms":[]}]}]},{"id":3,"start":451,"end":574,"text":"Here, we report a novel natural RTH mutation (E333D) located in the large carboxy-terminal ligand binding domain of TRbeta.","terms":[]},{"id":4,"start":575,"end":697,"text":"The mutation was identified in a 22-year-old French woman coming to medical attention because of an increasing overweight.","terms":[]},{"id":5,"start":698,"end":934,"text":"Biochemical tests showed elevated free thyroxine (T4: 20.8 pg/ml (normal, 8.5-18)) and triiodothyronine (T3: 5.7 pg/ml (normal, 1.4-4)) in the serum, together with an inappropriately nonsuppressed TSH level of 4.7 mU/ml (normal, 0.4-4).","terms":[{"ids":"UMLS:C1235738:T023:ANAT","score":1.0,"id":1,"start":748,"end":750,"text":"T4","terms":[]},{"ids":"UMLS:C1235740:T023:ANAT","score":1.0,"id":2,"start":803,"end":805,"text":"T3","terms":[]}]},{"id":6,"start":935,"end":1034,"text":"Her father and her brother\u0027s serum tests also showed biochemical abnormalities consistent with RTH.","terms":[]},{"id":7,"start":1035,"end":1205,"text":"Direct sequencing of the TRbeta gene revealed a heterozygous transition 1284A\u003eC in exon 9 resulting in substitution of glutamic acid 333 by aspartic acid residue (E333D).","terms":[{"ids":"UNIPROT:Q9H3M7:T116:PRGE","score":0.7201605223050311,"id":1,"start":1060,"end":1071,"text":"TRbeta gene","terms":[]}]},{"id":8,"start":1206,"end":1276,"text":"Further functional analyses of the novel TRbeta mutant were conducted.","terms":[]},{"id":9,"start":1277,"end":1461,"text":"We found that the E333D mutation neither significantly affected the affinity of the receptor for T3 nor modified heterodimer formation with retinoid X receptor (RXR) when bound to DNA.","terms":[{"ids":"UMLS:C1235740:T023:ANAT","score":1.0,"id":1,"start":1374,"end":1376,"text":"T3","terms":[]},{"ids":"UNIPROT:Q9UBH6:T116:PRGE","score":0.806681711737751,"id":2,"start":1417,"end":1436,"text":"retinoid X receptor","terms":[]}]},{"id":10,"start":1462,"end":1720,"text":"However, in transient transfection assays, the E333D TRbeta mutant exhibited impaired transcriptional regulation on two distinct positively regulated thyroid response elements (F2- and DR4-TREs) as well as on the negatively regulated human TSHalpha promoter.","terms":[{"ids":"UMLS:C0040132:T023:ANAT","score":1.0,"id":1,"start":1612,"end":1619,"text":"thyroid","terms":[]},{"ids":"UNIPROT:O00220:T116:PRGE","score":0.294706596136079,"id":2,"start":1647,"end":1655,"text":"DR4-TREs","terms":[]},{"ids":"UNIPROT:Q8TA86:T116:PRGE|UNIPROT:Q9H0Z9:T116:PRGE","score":0.294706596136079,"id":3,"start":1696,"end":1719,"text":"human TSHalpha promoter","terms":[]}]},{"id":11,"start":1721,"end":1890,"text":"Moreover, a dominant inhibition of the wild-type TRbeta counterpart transactivation function was observed on both a positive (F2-TRE) and a negative (TSHalpha) promoter.","terms":[]},{"id":12,"start":1891,"end":2017,"text":"These results strongly suggest that the E333D TRbeta mutation is responsible for the RTH phenotype in the proposita\u0027s family..","terms":[]}]