[{"id":0,"start":0,"end":78,"text":"Cytochrome p4501A1 gene variants as susceptibility marker for prostate cancer.","terms":[{"ids":"UNIPROT:P33261:T116:PRGE|UNIPROT:P33260:T116:PRGE","score":0.7514310610821936,"id":1,"start":0,"end":23,"text":"Cytochrome p4501A1 gene","terms":[]},{"ids":"UMLS:C0033572:T023:ANAT","score":1.0,"id":2,"start":62,"end":70,"text":"prostate","terms":[]}]},{"id":1,"start":79,"end":248,"text":"CYP1A1 activates environmental procarcinogens and catalyzes oxidative metabolism of estrogens and is likely to play an important role in the etiology of prostate cancer.","terms":[{"ids":"UNIPROT:P04798:T116:PRGE","score":0.9983980805414913,"id":1,"start":79,"end":85,"text":"CYP1A1","terms":[]},{"ids":"UMLS:C0033572:T023:ANAT","score":1.0,"id":2,"start":232,"end":240,"text":"prostate","terms":[]}]},{"id":2,"start":249,"end":550,"text":"To evaluate this phenomenon, the association between two single nucleotide polymorphisms (A to G transition in exon7 leading to amino acid substitution Ile462Val and T3801C at 3\u0027UTR) of CYP1A1 gene in prostate cancer were analyzed in a case-control study of 100 individuals in South Indian population.","terms":[{"ids":"UNIPROT:P04798:T116:PRGE","score":0.9743686499607196,"id":1,"start":435,"end":446,"text":"CYP1A1 gene","terms":[]},{"ids":"UMLS:C0033572:T023:ANAT","score":1.0,"id":2,"start":450,"end":458,"text":"prostate","terms":[]}]},{"id":3,"start":551,"end":862,"text":"The estimated relative risk was significantly high for individuals with w1/m1 genotype at 3\u0027UTR of CYP1A1 gene (OR-4.64; 95%CI \u003d 1.51-14.86; P \u003c 0.01) whereas the CYP1A1 Ile/Val genotype (w2/m2) on exon 7 was found to be associated with a decreased risk for prostate cancer (OR-0.17; 95%CI \u003d 0.02-0.89; P\u003d0.03).","terms":[{"ids":"UNIPROT:P11229:T116:PRGE","score":0.12266818873513614,"id":1,"start":623,"end":637,"text":"w1/m1 genotype","terms":[]},{"ids":"UNIPROT:P04798:T116:PRGE","score":0.12266818873513614,"id":2,"start":650,"end":661,"text":"CYP1A1 gene","terms":[]},{"ids":"UNIPROT:P04798:T116:PRGE","score":0.12266818873513614,"id":3,"start":714,"end":737,"text":"CYP1A1 Ile/Val genotype","terms":[]},{"ids":"UMLS:C0033572:T023:ANAT","score":1.0,"id":4,"start":809,"end":817,"text":"prostate","terms":[]}]},{"id":4,"start":863,"end":1110,"text":"A Stratified analysis of the genotypes with age of onset and tumor grade showed the w1/m1 genotype to be significantly associated with an early age of onset; however the tumor grades did not have significant association with the variant genotypes.","terms":[]},{"id":5,"start":1111,"end":1297,"text":"Thus the present study indicates that individuals with the variant w1/m1 genotype exhibit an increased risk while those with w2/m2 genotype exhibit a decreased risk for prostate cancer..","terms":[{"ids":"UNIPROT:P11229:T116:PRGE","score":0.6953980279145573,"id":1,"start":1181,"end":1183,"text":"m1","terms":[]},{"ids":"UMLS:C0033572:T023:ANAT","score":1.0,"id":2,"start":1280,"end":1288,"text":"prostate","terms":[]}]}]