[{"id":0,"start":0,"end":92,"text":"[Prevalence of Val158Met polymorphism in COMT gene on non-BRCA1/2 hereditary breast cancer].","terms":[{"ids":"UNIPROT:P21964:T116:PRGE","score":0.7723154459242336,"id":1,"start":41,"end":50,"text":"COMT gene","terms":[]},{"ids":"UNIPROT:P38398:T116:PRGE","score":0.7723154459242336,"id":2,"start":58,"end":63,"text":"BRCA1","terms":[]},{"ids":"UMLS:C0006141:T023:ANAT","score":1.0,"id":3,"start":77,"end":83,"text":"breast","terms":[]}]},{"id":1,"start":93,"end":282,"text":"OBJECTIVE: To explore the prevalence of Val158Met polymorphism in Catechol-O-methyltransferase (COMT) gene and its effect on genetic susceptibility for breast cancer in Shanghai population.","terms":[{"ids":"UNIPROT:P21964:T116:PRGE","score":0.7088290711198595,"id":1,"start":159,"end":187,"text":"Catechol-O-methyltransferase","terms":[]},{"ids":"UNIPROT:P21964:T116:PRGE","score":0.7088290711198595,"id":2,"start":189,"end":193,"text":"COMT","terms":[]},{"ids":"UMLS:C0006141:T023:ANAT","score":1.0,"id":3,"start":245,"end":251,"text":"breast","terms":[]}]},{"id":2,"start":283,"end":445,"text":"METHODS: A total of 114 patients with BRCA1/BRCA 2 negative hereditary breast cancer from independent families and 121 age-matched healthy controls were analyzed.","terms":[{"ids":"UNIPROT:P38398:T116:PRGE","score":0.7490629975770947,"id":1,"start":321,"end":326,"text":"BRCA1","terms":[]},{"ids":"UMLS:C0006141:T023:ANAT","score":1.0,"id":2,"start":354,"end":360,"text":"breast","terms":[]}]},{"id":3,"start":446,"end":545,"text":"Genotype analysis was conducted by polymerase chain reaction (PCR) and  then DNA direct sequencing.","terms":[]},{"id":4,"start":546,"end":659,"text":"The odd ratios (OR) and 95% confidence intervals (CI) were calculated by unconditional logistic regression model.","terms":[]},{"id":5,"start":660,"end":843,"text":"RESULTS: The frequency of Val158Met polymorphism GG, GA and AA genotype in case group and control was 0.58 (65), 0.32 (36), 0.10 (11) and 0.60 (66), 0.35 (41), 0.03 (3), respectively.","terms":[{"ids":"UMLS:C1862382:T047:DISO","score":1.0,"id":1,"start":720,"end":722,"text":"AA","terms":[]}]},{"id":6,"start":844,"end":987,"text":"The frequency of allele-containing genotypes is significantly higher in early-onset breast cancer patients (0.57) than in familial ones (0.35).","terms":[{"ids":"UMLS:C0006141:T023:ANAT","score":1.0,"id":1,"start":928,"end":934,"text":"breast","terms":[]}]},{"id":7,"start":988,"end":1230,"text":"Compared with GG (Val/Val) genotype, AA (Met/Met) genotype  confers a significantly increased risk for breast cancer (adjusted OR \u003d 3.15; 95% CI, 0.70 - 14.19), especially among premenopausal women (adjusted OR \u003d 9.98; 95%  CI, 1.00 - 99.64).","terms":[{"ids":"UNIPROT:P28347:T116:PRGE","score":0.7192314252350479,"id":1,"start":1025,"end":1046,"text":"AA (Met/Met) genotype","terms":[{"ids":"UMLS:C1862382:T047:DISO","score":1.0,"id":1,"start":1025,"end":1027,"text":"AA","terms":[]}]},{"ids":"UMLS:C0006141:T023:ANAT","score":1.0,"id":2,"start":1091,"end":1097,"text":"breast","terms":[]}]},{"id":8,"start":1231,"end":1410,"text":"Borderline significantly association was found between AA genotype (adjusted OR \u003d 7.57; 95% CI, 0.57 - 101.28) and susceptibility for breast cancer in BMI \u003c or \u003d 23 kg/m(2) group.","terms":[{"ids":"UMLS:C1862382:T047:DISO","score":1.0,"id":1,"start":1286,"end":1288,"text":"AA","terms":[]},{"ids":"UMLS:C0006141:T023:ANAT","score":1.0,"id":2,"start":1365,"end":1371,"text":"breast","terms":[]}]},{"id":9,"start":1411,"end":1631,"text":"CONCLUSIONS: Val158Met polymorphism in COMT gene could be a candidate for low penetrance breast cancer susceptibility in Shanghai population, especially among  premenopausal women and early-onset breast cancer patients..","terms":[{"ids":"UNIPROT:P21964:T116:PRGE","score":0.8375637213360209,"id":1,"start":1450,"end":1459,"text":"COMT gene","terms":[]},{"ids":"UMLS:C0006141:T023:ANAT","score":1.0,"id":2,"start":1500,"end":1506,"text":"breast","terms":[]},{"ids":"UMLS:C0006141:T023:ANAT","score":1.0,"id":3,"start":1607,"end":1613,"text":"breast","terms":[]}]}]