[{"id":0,"start":0,"end":123,"text":"The G51S purine nucleoside phosphorylase polymorphism is associated with cognitive decline in Alzheimer\u0027s disease patients.","terms":[{"ids":"UNIPROT:P00491:T116:PRGE","score":0.9171423741208891,"id":1,"start":4,"end":40,"text":"G51S purine nucleoside phosphorylase","terms":[]},{"ids":"UMLS:C0002395:T047:DISO","score":1.0,"id":2,"start":94,"end":113,"text":"Alzheimer\u0027s disease","terms":[]}]},{"id":1,"start":124,"end":328,"text":"Alzheimer\u0027s disease (AD) is a polygenic and multifactorial complex disease, whose etiopathology is still unclear, however several genetic factors have shown to increase the risk of developing the disease.","terms":[{"ids":"UMLS:C0002395:T047:DISO","score":1.0,"id":1,"start":124,"end":143,"text":"Alzheimer\u0027s disease","terms":[]},{"ids":"UMLS:C0002395:T047:DISO|UMLS:C0228318:T023:ANAT","score":1.0,"id":2,"start":145,"end":147,"text":"AD","terms":[]}]},{"id":2,"start":329,"end":400,"text":"Purine nucleotides and nucleosides play an important role in the brain.","terms":[{"ids":"UMLS:C0006104:T023:ANAT","score":1.0,"id":1,"start":394,"end":399,"text":"brain","terms":[]}]},{"id":3,"start":401,"end":545,"text":"Besides their role in neurotransmission and neuromodulation, they are involved in trophic factor release, apoptosis, and inflammatory responses.","terms":[]},{"id":4,"start":546,"end":656,"text":"These mediators may also have a pivotal role in the control of neurodegenerative processes associated with AD.","terms":[{"ids":"UMLS:C0002395:T047:DISO|UMLS:C0228318:T023:ANAT","score":1.0,"id":1,"start":653,"end":655,"text":"AD","terms":[]}]},{"id":5,"start":657,"end":968,"text":"In this report the distribution of the exonic G/A single nucleotide polymorphism (SNP) in purine nucleoside phosphorylase (PNP) gene, resulting in the amino acid substitution serine to glycine at position 51 (G51S), was investigated in a large population of AD patients (n\u003d321) and non-demented control (n\u003d208).","terms":[{"ids":"UNIPROT:P00491:T116:PRGE","score":0.9447668026016047,"id":1,"start":747,"end":778,"text":"purine nucleoside phosphorylase","terms":[]},{"ids":"UNIPROT:P00491:T116:PRGE|UNIPROT:P01298:T116:PRGE","score":0.9447668026016047,"id":2,"start":780,"end":783,"text":"PNP","terms":[]},{"ids":"UMLS:C0002395:T047:DISO|UMLS:C0228318:T023:ANAT","score":1.0,"id":3,"start":915,"end":917,"text":"AD","terms":[]}]},{"id":6,"start":969,"end":1051,"text":"The PNP polymorphism distribution was not different between patients and controls.","terms":[]},{"id":7,"start":1052,"end":1216,"text":"The polymorphism distribution was also analyzed in AD patients stratified according to differential progressive rate of cognitive decline during a 2-year follow-up.","terms":[{"ids":"UMLS:C0002395:T047:DISO|UMLS:C0228318:T023:ANAT","score":1.0,"id":1,"start":1103,"end":1105,"text":"AD","terms":[]}]},{"id":8,"start":1217,"end":1397,"text":"An increased representation of the PNP AA genotype was observed in AD patients with fast cognitive deterioration in comparison with that from patients with slow deterioration rate.","terms":[{"ids":"UMLS:C1862382:T047:DISO","score":1.0,"id":1,"start":1256,"end":1258,"text":"AA","terms":[]},{"ids":"UMLS:C0002395:T047:DISO|UMLS:C0228318:T023:ANAT","score":1.0,"id":2,"start":1284,"end":1286,"text":"AD","terms":[]}]},{"id":9,"start":1398,"end":1628,"text":"Our findings suggest that the G51S PNP polymorphism is associated with a faster rate of cognitive decline in AD patients, highlighting the important role of purine metabolism in the progression of this neurodegenerative disorder..","terms":[{"ids":"UNIPROT:P00491:T116:PRGE|UNIPROT:P01298:T116:PRGE","score":0.9333694774954462,"id":1,"start":1428,"end":1436,"text":"G51S PNP","terms":[]},{"ids":"UMLS:C0002395:T047:DISO|UMLS:C0228318:T023:ANAT","score":1.0,"id":2,"start":1507,"end":1509,"text":"AD","terms":[]},{"ids":"UMLS:C0524851:T047:DISO","score":1.0,"id":3,"start":1600,"end":1626,"text":"neurodegenerative disorder","terms":[]}]}]