[{"id":0,"start":0,"end":150,"text":"A novel mutation at the DFNA36 hearing loss locus reveals a critical function and potential genotype-phenotype correlation for amino acid-572 of TMC1.","terms":[{"ids":"UNIPROT:Q8TDI8:T116:PRGE","score":0.47053481746299863,"id":1,"start":24,"end":49,"text":"DFNA36 hearing loss locus","terms":[{"ids":"UMLS:C1847626:T047:DISO","score":1.0,"id":1,"start":24,"end":30,"text":"DFNA36","terms":[]},{"ids":"UMLS:C0011053:T047:DISO","score":1.0,"id":2,"start":31,"end":43,"text":"hearing loss","terms":[]}]}]},{"id":1,"start":151,"end":309,"text":"We ascertained a North American Caucasian family (LMG248) segregating autosomal dominant, non-syndromic, post-lingual, progressive sensorineural hearing loss.","terms":[{"ids":"UMLS:C0040408:T023:ANAT","score":1.0,"id":1,"start":261,"end":268,"text":"lingual","terms":[]},{"ids":"UMLS:C0018784:T047:DISO","score":1.0,"id":2,"start":282,"end":308,"text":"sensorineural hearing loss","terms":[]}]},{"id":2,"start":310,"end":402,"text":"The hearing loss begins in the second decade of life and initially affects high frequencies.","terms":[{"ids":"UMLS:C0011053:T047:DISO","score":1.0,"id":1,"start":314,"end":326,"text":"hearing loss","terms":[]}]},{"id":3,"start":403,"end":487,"text":"It progresses to profound deafness at all frequencies by the fourth or fifth decade.","terms":[{"ids":"UMLS:C0581883:T047:DISO|UMLS:C0011053:T047:DISO","score":1.0,"id":1,"start":429,"end":437,"text":"deafness","terms":[]}]},{"id":4,"start":488,"end":615,"text":"The phenotype co-segregates with short-tandem repeat markers flanking the TMC1 gene at the DFNA36 locus on chromosome 9q31-q21.","terms":[{"ids":"UNIPROT:Q8TDI8:T116:PRGE","score":0.6281576153593157,"id":1,"start":562,"end":571,"text":"TMC1 gene","terms":[]},{"ids":"UNIPROT:Q8TDI8:T116:PRGE","score":0.6281576153593157,"id":2,"start":579,"end":591,"text":"DFNA36 locus","terms":[{"ids":"UMLS:C1847626:T047:DISO","score":1.0,"id":1,"start":579,"end":585,"text":"DFNA36","terms":[]}]}]},{"id":5,"start":616,"end":715,"text":"The affected individuals carry a novel missense substitution, p.D572H (c.G1714C), of the TMC1 gene.","terms":[{"ids":"UNIPROT:Q8TDI8:T116:PRGE","score":0.8129478319457005,"id":1,"start":705,"end":714,"text":"TMC1 gene","terms":[]}]},{"id":6,"start":716,"end":843,"text":"This mutation is at the same nucleotide and amino acid position as the only other reported DFNA36 mutation, p.D572N (c.G1714A).","terms":[{"ids":"UNIPROT:Q8TDI8:T116:PRGE","score":0.18836078548818108,"id":1,"start":807,"end":831,"text":"DFNA36 mutation, p.D572N","terms":[{"ids":"UMLS:C1847626:T047:DISO","score":1.0,"id":1,"start":807,"end":813,"text":"DFNA36","terms":[]}]}]},{"id":7,"start":844,"end":981,"text":"Our observations implicate a critical function for amino acid-572 for wild-type TMC1 function or the pathogenesis of DFNA36 hearing loss.","terms":[{"ids":"UNIPROT:Q8TDI8:T116:PRGE","score":0.2563546294367468,"id":1,"start":924,"end":928,"text":"TMC1","terms":[]},{"ids":"UMLS:C1847626:T047:DISO","score":1.0,"id":2,"start":961,"end":967,"text":"DFNA36","terms":[]},{"ids":"UMLS:C0011053:T047:DISO","score":1.0,"id":3,"start":968,"end":980,"text":"hearing loss","terms":[]}]},{"id":8,"start":982,"end":1155,"text":"The slower progression of hearing loss associated with p.D572H, in comparison with that caused by p.D572N, may reflect a correlation of DFNA36 phenotype with TMC1 genotype..","terms":[{"ids":"UMLS:C0011053:T047:DISO","score":1.0,"id":1,"start":1008,"end":1020,"text":"hearing loss","terms":[]},{"ids":"UMLS:C1847626:T047:DISO|UNIPROT:Q8TDI8:T116:PRGE","score":1.0,"id":2,"start":1118,"end":1124,"text":"DFNA36","terms":[]}]}]