[{"id":0,"start":0,"end":106,"text":"Human TBX1 missense mutations cause gain of function resulting in the same phenotype as 22q11.2 deletions.","terms":[{"ids":"UNIPROT:Q8TA86:T116:PRGE|UNIPROT:Q9H0Z9:T116:PRGE","score":0.7843362830199541,"id":1,"start":0,"end":10,"text":"Human TBX1","terms":[]}]},{"id":1,"start":107,"end":298,"text":"Deletion 22q11.2 syndrome is the most frequent known microdeletion syndrome and is associated with a highly variable phenotype, including DiGeorge and Shprintzen (velocardiofacial) syndromes.","terms":[{"ids":"UMLS:C0220704:T047:DISO","score":1.0,"id":1,"start":107,"end":132,"text":"Deletion 22q11.2 syndrome","terms":[]},{"ids":"UMLS:C0039082:T047:DISO","score":1.0,"id":2,"start":174,"end":182,"text":"syndrome","terms":[]},{"ids":"UMLS:C0039082:T047:DISO","score":1.0,"id":3,"start":288,"end":297,"text":"syndromes","terms":[]}]},{"id":2,"start":299,"end":553,"text":"Although haploinsufficiency of the T-box transcription factor gene TBX1 is thought to cause the phenotype, to date, only four different point mutations in TBX1 have been reported in association with six of the major features of 22q11.2 deletion syndrome.","terms":[{"ids":"UNIPROT:Q9UMR3:T116:PRGE","score":0.8027029399432711,"id":1,"start":334,"end":370,"text":"T-box transcription factor gene TBX1","terms":[]},{"ids":"UNIPROT:O43435:T116:PRGE","score":0.8027029399432711,"id":2,"start":454,"end":458,"text":"TBX1","terms":[]},{"ids":"UMLS:C0012236:T047:DISO|UMLS:C0220704:T047:DISO","score":1.0,"id":3,"start":527,"end":552,"text":"22q11.2 deletion syndrome","terms":[]}]},{"id":3,"start":554,"end":698,"text":"Although, for the two truncating mutations, loss of function was previously shown, the pathomechanism of the missense mutations remains unknown.","terms":[]},{"id":4,"start":699,"end":960,"text":"We report a novel heterozygous missense mutation, H194Q, in a familial case of Shprintzen syndrome and show that this and the two previously reported missense mutations result in gain of function, possibly through stabilization of the protein dimer DNA complex.","terms":[{"ids":"UMLS:C0220704:T047:DISO","score":1.0,"id":1,"start":778,"end":797,"text":"Shprintzen syndrome","terms":[]}]},{"id":5,"start":961,"end":1136,"text":"We therefore conclude that TBX1 gain-of-function mutations can result in the same phenotypic spectrum as haploinsufficiency caused by loss-of-function mutations or deletions..","terms":[{"ids":"UNIPROT:O43435:T116:PRGE","score":0.7772620660369187,"id":1,"start":988,"end":992,"text":"TBX1","terms":[]}]}]