[{"id":0,"start":0,"end":110,"text":"Semi-automated, reverse-hybridization detection of multiple mutations causing hereditary fructose intolerance.","terms":[{"ids":"UMLS:C0016751:T047:DISO","score":1.0,"id":1,"start":78,"end":109,"text":"hereditary fructose intolerance","terms":[]}]},{"id":1,"start":111,"end":274,"text":"Hereditary fructose intolerance (HFI) is a potentially fatal nutritional disease that is caused by mutations in the liver isoenzyme of fructoaldolase (aldolase B).","terms":[{"ids":"UMLS:C0016751:T047:DISO","score":1.0,"id":1,"start":111,"end":142,"text":"Hereditary fructose intolerance","terms":[]},{"ids":"UMLS:C0028709:T047:DISO","score":1.0,"id":2,"start":172,"end":191,"text":"nutritional disease","terms":[]},{"ids":"UMLS:C0023884:T023:ANAT","score":1.0,"id":3,"start":227,"end":232,"text":"liver","terms":[]}]},{"id":2,"start":275,"end":428,"text":"Our aim was to evaluate a diagnostic assay capable of simultaneously analyzing three-point mutations and a small deletion in the aldolase B (ALDOB) gene.","terms":[{"ids":"UNIPROT:P05062:T116:PRGE","score":0.8810757022969854,"id":1,"start":404,"end":414,"text":"aldolase B","terms":[]},{"ids":"UNIPROT:P05062:T116:PRGE","score":0.8810757022969854,"id":2,"start":416,"end":421,"text":"ALDOB","terms":[]}]},{"id":3,"start":429,"end":605,"text":"The test under investigation is based on multiplex DNA amplification and hybridization to membrane strips presenting a parallel array of allele-specific oligonucleotide probes.","terms":[]},{"id":4,"start":606,"end":728,"text":"We used the novel reverse-hybridization (RH) protocol to analyze 54 individuals previously genotyped by direct sequencing.","terms":[]},{"id":5,"start":729,"end":865,"text":"RH genotyping for ALDOB mutations Delta4E4, A149P, A174D, and N334K was in complete concordance with results obtained by DNA sequencing.","terms":[]},{"id":6,"start":866,"end":934,"text":"The procedure is rapid (\u003c6h) and may be automated to a large extent.","terms":[]},{"id":7,"start":935,"end":1054,"text":"The RH assay tested in this study represents an accurate and robust screening tool to identify common ALDOB mutations..","terms":[]}]