[{"id":0,"start":0,"end":113,"text":"BRCA1 promoter deletions in young women with breast cancer and a strong family history: a population-based study.","terms":[{"ids":"UNIPROT:P38398:T116:PRGE","score":0.822559622690108,"id":1,"start":0,"end":14,"text":"BRCA1 promoter","terms":[]},{"ids":"UMLS:C0006141:T023:ANAT","score":1.0,"id":2,"start":45,"end":51,"text":"breast","terms":[]}]},{"id":1,"start":114,"end":372,"text":"Women diagnosed with breast cancer before the age of 40 years who have a strong family history of breast and/or ovarian cancer were selected from an Australian population-based case-control-family study for large deletion screening within the BRCA1 promoter.","terms":[{"ids":"UMLS:C0006141:T023:ANAT","score":1.0,"id":1,"start":135,"end":141,"text":"breast","terms":[]},{"ids":"UMLS:C0006141:T023:ANAT","score":1.0,"id":2,"start":212,"end":218,"text":"breast","terms":[]},{"ids":"UMLS:C0205065:T023:ANAT","score":1.0,"id":3,"start":226,"end":233,"text":"ovarian","terms":[]},{"ids":"UNIPROT:P38398:T116:PRGE","score":0.9984370057175908,"id":4,"start":357,"end":371,"text":"BRCA1 promoter","terms":[]}]},{"id":2,"start":373,"end":514,"text":"Deletions within the BRCA1 promoter region are usually not detected by the methods applied in routine clinical mutation detection strategies.","terms":[{"ids":"UNIPROT:P38398:T116:PRGE","score":0.8067117870860865,"id":1,"start":394,"end":408,"text":"BRCA1 promoter","terms":[]}]},{"id":3,"start":515,"end":761,"text":"Fifty-one of the 66 women (77%) who met our inclusion criteria were tested for promoter deletions using linkage disequilibrium analysis of two BRCA1  polymorphic sites (C/G1802 and Pro871Leu) and multiplex ligation-dependent probe  amplification.","terms":[{"ids":"UNIPROT:P38398:T116:PRGE","score":0.80739536232642,"id":1,"start":658,"end":663,"text":"BRCA1","terms":[]}]},{"id":4,"start":762,"end":850,"text":"Two cases of BRCA1 promoter deletion involving exons 1A-2 and exons 1A-23 were detected.","terms":[{"ids":"UNIPROT:P38398:T116:PRGE","score":0.7032187245048203,"id":1,"start":775,"end":789,"text":"BRCA1 promoter","terms":[]}]},{"id":5,"start":851,"end":1024,"text":"The morphology of the breast cancers arising in these  women with BRCA1 promoter deletions was consistent with the morphology associated with other germline BRCA1 mutations.","terms":[{"ids":"UMLS:C0006141:T023:ANAT","score":1.0,"id":1,"start":873,"end":879,"text":"breast","terms":[]},{"ids":"UNIPROT:P38398:T116:PRGE","score":0.43161754366211075,"id":2,"start":917,"end":931,"text":"BRCA1 promoter","terms":[]},{"ids":"UNIPROT:P38398:T116:PRGE","score":0.43161754366211075,"id":3,"start":1008,"end":1023,"text":"BRCA1 mutations","terms":[]}]},{"id":6,"start":1025,"end":1227,"text":"Large genomic deletions that involve the promoter regions of BRCA1 make up 20% (2/10) of all known BRCA1 mutations in this group of young women with a strong family history of breast and ovarian cancer.","terms":[{"ids":"UNIPROT:P38398:T116:PRGE","score":0.9075574152795572,"id":1,"start":1086,"end":1091,"text":"BRCA1","terms":[]},{"ids":"UNIPROT:P38398:T116:PRGE","score":0.9075574152795572,"id":2,"start":1124,"end":1139,"text":"BRCA1 mutations","terms":[]},{"ids":"UMLS:C0006141:T023:ANAT","score":1.0,"id":3,"start":1201,"end":1207,"text":"breast","terms":[]},{"ids":"UMLS:C0205065:T023:ANAT","score":1.0,"id":4,"start":1212,"end":1219,"text":"ovarian","terms":[]}]},{"id":7,"start":1228,"end":1382,"text":"Our data support the inclusion of testing for large genomic alterations in the BRCA1 promoter region in routine clinical mutation detection within BRCA1..","terms":[{"ids":"UNIPROT:P38398:T116:PRGE","score":0.9283156786737347,"id":1,"start":1307,"end":1321,"text":"BRCA1 promoter","terms":[]},{"ids":"UNIPROT:P38398:T116:PRGE","score":0.9283156786737347,"id":2,"start":1375,"end":1380,"text":"BRCA1","terms":[]}]}]