[{"id":0,"start":0,"end":99,"text":"Molecular analysis of the CYP2F1 gene: identification of a frequent non-functional allelic variant.","terms":[{"ids":"UNIPROT:P24903:T116:PRGE","score":0.999043381367266,"id":1,"start":26,"end":37,"text":"CYP2F1 gene","terms":[]}]},{"id":1,"start":100,"end":277,"text":"The CYP2F1 is a human cytochrome P450 that is selectively expressed in lung tissue and involved in the metabolism of various pneumotoxicants with potential carcinogenic effects.","terms":[{"ids":"UNIPROT:P24903:T116:PRGE","score":0.8328312005049371,"id":1,"start":104,"end":110,"text":"CYP2F1","terms":[]},{"ids":"UNIPROT:Q8TA86:T116:PRGE|UNIPROT:Q9H0Z9:T116:PRGE","score":0.8328312005049371,"id":2,"start":116,"end":137,"text":"human cytochrome P450","terms":[]},{"ids":"UMLS:C0024109:T023:ANAT","score":1.0,"id":3,"start":171,"end":175,"text":"lung","terms":[]}]},{"id":2,"start":278,"end":388,"text":"In the present study, we report the first systematic investigation of the genetic polymorphism of this enzyme.","terms":[]},{"id":3,"start":389,"end":639,"text":"We analyzed the nucleotidic sequence of the CYP2F1 gene in DNA samples from 90 French Caucasians consisting in 44 patients with lung cancer and 46 control individuals, using single-strand conformation polymorphism analysis of PCR products (PCR-SSCP).","terms":[{"ids":"UNIPROT:P24903:T116:PRGE","score":0.930535932775348,"id":1,"start":433,"end":444,"text":"CYP2F1 gene","terms":[]},{"ids":"UMLS:C0024109:T023:ANAT","score":1.0,"id":2,"start":517,"end":521,"text":"lung","terms":[]}]},{"id":4,"start":640,"end":792,"text":"We identified 24 novel mutations distributed in the promoter region of the gene, as well as in the coding regions and their flanking intronic sequences.","terms":[]},{"id":5,"start":793,"end":922,"text":"In addition to the wild-type CYP2F1*1 allele, seven allelic variant, CYP2F1*2A, *2B, *3, *4, *5A, *5B and *6, were characterized.","terms":[{"ids":"UNIPROT:Q13326:T116:PRGE|UNIPROT:P38405:T116:PRGE","score":0.5946656578411256,"id":1,"start":812,"end":860,"text":"wild-type CYP2F1*1 allele, seven allelic variant","terms":[]},{"ids":"UNIPROT:P24903:T116:PRGE","score":0.5946656578411256,"id":2,"start":862,"end":871,"text":"CYP2F1*2A","terms":[]}]},{"id":6,"start":923,"end":1247,"text":"The most frequent allelic variant, CYP2F1*2A (25.6%), harbors a combination of 9 mutations, including 2 missense mutations (Asp218Asn and Gln266His) and a 1-bp insertion (c.14_15insC) that creates a premature stop codon in exon 2, probably leading to the synthesis of a severely truncated protein with no catalytic activity.","terms":[]},{"id":7,"start":1248,"end":1606,"text":"The identification of around 7% of homozygotes for the frameshift mutation in our Caucasian population suggests the existence of an interindividual variation of the CYP2F1 activity and, consequently, the possibility of interindividual differences in the toxic response to some pneumotoxicants and in the susceptibility to certain chemically induced diseases.","terms":[{"ids":"UNIPROT:P24903:T116:PRGE","score":0.9946914474411793,"id":1,"start":1413,"end":1419,"text":"CYP2F1","terms":[]}]},{"id":8,"start":1607,"end":1756,"text":"However, our preliminary results did not show any evidence that the CYP2F1 genetic polymorphism has implications in the pathogenesis of lung cancer..","terms":[{"ids":"UNIPROT:P24903:T116:PRGE","score":0.5164339366620144,"id":1,"start":1675,"end":1689,"text":"CYP2F1 genetic","terms":[]},{"ids":"UMLS:C0024109:T023:ANAT","score":1.0,"id":2,"start":1743,"end":1747,"text":"lung","terms":[]}]}]