[{"id":0,"start":0,"end":107,"text":"Uncoupling of hormone-dependence from chaperone-dependence in the L701H mutation  of the androgen receptor.","terms":[{"ids":"UNIPROT:P10275:T116:PRGE","score":0.9779885250384335,"id":1,"start":89,"end":106,"text":"androgen receptor","terms":[]}]},{"id":1,"start":108,"end":257,"text":"The mechanisms underlying androgen receptor (AR)-mediated progression of prostate cancer following androgen ablation have yet to be fully determined.","terms":[{"ids":"UNIPROT:P10275:T116:PRGE","score":0.9989312826801796,"id":1,"start":134,"end":151,"text":"androgen receptor","terms":[]},{"ids":"UMLS:C0003504:T047:DISO|UNIPROT:P01721:T116:PRGE|UNIPROT:Q9NZJ4:T116:PRGE|UNIPROT:P10275:T116:PRGE","score":1.0,"id":2,"start":153,"end":155,"text":"AR","terms":[]},{"ids":"UMLS:C0033572:T023:ANAT","score":1.0,"id":3,"start":181,"end":189,"text":"prostate","terms":[]}]},{"id":2,"start":258,"end":384,"text":"On this basis we screened naturally occurring mutants of human AR for hormone-independent activity using a yeast model system.","terms":[{"ids":"UNIPROT:Q8TA86:T116:PRGE|UNIPROT:Q9H0Z9:T116:PRGE","score":0.9533478166336906,"id":1,"start":315,"end":323,"text":"human AR","terms":[{"ids":"UMLS:C0003504:T047:DISO","score":1.0,"id":1,"start":321,"end":323,"text":"AR","terms":[]}]}]},{"id":3,"start":385,"end":550,"text":"An initial screen of 43 different mutants revealed that ARs having a Leu701His mutation (AR(L701H)) exhibited hormone-independent activation of a lacZ reporter gene.","terms":[{"ids":"UMLS:C0003504:T047:DISO|UNIPROT:P01721:T116:PRGE|UNIPROT:Q9NZJ4:T116:PRGE|UNIPROT:P10275:T116:PRGE","score":1.0,"id":1,"start":474,"end":476,"text":"AR","terms":[]},{"ids":"UNIPROT:Q9H3M7:T116:PRGE","score":0.49574418306710827,"id":2,"start":531,"end":549,"text":"lacZ reporter gene","terms":[]}]},{"id":4,"start":551,"end":731,"text":"The AR(L701H) mutant bound dihydrotestosterone to a similar extent as did wild type AR, although its ability to be induced by hormone for transactivation was reduced substantially.","terms":[{"ids":"UMLS:C0003504:T047:DISO|UNIPROT:P01721:T116:PRGE|UNIPROT:Q9NZJ4:T116:PRGE|UNIPROT:P10275:T116:PRGE","score":1.0,"id":1,"start":555,"end":557,"text":"AR","terms":[]},{"ids":"UNIPROT:Q13326:T116:PRGE|UNIPROT:P38405:T116:PRGE","score":0.5932112586076467,"id":2,"start":625,"end":637,"text":"wild type AR","terms":[{"ids":"UMLS:C0003504:T047:DISO","score":1.0,"id":1,"start":635,"end":637,"text":"AR","terms":[]}]}]},{"id":5,"start":732,"end":846,"text":"Subsequent studies focused on the dependence of AR(L701H) on molecular chaperones for folding to the active state.","terms":[{"ids":"UMLS:C0003504:T047:DISO|UNIPROT:P01721:T116:PRGE|UNIPROT:Q9NZJ4:T116:PRGE|UNIPROT:P10275:T116:PRGE","score":1.0,"id":1,"start":780,"end":782,"text":"AR","terms":[]}]},{"id":6,"start":847,"end":1004,"text":"We found that AR(L701H) was highly dependent on  Hsp90 for its hormone-independent activation, suggesting that this chaperone functions in AR(L701H) folding.","terms":[{"ids":"UMLS:C0003504:T047:DISO|UNIPROT:P01721:T116:PRGE|UNIPROT:Q9NZJ4:T116:PRGE|UNIPROT:P10275:T116:PRGE","score":1.0,"id":1,"start":861,"end":863,"text":"AR","terms":[]},{"ids":"UNIPROT:P07900:T116:PRGE","score":0.8449020082003985,"id":2,"start":896,"end":901,"text":"Hsp90","terms":[]},{"ids":"UMLS:C0003504:T047:DISO|UNIPROT:P01721:T116:PRGE|UNIPROT:Q9NZJ4:T116:PRGE|UNIPROT:P10275:T116:PRGE","score":1.0,"id":3,"start":986,"end":988,"text":"AR","terms":[]}]},{"id":7,"start":1005,"end":1192,"text":"However, the mutant did not respond specifically  to increased levels of FKBP52, suggesting that this chaperone functions at the hormone-dependent activation stage in the folding process.","terms":[{"ids":"UNIPROT:Q02790:T116:PRGE","score":0.9926346170331026,"id":1,"start":1078,"end":1084,"text":"FKBP52","terms":[]}]},{"id":8,"start":1193,"end":1336,"text":"Further studies of AR(L701H) in PC3 cells suggested that this mutant is prohibited from hormone-independent transactivation in mammalian cells.","terms":[{"ids":"UMLS:C0003504:T047:DISO|UNIPROT:P01721:T116:PRGE|UNIPROT:Q9NZJ4:T116:PRGE|UNIPROT:P10275:T116:PRGE","score":1.0,"id":1,"start":1212,"end":1214,"text":"AR","terms":[]}]},{"id":9,"start":1337,"end":1591,"text":"However, basal expression of a reporter gene by AR(L701H) was not impaired by the presence of 17-allylamino-17-demethoxygeldanamycin as was wild type AR, suggesting differential interactions of these receptors with molecular chaperones in animal  cells..","terms":[{"ids":"UMLS:C0003504:T047:DISO|UNIPROT:P01721:T116:PRGE|UNIPROT:Q9NZJ4:T116:PRGE|UNIPROT:P10275:T116:PRGE","score":1.0,"id":1,"start":1385,"end":1387,"text":"AR","terms":[]},{"ids":"UNIPROT:Q13326:T116:PRGE|UNIPROT:P38405:T116:PRGE","score":0.7751044497848624,"id":2,"start":1477,"end":1489,"text":"wild type AR","terms":[{"ids":"UMLS:C0003504:T047:DISO","score":1.0,"id":1,"start":1487,"end":1489,"text":"AR","terms":[]}]}]}]