[{"id":0,"start":0,"end":144,"text":"Atypical Rothmund-Thomson syndrome in a patient with compound heterozygous mutations in RECQL4 gene and phenotypic features in RECQL4 syndromes.","terms":[{"ids":"UMLS:C0032339:T047:DISO","score":1.0,"id":1,"start":9,"end":34,"text":"Rothmund-Thomson syndrome","terms":[]},{"ids":"UNIPROT:P63132:T116:PRGE|UNIPROT:P63135:T116:PRGE|UNIPROT:Q9BXR3:T116:PRGE|UNIPROT:Q9UQG0:T116:PRGE|UNIPROT:P10266:T116:PRGE|UNIPROT:Q9WJR5:T116:PRGE|UNIPROT:P63133:T116:PRGE|UNIPROT:P63136:T116:PRGE","score":0.6123902158267525,"id":2,"start":75,"end":99,"text":"mutations in RECQL4 gene","terms":[]},{"ids":"UMLS:C0039082:T047:DISO","score":1.0,"id":3,"start":134,"end":143,"text":"syndromes","terms":[]}]},{"id":1,"start":145,"end":324,"text":"We describe the natural history of the RTSII phenotype in a 7-year-old boy who developed intrauterine and postnatal growth retardation, failure to thrive and persisting diarrhoea.","terms":[{"ids":"UMLS:C0015544:T047:DISO","score":1.0,"id":1,"start":281,"end":298,"text":"failure to thrive","terms":[]}]},{"id":2,"start":325,"end":410,"text":"The growth hormone stimulation test identified an isolated growth hormone deficiency.","terms":[{"ids":"UNIPROT:P01242:T116:PRGE|UNIPROT:P01241:T116:PRGE","score":0.7825996212697648,"id":1,"start":329,"end":343,"text":"growth hormone","terms":[]},{"ids":"UMLS:C0271563:T047:DISO","score":1.0,"id":2,"start":375,"end":409,"text":"isolated growth hormone deficiency","terms":[{"ids":"UNIPROT:P01242:T116:PRGE|UNIPROT:P01241:T116:PRGE","score":0.7825996212697648,"id":1,"start":384,"end":398,"text":"growth hormone","terms":[]}]}]},{"id":3,"start":411,"end":614,"text":"Since infancy, the patient manifested skin lesions characterized by a very mild poikilodermic-like appearance on the cheeks only, widespread caf  -au-lait spots and the absence of eyebrows and eyelashes.","terms":[{"ids":"UMLS:C0263505:T047:DISO","score":1.0,"id":1,"start":558,"end":560,"text":"au","terms":[]},{"ids":"UMLS:C0015230:T047:DISO","score":1.0,"id":2,"start":566,"end":571,"text":"spots","terms":[]},{"ids":"UMLS:C0015420:T023:ANAT","score":1.0,"id":3,"start":591,"end":599,"text":"eyebrows","terms":[]},{"ids":"UMLS:C0015422:T023:ANAT","score":1.0,"id":4,"start":604,"end":613,"text":"eyelashes","terms":[]}]},{"id":4,"start":615,"end":637,"text":"There was no cataract.","terms":[]},{"id":5,"start":638,"end":762,"text":"Orthopaedic and radiologic work-up identified the absence of thumb anomaly and radial head luxation and patellar hypoplasia.","terms":[{"ids":"UMLS:C0040067:T023:ANAT","score":1.0,"id":1,"start":699,"end":704,"text":"thumb","terms":[]},{"ids":"UMLS:C0223696:T023:ANAT","score":1.0,"id":2,"start":717,"end":728,"text":"radial head","terms":[]},{"ids":"UMLS:C0030647:T023:ANAT","score":1.0,"id":3,"start":742,"end":750,"text":"patellar","terms":[]}]},{"id":6,"start":763,"end":825,"text":"Neurologic, cognitive milestones and intelligence were normal.","terms":[]},{"id":7,"start":826,"end":875,"text":"The cytogenetic work-up did not show any anomaly.","terms":[]},{"id":8,"start":876,"end":1147,"text":"Based on this clinical presentation, we carried out a sequencing analysis of the RECQL4 gene, which is responsible for Rothmund-Thomson, RAPADILINO and Baller-Gerold syndromes and found a splice site mutation (IVS10-1G\u003eA) and a nucleotide substitution in exon 12 (L638P).","terms":[{"ids":"UNIPROT:O94761:T116:PRGE","score":0.34110553535839205,"id":1,"start":957,"end":968,"text":"RECQL4 gene","terms":[]},{"ids":"UMLS:C0039082:T047:DISO","score":1.0,"id":2,"start":1042,"end":1051,"text":"syndromes","terms":[]}]},{"id":9,"start":1148,"end":1277,"text":"The mother was identified as a carrier for the substitution in exon 12 and the father for the splice site mutation, respectively.","terms":[]},{"id":10,"start":1278,"end":1427,"text":"An analysis of the transcripts focused on the RECQL4 helicase domain: in the proband only those generated from the maternal L638 allele were present.","terms":[{"ids":"UNIPROT:O94761:T116:PRGE","score":0.7955681734639485,"id":1,"start":1324,"end":1346,"text":"RECQL4 helicase domain","terms":[]}]},{"id":11,"start":1428,"end":1566,"text":"This case report emphasizes the clinical overlap between RAPADILINO and Rothmund-Thomson syndromes within a continuum phenotypic spectrum.","terms":[{"ids":"UMLS:C0039082:T047:DISO","score":1.0,"id":1,"start":1517,"end":1526,"text":"syndromes","terms":[]}]},{"id":12,"start":1567,"end":1711,"text":"The distinctive set of clinical signs displayed by the patient may be accounted for by his unique combination of two different RECQL4 mutations.","terms":[]},{"id":13,"start":1712,"end":1977,"text":"The molecular findings provide information that enhances our comprehension of genotype-phenotype correlations in RECQL4 diseases, enables a more precise genetic counseling to the parents and facilitates a more appropriate long-term follow-up to the affected child..","terms":[]}]