[{"id":0,"start":0,"end":149,"text":"The phosphatidylethanolamine N-methyltransferase gene V175M single nucleotide polymorphism confers the susceptibility to NASH in Japanese population.","terms":[{"ids":"UNIPROT:Q9UBM1:T116:PRGE","score":0.2705015834708985,"id":1,"start":4,"end":53,"text":"phosphatidylethanolamine N-methyltransferase gene","terms":[]}]},{"id":1,"start":150,"end":279,"text":"BACKGROUND/AIMS: The genetic predisposition on the development of nonalcoholic steatohepatitis (NASH) has been poorly understood.","terms":[{"ids":"UMLS:C3241937:T047:DISO","score":1.0,"id":1,"start":216,"end":244,"text":"nonalcoholic steatohepatitis","terms":[]}]},{"id":2,"start":280,"end":465,"text":"A functional polymorphism Val175Met was reported in phosphatidylethanolamine N-methyltransferase (PEMT) that catalyzes the conversion of phosphatidylethanolamine to phosphatidylcholine.","terms":[{"ids":"UNIPROT:Q9UBM1:T116:PRGE","score":0.8803967149000557,"id":1,"start":378,"end":382,"text":"PEMT","terms":[]}]},{"id":3,"start":466,"end":604,"text":"The aim of this study was to investigate whether the carriers of Val175Met variant impaired in PEMT activity are more susceptible to NASH.","terms":[{"ids":"UNIPROT:P63132:T116:PRGE|UNIPROT:P63135:T116:PRGE|UNIPROT:Q9BXR3:T116:PRGE|UNIPROT:Q9UQG0:T116:PRGE|UNIPROT:P10266:T116:PRGE|UNIPROT:Q9WJR5:T116:PRGE|UNIPROT:P63133:T116:PRGE|UNIPROT:P63136:T116:PRGE","score":0.37089112120346696,"id":1,"start":531,"end":565,"text":"Val175Met variant impaired in PEMT","terms":[]}]},{"id":4,"start":605,"end":796,"text":"METHODS: Blood samples of 107 patients with biopsy-proven NASH and of 150 healthy volunteers were analyzed by the polymerase chain reaction (PCR) and restriction fragment length polymorphism.","terms":[]},{"id":5,"start":797,"end":1055,"text":"RESULTS: Val175Met variant allele of the PEMT gene was significantly more frequent in NASH patients than in healthy volunteers (p\u003c0.001), and carriers of Val175Met variant were significantly more frequent in NASH patients than in healthy volunteers (p\u003c0.01).","terms":[{"ids":"UNIPROT:Q9UBM1:T116:PRGE","score":0.5052855237711589,"id":1,"start":838,"end":847,"text":"PEMT gene","terms":[]}]},{"id":6,"start":1056,"end":1264,"text":"Among NASH patients, body mass index was significantly lower (p\u003c0.05), and non-obese patients were significantly more frequent (p\u003c0.001) in carriers of Val175Met variant than in homozygotes of wild type PEMT.","terms":[{"ids":"UMLS:C0028754:T047:DISO","score":1.0,"id":1,"start":1135,"end":1140,"text":"obese","terms":[]}]},{"id":7,"start":1265,"end":1520,"text":"CONCLUSIONS: Val175Met variant of PEMT could be a candidate molecule that determines the susceptibility to NASH, because it is more frequently observed in NASH patients and non-obese persons with Val175Met variant of PEMT are facilitated to develop NASH..","terms":[{"ids":"UMLS:C0028754:T047:DISO","score":1.0,"id":1,"start":1442,"end":1447,"text":"obese","terms":[]},{"ids":"UNIPROT:P17947:T116:PRGE|UNIPROT:Q9BX63:T116:PRGE","score":0.37627288694097083,"id":2,"start":1461,"end":1486,"text":"Val175Met variant of PEMT","terms":[]}]}]