[{"id":0,"start":0,"end":173,"text":"Identification of PVT1 as a candidate gene for end-stage renal disease in type 2 diabetes using a pooling-based genome-wide single nucleotide polymorphism association study.","terms":[{"ids":"UMLS:C2316810:T047:DISO|UMLS:C0022661:T047:DISO","score":1.0,"id":1,"start":47,"end":70,"text":"end-stage renal disease","terms":[{"ids":"UMLS:C0022646:T023:ANAT","score":1.0,"id":1,"start":57,"end":62,"text":"renal","terms":[]}]},{"ids":"UMLS:C0011860:T047:DISO","score":1.0,"id":2,"start":74,"end":89,"text":"type 2 diabetes","terms":[]}]},{"id":1,"start":174,"end":514,"text":"To identify genetic variants contributing to end-stage renal disease (ESRD) in type 2 diabetes, we performed a genome-wide analysis of 115,352 single nucleotide polymorphisms (SNPs) in pools of 105 unrelated case subjects with ESRD and 102 unrelated control subjects who have had type 2 diabetes for \u003e or \u003d10 years without macroalbuminuria.","terms":[{"ids":"UMLS:C2316810:T047:DISO|UMLS:C0022661:T047:DISO","score":1.0,"id":1,"start":219,"end":242,"text":"end-stage renal disease","terms":[{"ids":"UMLS:C0022646:T023:ANAT","score":1.0,"id":1,"start":229,"end":234,"text":"renal","terms":[]}]},{"ids":"UMLS:C2316810:T047:DISO|UMLS:C0022661:T047:DISO","score":1.0,"id":2,"start":244,"end":248,"text":"ESRD","terms":[]},{"ids":"UMLS:C0011860:T047:DISO","score":1.0,"id":3,"start":253,"end":268,"text":"type 2 diabetes","terms":[]},{"ids":"UMLS:C2316810:T047:DISO|UMLS:C0022661:T047:DISO","score":1.0,"id":4,"start":401,"end":405,"text":"ESRD","terms":[]},{"ids":"UMLS:C0011860:T047:DISO","score":1.0,"id":5,"start":454,"end":469,"text":"type 2 diabetes","terms":[]}]},{"id":2,"start":515,"end":707,"text":"Using a sliding window statistic of ranked SNPs, we identified a 200-kb region on 8q24 harboring three SNPs showing substantial differences in allelic frequency between case and control pools.","terms":[]},{"id":3,"start":708,"end":953,"text":"These SNPs were genotyped in individuals comprising each pool, and strong evidence for association was found with rs2720709 (P \u003d 0.000021; odds ratio 2.57 [95% CI 1.66-3.96]), which is located in the plasmacytoma variant translocation gene PVT1.","terms":[]},{"id":4,"start":954,"end":1139,"text":"We sequenced all exons, exon-intron boundaries, and the promoter of PVT1 and identified 47 variants, 11 of which represented nonredundant markers with minor allele frequency \u003e or \u003d0.05.","terms":[]},{"id":5,"start":1140,"end":1355,"text":"We subsequently genotyped these 11 variants and an additional 87 SNPs identified through public databases in 319-kb flanking rs2720709 ( approximately 1 SNP/3.5 kb); 23 markers were associated with ESRD at P \u003c 0.01.","terms":[{"ids":"UMLS:C2316810:T047:DISO|UMLS:C0022661:T047:DISO","score":1.0,"id":1,"start":1338,"end":1342,"text":"ESRD","terms":[]}]},{"id":6,"start":1356,"end":1485,"text":"The strongest evidence for association was found for rs2648875 (P \u003d 0.0000018; 2.97 [1.90-4.65]), which maps to intron 8 of PVT1.","terms":[]},{"id":7,"start":1486,"end":1579,"text":"Together, these results suggest that PVT1 may contribute to ESRD susceptibility in diabetes..","terms":[{"ids":"UMLS:C2316810:T047:DISO|UMLS:C0022661:T047:DISO","score":1.0,"id":1,"start":1546,"end":1550,"text":"ESRD","terms":[]},{"ids":"UMLS:C0011847:T047:DISO|UMLS:C0011849:T047:DISO","score":1.0,"id":2,"start":1569,"end":1577,"text":"diabetes","terms":[]}]}]