[{"id":0,"start":0,"end":113,"text":"Composite adrenal anaplastic neuroblastoma and virilizing adrenocortical tumor with germline TP53 R248W mutation.","terms":[]},{"id":1,"start":114,"end":150,"text":"Composite tumors are extremely rare.","terms":[]},{"id":2,"start":151,"end":250,"text":"Such tumors in adrenal glands are usually of neuroendocrine-neural type and occur mostly in adults.","terms":[{"ids":"UMLS:C0001625:T023:ANAT","score":1.0,"id":1,"start":166,"end":180,"text":"adrenal glands","terms":[]}]},{"id":3,"start":251,"end":286,"text":"Their pathogenesis remains elusive.","terms":[]},{"id":4,"start":287,"end":435,"text":"We report a patient with composite neuroblastoma (NB), adrenocortical tumor (ACT), and Li-Fraumeni syndrome (LFS) with germline TP53 R248W mutation.","terms":[{"ids":"UMLS:C0020758:T047:DISO","score":1.0,"id":1,"start":374,"end":376,"text":"Li","terms":[]},{"ids":"UMLS:C0039082:T047:DISO","score":1.0,"id":2,"start":386,"end":394,"text":"syndrome","terms":[]}]},{"id":5,"start":436,"end":567,"text":"LFS predisposes to the development of leukemia, sarcomas, adrenocortical and breast carcinomas, brain tumors and, questionably, NB.","terms":[{"ids":"UMLS:C0006141:T023:ANAT","score":1.0,"id":1,"start":513,"end":519,"text":"breast","terms":[]},{"ids":"UMLS:C0006104:T023:ANAT","score":1.0,"id":2,"start":532,"end":537,"text":"brain","terms":[]}]},{"id":6,"start":568,"end":685,"text":"A unique correlation between a single TP53 mutation (R337H) and ACT has been reported in southern Brazilian children.","terms":[]},{"id":7,"start":686,"end":793,"text":"It remains unclear at this time whether a similar association of NB and R248W in patients with LFS exists..","terms":[]}]