[{"id":0,"start":0,"end":68,"text":"Mutations and polymorphisms of the p21B transcript in breast cancer.","terms":[{"ids":"UMLS:C0006141:T023:ANAT","score":1.0,"id":1,"start":54,"end":60,"text":"breast","terms":[]}]},{"id":1,"start":69,"end":173,"text":"p21(WAF1/CIP1), transcribed from the CDKN1A locus, plays a key role executing p53-induced growth arrest.","terms":[{"ids":"UNIPROT:Q15170:T116:PRGE|UNIPROT:P38936:T116:PRGE|UNIPROT:P42857:T116:PRGE","score":0.9548939080697998,"id":1,"start":69,"end":72,"text":"p21","terms":[]},{"ids":"UNIPROT:P38936:T116:PRGE","score":0.9548939080697998,"id":2,"start":73,"end":77,"text":"WAF1","terms":[]},{"ids":"UNIPROT:P38936:T116:PRGE|UNIPROT:Q9BXP2:T116:PRGE","score":0.9548939080697998,"id":3,"start":78,"end":82,"text":"CIP1","terms":[]},{"ids":"UNIPROT:P38936:T116:PRGE","score":0.9548939080697998,"id":4,"start":106,"end":118,"text":"CDKN1A locus","terms":[]},{"ids":"UNIPROT:P42771:T116:PRGE","score":0.9548939080697998,"id":5,"start":147,"end":150,"text":"p53","terms":[]}]},{"id":2,"start":174,"end":307,"text":"The recent discovery that an alternative transcript, p21B, induces apoptosis, suggests an additional important function of this gene.","terms":[]},{"id":3,"start":309,"end":476,"text":"Here, we report p21 and p21B mutation status in large cohorts of breast cancers and compare distributions of p21B polymorphisms in cancer patients to healthy controls.","terms":[{"ids":"UNIPROT:Q15170:T116:PRGE|UNIPROT:P38936:T116:PRGE|UNIPROT:P42857:T116:PRGE","score":0.8668087098226971,"id":1,"start":325,"end":328,"text":"p21","terms":[]},{"ids":"UMLS:C0006141:T023:ANAT","score":1.0,"id":2,"start":374,"end":380,"text":"breast","terms":[]}]},{"id":4,"start":477,"end":579,"text":"In 521 breast tumor samples analyzed, only one point mutation affecting the p21B protein was observed.","terms":[{"ids":"UMLS:C0006141:T023:ANAT","score":1.0,"id":1,"start":484,"end":490,"text":"breast","terms":[]},{"ids":"UNIPROT:Q92791:T116:PRGE|UNIPROT:O14495:T116:PRGE|UNIPROT:Q5T1R4:T116:PRGE|UNIPROT:Q13526:T116:PRGE|UNIPROT:Q15233:T116:PRGE","score":0.9751361554448345,"id":2,"start":553,"end":565,"text":"p21B protein","terms":[]}]},{"id":5,"start":580,"end":657,"text":"No mutations were found when screening a panel of  20 established cell lines.","terms":[]},{"id":6,"start":658,"end":707,"text":"A novel polymorphism, p21B(G128T) was identified.","terms":[]},{"id":7,"start":708,"end":880,"text":"Haplotype analysis revealed no association between this variant and the previously identified p21B polymorphism p21B(T35C) or any of the known p21(WAF1/CIP1) polymorphisms.","terms":[{"ids":"UNIPROT:Q15170:T116:PRGE|UNIPROT:P38936:T116:PRGE|UNIPROT:P42857:T116:PRGE","score":0.47815504362602546,"id":1,"start":851,"end":854,"text":"p21","terms":[]},{"ids":"UNIPROT:P38936:T116:PRGE","score":0.47815504362602546,"id":2,"start":855,"end":859,"text":"WAF1","terms":[]},{"ids":"UNIPROT:P38936:T116:PRGE|UNIPROT:Q9BXP2:T116:PRGE","score":0.47815504362602546,"id":3,"start":860,"end":864,"text":"CIP1","terms":[]}]},{"id":8,"start":881,"end":1047,"text":"As previously reported for p21B(T35C), distribution of p21B(G128T) was similar among breast cancer patients and healthy controls (n \u003d 691 and 1,015; incidence 6.1 vs.","terms":[{"ids":"UMLS:C0006141:T023:ANAT","score":1.0,"id":1,"start":966,"end":972,"text":"breast","terms":[]}]},{"id":9,"start":1048,"end":1079,"text":"4.8%; p \u003d 0.273, respectively).","terms":[]},{"id":10,"start":1080,"end":1226,"text":"No association between p21B(G128T) or p21B(T35C) and response to chemotherapy with an anthracycline-containing regimen or paclitaxel was recorded.","terms":[]},{"id":11,"start":1227,"end":1391,"text":"Our findings do not  suggest mutations or polymorphisms of p21B to play a major role with respect to either breast cancer risk or sensitivity towards chemotherapy..","terms":[{"ids":"UMLS:C0006141:T023:ANAT","score":1.0,"id":1,"start":1335,"end":1341,"text":"breast","terms":[]}]}]