[{"id":0,"start":0,"end":98,"text":"VEGF transcription and mRNA stability are altered by WT1 not DDS(R384W) expression in LNCaP cells.","terms":[{"ids":"UMLS:C0950121:T047:DISO|UMLS:C0796074:T047:DISO","score":1.0,"id":1,"start":61,"end":64,"text":"DDS","terms":[]}]},{"id":1,"start":99,"end":331,"text":"To identify physiologically relevant WT1 transcriptional target genes in prostate cancer cells, we have established stably transfected LNCaP cell lines expressing  either WT1(A), its mutant counterpart DDS(R384W), or vector control.","terms":[{"ids":"UMLS:C0033572:T023:ANAT","score":1.0,"id":1,"start":172,"end":180,"text":"prostate","terms":[]},{"ids":"UMLS:C0950121:T047:DISO|UMLS:C0796074:T047:DISO","score":1.0,"id":2,"start":301,"end":304,"text":"DDS","terms":[]}]},{"id":2,"start":332,"end":476,"text":"Microarray analyses of these cells revealed that vascular endothelial growth factor (VEGF) was differentially expressed in the engineered lines.","terms":[{"ids":"UNIPROT:Q13829:T116:PRGE","score":0.9982686871690586,"id":1,"start":381,"end":415,"text":"vascular endothelial growth factor","terms":[{"ids":"UMLS:C0005847:T023:ANAT","score":1.0,"id":1,"start":381,"end":389,"text":"vascular","terms":[]}]}]},{"id":3,"start":477,"end":688,"text":"Regulation of VEGF by WT1 likely contributes to kidney angiogenesis during development and WT1 mutants such as DDS(R384W) are associated with the Denys-Drash syndrome (DDS), characterized by renal abnormalities.","terms":[{"ids":"UMLS:C0022646:T023:ANAT","score":1.0,"id":1,"start":525,"end":531,"text":"kidney","terms":[]},{"ids":"UMLS:C0950121:T047:DISO","score":1.0,"id":2,"start":588,"end":591,"text":"DDS","terms":[]},{"ids":"UMLS:C0950121:T047:DISO","score":1.0,"id":3,"start":623,"end":643,"text":"Denys-Drash syndrome","terms":[]},{"ids":"UMLS:C0950121:T047:DISO","score":1.0,"id":4,"start":645,"end":648,"text":"DDS","terms":[]},{"ids":"UMLS:C0022646:T023:ANAT","score":1.0,"id":5,"start":668,"end":673,"text":"renal","terms":[]}]},{"id":4,"start":689,"end":845,"text":"Recent mechanistic studies have demonstrated that the WT1(A) isoform binds VEGF promoter sequences and transcriptionally regulates VEGF reporter constructs.","terms":[{"ids":"UNIPROT:P38606:T116:PRGE","score":0.22265897988674394,"id":1,"start":743,"end":787,"text":"WT1(A) isoform binds VEGF promoter sequences","terms":[]}]},{"id":5,"start":846,"end":952,"text":"However, regulation of VEGF is complex, involving both transcriptional and post-transcriptional processes.","terms":[]},{"id":6,"start":953,"end":1126,"text":"This study examined the ability of hormone and Actinomycin D treatment to alter VEGF mRNA levels in stably transfected WT-LNCaP, DDS-LNCaP, or V-LNCaP prostate cancer cells.","terms":[{"ids":"UMLS:C0950121:T047:DISO|UMLS:C0796074:T047:DISO","score":1.0,"id":1,"start":1082,"end":1085,"text":"DDS","terms":[]},{"ids":"UMLS:C0033572:T023:ANAT","score":1.0,"id":2,"start":1104,"end":1112,"text":"prostate","terms":[]}]},{"id":7,"start":1127,"end":1303,"text":"The rationale of this study was based on a previous finding that enhancement of VEGF  expression in DDS-LNCaP cells occurred only in the presence of the androgen analog, R1881.","terms":[{"ids":"UMLS:C0950121:T047:DISO|UMLS:C0796074:T047:DISO","score":1.0,"id":1,"start":1227,"end":1230,"text":"DDS","terms":[]}]},{"id":8,"start":1304,"end":1425,"text":"One possible explanation for these results was that DDS-WT1 stabilized VEGF mRNA so that it accumulated to higher levels.","terms":[{"ids":"UMLS:C0950121:T047:DISO|UMLS:C0796074:T047:DISO|UNIPROT:O60220:T116:PRGE","score":1.0,"id":1,"start":1356,"end":1359,"text":"DDS","terms":[]}]},{"id":9,"start":1426,"end":1581,"text":"This hypothesis was tested by treating engineered LNCaP cells with Actinomycin D (Act D) and then measuring VEGF mRNA levels by quantitative real-time PCR.","terms":[{"ids":"UNIPROT:P63267:T116:PRGE|UNIPROT:P05154:T116:PRGE|UNIPROT:Q562R1:T116:PRGE|UNIPROT:P63261:T116:PRGE|UNIPROT:Q9BYX7:T116:PRGE|UNIPROT:Q5TD97:T116:PRGE","score":0.9258826328597319,"id":1,"start":1508,"end":1513,"text":"Act D","terms":[]}]},{"id":10,"start":1582,"end":1754,"text":"The combined effects of WT1 or DDS(R384W) and hormone were tested in these message stability assays and also in transcription assays of transiently transfected LNCaP cells.","terms":[{"ids":"UMLS:C0950121:T047:DISO|UMLS:C0796074:T047:DISO","score":1.0,"id":1,"start":1613,"end":1616,"text":"DDS","terms":[]}]},{"id":11,"start":1755,"end":1886,"text":"The results  indicated that DDS-WT1 is unable to regulate VEGF transcription or stabilize VEGF mRNA in LNCaP prostate cancer cells.","terms":[{"ids":"UMLS:C0950121:T047:DISO|UMLS:C0796074:T047:DISO|UNIPROT:O60220:T116:PRGE","score":1.0,"id":1,"start":1783,"end":1786,"text":"DDS","terms":[]},{"ids":"UMLS:C0033572:T023:ANAT","score":1.0,"id":2,"start":1864,"end":1872,"text":"prostate","terms":[]}]},{"id":12,"start":1887,"end":2062,"text":"However our observations are also consistent with wild-type WT1(A) having both transcriptional and post-transcriptional effects on VEGF mRNA levels in the presence of hormone.","terms":[]},{"id":13,"start":2063,"end":2216,"text":"These studies of VEGF regulation by WT1 and dysregulation by DDS(R384W) suggest an important role for WT1 in both normal and tumor-related angiogenesis..","terms":[{"ids":"UMLS:C0950121:T047:DISO|UMLS:C0796074:T047:DISO","score":1.0,"id":1,"start":2124,"end":2127,"text":"DDS","terms":[]}]}]