[{"id":0,"start":0,"end":54,"text":"Thermal unfolding of human BRCA1 BRCT-domain variants.","terms":[{"ids":"UNIPROT:P38398:T116:PRGE","score":0.4403899993066466,"id":1,"start":27,"end":32,"text":"BRCA1","terms":[]},{"ids":"UNIPROT:Q9NYG2:T116:PRGE","score":0.4403899993066466,"id":2,"start":33,"end":53,"text":"BRCT-domain variants","terms":[]}]},{"id":1,"start":55,"end":196,"text":"Missense mutations at the BRCT domain of human BRCA1 protein have been associated with an elevated risk for hereditary breast/ovarian cancer.","terms":[{"ids":"UNIPROT:Q9NYG2:T116:PRGE","score":0.7177004400757556,"id":1,"start":81,"end":92,"text":"BRCT domain","terms":[]},{"ids":"UNIPROT:Q8TA86:T116:PRGE|UNIPROT:Q9H0Z9:T116:PRGE","score":0.7177004400757556,"id":2,"start":96,"end":115,"text":"human BRCA1 protein","terms":[]},{"ids":"UMLS:C0006141:T023:ANAT","score":1.0,"id":3,"start":174,"end":180,"text":"breast","terms":[]},{"ids":"UMLS:C0205065:T023:ANAT","score":1.0,"id":4,"start":181,"end":188,"text":"ovarian","terms":[]}]},{"id":2,"start":197,"end":366,"text":"They have been shown  to affect the binding site and they have also been proposed to affect domain stability, severely hampering the protein\u0027s tumor suppressor function.","terms":[]},{"id":3,"start":367,"end":708,"text":"In order to assess the impact of various such mutations upon the stability and the function of the BRCT domain, heat-induced denaturation has been employed to study the thermal unfolding of variants M1775R and R1699W, which have been linked with  the disease, as well as of V1833M, which has been reported for patients with a family history.","terms":[{"ids":"UNIPROT:Q9NYG2:T116:PRGE","score":0.84764102673484,"id":1,"start":466,"end":477,"text":"BRCT domain","terms":[]}]},{"id":4,"start":709,"end":977,"text":"Calorimetric and circular dichroism results reveal that in pH 9.0, 5 mM borate buffer, 200 mM NaCl, analogously to wild type BRCT, all three variants undergo partial thermal unfolding to a denatured state, which retains most of the native\u0027s structural characteristics.","terms":[]},{"id":5,"start":978,"end":1138,"text":"With respect to wild-type BRCT,  the mutation M1775R induces the most severe effects especially upon the thermostability, while R1699W also has a strong impact.","terms":[]},{"id":6,"start":1139,"end":1253,"text":"On the other hand, the thermal unfolding of variant V1833M is only moderately affected relative to wild-type BRCT.","terms":[{"ids":"UMLS:C0018563:T023:ANAT","score":1.0,"id":1,"start":1152,"end":1156,"text":"hand","terms":[]}]},{"id":7,"start":1254,"end":1411,"text":"Moreover, isothermal titration calorimetric measurements reveal that contrary to M1775R and R1699W variants, V1833M binds to BACH1 and CtIP phosphopeptides..","terms":[{"ids":"UNIPROT:O14867:T116:PRGE|UNIPROT:Q9BX63:T116:PRGE","score":0.4896487984565572,"id":1,"start":1379,"end":1384,"text":"BACH1","terms":[]},{"ids":"UNIPROT:Q99708:T116:PRGE","score":0.4896487984565572,"id":2,"start":1389,"end":1393,"text":"CtIP","terms":[]}]}]