[{"id":0,"start":0,"end":96,"text":"Tenomodulin is associated with obesity and diabetes risk: the Finnish diabetes prevention study.","terms":[{"ids":"UNIPROT:Q9H2S6:T116:PRGE","score":0.9709255026973905,"id":1,"start":0,"end":11,"text":"Tenomodulin","terms":[]},{"ids":"UMLS:C0028754:T047:DISO","score":1.0,"id":2,"start":31,"end":38,"text":"obesity","terms":[]},{"ids":"UMLS:C0011847:T047:DISO|UMLS:C0011849:T047:DISO","score":1.0,"id":3,"start":43,"end":51,"text":"diabetes","terms":[]},{"ids":"UMLS:C0011847:T047:DISO|UMLS:C0011849:T047:DISO","score":1.0,"id":4,"start":70,"end":78,"text":"diabetes","terms":[]}]},{"id":1,"start":97,"end":266,"text":"We recently showed that long-term weight reduction changes the gene expression profile of adipose tissue in overweight individuals with impaired glucose tolerance (IGT).","terms":[{"ids":"UMLS:C0271650:T047:DISO","score":1.0,"id":1,"start":233,"end":259,"text":"impaired glucose tolerance","terms":[]}]},{"id":2,"start":267,"end":367,"text":"One of the responding genes was X-chromosomal tenomodulin (TNMD), a putative angiogenesis inhibitor.","terms":[{"ids":"UNIPROT:Q9H2S6:T116:PRGE","score":0.0,"id":1,"start":313,"end":324,"text":"tenomodulin","terms":[]},{"ids":"UNIPROT:Q9H2S6:T116:PRGE","score":0.9840662517260922,"id":2,"start":326,"end":330,"text":"TNMD","terms":[]}]},{"id":3,"start":368,"end":541,"text":"Our aim was to study the associations of individual single nucleotide polymorphisms and haplotypes with adiposity, glucose metabolism, and the risk of type 2 diabetes (T2D).","terms":[{"ids":"UMLS:C0028754:T047:DISO","score":1.0,"id":1,"start":472,"end":481,"text":"adiposity","terms":[]},{"ids":"UMLS:C0011860:T047:DISO","score":1.0,"id":2,"start":519,"end":534,"text":"type 2 diabetes","terms":[]},{"ids":"UMLS:C0011860:T047:DISO","score":1.0,"id":3,"start":536,"end":539,"text":"T2D","terms":[]}]},{"id":4,"start":542,"end":695,"text":"Seven single nucleotide polymorphisms from two different haploblocks were genotyped from 507 participants of the Finnish Diabetes Prevention Study (DPS).","terms":[{"ids":"UMLS:C0011847:T047:DISO|UMLS:C0011849:T047:DISO","score":1.0,"id":1,"start":663,"end":671,"text":"Diabetes","terms":[]}]},{"id":5,"start":696,"end":740,"text":"Sex-specific genotype effects were observed.","terms":[]},{"id":6,"start":741,"end":867,"text":"Three markers of haploblock 1 were associated with features of adiposity in women (rs5966709, rs4828037) and men (rs11798018).","terms":[{"ids":"UMLS:C0028754:T047:DISO","score":1.0,"id":1,"start":804,"end":813,"text":"adiposity","terms":[]}]},{"id":7,"start":868,"end":1003,"text":"Markers rs2073163 and rs1155794 from haploblock 2 were associated with 2-hour plasma glucose levels in men during the 3-year follow-up.","terms":[]},{"id":8,"start":1004,"end":1101,"text":"The same two markers together with rs2073162 associated with the conversion of IGT to T2D in men.","terms":[{"ids":"UMLS:C0011860:T047:DISO","score":1.0,"id":1,"start":1090,"end":1093,"text":"T2D","terms":[]}]},{"id":9,"start":1102,"end":1368,"text":"The risk of developing T2D was approximately 2-fold in individuals with genotypes associated with higher 2-hour plasma glucose levels; the hazard ratios were 2.192 (p \u003d 0.025) for rs2073162-A, 2.191 (p \u003d 0.027) for rs2073163-C, and 1.998 (p \u003d 0.054) for rs1155974-T.","terms":[{"ids":"UMLS:C0011860:T047:DISO","score":1.0,"id":1,"start":1125,"end":1128,"text":"T2D","terms":[]}]},{"id":10,"start":1369,"end":1517,"text":"These results suggest that TNMD polymorphisms are associated with adiposity and also with glucose metabolism and conversion from IGT to T2D in men..","terms":[{"ids":"UMLS:C0028754:T047:DISO","score":1.0,"id":1,"start":1435,"end":1444,"text":"adiposity","terms":[]},{"ids":"UMLS:C0011860:T047:DISO","score":1.0,"id":2,"start":1505,"end":1508,"text":"T2D","terms":[]}]}]