[{"id":0,"start":0,"end":59,"text":"ATM missense variant P1054R predisposes to prostate cancer.","terms":[{"ids":"UNIPROT:Q13315:T116:PRGE|UNIPROT:Q14134:T116:PRGE","score":0.19661641183354378,"id":1,"start":0,"end":3,"text":"ATM","terms":[]},{"ids":"UMLS:C0033572:T023:ANAT","score":1.0,"id":2,"start":43,"end":51,"text":"prostate","terms":[]}]},{"id":1,"start":60,"end":222,"text":"BACKGROUND: Prostate cancer is associated with defective DNA strand break repair  after DNA damage leading to genetic instability and prostate cancer progression.","terms":[{"ids":"UMLS:C0033572:T023:ANAT","score":1.0,"id":1,"start":72,"end":80,"text":"Prostate","terms":[]},{"ids":"UMLS:C0033572:T023:ANAT","score":1.0,"id":2,"start":194,"end":202,"text":"prostate","terms":[]}]},{"id":2,"start":224,"end":374,"text":"The ATM (ataxia-telangiectasia mutated) gene product is known to play an important role in cell cycle regulation and maintenance of genomic integrity.","terms":[{"ids":"UNIPROT:Q13315:T116:PRGE|UNIPROT:Q14134:T116:PRGE","score":0.3705368109453275,"id":1,"start":228,"end":231,"text":"ATM","terms":[]},{"ids":"UMLS:C0004135:T047:DISO","score":1.0,"id":2,"start":233,"end":254,"text":"ataxia-telangiectasia","terms":[]}]},{"id":3,"start":375,"end":601,"text":"We  investigated whether the prevalence of the ATM missense substitution P1054R is increased in a hospital-based series of prostate cancer patients and whether carriers are at increased risk for treatment-related side effects.","terms":[{"ids":"UNIPROT:Q13315:T116:PRGE|UNIPROT:Q14134:T116:PRGE","score":0.5094423932132212,"id":1,"start":422,"end":425,"text":"ATM","terms":[]},{"ids":"UMLS:C0033572:T023:ANAT","score":1.0,"id":2,"start":498,"end":506,"text":"prostate","terms":[]}]},{"id":4,"start":602,"end":912,"text":"MATERIALS AND METHODS: A consecutive series of 261 patients treated for early-stage prostate cancer with I-125 brachytherapy (permanent seed implantation) between 10/2000 and 04/2006 at our institution and a comparison group of 460 male control individuals were screened for the presence of the P1054R variant.","terms":[{"ids":"UNIPROT:O15078:T116:PRGE","score":0.933948713241256,"id":1,"start":674,"end":701,"text":"early-stage prostate cancer","terms":[{"ids":"UMLS:C0033572:T023:ANAT","score":1.0,"id":1,"start":686,"end":694,"text":"prostate","terms":[]}]}]},{"id":5,"start":913,"end":1012,"text":"Outcome of therapy regarding morbidity was assessed prospectively and compared between carriers vs.","terms":[]},{"id":6,"start":1013,"end":1204,"text":"non-carriers with the International Prostate Symptom Score (IPSS), a Quality-of-Life-index (QoL) and the International Index of Erectile Function (IIEF-15) with its subgroups (IIEF-5 and EF).","terms":[{"ids":"UMLS:C0033572:T023:ANAT","score":1.0,"id":1,"start":1049,"end":1057,"text":"Prostate","terms":[]}]},{"id":7,"start":1205,"end":1368,"text":"RESULTS: The proportion of carriers of the P1054R variant was significantly higher among prostate cancer patients than in the general population (25 out of 261 vs.","terms":[{"ids":"UMLS:C0033572:T023:ANAT","score":1.0,"id":1,"start":1294,"end":1302,"text":"prostate","terms":[]}]},{"id":8,"start":1369,"end":1416,"text":"22 out of 460; OR 2.1; 95% CI 1.2-3.8, p\u003c0.01).","terms":[]},{"id":9,"start":1417,"end":1571,"text":"A subgroup of the carriers additionally harboured the ATM missense variant F858L that was associated with a similar risk (OR\u003d2.2; 95% CI 1.1-4.6; p\u003d0.03).","terms":[{"ids":"UNIPROT:Q13315:T116:PRGE|UNIPROT:Q14134:T116:PRGE","score":0.5322573666921643,"id":1,"start":1471,"end":1497,"text":"ATM missense variant F858L","terms":[]}]},{"id":10,"start":1572,"end":1782,"text":"After a mean follow-up of 18 months there were no statistically significant differences regarding IPSS (p\u003d0.48), QoL (p\u003d0.61), IIEF-15 score (p\u003d0.78), IIEF-5 score (p\u003d0.83), and EF score (p\u003d0.80), respectively.","terms":[]},{"id":11,"start":1783,"end":1902,"text":"CONCLUSIONS: The ATM missense variant P1054R confers an about twofold increased risk for prostate cancer in our series.","terms":[{"ids":"UNIPROT:Q13315:T116:PRGE|UNIPROT:Q14134:T116:PRGE","score":0.933679418225165,"id":1,"start":1800,"end":1827,"text":"ATM missense variant P1054R","terms":[]},{"ids":"UMLS:C0033572:T023:ANAT","score":1.0,"id":2,"start":1872,"end":1880,"text":"prostate","terms":[]}]},{"id":12,"start":1903,"end":1999,"text":"The subgroup of patients with the second-site variant F858L is not at significantly higher risk.","terms":[]},{"id":13,"start":2000,"end":2106,"text":"After 18 months, there was no evidence for an increased adverse radiotherapy response in P1054R carriers..","terms":[]}]