[{"id":0,"start":0,"end":134,"text":"Possession of ATM sequence variants as predictor for late normal tissue responses in breast cancer patients treated with radiotherapy.","terms":[{"ids":"UNIPROT:Q13315:T116:PRGE|UNIPROT:Q14134:T116:PRGE","score":0.6592125137575834,"id":1,"start":14,"end":26,"text":"ATM sequence","terms":[]},{"ids":"UMLS:C0006141:T023:ANAT","score":1.0,"id":2,"start":85,"end":91,"text":"breast","terms":[]}]},{"id":1,"start":135,"end":238,"text":"PURPOSE: The ATM gene product is a central component of cell cycle regulation and genomic surveillance.","terms":[{"ids":"UNIPROT:Q13315:T116:PRGE|UNIPROT:Q14134:T116:PRGE","score":0.6806782611703434,"id":1,"start":148,"end":164,"text":"ATM gene product","terms":[]}]},{"id":2,"start":239,"end":377,"text":"We hypothesized that DNA sequence alterations in ATM predict for adverse effects after external beam radiotherapy for early breast cancer.","terms":[{"ids":"UMLS:C0006141:T023:ANAT","score":1.0,"id":1,"start":363,"end":369,"text":"breast","terms":[]}]},{"id":3,"start":378,"end":610,"text":"METHODS AND MATERIALS: A total of 131 patients with a minimum of 2 years follow-up who had undergone breast-conserving surgery and adjuvant radiotherapy were screened for sequence alterations in ATM using DNA from blood lymphocytes.","terms":[{"ids":"UMLS:C0006141:T023:ANAT","score":1.0,"id":1,"start":479,"end":485,"text":"breast","terms":[]}]},{"id":4,"start":611,"end":700,"text":"Genetic variants were identified using denaturing high performance liquid chromatography.","terms":[]},{"id":5,"start":701,"end":858,"text":"The Radiation Therapy Oncology Group late morbidity scoring schemes for skin and subcutaneous tissues were applied to quantify the radiation-induced effects.","terms":[]},{"id":6,"start":859,"end":1038,"text":"RESULTS: Of the 131 patients, 51 possessed ATM sequence alterations located within exons or in short intron regions flanking each exon that encompass putative splice site regions.","terms":[]},{"id":7,"start":1039,"end":1128,"text":"Of these 51 patients, 21 (41%) exhibited a minimum  of a Grade 2 late radiation response.","terms":[]},{"id":8,"start":1129,"end":1312,"text":"In contrast, of the 80 patients without an  ATM sequence variation, only 18 (23%) had radiation-induced adverse responses, for an odds ratio of 2.4 (95% confidence interval, 1.1-5.2).","terms":[]},{"id":9,"start":1313,"end":1489,"text":"Fifteen patients were heterozygous for the G--\u003eA polymorphism at nucleotide 5557, which causes substitution of asparagine for aspartic acid at position 1853 of the ATM protein.","terms":[{"ids":"UNIPROT:Q13315:T116:PRGE","score":0.9250693595451024,"id":1,"start":1477,"end":1488,"text":"ATM protein","terms":[]}]},{"id":10,"start":1490,"end":1684,"text":"Of these 15 patients, 8 (53%) exhibited a Grade 2-4 late response compared with 31 (27%) of the 116 patients without this alteration, for an odds ratio of 3.1 (95% confidence interval, 1.1-9.4).","terms":[]},{"id":11,"start":1685,"end":1859,"text":"CONCLUSION: Sequence variants located in the ATM gene, in particular the 5557 G--\u003eA polymorphism, may predict for late adverse radiation responses in breast cancer patients..","terms":[{"ids":"UNIPROT:Q13315:T116:PRGE|UNIPROT:Q14134:T116:PRGE","score":0.970670513712071,"id":1,"start":1730,"end":1738,"text":"ATM gene","terms":[]},{"ids":"UMLS:C0006141:T023:ANAT","score":1.0,"id":2,"start":1835,"end":1841,"text":"breast","terms":[]}]}]