[{"id":0,"start":0,"end":94,"text":"Identification of sequences that target BRCA1 to nuclear foci following alkylative DNA damage.","terms":[{"ids":"UNIPROT:P38398:T116:PRGE","score":0.9990711614003961,"id":1,"start":40,"end":45,"text":"BRCA1","terms":[]}]},{"id":1,"start":95,"end":171,"text":"BRCA1 is a tumor suppressor involved in the maintenance of genome integrity.","terms":[{"ids":"UNIPROT:P38398:T116:PRGE","score":0.9967861642630745,"id":1,"start":95,"end":100,"text":"BRCA1","terms":[]}]},{"id":2,"start":172,"end":306,"text":"BRCA1 co-localizes with DNA repair proteins at nuclear foci in response to DNA double-strand breaks caused by ionizing radiation (IR).","terms":[{"ids":"UNIPROT:P38398:T116:PRGE","score":0.6338492329551725,"id":1,"start":172,"end":177,"text":"BRCA1","terms":[]}]},{"id":3,"start":307,"end":401,"text":"The response of BRCA1 to  agents that elicit DNA single-strand breaks (SSB) is poorly defined.","terms":[{"ids":"UNIPROT:P38398:T116:PRGE","score":0.8486558429419588,"id":1,"start":323,"end":328,"text":"BRCA1","terms":[]}]},{"id":4,"start":402,"end":607,"text":"In this study, we compared chemicals that induce SSB repair and observed the most striking nuclear redistribution of BRCA1 following treatment with the alkylating  agent methyl methanethiosulfonate (MMTS).","terms":[{"ids":"UNIPROT:Q04837:T116:PRGE|UNIPROT:P05455:T116:PRGE","score":0.9059626544605,"id":1,"start":451,"end":454,"text":"SSB","terms":[]},{"ids":"UNIPROT:P38398:T116:PRGE","score":0.9059626544605,"id":2,"start":519,"end":524,"text":"BRCA1","terms":[]}]},{"id":5,"start":608,"end":803,"text":"In MCF-7 breast cancer cells, MMTS induced movement of endogenous BRCA1 into distinctive nuclear foci that co-stained with the SSB repair protein XRCC1, but not the DSB repair protein gamma-H2AX.","terms":[{"ids":"UMLS:C0006141:T023:ANAT","score":1.0,"id":1,"start":617,"end":623,"text":"breast","terms":[]},{"ids":"UNIPROT:P38398:T116:PRGE","score":0.5910430662813637,"id":2,"start":674,"end":679,"text":"BRCA1","terms":[]},{"ids":"UNIPROT:Q04837:T116:PRGE|UNIPROT:P05455:T116:PRGE","score":0.5910430662813637,"id":3,"start":735,"end":753,"text":"SSB repair protein","terms":[]},{"ids":"UNIPROT:P18887:T116:PRGE","score":0.5910430662813637,"id":4,"start":754,"end":759,"text":"XRCC1","terms":[]},{"ids":"UNIPROT:Q92791:T116:PRGE|UNIPROT:O14495:T116:PRGE|UNIPROT:Q5T1R4:T116:PRGE|UNIPROT:Q13526:T116:PRGE|UNIPROT:Q15233:T116:PRGE","score":0.5910430662813637,"id":5,"start":773,"end":802,"text":"DSB repair protein gamma-H2AX","terms":[]}]},{"id":6,"start":804,"end":862,"text":"XRCC1 did not accumulate in foci after ionizing radiation.","terms":[{"ids":"UNIPROT:P18887:T116:PRGE","score":0.9855704211627444,"id":1,"start":804,"end":809,"text":"XRCC1","terms":[]}]},{"id":7,"start":863,"end":999,"text":"Moreover,  we showed by deletion mapping that different sequences target BRCA1 to nuclear foci induced by MMTS or by ionizing radiation.","terms":[{"ids":"UNIPROT:P38398:T116:PRGE","score":0.9950951144851314,"id":1,"start":936,"end":941,"text":"BRCA1","terms":[]}]},{"id":8,"start":1000,"end":1145,"text":"We identified two core MMTS-responsive sequences in BRCA1: the N-terminal BARD1-binding domain (aa1-304) and the C-terminal sequence aa1078-1312.","terms":[{"ids":"UNIPROT:P38398:T116:PRGE","score":0.6697240640626801,"id":1,"start":1052,"end":1057,"text":"BRCA1","terms":[]},{"ids":"UNIPROT:Q99728:T116:PRGE","score":0.6697240640626801,"id":2,"start":1063,"end":1094,"text":"N-terminal BARD1-binding domain","terms":[]},{"ids":"UMLS:C1863094:T047:DISO","score":1.0,"id":3,"start":1096,"end":1099,"text":"aa1","terms":[]}]},{"id":9,"start":1146,"end":1262,"text":"These sequences individually are ineffective, but together they facilitated BRCA1 localization at MMTS-induced foci.","terms":[{"ids":"UNIPROT:P38398:T116:PRGE","score":0.9937539253486823,"id":1,"start":1222,"end":1227,"text":"BRCA1","terms":[]}]},{"id":10,"start":1263,"end":1427,"text":"Site-directed mutagenesis of two SQ/TQ motif serines (S1143A and S1280A) in the BRCA1 fusion protein reduced, but did not abolish, targeting to MMTS-inducible foci.","terms":[{"ids":"UNIPROT:P38398:T116:PRGE","score":0.20257881845731932,"id":1,"start":1343,"end":1363,"text":"BRCA1 fusion protein","terms":[]}]},{"id":11,"start":1428,"end":1520,"text":"This is the first report to describe co-localization of BRCA1 with XRCC1 at SSB repair foci.","terms":[{"ids":"UNIPROT:P38398:T116:PRGE","score":0.6454287962600671,"id":1,"start":1484,"end":1489,"text":"BRCA1","terms":[]},{"ids":"UNIPROT:P18887:T116:PRGE","score":0.6454287962600671,"id":2,"start":1495,"end":1500,"text":"XRCC1","terms":[]},{"ids":"UNIPROT:Q04837:T116:PRGE|UNIPROT:P05455:T116:PRGE","score":0.6454287962600671,"id":3,"start":1504,"end":1507,"text":"SSB","terms":[]}]},{"id":12,"start":1521,"end":1734,"text":"Our results indicate that BRCA1 requires BARD1 for targeting to different types of DNA lesion, and that distinct C-terminal sequences mediate selective recruitment to sites of double- or single-strand DNA damage..","terms":[{"ids":"UNIPROT:P38398:T116:PRGE","score":0.581623725413752,"id":1,"start":1547,"end":1552,"text":"BRCA1","terms":[]},{"ids":"UNIPROT:Q99728:T116:PRGE","score":0.581623725413752,"id":2,"start":1562,"end":1567,"text":"BARD1","terms":[]},{"ids":"UNIPROT:Q9UNE7:T116:PRGE","score":0.581623725413752,"id":3,"start":1634,"end":1654,"text":"C-terminal sequences","terms":[]},{"ids":"UMLS:C0271510:T047:DISO","score":1.0,"id":4,"start":1673,"end":1684,"text":"recruitment","terms":[]}]}]