[{"id":0,"start":0,"end":100,"text":"Germline TP53 mutations in BRCA1 and BRCA2 mutation-negative French Canadian breast cancer families.","terms":[{"ids":"UNIPROT:P38398:T116:PRGE","score":0.42582747527893694,"id":1,"start":27,"end":32,"text":"BRCA1","terms":[]},{"ids":"UNIPROT:P51587:T116:PRGE","score":0.42582747527893694,"id":2,"start":37,"end":42,"text":"BRCA2","terms":[]},{"ids":"UMLS:C0006141:T023:ANAT","score":1.0,"id":3,"start":77,"end":83,"text":"breast","terms":[]}]},{"id":1,"start":101,"end":301,"text":"About 40% of French Canadian breast and/or ovarian cancer families harbor germline BRCA1 or BRCA1 mutations where common mutations account for about 84% of all mutations identified in cancer families.","terms":[{"ids":"UMLS:C0006141:T023:ANAT","score":1.0,"id":1,"start":130,"end":136,"text":"breast","terms":[]},{"ids":"UMLS:C0205065:T023:ANAT","score":1.0,"id":2,"start":144,"end":151,"text":"ovarian","terms":[]},{"ids":"UNIPROT:P38398:T116:PRGE","score":0.8786621503539018,"id":3,"start":184,"end":189,"text":"BRCA1","terms":[]},{"ids":"UNIPROT:P38398:T116:PRGE","score":0.8786621503539018,"id":4,"start":193,"end":208,"text":"BRCA1 mutations","terms":[]}]},{"id":2,"start":302,"end":553,"text":"Within a series of BRCA1 and BRCA2 mutation-negative families, a germline TP53 13398 G\u003eA (Arg213Gln) mutation was identified, which was selected for mutation analysis in this gene because of a family history consistent with Li-Fraumeni syndrome (LFS).","terms":[{"ids":"UNIPROT:P38398:T116:PRGE","score":0.32392277192882374,"id":1,"start":321,"end":326,"text":"BRCA1","terms":[]},{"ids":"UNIPROT:P51587:T116:PRGE","score":0.32392277192882374,"id":2,"start":331,"end":336,"text":"BRCA2","terms":[]},{"ids":"UMLS:C0020758:T047:DISO","score":1.0,"id":3,"start":526,"end":528,"text":"Li","terms":[]},{"ids":"UMLS:C0039082:T047:DISO","score":1.0,"id":4,"start":538,"end":546,"text":"syndrome","terms":[]}]},{"id":3,"start":554,"end":749,"text":"Given the founder effects in this population, the 13398 G\u003eA mutation was screened in series of 52 BRCA1 and BRCA2 mutation-negative cancer families, and a mutation-positive family was identified.","terms":[{"ids":"UMLS:C0263541:T047:DISO","score":1.0,"id":1,"start":564,"end":571,"text":"founder","terms":[]},{"ids":"UNIPROT:P38398:T116:PRGE","score":0.5206605584687455,"id":2,"start":652,"end":657,"text":"BRCA1","terms":[]},{"ids":"UNIPROT:P51587:T116:PRGE","score":0.5206605584687455,"id":3,"start":662,"end":676,"text":"BRCA2 mutation","terms":[]}]},{"id":4,"start":750,"end":900,"text":"However, pedigree inspection and expansion of mutation-positive families with the same mutation revealed that they were closely related to each other.","terms":[]},{"id":5,"start":901,"end":1069,"text":"To further characterize the contribution of TP53 in cancer families, mutation analysis was performed in the remaining BRCA1 and BRCA2 mutation-negative cancer families.","terms":[{"ids":"UNIPROT:P38398:T116:PRGE","score":0.4007763154232356,"id":1,"start":1019,"end":1024,"text":"BRCA1","terms":[]},{"ids":"UNIPROT:P51587:T116:PRGE","score":0.4007763154232356,"id":2,"start":1029,"end":1034,"text":"BRCA2","terms":[]}]},{"id":6,"start":1070,"end":1221,"text":"Thirty sequence variants were identified, the  majority of which occur in intronic sequences and are not predicted to affect the functionality of TP53.","terms":[]},{"id":7,"start":1222,"end":1379,"text":"However, the 14538 G\u003eA (Arg290His) mutation was identified in a family which did not exhibit features consistent with LFS or Li-Fraumeni-like (LFL) syndrome.","terms":[{"ids":"UMLS:C0020758:T047:DISO","score":1.0,"id":1,"start":1347,"end":1349,"text":"Li","terms":[]},{"ids":"UMLS:C2675080:T047:DISO","score":1.0,"id":2,"start":1365,"end":1368,"text":"LFL","terms":[]},{"ids":"UMLS:C0039082:T047:DISO","score":1.0,"id":3,"start":1370,"end":1378,"text":"syndrome","terms":[]}]},{"id":8,"start":1380,"end":1546,"text":"Neither of the TP53 mutations was detected in 381 French Canadian women with breast cancer diagnosed before 50 years of age not selected for family history of cancer.","terms":[{"ids":"UMLS:C0006141:T023:ANAT","score":1.0,"id":1,"start":1457,"end":1463,"text":"breast","terms":[]}]},{"id":9,"start":1547,"end":1783,"text":"In all, germline TP53 mutations were identified in two of 52 (3.8%) cancer families, suggesting that TP53 is not a major contributor to BRCA1 and BRCA2 mutation-negative breast and/or ovarian cancer families of French Canadian descent..","terms":[{"ids":"UNIPROT:P38398:T116:PRGE","score":0.8228799456666505,"id":1,"start":1683,"end":1688,"text":"BRCA1","terms":[]},{"ids":"UNIPROT:P51587:T116:PRGE","score":0.8228799456666505,"id":2,"start":1693,"end":1698,"text":"BRCA2","terms":[]},{"ids":"UMLS:C0006141:T023:ANAT","score":1.0,"id":3,"start":1717,"end":1723,"text":"breast","terms":[]},{"ids":"UMLS:C0205065:T023:ANAT","score":1.0,"id":4,"start":1731,"end":1738,"text":"ovarian","terms":[]}]}]