[{"id":0,"start":0,"end":85,"text":"A novel IRF6 nonsense mutation (Y67X) in a German family with Van der Woude syndrome.","terms":[{"ids":"UNIPROT:O14896:T116:PRGE","score":0.7393880369181369,"id":1,"start":8,"end":12,"text":"IRF6","terms":[]},{"ids":"UMLS:C0175697:T047:DISO","score":1.0,"id":2,"start":62,"end":84,"text":"Van der Woude syndrome","terms":[]}]},{"id":1,"start":86,"end":239,"text":"Van der Woude syndrome (VWS) is the most common type of syndromic orofacial cleft, which accounts for approximately 2% of all cleft lip and palate cases.","terms":[{"ids":"UMLS:C0175697:T047:DISO","score":1.0,"id":1,"start":86,"end":108,"text":"Van der Woude syndrome","terms":[]},{"ids":"UMLS:C0158646:T047:DISO","score":1.0,"id":2,"start":212,"end":232,"text":"cleft lip and palate","terms":[{"ids":"UMLS:C0023759:T023:ANAT","score":1.0,"id":1,"start":218,"end":221,"text":"lip","terms":[]},{"ids":"UMLS:C0700374:T023:ANAT","score":1.0,"id":2,"start":226,"end":232,"text":"palate","terms":[]}]}]},{"id":2,"start":240,"end":346,"text":"It is characterised by variable association of lower lip pits, cleft lip and cleft palate, and hypodontia.","terms":[{"ids":"UMLS:C0458583:T023:ANAT","score":1.0,"id":1,"start":287,"end":296,"text":"lower lip","terms":[{"ids":"UMLS:C0264511:T047:DISO","score":1.0,"id":1,"start":293,"end":296,"text":"lip","terms":[]}]},{"ids":"UMLS:C0158646:T047:DISO","score":1.0,"id":2,"start":303,"end":329,"text":"cleft lip and cleft palate","terms":[{"ids":"UMLS:C0023759:T023:ANAT","score":1.0,"id":1,"start":309,"end":312,"text":"lip","terms":[]},{"ids":"UMLS:C0700374:T023:ANAT","score":1.0,"id":2,"start":323,"end":329,"text":"palate","terms":[]}]}]},{"id":3,"start":347,"end":444,"text":"VWS arises as the result of mutations in the gene encoding interferon regulatory factor 6 (IRF6).","terms":[{"ids":"UNIPROT:O14896:T116:PRGE","score":0.8969482752977713,"id":1,"start":406,"end":436,"text":"interferon regulatory factor 6","terms":[]},{"ids":"UNIPROT:O14896:T116:PRGE","score":0.8969482752977713,"id":2,"start":438,"end":442,"text":"IRF6","terms":[]}]},{"id":4,"start":445,"end":553,"text":"The disorder is transmitted in an autosomal dominant manner, with high penetrance and variable expressivity.","terms":[]},{"id":5,"start":554,"end":717,"text":"Very recently, mutations of the IRF6 gene in exons 2-9 have been found in VWS patients, suggesting that this gene plays an important role in orofacial development.","terms":[{"ids":"UNIPROT:O14896:T116:PRGE","score":0.9893019834254909,"id":1,"start":586,"end":595,"text":"IRF6 gene","terms":[]}]},{"id":6,"start":718,"end":781,"text":"We report a novel mutation of the IRF6 gene in a German family.","terms":[{"ids":"UNIPROT:O14896:T116:PRGE","score":0.9821574702082526,"id":1,"start":752,"end":761,"text":"IRF6 gene","terms":[]}]},{"id":7,"start":782,"end":847,"text":"Five out of the 12 persons affected were able to be investigated.","terms":[]},{"id":8,"start":848,"end":914,"text":"The mutation produced a stop codon within exon 4 of the IRF6 gene.","terms":[{"ids":"UNIPROT:O14896:T116:PRGE","score":0.995005752419957,"id":1,"start":904,"end":913,"text":"IRF6 gene","terms":[]}]},{"id":9,"start":915,"end":1072,"text":"All 5 patients were heterozygous for a base substitution c.201C\u003eA changing the tyrosine codon at amino acid position 67 into a stop codon (p.Y67X) in exon 4.","terms":[]},{"id":10,"start":1073,"end":1318,"text":"The premature stop codon was responsible for a truncated protein lacking parts of the DNA- binding domain and the complete Smad-interferon regulatory factor-binding domain probably essential for interactions with the Smad transcription factors..","terms":[{"ids":"UNIPROT:P01563:T116:PRGE|UNIPROT:P01569:T116:PRGE","score":0.3137476042822273,"id":1,"start":1201,"end":1211,"text":"interferon","terms":[]}]}]