[{"id":0,"start":0,"end":99,"text":"Risk factors for breast cancer characterized by the estrogen receptor alpha A908G (K303R) mutation.","terms":[{"ids":"UMLS:C0006141:T023:ANAT","score":1.0,"id":1,"start":17,"end":23,"text":"breast","terms":[]},{"ids":"UNIPROT:P03372:T116:PRGE","score":0.9817692249144976,"id":2,"start":52,"end":81,"text":"estrogen receptor alpha A908G","terms":[]}]},{"id":1,"start":100,"end":274,"text":"INTRODUCTION: Estrogen is important in the development of breast cancer, and its  biological effects are mediated primarily through the two estrogen receptors alpha and beta.","terms":[{"ids":"UMLS:C0006141:T023:ANAT","score":1.0,"id":1,"start":158,"end":164,"text":"breast","terms":[]}]},{"id":2,"start":275,"end":465,"text":"A point mutation in the estrogen receptor alpha gene, ESR1, referred to as A908G or K303R, was originally identified in breast hyperplasias and was reported to be hypersensitive to estrogen.","terms":[{"ids":"UNIPROT:P03372:T116:PRGE","score":0.8531829178890263,"id":1,"start":299,"end":327,"text":"estrogen receptor alpha gene","terms":[]},{"ids":"UNIPROT:P03372:T116:PRGE","score":0.8531829178890263,"id":2,"start":329,"end":333,"text":"ESR1","terms":[]},{"ids":"UMLS:C0006141:T023:ANAT","score":1.0,"id":3,"start":395,"end":401,"text":"breast","terms":[]}]},{"id":3,"start":466,"end":595,"text":"We recently detected this mutation at a low frequency of 6% in invasive breast tumors of the Carolina Breast Cancer Study (CBCS).","terms":[{"ids":"UMLS:C0006141:T023:ANAT","score":1.0,"id":1,"start":538,"end":544,"text":"breast","terms":[]},{"ids":"UMLS:C0006141:T023:ANAT","score":1.0,"id":2,"start":568,"end":574,"text":"Breast","terms":[]}]},{"id":4,"start":596,"end":892,"text":"METHODS: In this report, we evaluated risk factors for invasive breast cancer classified according to the presence or absence of the ESR1 A908G mutation in the CBCS, a population-based case-control study of breast cancer among younger and older white and African-American women in North Carolina.","terms":[{"ids":"UMLS:C0006141:T023:ANAT","score":1.0,"id":1,"start":660,"end":666,"text":"breast","terms":[]},{"ids":"UNIPROT:P03372:T116:PRGE","score":0.5536120747694399,"id":2,"start":729,"end":739,"text":"ESR1 A908G","terms":[]},{"ids":"UMLS:C0006141:T023:ANAT","score":1.0,"id":3,"start":803,"end":809,"text":"breast","terms":[]}]},{"id":5,"start":893,"end":997,"text":"Of the 653 breast tumors evaluated, 37 were ESR1 A908G mutation-positive and 616 were mutation-negative.","terms":[{"ids":"UMLS:C0006141:T023:ANAT","score":1.0,"id":1,"start":904,"end":910,"text":"breast","terms":[]}]},{"id":6,"start":998,"end":1252,"text":"RESULTS: ESR1 A908G mutation-positive breast cancer was significantly associated  with a first-degree family history of breast cancer (odds ratio [OR] \u003d 2.69, 95%  confidence interval [CI] \u003d 1.15 to 6.28), whereas mutation-negative breast cancer was not.","terms":[{"ids":"UNIPROT:P03372:T116:PRGE","score":0.4647472127409377,"id":1,"start":1007,"end":1011,"text":"ESR1","terms":[]},{"ids":"UMLS:C0006141:T023:ANAT","score":1.0,"id":2,"start":1036,"end":1042,"text":"breast","terms":[]},{"ids":"UMLS:C0006141:T023:ANAT","score":1.0,"id":3,"start":1118,"end":1124,"text":"breast","terms":[]},{"ids":"UMLS:C0006141:T023:ANAT","score":1.0,"id":4,"start":1230,"end":1236,"text":"breast","terms":[]}]},{"id":7,"start":1253,"end":1349,"text":"Comparison of the two case subgroups supported this finding (OR \u003d 2.65,  95% CI \u003d 1.15 to 6.09).","terms":[]},{"id":8,"start":1350,"end":1764,"text":"There was also the suggestion that longer duration of oral contraceptive (OC) use (OR \u003d 3.73, 95% CI \u003d 1.16 to 12.03; Ptrend \u003d 0.02 for use of more than 10 years) and recent use of OCs (OR \u003d 3.63, 95% CI \u003d 0.80 to 16.45; Ptrend \u003d 0.10 for use within 10 years) were associated with ESR1 A908G mutation-positive breast cancer; however, ORs for comparison of the two case subgroups were not statistically significant.","terms":[{"ids":"UNIPROT:P03372:T116:PRGE","score":0.6338427231094226,"id":1,"start":1631,"end":1641,"text":"ESR1 A908G","terms":[]},{"ids":"UMLS:C0006141:T023:ANAT","score":1.0,"id":2,"start":1660,"end":1666,"text":"breast","terms":[]}]},{"id":9,"start":1765,"end":1997,"text":"Hormone replacement therapy use was inversely correlated with mutation-negative breast cancer, but the effect on mutation-positive cancer was unclear due to the small number of postmenopausal cases whose tumors carried the mutation.","terms":[{"ids":"UMLS:C0006141:T023:ANAT","score":1.0,"id":1,"start":1845,"end":1851,"text":"breast","terms":[]}]},{"id":10,"start":1998,"end":2238,"text":"Mutation-negative breast cancer was associated with several reproductive factors, including younger age at menarche (OR \u003d 1.46, 95% CI \u003d 1.09 to 1.94) and greater total estimated years of ovarian function (OR \u003d 1.82, 95% CI \u003d 1.21 to 2.74).","terms":[{"ids":"UMLS:C0006141:T023:ANAT","score":1.0,"id":1,"start":2016,"end":2022,"text":"breast","terms":[]},{"ids":"UMLS:C0205065:T023:ANAT","score":1.0,"id":2,"start":2186,"end":2193,"text":"ovarian","terms":[]}]},{"id":11,"start":2239,"end":2391,"text":"CONCLUSION: These preliminary results suggest that OCs may interact with the ESR1 A908G mutant receptor to drive the development of some breast tumors..","terms":[{"ids":"UNIPROT:P03372:T116:PRGE","score":0.802493019073202,"id":1,"start":2316,"end":2342,"text":"ESR1 A908G mutant receptor","terms":[]},{"ids":"UMLS:C0006141:T023:ANAT","score":1.0,"id":2,"start":2376,"end":2382,"text":"breast","terms":[]}]}]