[{"id":0,"start":0,"end":72,"text":"Somatic mutations of BECN1, an autophagy-related gene, in human cancers.","terms":[{"ids":"UNIPROT:Q14457:T116:PRGE","score":0.771537159374453,"id":1,"start":21,"end":26,"text":"BECN1","terms":[]},{"ids":"UNIPROT:Q9H3M7:T116:PRGE","score":0.771537159374453,"id":2,"start":31,"end":53,"text":"autophagy-related gene","terms":[]}]},{"id":1,"start":73,"end":153,"text":"Evasion of programmed cell death (PCD) is one of the hallmarks of human cancers.","terms":[{"ids":"UMLS:C1859308:T047:DISO|UMLS:C0022521:T047:DISO","score":1.0,"id":1,"start":107,"end":110,"text":"PCD","terms":[]}]},{"id":2,"start":155,"end":252,"text":"It is well known that not only apoptosis, but also autophagy, acts as an action mechanism of PCD.","terms":[{"ids":"UMLS:C1859308:T047:DISO|UMLS:C0022521:T047:DISO","score":1.0,"id":1,"start":248,"end":251,"text":"PCD","terms":[]}]},{"id":3,"start":253,"end":304,"text":"BECN1 protein is a key regulator of autophagic PCD.","terms":[{"ids":"UNIPROT:Q14457:T116:PRGE","score":0.9016648535119912,"id":1,"start":253,"end":266,"text":"BECN1 protein","terms":[]},{"ids":"UMLS:C1859308:T047:DISO|UMLS:C0022521:T047:DISO","score":1.0,"id":2,"start":300,"end":303,"text":"PCD","terms":[]}]},{"id":4,"start":305,"end":397,"text":"The BECN1 gene that encodes BECN1 protein acts as a haploinsufficient tumor-suppressor gene.","terms":[{"ids":"UNIPROT:Q14457:T116:PRGE","score":0.9885476537940201,"id":1,"start":309,"end":319,"text":"BECN1 gene","terms":[]},{"ids":"UNIPROT:Q14457:T116:PRGE","score":0.9885476537940201,"id":2,"start":333,"end":346,"text":"BECN1 protein","terms":[]}]},{"id":5,"start":398,"end":475,"text":"However, to date, data on BECN1 mutation in human cancer tissues are lacking.","terms":[{"ids":"UNIPROT:Q14457:T116:PRGE","score":0.9294248718426755,"id":1,"start":424,"end":438,"text":"BECN1 mutation","terms":[]}]},{"id":6,"start":476,"end":945,"text":"To explore the possibility that somatic mutation of the BECN1 gene might contribute to the development of human cancers, we analyzed the entire coding region and all splice sites of the human BECN1 gene for detection of somatic mutations in 180 gastric carcinomas, 94 breast carcinomas, 50 acute leukemias, 50 colorectal carcinomas, 50 hepatocellular carcinomas, and 124 non-small cell lung  cancers by single-strand conformation polymorphism (SSCP) and DNA sequencing.","terms":[{"ids":"UNIPROT:Q14457:T116:PRGE","score":0.9597275699471699,"id":1,"start":532,"end":542,"text":"BECN1 gene","terms":[]},{"ids":"UNIPROT:Q8TA86:T116:PRGE|UNIPROT:Q9H0Z9:T116:PRGE","score":0.9597275699471699,"id":2,"start":662,"end":678,"text":"human BECN1 gene","terms":[]},{"ids":"UMLS:C0038351:T023:ANAT","score":1.0,"id":3,"start":721,"end":728,"text":"gastric","terms":[]},{"ids":"UMLS:C0006141:T023:ANAT","score":1.0,"id":4,"start":744,"end":750,"text":"breast","terms":[]},{"ids":"UMLS:C0024109:T023:ANAT","score":1.0,"id":5,"start":862,"end":866,"text":"lung","terms":[]}]},{"id":7,"start":946,"end":1108,"text":"Overall, we detected 11 somatic mutations of the BECN1 gene, including 3 missense mutations (N8K, P350R and R389C) in coding sequences and 8 mutations in introns.","terms":[{"ids":"UNIPROT:Q14457:T116:PRGE","score":0.6313109070194117,"id":1,"start":995,"end":1005,"text":"BECN1 gene","terms":[]}]},{"id":8,"start":1110,"end":1211,"text":"The mutations were observed in five gastric, three colorectal, one lung and one breast carcinoma (s).","terms":[{"ids":"UMLS:C0038351:T023:ANAT","score":1.0,"id":1,"start":1146,"end":1153,"text":"gastric","terms":[]},{"ids":"UMLS:C0024109:T023:ANAT","score":1.0,"id":2,"start":1177,"end":1181,"text":"lung","terms":[]},{"ids":"UMLS:C0006141:T023:ANAT","score":1.0,"id":3,"start":1190,"end":1196,"text":"breast","terms":[]}]},{"id":9,"start":1212,"end":1416,"text":"We expressed the three mutations (N8K, P350R and R389C) in  HT1080 cells, and found that two (P350R and R389C) of them showed only slightly decreased cell death activities compared to the wild-type BECN1.","terms":[]},{"id":10,"start":1417,"end":1636,"text":"This is the first report on BECN1 gene mutations in human cancer tissues, and the data suggest that point mutations are a rare event in common human cancers and probably do not play a major role in cancer pathogenesis..","terms":[{"ids":"UNIPROT:Q14457:T116:PRGE","score":0.9273267828442616,"id":1,"start":1445,"end":1455,"text":"BECN1 gene","terms":[]}]}]