[{"id":0,"start":0,"end":96,"text":"Association of the BRCA1 missense variant R1699W with a malignant phyllodes tumor of the breast.","terms":[{"ids":"UNIPROT:P38398:T116:PRGE","score":0.8303789452182762,"id":1,"start":19,"end":48,"text":"BRCA1 missense variant R1699W","terms":[]},{"ids":"UMLS:C0006141:T023:ANAT","score":1.0,"id":2,"start":89,"end":95,"text":"breast","terms":[]}]},{"id":1,"start":97,"end":238,"text":"Familial breast carcinomas that are attributable to BRCA1 or BRCA2 mutations have characteristic morphologic and immunhistochemical features.","terms":[{"ids":"UMLS:C0006141:T023:ANAT","score":1.0,"id":1,"start":106,"end":112,"text":"breast","terms":[]},{"ids":"UNIPROT:P38398:T116:PRGE","score":0.9401842988086364,"id":2,"start":149,"end":154,"text":"BRCA1","terms":[]},{"ids":"UNIPROT:P51587:T116:PRGE","score":0.9401842988086364,"id":3,"start":158,"end":173,"text":"BRCA2 mutations","terms":[]}]},{"id":2,"start":239,"end":473,"text":"BRCA1-associated carcinomas are poorly differentiated infiltrating ductal carcinomas frequently exhibiting morphologic features of typical or atypical medullary carcinomas such  as prominent lymphocytic infiltrate and pushing margins.","terms":[{"ids":"UNIPROT:P38398:T116:PRGE","score":0.922605116749675,"id":1,"start":239,"end":244,"text":"BRCA1","terms":[]},{"ids":"UMLS:C0001629:T023:ANAT|UMLS:C0025148:T023:ANAT","score":1.0,"id":2,"start":390,"end":399,"text":"medullary","terms":[]}]},{"id":3,"start":474,"end":615,"text":"We report on a patient carrying the deleterious BRCA1 germline mutation R1699W, who presented with a malignant phyllodes tumor of the breast.","terms":[{"ids":"UNIPROT:P38398:T116:PRGE","score":0.4738939826806349,"id":1,"start":522,"end":552,"text":"BRCA1 germline mutation R1699W","terms":[]},{"ids":"UMLS:C0006141:T023:ANAT","score":1.0,"id":2,"start":608,"end":614,"text":"breast","terms":[]}]},{"id":4,"start":616,"end":812,"text":"The re-investigation of archival material by a reference pathologist of the German Consortium for Hereditary Breast and Ovarian Cancer (GCHBOC) revealed BRCA-associated pronounced pushing margins.","terms":[{"ids":"UMLS:C0228327:T023:ANAT","score":1.0,"id":1,"start":620,"end":622,"text":"re","terms":[]},{"ids":"UMLS:C0006141:T023:ANAT","score":1.0,"id":2,"start":725,"end":731,"text":"Breast","terms":[]},{"ids":"UMLS:C0205065:T023:ANAT","score":1.0,"id":3,"start":736,"end":743,"text":"Ovarian","terms":[]}]},{"id":5,"start":813,"end":1004,"text":"In a total of 618 unrelated index patients who are registered in the GCHBOC database, no other phyllodes tumor has been described, while 10 carriers of the R1699W mutant have been identified.","terms":[]},{"id":6,"start":1005,"end":1187,"text":"We conclude that the histopathologic appearance of the phyllodes tumor indicates an association with the BRCA1 mutation R1699W although it is a rare event in BRCA-positive families..","terms":[{"ids":"UNIPROT:P38398:T116:PRGE","score":0.689556524564784,"id":1,"start":1110,"end":1131,"text":"BRCA1 mutation R1699W","terms":[]}]}]