[{"id":0,"start":0,"end":138,"text":"Mutations in pattern recognition receptor genes modulate seroreactivity to microbial antigens in patients with inflammatory bowel disease.","terms":[{"ids":"UMLS:C0021390:T047:DISO","score":1.0,"id":1,"start":111,"end":137,"text":"inflammatory bowel disease","terms":[{"ids":"UMLS:C0021853:T023:ANAT","score":1.0,"id":1,"start":124,"end":129,"text":"bowel","terms":[]}]}]},{"id":1,"start":139,"end":269,"text":"BACKGROUND AND AIMS: A number of antibodies against microbial epitopes or self-antigens have been associated with Crohn\u0027s disease.","terms":[{"ids":"UMLS:C0010346:T047:DISO","score":1.0,"id":1,"start":253,"end":268,"text":"Crohn\u0027s disease","terms":[]}]},{"id":2,"start":270,"end":455,"text":"The development of antibodies reflects a loss of tolerance to intestinal bacteria that underlies Crohn\u0027s disease, resulting in an exaggerated adaptive immune response to these bacteria.","terms":[{"ids":"UMLS:C0021853:T023:ANAT","score":1.0,"id":1,"start":332,"end":342,"text":"intestinal","terms":[]},{"ids":"UMLS:C0010346:T047:DISO","score":1.0,"id":2,"start":367,"end":382,"text":"Crohn\u0027s disease","terms":[]}]},{"id":3,"start":456,"end":613,"text":"It was hypothesised that the development of antimicrobial antibodies is influenced by the presence of genetic variants in pattern recognition receptor genes.","terms":[]},{"id":4,"start":614,"end":992,"text":"The aim of this study was therefore to investigate the influence of mutations in these innate immune receptor genes (nucleotide oligomerisation domain (NOD) 2/caspase recruitment domain (CARD) 15, NOD1/CARD4, TUCAN/CARDINAL/CARD8, Toll-like receptor (TLR) 4, TLR2, TLR1 and TLR6) on the development of antimicrobial and antiglycan antibodies in inflammatory bowel disease (IBD).","terms":[{"ids":"UMLS:C0751781:T047:DISO","score":1.0,"id":1,"start":766,"end":769,"text":"NOD","terms":[]},{"ids":"UNIPROT:Q9NYG2:T116:PRGE","score":0.4410166030581614,"id":2,"start":773,"end":809,"text":"caspase recruitment domain (CARD) 15","terms":[{"ids":"UMLS:C0271510:T047:DISO","score":1.0,"id":1,"start":781,"end":792,"text":"recruitment","terms":[]}]},{"ids":"UNIPROT:Q9Y239:T116:PRGE","score":0.4410166030581614,"id":3,"start":811,"end":815,"text":"NOD1","terms":[]},{"ids":"UNIPROT:Q9Y239:T116:PRGE","score":0.4410166030581614,"id":4,"start":816,"end":821,"text":"CARD4","terms":[]},{"ids":"UNIPROT:Q9Y2G2:T116:PRGE","score":0.4410166030581614,"id":5,"start":823,"end":828,"text":"TUCAN","terms":[]},{"ids":"UNIPROT:Q9Y2G2:T116:PRGE","score":0.4410166030581614,"id":6,"start":829,"end":837,"text":"CARDINAL","terms":[]},{"ids":"UNIPROT:Q9Y2G2:T116:PRGE","score":0.4410166030581614,"id":7,"start":838,"end":843,"text":"CARD8","terms":[]},{"ids":"UNIPROT:Q08357:T116:PRGE","score":0.4410166030581614,"id":8,"start":845,"end":871,"text":"Toll-like receptor (TLR) 4","terms":[]},{"ids":"UNIPROT:O60603:T116:PRGE","score":0.4410166030581614,"id":9,"start":873,"end":877,"text":"TLR2","terms":[]},{"ids":"UNIPROT:O43193:T116:PRGE|UNIPROT:Q15399:T116:PRGE","score":0.4410166030581614,"id":10,"start":879,"end":883,"text":"TLR1","terms":[]},{"ids":"UNIPROT:Q9Y2C9:T116:PRGE","score":0.4410166030581614,"id":11,"start":888,"end":892,"text":"TLR6","terms":[]},{"ids":"UMLS:C0021390:T047:DISO","score":1.0,"id":12,"start":959,"end":985,"text":"inflammatory bowel disease","terms":[{"ids":"UMLS:C0021853:T023:ANAT","score":1.0,"id":1,"start":972,"end":977,"text":"bowel","terms":[]}]},{"ids":"UMLS:C0021390:T047:DISO","score":1.0,"id":13,"start":987,"end":990,"text":"IBD","terms":[]}]},{"id":5,"start":993,"end":1490,"text":"Materials and METHODS: A cohort of 1163 unrelated patients with IBD (874 Crohn\u0027s disease, 259 ulcerative colitis, 30 indeterminate colitis) and 312 controls were analysed for anti-Saccharomyces cerevisiae antibodies (gASCA) IgG, anti-laminaribioside antibodies (ALCA) IgG, anti-chitobioside antibodies (ACCA) IgA, anti-mannobioside antibodies (AMCA) IgG and outer membrane porin (Omp) IgA and were genotyped for variants in NOD2/CARD15, TUCAN/CARDINAL/CARD8, NOD1/CARD4, TLR4, TLR1, TLR2 and TLR6.","terms":[{"ids":"UMLS:C0021390:T047:DISO|UMLS:C0022104:T047:DISO","score":1.0,"id":1,"start":1057,"end":1060,"text":"IBD","terms":[]},{"ids":"UMLS:C0010346:T047:DISO","score":1.0,"id":2,"start":1066,"end":1081,"text":"Crohn\u0027s disease","terms":[]},{"ids":"UMLS:C0009324:T047:DISO","score":1.0,"id":3,"start":1087,"end":1105,"text":"ulcerative colitis","terms":[]},{"ids":"UMLS:C0009319:T047:DISO","score":1.0,"id":4,"start":1124,"end":1131,"text":"colitis","terms":[]},{"ids":"UNIPROT:P46089:T116:PRGE","score":0.36913214582431136,"id":5,"start":1296,"end":1300,"text":"ACCA","terms":[]},{"ids":"UNIPROT:P11912:T116:PRGE","score":0.36913214582431136,"id":6,"start":1302,"end":1305,"text":"IgA","terms":[]},{"ids":"UNIPROT:P21796:T116:PRGE|UNIPROT:P45880:T116:PRGE","score":0.0,"id":7,"start":1351,"end":1371,"text":"outer membrane porin","terms":[]},{"ids":"UNIPROT:P47874:T116:PRGE","score":0.36913214582431136,"id":8,"start":1373,"end":1376,"text":"Omp","terms":[]},{"ids":"UNIPROT:P11912:T116:PRGE","score":0.36913214582431136,"id":9,"start":1378,"end":1381,"text":"IgA","terms":[]},{"ids":"UNIPROT:P22301:T116:PRGE|UNIPROT:Q9HC29:T116:PRGE","score":0.36913214582431136,"id":10,"start":1417,"end":1421,"text":"NOD2","terms":[]},{"ids":"UNIPROT:Q9HC29:T116:PRGE","score":0.36913214582431136,"id":11,"start":1422,"end":1428,"text":"CARD15","terms":[]},{"ids":"UNIPROT:Q9Y2G2:T116:PRGE","score":0.36913214582431136,"id":12,"start":1430,"end":1435,"text":"TUCAN","terms":[]},{"ids":"UNIPROT:Q9Y2G2:T116:PRGE","score":0.36913214582431136,"id":13,"start":1436,"end":1444,"text":"CARDINAL","terms":[]},{"ids":"UNIPROT:Q9Y2G2:T116:PRGE","score":0.36913214582431136,"id":14,"start":1445,"end":1450,"text":"CARD8","terms":[]},{"ids":"UNIPROT:Q9Y239:T116:PRGE","score":0.36913214582431136,"id":15,"start":1452,"end":1456,"text":"NOD1","terms":[]},{"ids":"UNIPROT:Q9Y239:T116:PRGE","score":0.36913214582431136,"id":16,"start":1457,"end":1462,"text":"CARD4","terms":[]},{"ids":"UNIPROT:O43193:T116:PRGE|UNIPROT:Q15399:T116:PRGE","score":0.36913214582431136,"id":17,"start":1470,"end":1474,"text":"TLR1","terms":[]},{"ids":"UNIPROT:O60603:T116:PRGE","score":0.36913214582431136,"id":18,"start":1476,"end":1480,"text":"TLR2","terms":[]},{"ids":"UNIPROT:Q9Y2C9:T116:PRGE","score":0.36913214582431136,"id":19,"start":1485,"end":1489,"text":"TLR6","terms":[]}]},{"id":6,"start":1491,"end":1868,"text":"RESULTS: When compared with Crohn\u0027s disease patients without CARD15 mutations, the presence of at least one CARD15 variant in Crohn\u0027s disease patients more frequently led to gASCA positivity (66.1% versus 51.5%, p \u003c 0.0001) and ALCA positivity (43.3% versus 34.9%, p \u003d 0.018) and higher gASCA titers (85.7 versus 51.8 ELISA units, p \u003c 0.0001), independent of ileal involvement.","terms":[{"ids":"UMLS:C0010346:T047:DISO","score":1.0,"id":1,"start":1519,"end":1534,"text":"Crohn\u0027s disease","terms":[]},{"ids":"UNIPROT:Q9HC29:T116:PRGE","score":0.40963692484513187,"id":2,"start":1552,"end":1558,"text":"CARD15","terms":[]},{"ids":"UNIPROT:Q9HC29:T116:PRGE","score":0.40963692484513187,"id":3,"start":1599,"end":1613,"text":"CARD15 variant","terms":[]},{"ids":"UMLS:C0010346:T047:DISO","score":1.0,"id":4,"start":1617,"end":1632,"text":"Crohn\u0027s disease","terms":[]},{"ids":"UMLS:C0020885:T023:ANAT","score":1.0,"id":5,"start":1850,"end":1855,"text":"ileal","terms":[]}]},{"id":7,"start":1869,"end":2030,"text":"A gene dosage effect, with increasing gASCA and ALCA positivity for patients carrying none, one and two CARD15 variants, respectively, was seen for both markers.","terms":[{"ids":"UNIPROT:Q9HC29:T116:PRGE","score":0.693130957787223,"id":1,"start":1973,"end":1988,"text":"CARD15 variants","terms":[]}]},{"id":8,"start":2031,"end":2225,"text":"Similarly, Crohn\u0027s disease patients carrying NOD1/CARD4 indel had a higher prevalence of gASCA antibodies than wild-type patients (63.8% versus 55.2%, p \u003d 0.014), also with a gene dosage effect.","terms":[{"ids":"UMLS:C0010346:T047:DISO","score":1.0,"id":1,"start":2042,"end":2057,"text":"Crohn\u0027s disease","terms":[]},{"ids":"UNIPROT:Q9Y239:T116:PRGE","score":0.6738069856929223,"id":2,"start":2076,"end":2080,"text":"NOD1","terms":[]},{"ids":"UNIPROT:Q9Y239:T116:PRGE","score":0.6738069856929223,"id":3,"start":2081,"end":2086,"text":"CARD4","terms":[]}]},{"id":9,"start":2226,"end":2440,"text":"An opposite effect was observed for the TLR4 D299G and TLR2 P631H variants, with a lower prevalence of ACCA antibodies (23.4% versus 35%, p \u003d 0.013) and Omp antibodies (20.5% versus 34.6%, p \u003d 0.009), respectively.","terms":[{"ids":"UNIPROT:O60603:T116:PRGE","score":0.5491912881550983,"id":1,"start":2281,"end":2300,"text":"TLR2 P631H variants","terms":[]},{"ids":"UNIPROT:P47874:T116:PRGE","score":0.5491912881550983,"id":2,"start":2379,"end":2393,"text":"Omp antibodies","terms":[]}]},{"id":10,"start":2441,"end":2564,"text":"CONCLUSION: Variants in innate immune receptor genes were found to influence antibody formation against microbial epitopes.","terms":[]},{"id":11,"start":2565,"end":2664,"text":"In this respect, it is intriguing that an opposite effect of CARD15 and TLR4 variants was observed.","terms":[{"ids":"UNIPROT:Q9HC29:T116:PRGE","score":0.8088817931069862,"id":1,"start":2626,"end":2632,"text":"CARD15","terms":[]}]},{"id":12,"start":2665,"end":2771,"text":"These findings may contribute to an understanding of the aetiology of the seroreactivity observed in IBD..","terms":[{"ids":"UMLS:C0021390:T047:DISO|UMLS:C0022104:T047:DISO","score":1.0,"id":1,"start":2766,"end":2769,"text":"IBD","terms":[]}]}]