[{"id":0,"start":0,"end":87,"text":"A novel \"pearl box\" cataract associated with a mutation in the connexin 46 (GJA3) gene.","terms":[{"ids":"UNIPROT:Q9Y6H8:T116:PRGE","score":0.6588984320810966,"id":1,"start":63,"end":74,"text":"connexin 46","terms":[]},{"ids":"UNIPROT:Q9Y6H8:T116:PRGE","score":0.6588984320810966,"id":2,"start":76,"end":80,"text":"GJA3","terms":[]}]},{"id":1,"start":88,"end":215,"text":"PURPOSE: To undertake mutation screening in the connexin 46 (GJA3) gene in seven congenital cataract families of Indian origin.","terms":[{"ids":"UNIPROT:Q9Y6H8:T116:PRGE","score":0.9773576149846083,"id":1,"start":136,"end":147,"text":"connexin 46","terms":[]},{"ids":"UNIPROT:Q9Y6H8:T116:PRGE","score":0.9773576149846083,"id":2,"start":149,"end":153,"text":"GJA3","terms":[]}]},{"id":2,"start":216,"end":337,"text":"METHODS: Seven Indian families with congenital cataract were analyzed by detailed family history and clinical evaluation.","terms":[]},{"id":3,"start":338,"end":383,"text":"Each family had two to five affected members.","terms":[]},{"id":4,"start":384,"end":515,"text":"Mutation screening was carried out in the candidate gene, connexin 46 (GJA3), using bidirectional sequencing of amplified products.","terms":[{"ids":"UNIPROT:Q9Y6H8:T116:PRGE","score":0.879175729524369,"id":1,"start":442,"end":453,"text":"connexin 46","terms":[]},{"ids":"UNIPROT:Q9Y6H8:T116:PRGE","score":0.879175729524369,"id":2,"start":455,"end":459,"text":"GJA3","terms":[]}]},{"id":5,"start":516,"end":648,"text":"Segregation of the observed change with the disease phenotype was further tested by restriction fragment length polymorphism (RFLP).","terms":[]},{"id":6,"start":649,"end":808,"text":"RESULTS: Sequencing of the coding region of GJA3 showed the presence of a novel, heterozygous C260T change in one family (CC-472) who had two affected members.","terms":[{"ids":"UNIPROT:Q9Y6H8:T116:PRGE","score":0.5797378352572164,"id":1,"start":693,"end":697,"text":"GJA3","terms":[]}]},{"id":7,"start":809,"end":920,"text":"The cataract phenotype gave the appearance like a \"pearl box\" in these two affected individuals of this family.","terms":[]},{"id":8,"start":921,"end":1099,"text":"The observed C260T substitution created a novel restriction enzyme site for NlaIII and resulted in substitution of highly conserved threonine at position 87 by methionine (T87M).","terms":[]},{"id":9,"start":1100,"end":1302,"text":"NlaIII restriction digestion analysis revealed this nucleotide change was not in unaffected members of this family or in 100 unrelated control subjects (200 chromosomes) with the same ethnic background.","terms":[]},{"id":10,"start":1303,"end":1406,"text":"CONCLUSIONS: This is a novel mutation identified in the second transmembrane domain of the connexin 46.","terms":[{"ids":"UNIPROT:Q9Y6H8:T116:PRGE","score":0.7746082879314072,"id":1,"start":1394,"end":1405,"text":"connexin 46","terms":[]}]},{"id":11,"start":1407,"end":1509,"text":"These findings thus expand the mutation spectrum of the GJA3 in association with congenital cataract..","terms":[{"ids":"UNIPROT:Q9Y6H8:T116:PRGE","score":0.9174272947975458,"id":1,"start":1463,"end":1467,"text":"GJA3","terms":[]}]}]