[{"id":0,"start":0,"end":152,"text":"A novel point mutation in helix 11 of the ligand-binding domain of the human glucocorticoid receptor gene causing generalized glucocorticoid resistance.","terms":[{"ids":"UMLS:C0229304:T023:ANAT","score":1.0,"id":1,"start":26,"end":31,"text":"helix","terms":[]},{"ids":"UNIPROT:P04150:T116:PRGE","score":0.5181529337041878,"id":2,"start":71,"end":105,"text":"human glucocorticoid receptor gene","terms":[]},{"ids":"UMLS:C1841971:T047:DISO","score":1.0,"id":3,"start":126,"end":151,"text":"glucocorticoid resistance","terms":[]}]},{"id":1,"start":153,"end":467,"text":"BACKGROUND: Generalized glucocorticoid resistance is a rare condition characterized by partial, end-organ insensitivity to glucocorticoids, compensatory elevations in adrenocorticotropic hormone and cortisol secretion, and increased production of adrenal steroids with androgenic and/or mineralocorticoid activity.","terms":[{"ids":"UMLS:C1841971:T047:DISO","score":1.0,"id":1,"start":177,"end":202,"text":"glucocorticoid resistance","terms":[]},{"ids":"UMLS:C0012634:T047:DISO","score":1.0,"id":2,"start":213,"end":222,"text":"condition","terms":[]},{"ids":"UMLS:C0178784:T023:ANAT","score":1.0,"id":3,"start":253,"end":258,"text":"organ","terms":[]},{"ids":"UNIPROT:P01189:T116:PRGE|UNIPROT:Q01718:T116:PRGE","score":0.9916428267125152,"id":4,"start":320,"end":347,"text":"adrenocorticotropic hormone","terms":[]}]},{"id":2,"start":468,"end":716,"text":"We have identified a new case of glucocorticoid resistance caused by a novel mutation of the human glucocorticoid receptor (hGR) gene and studied the molecular mechanisms through which the mutant receptor impairs glucocorticoid signal transduction.","terms":[{"ids":"UMLS:C1841971:T047:DISO","score":1.0,"id":1,"start":501,"end":526,"text":"glucocorticoid resistance","terms":[]},{"ids":"UNIPROT:P04150:T116:PRGE","score":0.9455740386841709,"id":2,"start":561,"end":590,"text":"human glucocorticoid receptor","terms":[]},{"ids":"UNIPROT:P04150:T116:PRGE","score":0.9455740386841709,"id":3,"start":592,"end":595,"text":"hGR","terms":[]}]},{"id":3,"start":717,"end":1015,"text":"METHODS AND RESULTS: We identified a novel, single, heterozygous nucleotide (T --\u003e C) substitution at position 2209 (exon 9alpha) of the hGR gene, which resulted in phenylalanine (F) to leucine (L) substitution at amino acid position 737 within helix 11 of the ligand-binding domain of the protein.","terms":[{"ids":"UNIPROT:P04150:T116:PRGE","score":0.7778100588439061,"id":1,"start":854,"end":862,"text":"hGR gene","terms":[]},{"ids":"UMLS:C0229304:T023:ANAT","score":1.0,"id":2,"start":962,"end":967,"text":"helix","terms":[]}]},{"id":4,"start":1016,"end":1478,"text":"Compared with the wild-type receptor, the mutant receptor hGRalphaF737L demonstrated a significant ligand-exposure time-dependent decrease in its ability to transactivate the glucocorticoid-inducible mouse mammary tumor virus promoter in response to dexamethasone and displayed a 2-fold reduction in the affinity for ligand, a 12-fold delay in nuclear translocation, and an abnormal interaction with the glucocorticoid receptor-interacting protein 1 coactivator.","terms":[{"ids":"UNIPROT:Q13326:T116:PRGE|UNIPROT:P38405:T116:PRGE","score":0.2990372769219609,"id":1,"start":1034,"end":1052,"text":"wild-type receptor","terms":[]},{"ids":"UMLS:C0929301:T023:ANAT|UMLS:C0006141:T023:ANAT","score":1.0,"id":2,"start":1222,"end":1229,"text":"mammary","terms":[]},{"ids":"UNIPROT:P04150:T116:PRGE","score":0.2990372769219609,"id":3,"start":1420,"end":1477,"text":"glucocorticoid receptor-interacting protein 1 coactivator","terms":[]}]},{"id":5,"start":1479,"end":1655,"text":"The mutant receptor preserved its ability to bind to DNA and exerted a dominant-negative effect on the wild-type hGRalpha only after a short duration of exposure to the ligand.","terms":[]},{"id":6,"start":1656,"end":1928,"text":"CONCLUSIONS: The mutant receptor hGRalphaF737L causes generalized glucocorticoid resistance because of decreased affinity for the ligand, marked delay in nuclear translocation, and/or abnormal interaction with the glucocorticoid receptor-interacting protein 1 coactivator.","terms":[{"ids":"UMLS:C1841971:T047:DISO","score":1.0,"id":1,"start":1722,"end":1747,"text":"glucocorticoid resistance","terms":[]},{"ids":"UNIPROT:P04150:T116:PRGE","score":0.43907850585993896,"id":2,"start":1870,"end":1927,"text":"glucocorticoid receptor-interacting protein 1 coactivator","terms":[]}]},{"id":7,"start":1929,"end":2072,"text":"These findings confirm the importance of the C terminus of the ligand-binding domain of the receptor in conferring transactivational activity..","terms":[]}]