[{"id":0,"start":0,"end":109,"text":"Common germline genetic variation in antioxidant defense genes and survival after diagnosis of breast cancer.","terms":[{"ids":"UMLS:C0006141:T023:ANAT","score":1.0,"id":1,"start":95,"end":101,"text":"breast","terms":[]}]},{"id":1,"start":110,"end":253,"text":"PURPOSE: The prognosis of breast cancer varies considerably among individuals, and inherited genetic factors may help explain this variability.","terms":[{"ids":"UMLS:C0006141:T023:ANAT","score":1.0,"id":1,"start":136,"end":142,"text":"breast","terms":[]}]},{"id":2,"start":254,"end":434,"text":"Of particular interest are genes involved in defense against reactive oxygen species (ROS) because ROS are thought to cause DNA damage and contribute to the pathogenesis of cancer.","terms":[{"ids":"UNIPROT:P08922:T116:PRGE","score":0.6915212755151565,"id":1,"start":353,"end":356,"text":"ROS","terms":[]}]},{"id":3,"start":435,"end":735,"text":"PATIENTS AND METHODS: We examined associations between 54 polymorphisms that tag the known common variants (minor allele frequency \u003e 0.05) in 10 genes involved in oxidative damage repair (CAT, SOD1, SOD2, GPX1, GPX4, GSR, TXN, TXN2, TXNRD1, and TXNRD2) and survival in 4,470 women with breast cancer.","terms":[{"ids":"UNIPROT:Q6IB77:T116:PRGE|UNIPROT:P04040:T116:PRGE|UNIPROT:P43155:T116:PRGE","score":0.6602648864363503,"id":1,"start":623,"end":626,"text":"CAT","terms":[]},{"ids":"UNIPROT:P00441:T116:PRGE","score":0.6602648864363503,"id":2,"start":628,"end":632,"text":"SOD1","terms":[]},{"ids":"UNIPROT:P04179:T116:PRGE","score":0.6602648864363503,"id":3,"start":634,"end":638,"text":"SOD2","terms":[]},{"ids":"UNIPROT:P07203:T116:PRGE","score":0.6602648864363503,"id":4,"start":640,"end":644,"text":"GPX1","terms":[]},{"ids":"UNIPROT:P36969:T116:PRGE","score":0.6602648864363503,"id":5,"start":646,"end":650,"text":"GPX4","terms":[]},{"ids":"UNIPROT:P00390:T116:PRGE","score":0.6602648864363503,"id":6,"start":652,"end":655,"text":"GSR","terms":[]},{"ids":"UNIPROT:P60606:T116:PRGE|UNIPROT:P10599:T116:PRGE","score":0.6602648864363503,"id":7,"start":657,"end":660,"text":"TXN","terms":[]},{"ids":"UNIPROT:Q99757:T116:PRGE","score":0.6602648864363503,"id":8,"start":662,"end":666,"text":"TXN2","terms":[]},{"ids":"UMLS:C0006141:T023:ANAT","score":1.0,"id":9,"start":721,"end":727,"text":"breast","terms":[]}]},{"id":4,"start":736,"end":949,"text":"RESULTS: Two single nucleotide polymorphisms (SNPs) in GPX4 (rs713041 and rs757229) were associated with all-cause mortality even after adjusting for multiple hypothesis testing (adjusted P \u003d .0041 and P \u003d .0035).","terms":[{"ids":"UNIPROT:P36969:T116:PRGE","score":0.49186176166159656,"id":1,"start":791,"end":795,"text":"GPX4","terms":[]}]},{"id":5,"start":950,"end":1004,"text":"These SNPs are correlated with each other (r2 \u003d 0.61).","terms":[]},{"id":6,"start":1005,"end":1272,"text":"GPX4 rs713041 is located near the selenocysteine insertion sequence element in the GPX4 3\u0027 untranslated region, and the rare allele of this SNP is associated with an increased risk of death, with a hazard ratio of 1.27 per rare allele carried (95% CI, 1.13 to 11.43).","terms":[{"ids":"UNIPROT:P36969:T116:PRGE","score":0.787708338897105,"id":1,"start":1005,"end":1018,"text":"GPX4 rs713041","terms":[]},{"ids":"UNIPROT:P36969:T116:PRGE","score":0.787708338897105,"id":2,"start":1088,"end":1094,"text":"GPX4 3","terms":[]}]},{"id":7,"start":1273,"end":1372,"text":"This effect was not attenuated after adjusting for tumor stage, grade, or estrogen receptor status.","terms":[{"ids":"UNIPROT:P03372:T116:PRGE","score":0.9951687463009031,"id":1,"start":1347,"end":1364,"text":"estrogen receptor","terms":[]}]},{"id":8,"start":1373,"end":1596,"text":"We found that the common allele is preferentially expressed in normal lymphocytes, normal breast, and breast tumors compared with the rare allele, but there were no differences in total levels of GPX4 mRNA across genotypes.","terms":[{"ids":"UMLS:C0006141:T023:ANAT","score":1.0,"id":1,"start":1463,"end":1469,"text":"breast","terms":[]},{"ids":"UMLS:C0006141:T023:ANAT","score":1.0,"id":2,"start":1475,"end":1481,"text":"breast","terms":[]},{"ids":"UNIPROT:P36969:T116:PRGE","score":0.9861517624927826,"id":3,"start":1569,"end":1578,"text":"GPX4 mRNA","terms":[]}]},{"id":9,"start":1597,"end":1757,"text":"CONCLUSION: These data provide strong support for the hypothesis that common variation in GPX4 is associated with prognosis after a diagnosis of breast cancer..","terms":[{"ids":"UNIPROT:P36969:T116:PRGE","score":0.9981689919134541,"id":1,"start":1687,"end":1691,"text":"GPX4","terms":[]},{"ids":"UMLS:C0006141:T023:ANAT","score":1.0,"id":2,"start":1742,"end":1748,"text":"breast","terms":[]}]}]