[{"id":0,"start":0,"end":75,"text":"Coincidence of mutations in different connexin genes in Hungarian patients.","terms":[{"ids":"UNIPROT:Q9BXZ2:T116:PRGE","score":0.6355006138185267,"id":1,"start":38,"end":52,"text":"connexin genes","terms":[]}]},{"id":1,"start":76,"end":197,"text":"Mutations in the GJB2 gene are the most common cause of hereditary prelingual sensorineural hearing impairment in Europe.","terms":[{"ids":"UNIPROT:Q9H3M7:T116:PRGE","score":0.9930325584098563,"id":1,"start":93,"end":102,"text":"GJB2 gene","terms":[]}]},{"id":2,"start":198,"end":325,"text":"Several studies indicate that different members of the connexin protein family interact to form gap junctions in the inner ear.","terms":[{"ids":"UNIPROT:Q9BXZ2:T116:PRGE","score":0.9990878586784757,"id":1,"start":253,"end":276,"text":"connexin protein family","terms":[]},{"ids":"UMLS:C0022889:T023:ANAT","score":1.0,"id":2,"start":315,"end":324,"text":"inner ear","terms":[]}]},{"id":3,"start":326,"end":424,"text":"Mutations in different connexin genes may accumulate and, consequently lead to hearing impairment.","terms":[{"ids":"UNIPROT:Q9BXZ2:T116:PRGE","score":0.8792625937296201,"id":1,"start":349,"end":363,"text":"connexin genes","terms":[]}]},{"id":4,"start":425,"end":689,"text":"Therefore, we screened 47 Hungarian GJB2- heterozygous (one mutation in coding exon of the GJB2 gene) patients with hearing impairment for DNA changes in two further connexin genes (GJB6 and GJB3) and in the 5\u0027 non-coding region of GJB2 including the splice sites.","terms":[{"ids":"UNIPROT:Q9H3M7:T116:PRGE","score":0.9123520781753346,"id":1,"start":516,"end":525,"text":"GJB2 gene","terms":[]},{"ids":"UNIPROT:Q9BXZ2:T116:PRGE","score":0.9123520781753346,"id":2,"start":591,"end":605,"text":"connexin genes","terms":[]},{"ids":"UNIPROT:O95452:T116:PRGE","score":0.9123520781753346,"id":3,"start":607,"end":611,"text":"GJB6","terms":[]},{"ids":"UNIPROT:O75712:T116:PRGE","score":0.9123520781753346,"id":4,"start":616,"end":620,"text":"GJB3","terms":[]}]},{"id":5,"start":690,"end":813,"text":"Eleven out of 47 GJB2-heterozygous patients analyzed carried the splice site mutation -3170G\u003eA in the 5\u0027UTR region of GJB2.","terms":[]},{"id":6,"start":814,"end":907,"text":"One out of these 11 patients showed homozygous -3170G\u003eA genotype in combination with p.R127H.","terms":[]},{"id":7,"start":908,"end":1129,"text":"Next to the GJB2 mutations we noted 2 cases of deletion in GJB6 [Delta(GJB6-D13S1830)] and 3 (2 new and 1 described) base substitutions in GJB3 [c.357C\u003eT, c.798C\u003eT and c.94C\u003eT (p.R32W)] which are unlikely disease-causing.","terms":[{"ids":"UNIPROT:O95452:T116:PRGE","score":0.31378125769251736,"id":1,"start":967,"end":971,"text":"GJB6","terms":[]},{"ids":"UNIPROT:Q9UBH0:T116:PRGE|UNIPROT:O00548:T116:PRGE|UNIPROT:P25490:T116:PRGE|UNIPROT:P28072:T116:PRGE|UNIPROT:P50991:T116:PRGE|UNIPROT:P14060:T116:PRGE","score":0.31378125769251736,"id":2,"start":973,"end":978,"text":"Delta","terms":[]},{"ids":"UNIPROT:O95452:T116:PRGE","score":0.31378125769251736,"id":3,"start":979,"end":992,"text":"GJB6-D13S1830","terms":[]}]},{"id":8,"start":1130,"end":1291,"text":"Our results suggest the importance of routine screening for the rather frequent -3170G\u003eA mutation (in addition to c.35delG) in patients with hearing impairment..","terms":[]}]