[{"id":0,"start":0,"end":115,"text":"An improved tetra-primer PCR approach for the detection of the FGFR3 G380R mutation responsible for achondroplasia.","terms":[{"ids":"UNIPROT:P22607:T116:PRGE","score":0.6456779655557595,"id":1,"start":63,"end":74,"text":"FGFR3 G380R","terms":[]},{"ids":"UMLS:C0001080:T047:DISO","score":1.0,"id":2,"start":100,"end":114,"text":"achondroplasia","terms":[]}]},{"id":1,"start":116,"end":212,"text":"Achondroplasia is the most common form of dwarfism and has an incidence of approximately 1/7500.","terms":[{"ids":"UMLS:C0001080:T047:DISO","score":1.0,"id":1,"start":116,"end":130,"text":"Achondroplasia","terms":[]},{"ids":"UMLS:C0013336:T047:DISO","score":1.0,"id":2,"start":158,"end":166,"text":"dwarfism","terms":[]}]},{"id":2,"start":213,"end":397,"text":"In more than 98% of cases, the disease is associated with a G to A or G to C substitution at nucleotide position 1138 (p.G380R) of the fibroblast growth factor receptor 3 (FGFR3) gene.","terms":[{"ids":"UNIPROT:Q08357:T116:PRGE","score":0.9212752558981544,"id":1,"start":348,"end":383,"text":"fibroblast growth factor receptor 3","terms":[]},{"ids":"UNIPROT:P22607:T116:PRGE","score":0.9212752558981544,"id":2,"start":385,"end":390,"text":"FGFR3","terms":[]}]},{"id":3,"start":398,"end":625,"text":"We have developed a sensitive single tube tetra-primer PCR assay to detect both the c.1138G\u003eA and c.1138G\u003eC mutations and can successfully distinguish DNA samples that are homozygous and heterozygous for the c.1138G\u003eA mutation.","terms":[]},{"id":4,"start":626,"end":752,"text":"Titration studies showed that the assay could reliably detect one copy of the mutant allele in a mix of 100 wild-type alleles.","terms":[]},{"id":5,"start":753,"end":993,"text":"The assay has been tested in 50 healthy controls, 3 known patients with achondroplasia, and 5 amniotic fluids suspected of having achondroplasia and for whom we had previously determined the genotypes for the c.1138G\u003eA mutation by PCR-RFLP.","terms":[{"ids":"UMLS:C0001080:T047:DISO","score":1.0,"id":1,"start":825,"end":839,"text":"achondroplasia","terms":[]},{"ids":"UMLS:C0001080:T047:DISO","score":1.0,"id":2,"start":883,"end":897,"text":"achondroplasia","terms":[]}]},{"id":6,"start":994,"end":1048,"text":"We have observed complete concordance between methods.","terms":[]},{"id":7,"start":1049,"end":1206,"text":"Our tetra-primer PCR assay is sensitive, low-cost, and easy to use method for FGFR3 p.G380R genotyping, which could be used even in \"low-tech\" laboratories..","terms":[{"ids":"UNIPROT:P22607:T116:PRGE","score":0.7293501829402878,"id":1,"start":1127,"end":1134,"text":"FGFR3 p","terms":[]}]}]