[{"id":0,"start":0,"end":174,"text":"Angiotensin-converting enzyme insertion/deletion (ACE I/D) and angiotensin II type 1 receptor (AT1R) gene polymorphism and its association with preeclampsia in Chinese women.","terms":[{"ids":"UNIPROT:P12821:T116:PRGE","score":0.7620082915312352,"id":1,"start":0,"end":29,"text":"Angiotensin-converting enzyme","terms":[]},{"ids":"UNIPROT:P12821:T116:PRGE","score":0.7620082915312352,"id":2,"start":50,"end":57,"text":"ACE I/D","terms":[]},{"ids":"UNIPROT:P30556:T116:PRGE|UNIPROT:P01019:T116:PRGE","score":0.7620082915312352,"id":3,"start":63,"end":93,"text":"angiotensin II type 1 receptor","terms":[]},{"ids":"UNIPROT:P30556:T116:PRGE","score":0.7620082915312352,"id":4,"start":95,"end":99,"text":"AT1R","terms":[]}]},{"id":1,"start":175,"end":403,"text":"OBJECTIVE: To investigate whether polymorphisms of angiotensin converting enzyme gene (ACE) and angiotensin II receptor type 1 gene (AT1R) are associated with etiology of preeclampsia and renal impact in women with preeclampsia.","terms":[{"ids":"UNIPROT:Q9H3M7:T116:PRGE","score":0.9562394732996761,"id":1,"start":226,"end":260,"text":"angiotensin converting enzyme gene","terms":[]},{"ids":"UNIPROT:P12821:T116:PRGE","score":0.9562394732996761,"id":2,"start":262,"end":265,"text":"ACE","terms":[]},{"ids":"UNIPROT:P30556:T116:PRGE","score":0.9562394732996761,"id":3,"start":271,"end":306,"text":"angiotensin II receptor type 1 gene","terms":[]},{"ids":"UNIPROT:P30556:T116:PRGE","score":0.9562394732996761,"id":4,"start":308,"end":312,"text":"AT1R","terms":[]},{"ids":"UMLS:C0022646:T023:ANAT","score":1.0,"id":5,"start":363,"end":368,"text":"renal","terms":[]}]},{"id":2,"start":404,"end":518,"text":"METHODS: DNA was extracted from peripheral blood of 133 patients with preeclampsia and 105 healthy pregnant women.","terms":[]},{"id":3,"start":519,"end":690,"text":"The I/D polymorphism of the ACE gene was assessed by polymerase chain reaction, and the A1166C polymorphism of the AT(1)R gene was additionally assessed by DdeI digestion.","terms":[{"ids":"UNIPROT:P12821:T116:PRGE","score":0.39967582224986103,"id":1,"start":547,"end":555,"text":"ACE gene","terms":[]}]},{"id":4,"start":691,"end":835,"text":"The level of proteinuria, fasting serum urea, creatinine and uric acid were investigated according to different genotypes of ACE and AT1R genes.","terms":[{"ids":"UNIPROT:P12821:T116:PRGE","score":0.9408221791131528,"id":1,"start":816,"end":819,"text":"ACE","terms":[]},{"ids":"UNIPROT:P30556:T116:PRGE","score":0.9408221791131528,"id":2,"start":824,"end":834,"text":"AT1R genes","terms":[]}]},{"id":5,"start":836,"end":955,"text":"RESULTS: The frequency of genotypes of the ACE gene and the AT1R gene was similar in preeclampsia and normal pregnancy.","terms":[{"ids":"UNIPROT:P12821:T116:PRGE","score":0.955658106951768,"id":1,"start":879,"end":887,"text":"ACE gene","terms":[]},{"ids":"UNIPROT:P30556:T116:PRGE","score":0.955658106951768,"id":2,"start":896,"end":905,"text":"AT1R gene","terms":[]}]},{"id":6,"start":956,"end":1071,"text":"DD and ID genotype predominated in patients with severe proteinuria, as well as increased serum urea and uric acid.","terms":[{"ids":"UMLS:C0022595:T047:DISO|UMLS:C0220726:T047:DISO","score":1.0,"id":1,"start":956,"end":958,"text":"DD","terms":[]}]},{"id":7,"start":1072,"end":1171,"text":"Serum creatinine was also increased, but no significant difference was found among three genotypes.","terms":[]},{"id":8,"start":1172,"end":1282,"text":"The level of proteinuria, serum uric acid, urea, and creatinine did not vary between different AT1R genotypes.","terms":[]},{"id":9,"start":1283,"end":1477,"text":"Compared with patients without renal dysfunction, the frequency of DD and ID genotypes of ACE gene was much higher in those with renal dysfunction, but AC and CC genotypes of AT1R gene were not.","terms":[{"ids":"UMLS:C0022646:T023:ANAT","score":1.0,"id":1,"start":1314,"end":1319,"text":"renal","terms":[]},{"ids":"UMLS:C0022595:T047:DISO|UMLS:C0220726:T047:DISO","score":1.0,"id":2,"start":1350,"end":1352,"text":"DD","terms":[]},{"ids":"UNIPROT:P12821:T116:PRGE","score":0.9559696245507251,"id":3,"start":1373,"end":1381,"text":"ACE gene","terms":[]},{"ids":"UMLS:C0022646:T023:ANAT","score":1.0,"id":4,"start":1412,"end":1417,"text":"renal","terms":[]},{"ids":"UNIPROT:P30556:T116:PRGE","score":0.9559696245507251,"id":5,"start":1458,"end":1467,"text":"AT1R gene","terms":[]}]},{"id":10,"start":1478,"end":1562,"text":"CONCLUSION: We found no association of the two gene polymorphisms with preeclampsia.","terms":[]},{"id":11,"start":1563,"end":1686,"text":"However, ACE gene I/D polymorphisms were associated with the severe proteinuria and renal dysfunction seen in preeclampsia.","terms":[{"ids":"UNIPROT:P12821:T116:PRGE","score":0.8016008235783356,"id":1,"start":1572,"end":1584,"text":"ACE gene I/D","terms":[]},{"ids":"UMLS:C0022646:T023:ANAT","score":1.0,"id":2,"start":1647,"end":1652,"text":"renal","terms":[]}]},{"id":12,"start":1687,"end":1772,"text":"Preeclampsia patients carrying the D allele may be susceptible to renal dysfunction..","terms":[{"ids":"UMLS:C0022646:T023:ANAT","score":1.0,"id":1,"start":1753,"end":1758,"text":"renal","terms":[]}]}]