[{"id":0,"start":0,"end":113,"text":"Structural requirements for the BARD1 tumor suppressor in chromosomal stability and homology-directed DNA repair.","terms":[{"ids":"UNIPROT:Q99728:T116:PRGE","score":0.4146398320749245,"id":1,"start":32,"end":37,"text":"BARD1","terms":[]}]},{"id":1,"start":114,"end":308,"text":"The BRCA1 tumor suppressor exists as a heterodimeric complex with BARD1, and this complex is thought to mediate many of the functions ascribed to BRCA1, including  its role in tumor suppression.","terms":[{"ids":"UNIPROT:P38398:T116:PRGE","score":0.5865852537645876,"id":1,"start":118,"end":140,"text":"BRCA1 tumor suppressor","terms":[]},{"ids":"UNIPROT:Q99728:T116:PRGE","score":0.5865852537645876,"id":2,"start":180,"end":185,"text":"BARD1","terms":[]},{"ids":"UNIPROT:P38398:T116:PRGE","score":0.5865852537645876,"id":3,"start":260,"end":265,"text":"BRCA1","terms":[]}]},{"id":2,"start":309,"end":500,"text":"The two proteins share a common structural organization that features an N-terminal RING domain and two C-terminal BRCT motifs, whereas BARD1 alone also contains three tandem ankyrin repeats.","terms":[{"ids":"UNIPROT:Q99728:T116:PRGE","score":0.9497590295956609,"id":1,"start":445,"end":450,"text":"BARD1","terms":[]},{"ids":"UNIPROT:Q9H9E1:T116:PRGE|UNIPROT:Q01484:T116:PRGE|UNIPROT:P16157:T116:PRGE","score":0.9497590295956609,"id":2,"start":484,"end":491,"text":"ankyrin","terms":[]}]},{"id":3,"start":501,"end":662,"text":"In normal cells, the BRCA1/BARD1 heterodimer is believed to enhance chromosome stability by promoting homology-directed repair (HDR) of double strand DNA breaks.","terms":[{"ids":"UNIPROT:P38398:T116:PRGE","score":0.8311954685549566,"id":1,"start":522,"end":527,"text":"BRCA1","terms":[]},{"ids":"UNIPROT:Q99728:T116:PRGE","score":0.8311954685549566,"id":2,"start":528,"end":533,"text":"BARD1","terms":[]}]},{"id":4,"start":663,"end":806,"text":"Here we have investigated the structural requirements for BARD1 in this process by complementation of Bard1-null mouse mammary carcinoma cells.","terms":[{"ids":"UNIPROT:Q99728:T116:PRGE","score":0.9001313216778808,"id":1,"start":721,"end":726,"text":"BARD1","terms":[]},{"ids":"UNIPROT:Q99728:T116:PRGE","score":0.9001313216778808,"id":2,"start":765,"end":770,"text":"Bard1","terms":[]},{"ids":"UMLS:C0929301:T023:ANAT|UMLS:C0006141:T023:ANAT","score":1.0,"id":3,"start":782,"end":789,"text":"mammary","terms":[]}]},{"id":5,"start":807,"end":930,"text":"Our results demonstrate that the ankyrin and BRCT motifs of BARD1 are each essential for both chromosome stability and HDR.","terms":[{"ids":"UNIPROT:Q9H9E1:T116:PRGE|UNIPROT:Q01484:T116:PRGE|UNIPROT:P16157:T116:PRGE","score":0.7208993882427057,"id":1,"start":840,"end":847,"text":"ankyrin","terms":[]},{"ids":"UNIPROT:Q99728:T116:PRGE","score":0.7208993882427057,"id":2,"start":867,"end":872,"text":"BARD1","terms":[]},{"ids":"UNIPROT:P23771:T116:PRGE","score":0.7208993882427057,"id":3,"start":926,"end":929,"text":"HDR","terms":[]}]},{"id":6,"start":931,"end":1056,"text":"Tandem BRCT motifs, including those found at the C  terminus of BARD1, are known to form a phosphoprotein recognition module.","terms":[{"ids":"UNIPROT:Q99728:T116:PRGE","score":0.8259408101373836,"id":1,"start":995,"end":1000,"text":"BARD1","terms":[]},{"ids":"UNIPROT:Q96RU8:T116:PRGE|UNIPROT:Q9UEE9:T116:PRGE|UNIPROT:Q9HB58:T116:PRGE|UNIPROT:O60641:T116:PRGE","score":0.8259408101373836,"id":2,"start":1022,"end":1055,"text":"phosphoprotein recognition module","terms":[]}]},{"id":7,"start":1057,"end":1330,"text":"Nonetheless, the HDR function of BARD1 was not perturbed by synthetic mutations predicted to ablate the phospho-recognition activity of its BRCT sequences, suggesting that some functions of the BRCT domains are not dependent on their ability to bind phosphorylated ligands.","terms":[{"ids":"UNIPROT:P23771:T116:PRGE","score":0.5583140970945657,"id":1,"start":1074,"end":1077,"text":"HDR","terms":[]},{"ids":"UNIPROT:Q99728:T116:PRGE","score":0.5583140970945657,"id":2,"start":1090,"end":1095,"text":"BARD1","terms":[]}]},{"id":8,"start":1331,"end":1408,"text":"Also, cancer-associated missense mutations in the BRCT domains of BARD1 (e.g.","terms":[{"ids":"UNIPROT:Q99728:T116:PRGE","score":0.9614345089184777,"id":1,"start":1397,"end":1402,"text":"BARD1","terms":[]}]},{"id":9,"start":1409,"end":1517,"text":"C557S, Q564H, V695L, and S761N) have been observed in patients with breast, ovarian, and endometrial tumors.","terms":[{"ids":"UMLS:C0006141:T023:ANAT","score":1.0,"id":1,"start":1477,"end":1483,"text":"breast","terms":[]},{"ids":"UMLS:C0205065:T023:ANAT","score":1.0,"id":2,"start":1485,"end":1492,"text":"ovarian","terms":[]}]},{"id":10,"start":1518,"end":1713,"text":"However,  none of these was found to affect the HDR activity of BARD1, suggesting that any  increased cancer risk conferred by these mutations is not because of defects in this repair mechanism..","terms":[{"ids":"UNIPROT:P23771:T116:PRGE","score":0.691260640077509,"id":1,"start":1566,"end":1569,"text":"HDR","terms":[]},{"ids":"UNIPROT:Q99728:T116:PRGE","score":0.691260640077509,"id":2,"start":1582,"end":1587,"text":"BARD1","terms":[]}]}]