[{"id":0,"start":0,"end":138,"text":"A novel DFNA5 mutation, IVS8+4 A\u003eG, in the splice donor site of intron 8 causes late-onset non-syndromic hearing loss in a Chinese family.","terms":[{"ids":"UMLS:C1832932:T047:DISO|UNIPROT:O60443:T116:PRGE","score":1.0,"id":1,"start":8,"end":13,"text":"DFNA5","terms":[]},{"ids":"UMLS:C0011053:T047:DISO","score":1.0,"id":2,"start":105,"end":117,"text":"hearing loss","terms":[]}]},{"id":1,"start":139,"end":316,"text":"We report here the clinical, genetic, and molecular characteristics of a large Chinese family exhibiting non-syndromic, late-onset autosomal dominant sensorineural hearing loss.","terms":[{"ids":"UMLS:C0018784:T047:DISO","score":1.0,"id":1,"start":289,"end":315,"text":"sensorineural hearing loss","terms":[]}]},{"id":2,"start":317,"end":449,"text":"Clinical evaluation revealed variable phenotypes of hearing loss in terms of severity and age-at-onset of disease in these subjects.","terms":[{"ids":"UMLS:C0011053:T047:DISO","score":1.0,"id":1,"start":369,"end":381,"text":"hearing loss","terms":[]}]},{"id":3,"start":450,"end":604,"text":"Genome-wide linkage analysis mapped the disease gene to the DFNA5 locus with a maximum two-point log odds score of 5.39 at [theta] \u003d 0 for marker D7S2457.","terms":[{"ids":"UNIPROT:O60443:T116:PRGE","score":0.9541019347997441,"id":1,"start":510,"end":521,"text":"DFNA5 locus","terms":[{"ids":"UMLS:C1832932:T047:DISO","score":1.0,"id":1,"start":510,"end":515,"text":"DFNA5","terms":[]}]}]},{"id":4,"start":605,"end":720,"text":"DNA sequencing of DFNA5 revealed a novel heterozygous IVS8+4 A\u003eG substitution in the splice donor site of intron 8.","terms":[{"ids":"UMLS:C1832932:T047:DISO|UNIPROT:O60443:T116:PRGE","score":1.0,"id":1,"start":623,"end":628,"text":"DFNA5","terms":[]}]},{"id":5,"start":721,"end":829,"text":"Reverse transcriptase-polymerase chain reaction (RT-PCR) showed skipping of exon 8 in the mutant transcript.","terms":[{"ids":"UNIPROT:P63132:T116:PRGE|UNIPROT:P63135:T116:PRGE|UNIPROT:P63128:T116:PRGE|UNIPROT:Q9BXR3:T116:PRGE|UNIPROT:O15314:T116:PRGE|UNIPROT:O14746:T116:PRGE|UNIPROT:Q9UQG0:T116:PRGE|UNIPROT:P10266:T116:PRGE|UNIPROT:Q9WJR5:T116:PRGE|UNIPROT:P63133:T116:PRGE|UNIPROT:Q9QC07:T116:PRGE|UNIPROT:P63136:T116:PRGE","score":0.7262278982727514,"id":1,"start":721,"end":742,"text":"Reverse transcriptase","terms":[]}]},{"id":6,"start":830,"end":900,"text":"This mutation faithfully cosegregated with hearing loss in the family.","terms":[{"ids":"UMLS:C0011053:T047:DISO","score":1.0,"id":1,"start":873,"end":885,"text":"hearing loss","terms":[]}]},{"id":7,"start":901,"end":993,"text":"In addition, the mutation was absent in 100 unrelated control DNA samples of Chinese origin.","terms":[]},{"id":8,"start":994,"end":1173,"text":"The IVS8+4 A\u003eG mutation is predicted to create a shift in the reading frame and introduce a stop codon at position 372, thereby resulting in a prematurely truncated DFNA5 protein.","terms":[{"ids":"UNIPROT:O60443:T116:PRGE","score":0.7129095841929433,"id":1,"start":1159,"end":1172,"text":"DFNA5 protein","terms":[{"ids":"UMLS:C1832932:T047:DISO","score":1.0,"id":1,"start":1159,"end":1164,"text":"DFNA5","terms":[]}]}]},{"id":9,"start":1174,"end":1330,"text":"Up to date, a total of four mutations in DFNA5 have been reported to lead to hearing impairment, all of them result in skipping of exon 8 at the mRNA level.","terms":[{"ids":"UMLS:C1832932:T047:DISO|UNIPROT:O60443:T116:PRGE","score":1.0,"id":1,"start":1215,"end":1220,"text":"DFNA5","terms":[]}]},{"id":10,"start":1331,"end":1478,"text":"Our findings provide further support for the hypothesis that DFNA5-associated hearing loss is caused by a very specific gain-of-function mutation..","terms":[{"ids":"UMLS:C1832932:T047:DISO|UNIPROT:O60443:T116:PRGE","score":1.0,"id":1,"start":1392,"end":1397,"text":"DFNA5","terms":[]},{"ids":"UMLS:C0011053:T047:DISO","score":1.0,"id":2,"start":1409,"end":1421,"text":"hearing loss","terms":[]}]}]