[{"id":0,"start":0,"end":114,"text":"Role of homozygous DC-SIGNR 5/5 tandem repeat polymorphism in HIV-1 exposed seronegative North Indian individuals.","terms":[{"ids":"UNIPROT:O43602:T116:PRGE","score":0.714388079915171,"id":1,"start":19,"end":31,"text":"DC-SIGNR 5/5","terms":[]},{"ids":"UMLS:C0019693:T047:DISO","score":1.0,"id":2,"start":62,"end":65,"text":"HIV","terms":[]}]},{"id":1,"start":115,"end":208,"text":"Despite multiple sexual exposures to HIV-1 virus, some individuals remain HIV-1 seronegative.","terms":[{"ids":"UMLS:C0019693:T047:DISO","score":1.0,"id":1,"start":152,"end":155,"text":"HIV","terms":[]},{"ids":"UMLS:C0019693:T047:DISO","score":1.0,"id":2,"start":189,"end":192,"text":"HIV","terms":[]}]},{"id":2,"start":209,"end":420,"text":"Although several genetic factors have been related to HIV-1 resistance, the homozygosity for a mutation in CCR5 gene (the 32-bp deletion, i.e., CCR5-Delta32 allele) is presently considered the most relevant one.","terms":[{"ids":"UMLS:C0019693:T047:DISO","score":1.0,"id":1,"start":263,"end":266,"text":"HIV","terms":[]},{"ids":"UNIPROT:P32302:T116:PRGE","score":0.683956312176952,"id":2,"start":316,"end":325,"text":"CCR5 gene","terms":[]},{"ids":"UNIPROT:P32302:T116:PRGE","score":0.683956312176952,"id":3,"start":353,"end":372,"text":"CCR5-Delta32 allele","terms":[]}]},{"id":3,"start":421,"end":662,"text":"The C-type lectins, DC-SIGN (present on dendritic cells and macrophages) and DC-SIGNR (present on endothelial cells in liver and lymph nodes) efficiently bind and transmit HIV-1 to susceptible cell in trans, thereby augmenting the infection.","terms":[{"ids":"UNIPROT:Q13326:T116:PRGE|UNIPROT:P38405:T116:PRGE","score":0.8939446311833202,"id":1,"start":425,"end":439,"text":"C-type lectins","terms":[]},{"ids":"UMLS:C0023884:T023:ANAT","score":1.0,"id":2,"start":540,"end":545,"text":"liver","terms":[]},{"ids":"UMLS:C0024204:T023:ANAT","score":1.0,"id":3,"start":550,"end":561,"text":"lymph nodes","terms":[]},{"ids":"UMLS:C0019693:T047:DISO","score":1.0,"id":4,"start":593,"end":596,"text":"HIV","terms":[]},{"ids":"UMLS:C0021311:T047:DISO|UMLS:C0009450:T047:DISO","score":1.0,"id":5,"start":652,"end":661,"text":"infection","terms":[]}]},{"id":4,"start":663,"end":801,"text":"A potential association of the DC-SIGN and DC-SIGNR neck domain repeat polymorphism and risk of HIV-1 infection is currently under debate.","terms":[{"ids":"UMLS:C0019693:T047:DISO","score":1.0,"id":1,"start":759,"end":762,"text":"HIV","terms":[]},{"ids":"UMLS:C0021311:T047:DISO|UMLS:C0009450:T047:DISO","score":1.0,"id":2,"start":765,"end":774,"text":"infection","terms":[]}]},{"id":5,"start":802,"end":1129,"text":"To determine the influence of host genetic factors on HIV-1 resistance, we conducted genetic risk association study in HIV-1-exposed seronegative (n \u003d 47) individuals, HIV-1 seronegative (n \u003d 262) healthy control, and HIV-1-infected seropositive patients (n \u003d 168) for polymorphism in neck domain of DC-SIGN and DC-SIGNR genes.","terms":[{"ids":"UMLS:C0019693:T047:DISO","score":1.0,"id":1,"start":856,"end":859,"text":"HIV","terms":[]},{"ids":"UMLS:C0019693:T047:DISO","score":1.0,"id":2,"start":921,"end":924,"text":"HIV","terms":[]},{"ids":"UMLS:C0019693:T047:DISO","score":1.0,"id":3,"start":970,"end":973,"text":"HIV","terms":[]},{"ids":"UMLS:C0019693:T047:DISO","score":1.0,"id":4,"start":1020,"end":1023,"text":"HIV","terms":[]}]},{"id":6,"start":1130,"end":1284,"text":"The DC-SIGN and DC-SIGNR genotypes were identified by polymerase chain reaction method in DNA extracted from peripheral blood and confirmed by sequencing.","terms":[]},{"id":7,"start":1285,"end":1343,"text":"Fisher exact or chi (2) test was used for static analysis.","terms":[]},{"id":8,"start":1344,"end":1486,"text":"DC-SIGN genotype and allele distribution was fairly similar in HIV-1-exposed seronegative, HIV-1 seropositive, and HIV-1 seronegative control.","terms":[{"ids":"UMLS:C0019693:T047:DISO","score":1.0,"id":1,"start":1407,"end":1410,"text":"HIV","terms":[]},{"ids":"UMLS:C0019693:T047:DISO","score":1.0,"id":2,"start":1435,"end":1438,"text":"HIV","terms":[]},{"ids":"UMLS:C0019693:T047:DISO","score":1.0,"id":3,"start":1459,"end":1462,"text":"HIV","terms":[]}]},{"id":9,"start":1487,"end":1585,"text":"There was no statistical significance in the differences in the distribution of DC-SIGN genotypes.","terms":[]},{"id":10,"start":1586,"end":1665,"text":"A total of 13 genotypes were found in DC-SIGNR neck repeat region polymorphism.","terms":[]},{"id":11,"start":1666,"end":1816,"text":"Among all the genotypes, only 5/5 homozygous showed significant reduced risk of HIV-1 infection in HIV-1-exposed seronegative individuals (p \u003d 0.009).","terms":[{"ids":"UMLS:C0019693:T047:DISO","score":1.0,"id":1,"start":1746,"end":1749,"text":"HIV","terms":[]},{"ids":"UMLS:C0021311:T047:DISO|UMLS:C0009450:T047:DISO","score":1.0,"id":2,"start":1752,"end":1761,"text":"infection","terms":[]},{"ids":"UMLS:C0019693:T047:DISO","score":1.0,"id":3,"start":1765,"end":1768,"text":"HIV","terms":[]}]},{"id":12,"start":1817,"end":1934,"text":"A unique genotype 8/5 heterozygous was also found in HIV-1 seropositive individual, which is not reported elsewhere..","terms":[{"ids":"UMLS:C0019693:T047:DISO","score":1.0,"id":1,"start":1870,"end":1873,"text":"HIV","terms":[]}]}]