[{"id":0,"start":0,"end":68,"text":"Identification of rare variants in the hLIMD1 gene in breast cancer.","terms":[{"ids":"UNIPROT:Q9H3M7:T116:PRGE","score":0.9364923418344387,"id":1,"start":39,"end":50,"text":"hLIMD1 gene","terms":[]},{"ids":"UMLS:C0006141:T023:ANAT","score":1.0,"id":2,"start":54,"end":60,"text":"breast","terms":[]}]},{"id":1,"start":69,"end":202,"text":"The hLIMD1 gene is located at chromosome 3p21 and was identified as a putative tumor suppressor gene using an elimination test assay.","terms":[{"ids":"UNIPROT:Q9H3M7:T116:PRGE","score":0.9846642922953615,"id":1,"start":73,"end":84,"text":"hLIMD1 gene","terms":[]}]},{"id":2,"start":203,"end":288,"text":"Chromosome 3p21 loci are frequently deleted in a number of cancers, including breast.","terms":[{"ids":"UMLS:C0006141:T023:ANAT","score":1.0,"id":1,"start":281,"end":287,"text":"breast","terms":[]}]},{"id":3,"start":289,"end":410,"text":"The 3p21.3 locus harbors a number of tumor suppressor candidates, including LIMD1, a member of the ZYXIN family of genes.","terms":[{"ids":"UNIPROT:Q9UGP4:T116:PRGE","score":0.5876742886465436,"id":1,"start":365,"end":370,"text":"LIMD1","terms":[]},{"ids":"UNIPROT:Q15942:T116:PRGE","score":0.5876742886465436,"id":2,"start":388,"end":400,"text":"ZYXIN family","terms":[]}]},{"id":4,"start":411,"end":503,"text":"LIMD1 directly interacts with RB and is thought to play a  role in suppressing tumor growth.","terms":[{"ids":"UNIPROT:Q9UGP4:T116:PRGE","score":0.9501726923495601,"id":1,"start":411,"end":416,"text":"LIMD1","terms":[]},{"ids":"UNIPROT:P27986:T116:PRGE|UNIPROT:P22607:T116:PRGE|UNIPROT:P06400:T116:PRGE","score":0.9501726923495601,"id":2,"start":441,"end":443,"text":"RB","terms":[]}]},{"id":5,"start":504,"end":709,"text":"To investigate whether mutations in the LIMD1 gene could potentially be involved in breast cancer, we used single-stranded conformation polymorphism analysis on DNA from 235 breast cancers and 95 controls.","terms":[{"ids":"UNIPROT:Q9UGP4:T116:PRGE","score":0.9807657359520721,"id":1,"start":544,"end":554,"text":"LIMD1 gene","terms":[]},{"ids":"UMLS:C0006141:T023:ANAT","score":1.0,"id":2,"start":588,"end":594,"text":"breast","terms":[]},{"ids":"UMLS:C0006141:T023:ANAT","score":1.0,"id":3,"start":678,"end":684,"text":"breast","terms":[]}]},{"id":6,"start":710,"end":826,"text":"We identified four novel coding region alterations, including two amino acid substitutions at positions 255 and 302.","terms":[]},{"id":7,"start":827,"end":938,"text":"The two remaining novel variants were found at amino acid positions 246 and 647 and encoded silent alterations.","terms":[]},{"id":8,"start":939,"end":1027,"text":"The rare Ser255Arg variant was identified in only sporadic breast tumors (2/165 tumors).","terms":[{"ids":"UMLS:C0006141:T023:ANAT","score":1.0,"id":1,"start":998,"end":1004,"text":"breast","terms":[]}]},{"id":9,"start":1028,"end":1179,"text":"Some ZYXIN proteins are phosphorylated by serine/threonine kinases, and  the Ser255Arg change is located in a region phosphorylated on serine residues.","terms":[{"ids":"UNIPROT:Q15942:T116:PRGE","score":0.7371657005372816,"id":1,"start":1033,"end":1047,"text":"ZYXIN proteins","terms":[]},{"ids":"UNIPROT:Q8IW75:T116:PRGE|UNIPROT:P36955:T116:PRGE|UNIPROT:P36952:T116:PRGE|UNIPROT:Q9UIV8:T116:PRGE|UNIPROT:P30740:T116:PRGE|UNIPROT:Q6UXR4:T116:PRGE|UNIPROT:P07093:T116:PRGE|UNIPROT:P05121:T116:PRGE|UNIPROT:P50453:T116:PRGE|UNIPROT:Q96P63:T116:PRGE|UNIPROT:Q96P15:T116:PRGE|UNIPROT:P50454:T116:PRGE","score":0.7371657005372816,"id":2,"start":1070,"end":1094,"text":"serine/threonine kinases","terms":[]}]},{"id":10,"start":1180,"end":1263,"text":"Together, the data suggest that this variant may warrant further characterization..","terms":[]}]