[{"id":0,"start":0,"end":109,"text":"Impact of the CCR5 gene polymorphism on the survival of metastatic melanoma patients receiving immunotherapy.","terms":[{"ids":"UNIPROT:P32302:T116:PRGE","score":0.9775051622694461,"id":1,"start":14,"end":23,"text":"CCR5 gene","terms":[]}]},{"id":1,"start":110,"end":194,"text":"PURPOSE: Chemokines influence both tumor progression and anti-tumor immune response.","terms":[]},{"id":2,"start":195,"end":325,"text":"A 32-bp-deletion polymorphism in the chemokine receptor 5 gene (CCR5Delta32) has been shown to result in a non-functional protein.","terms":[{"ids":"UNIPROT:P51677:T116:PRGE|UNIPROT:P61073:T116:PRGE|UNIPROT:Q9NPB9:T116:PRGE|UNIPROT:O00421:T116:PRGE","score":0.9754748321475745,"id":1,"start":232,"end":257,"text":"chemokine receptor 5 gene","terms":[]}]},{"id":3,"start":326,"end":479,"text":"This study was aimed at evaluating the potential impact of this gene polymorphism on disease progression and treatment outcome in patients with melanoma.","terms":[]},{"id":4,"start":480,"end":670,"text":"PATIENTS AND METHODS: CCR5 genotyping was performed by PCR on DNA extracted from serum samples of 782 cutaneous melanoma patients with known disease history and long-term clinical follow-up.","terms":[]},{"id":5,"start":671,"end":742,"text":"Genotypes were correlated with patient survival and types of treatment.","terms":[]},{"id":6,"start":743,"end":853,"text":"RESULTS: Of 782 melanoma patients, 90 (11.5%) were heterozygous and 12 (1.5%) were homozygous for CCR5Delta32.","terms":[]},{"id":7,"start":854,"end":980,"text":"Analyzing the complete cohort, the disease-specific survival from date of primary diagnosis was not influenced by CCR5 status.","terms":[{"ids":"UNIPROT:P32302:T116:PRGE","score":0.979249283081724,"id":1,"start":968,"end":972,"text":"CCR5","terms":[]}]},{"id":8,"start":981,"end":1079,"text":"Similarly, no significant impact could be detected on the treatment outcome of stage III patients.","terms":[]},{"id":9,"start":1080,"end":1246,"text":"In 139 stage IV patients receiving immunotherapy, CCR5Delta32 was associated with a decreased survival compared to patients not carrying the deletion (median 12.5 vs.","terms":[]},{"id":10,"start":1247,"end":1271,"text":"20.3 months, P \u003d 0.029).","terms":[]},{"id":11,"start":1272,"end":1516,"text":"Multivariate analysis revealed the CCR5 genotype as an independent factor impacting disease-specific survival in this patient population (P \u003d 0.002), followed by gender (P \u003d 0.019) and pathological classification of the primary (pT; P \u003d 0.022).","terms":[{"ids":"UNIPROT:P32302:T116:PRGE","score":0.9045341197327509,"id":1,"start":1307,"end":1320,"text":"CCR5 genotype","terms":[]}]},{"id":12,"start":1517,"end":1749,"text":"CONCLUSION: The presence of the CCR5Delta32 polymorphism in patients with stage IV melanoma results in a decreased survival following immunotherapy and may help to select patients less likely to benefit from this type of treatment..","terms":[]}]