[{"id":0,"start":0,"end":80,"text":"A novel missense mutation in the paired domain of human PAX9 causes oligodontia.","terms":[{"ids":"UNIPROT:Q9NYG2:T116:PRGE","score":0.6904341346374517,"id":1,"start":33,"end":60,"text":"paired domain of human PAX9","terms":[]}]},{"id":1,"start":81,"end":184,"text":"PAX9 and MSX1 are transcription factors that play essential roles in craniofacial and limb development.","terms":[{"ids":"UNIPROT:P55771:T116:PRGE","score":0.9997106233826195,"id":1,"start":81,"end":85,"text":"PAX9","terms":[]},{"ids":"UNIPROT:P28360:T116:PRGE","score":0.9997106233826195,"id":2,"start":90,"end":94,"text":"MSX1","terms":[]},{"ids":"UMLS:C0596392:T023:ANAT","score":1.0,"id":3,"start":150,"end":162,"text":"craniofacial","terms":[]},{"ids":"UMLS:C0015385:T023:ANAT","score":1.0,"id":4,"start":167,"end":171,"text":"limb","terms":[]}]},{"id":2,"start":185,"end":293,"text":"In humans, mutations in both genes are associated with nonsyndromic and syndromic oligodontia, respectively.","terms":[]},{"id":3,"start":294,"end":378,"text":"We screened one family with nonsyndromic oligodontia for mutations in PAX9 and MSX1.","terms":[{"ids":"UNIPROT:P55771:T116:PRGE","score":0.9996152586740575,"id":1,"start":364,"end":368,"text":"PAX9","terms":[]},{"ids":"UNIPROT:P28360:T116:PRGE","score":0.9996152586740575,"id":2,"start":373,"end":377,"text":"MSX1","terms":[]}]},{"id":4,"start":379,"end":547,"text":"Single stranded conformational polymorphism (SSCP) analysis and sequencing revealed a novel heterozygous C139T transition in PAX9 in the affected members of the family.","terms":[{"ids":"UNIPROT:P55771:T116:PRGE","score":0.6724562452577127,"id":1,"start":504,"end":508,"text":"PAX9","terms":[]}]},{"id":5,"start":548,"end":619,"text":"There were no mutations detected in the entire coding sequence of MSX1.","terms":[{"ids":"UNIPROT:P28360:T116:PRGE","score":0.9981215997577876,"id":1,"start":614,"end":618,"text":"MSX1","terms":[]}]},{"id":6,"start":620,"end":801,"text":"The C139T mutation, predicted to result in the substitution of an arginine by a tryptophan (R47W) in the N-terminal subdomain, affected conserved residues in the PAX9 paired domain.","terms":[{"ids":"UNIPROT:P55771:T116:PRGE","score":0.6746337531265608,"id":1,"start":782,"end":800,"text":"PAX9 paired domain","terms":[]}]},{"id":7,"start":802,"end":1003,"text":"To elucidate the pathogenic mechanism producing oligodontia phenotype caused by this mutation, we analyzed the binding of wild-type and mutant PAX9 paired domain protein to double-stranded DNA targets.","terms":[{"ids":"UNIPROT:P55771:T116:PRGE","score":0.20891656387559537,"id":1,"start":938,"end":971,"text":"mutant PAX9 paired domain protein","terms":[]},{"ids":"UNIPROT:O14717:T116:PRGE","score":0.20891656387559537,"id":2,"start":975,"end":1002,"text":"double-stranded DNA targets","terms":[]}]},{"id":8,"start":1004,"end":1158,"text":"The R47W mutation dramatically reduced DNA binding suggesting that the mutant protein with consequent haploinsufficiency results in a clinical phenotype..","terms":[]}]