[{"id":0,"start":0,"end":82,"text":"Remission of porphyria cutanea tarda after anastrozole treatment of breast cancer.","terms":[{"ids":"UMLS:C0162566:T047:DISO","score":1.0,"id":1,"start":13,"end":36,"text":"porphyria cutanea tarda","terms":[]},{"ids":"UMLS:C0006141:T023:ANAT","score":1.0,"id":2,"start":68,"end":74,"text":"breast","terms":[]}]},{"id":1,"start":83,"end":226,"text":"Porphyria cutanea tarda (PCT) is sometimes precipitated or aggravated by increased exposure to estrogen, estrogen-like compounds, or tamoxifen.","terms":[{"ids":"UMLS:C0162566:T047:DISO","score":1.0,"id":1,"start":83,"end":106,"text":"Porphyria cutanea tarda","terms":[]},{"ids":"UMLS:C0162566:T047:DISO","score":1.0,"id":2,"start":108,"end":111,"text":"PCT","terms":[]}]},{"id":2,"start":227,"end":351,"text":"We report  the case of a 37-year-old white woman who developed sporadic PCT after she took oral contraceptives for 10 years.","terms":[{"ids":"UMLS:C0162566:T047:DISO","score":1.0,"id":1,"start":299,"end":302,"text":"PCT","terms":[]}]},{"id":3,"start":352,"end":445,"text":"She was heterozygous for the common H63D mutation of the hemochromatosis-associated HFE gene.","terms":[{"ids":"UMLS:C0018995:T047:DISO","score":1.0,"id":1,"start":409,"end":424,"text":"hemochromatosis","terms":[]}]},{"id":4,"start":446,"end":690,"text":"The PCT responded partially  to the cessation of oral contraceptives and to phlebotomy therapy to maintain low iron stores, but only remitted after she received anastrozole therapy for management of adenocarcinoma of the breast at age 59 years.","terms":[{"ids":"UMLS:C0162566:T047:DISO","score":1.0,"id":1,"start":450,"end":453,"text":"PCT","terms":[]},{"ids":"UMLS:C0006141:T023:ANAT","score":1.0,"id":2,"start":667,"end":673,"text":"breast","terms":[]}]},{"id":5,"start":691,"end":861,"text":"The pertinence of HFE mutations, anastrozole and tamoxifen treatment, and chemotherapy to the development and management of PCT in women with breast cancer is discussed..","terms":[{"ids":"UMLS:C0162566:T047:DISO","score":1.0,"id":1,"start":815,"end":818,"text":"PCT","terms":[]},{"ids":"UMLS:C0006141:T023:ANAT","score":1.0,"id":2,"start":833,"end":839,"text":"breast","terms":[]}]}]