[{"id":0,"start":0,"end":63,"text":"Somatic and gonadal mosaicism in X-linked retinitis pigmentosa.","terms":[{"ids":"UMLS:C0018067:T023:ANAT","score":1.0,"id":1,"start":12,"end":19,"text":"gonadal","terms":[]},{"ids":"UMLS:C0035334:T047:DISO","score":1.0,"id":2,"start":42,"end":62,"text":"retinitis pigmentosa","terms":[]}]},{"id":1,"start":64,"end":187,"text":"The g.ORF15 + 652-653delAG mutation in the RPGR gene is the most frequent mutation in X-linked retinitis pigmentosa (XLRP).","terms":[{"ids":"UNIPROT:Q92834:T116:PRGE","score":0.8985978894955157,"id":1,"start":107,"end":116,"text":"RPGR gene","terms":[]},{"ids":"UMLS:C0035334:T047:DISO","score":1.0,"id":2,"start":159,"end":179,"text":"retinitis pigmentosa","terms":[]}]},{"id":2,"start":188,"end":282,"text":"The objective of this study was to investigate the possibility of mosaicism in an XLRP family.","terms":[]},{"id":3,"start":283,"end":330,"text":"Eight subjects in the RP family were recruited.","terms":[{"ids":"UNIPROT:P29973:T116:PRGE|UNIPROT:Q6QNY0:T116:PRGE","score":0.7451580012909426,"id":1,"start":305,"end":314,"text":"RP family","terms":[{"ids":"UMLS:C0035334:T047:DISO","score":1.0,"id":1,"start":305,"end":307,"text":"RP","terms":[]}]}]},{"id":4,"start":331,"end":379,"text":"Blood samples were collected for DNA extraction.","terms":[]},{"id":5,"start":380,"end":456,"text":"Haplotype analysis and mutational screening on the RPGR gene were performed.","terms":[{"ids":"UNIPROT:Q92834:T116:PRGE","score":0.9511241946525569,"id":1,"start":431,"end":440,"text":"RPGR gene","terms":[]}]},{"id":6,"start":457,"end":601,"text":"Additionally, samples of hair follicles and buccal cells from the mother of the proband were acquired for DNA extraction and molecular analysis.","terms":[{"ids":"UMLS:C0221971:T023:ANAT","score":1.0,"id":1,"start":482,"end":496,"text":"hair follicles","terms":[]}]},{"id":7,"start":602,"end":737,"text":"Phenotype was characterized with routine ophthalmic examination, Goldmann perimetry, electroretinography, and color fundus photography.","terms":[{"ids":"UMLS:C0015392:T023:ANAT","score":1.0,"id":1,"start":643,"end":653,"text":"ophthalmic","terms":[]},{"ids":"UMLS:C0740422:T023:ANAT","score":1.0,"id":2,"start":718,"end":724,"text":"fundus","terms":[]}]},{"id":8,"start":738,"end":837,"text":"A g.ORF15 + 652-653delAG mutation was identified in second- and third-generation patients/carriers.","terms":[]},{"id":9,"start":838,"end":1211,"text":"A first-generation female, who was considered to be an obligate carrier, demonstrated a normal phenotype as well as a normal genotype in lymphocytic DNA, indicating the gonadal mosaicism; however, a heterozygous AG-deletion at nucleotide 652 and 653 was identified in the genomic DNA of hair follicles, hair shaft, and buccal cells, indicating that the mutation is somatic.","terms":[{"ids":"UMLS:C0018067:T023:ANAT","score":1.0,"id":1,"start":1007,"end":1014,"text":"gonadal","terms":[]},{"ids":"UNIPROT:P01593:T116:PRGE","score":0.9854541776403342,"id":2,"start":1050,"end":1061,"text":"AG-deletion","terms":[]},{"ids":"UMLS:C0221971:T023:ANAT","score":1.0,"id":3,"start":1130,"end":1145,"text":"follicles, hair","terms":[]}]},{"id":10,"start":1212,"end":1414,"text":"In conclusion, we reported on a family in which an asymptomatic woman with somatic-gonadal mosaicism for a RPGR gene mutation transmitted the mutation to an asymptomatic daughter and to a son with XLRP.","terms":[{"ids":"UMLS:C0018067:T023:ANAT","score":1.0,"id":1,"start":1295,"end":1302,"text":"gonadal","terms":[]},{"ids":"UNIPROT:Q92834:T116:PRGE","score":0.6114120189857337,"id":2,"start":1319,"end":1328,"text":"RPGR gene","terms":[]}]},{"id":11,"start":1415,"end":1558,"text":"Gonadal mosaicism may be responsible for a proportion of multiplex or simplex RP families, in which more than 50% of all cases of RP are found.","terms":[{"ids":"UMLS:C0018067:T023:ANAT","score":1.0,"id":1,"start":1415,"end":1422,"text":"Gonadal","terms":[]},{"ids":"UMLS:C2338991:T023:ANAT","score":1.0,"id":2,"start":1485,"end":1492,"text":"simplex","terms":[]},{"ids":"UMLS:C0035334:T047:DISO","score":1.0,"id":3,"start":1493,"end":1495,"text":"RP","terms":[]},{"ids":"UMLS:C0035334:T047:DISO|UNIPROT:P29973:T116:PRGE|UNIPROT:Q6QNY0:T116:PRGE","score":1.0,"id":4,"start":1545,"end":1547,"text":"RP","terms":[]}]},{"id":12,"start":1559,"end":1585,"text":"(c) 2007 Wiley-Liss, Inc..","terms":[]}]