[{"id":0,"start":0,"end":88,"text":"Polymorphic MLH1 and risk of cancer after methylating chemotherapy for Hodgkin lymphoma.","terms":[{"ids":"UNIPROT:P40692:T116:PRGE","score":0.5974693531081428,"id":1,"start":12,"end":16,"text":"MLH1","terms":[]}]},{"id":1,"start":89,"end":256,"text":"BACKGROUND AND OBJECTIVE: Methylating agents are effective chemotherapy agents for Hodgkin lymphoma, but are associated with the development of second primary cancers.","terms":[]},{"id":2,"start":257,"end":354,"text":"Cytotoxicity of methylating agents is mediated primarily by the DNA mismatch repair (MMR) system.","terms":[]},{"id":3,"start":355,"end":545,"text":"Loss of MLH1, a major component of DNA MMR, results in tolerance to the cytotoxic effects of methylating agents and persistence of mutagenised cells at high risk of malignant transformation.","terms":[{"ids":"UNIPROT:P40692:T116:PRGE","score":0.9720513431596437,"id":1,"start":363,"end":367,"text":"MLH1","terms":[]}]},{"id":4,"start":546,"end":704,"text":"We hypothesised that a common substitution in the basal promoter of MLH1 (position -93, rs1800734) modifies the risk of cancer after methylating chemotherapy.","terms":[{"ids":"UNIPROT:P40692:T116:PRGE","score":0.996264302706882,"id":1,"start":614,"end":618,"text":"MLH1","terms":[]}]},{"id":5,"start":705,"end":1091,"text":"METHODS: 133 patients who developed cancer following chemotherapy and/or radiotherapy (n \u003d 133), 420 patients diagnosed with de novo myeloid leukaemia, 242 patients diagnosed with primary Hodgkin lymphoma, and 1177 healthy controls were genotyped for the MLH1 -93 polymorphism by allelic discrimination polymerase chain reaction (PCR) and restriction fragment length polymorphism assay.","terms":[{"ids":"UNIPROT:P40692:T116:PRGE","score":0.7481843742353158,"id":1,"start":960,"end":968,"text":"MLH1 -93","terms":[]}]},{"id":6,"start":1092,"end":1303,"text":"Odds ratios and 95% confidence intervals for cancer risk by MLH1 -93 polymorphism status, and stratified by previous exposure to methylating chemotherapy, were calculated using unconditional logistic regression.","terms":[{"ids":"UNIPROT:P40692:T116:PRGE","score":0.5792270911055549,"id":1,"start":1152,"end":1160,"text":"MLH1 -93","terms":[]}]},{"id":7,"start":1304,"end":1480,"text":"RESULTS: Carrier frequency of the MLH1 -93 variant was higher in patients who developed therapy related acute myeloid leukaemia (t-AML) (75.0%, n \u003d 12) or breast cancer (53.3%.","terms":[{"ids":"UNIPROT:P40692:T116:PRGE","score":0.7791066796616851,"id":1,"start":1338,"end":1346,"text":"MLH1 -93","terms":[]},{"ids":"UMLS:C0006141:T023:ANAT","score":1.0,"id":2,"start":1459,"end":1465,"text":"breast","terms":[]}]},{"id":8,"start":1481,"end":1662,"text":"n \u003d 15) after methylating chemotherapy for Hodgkin lymphoma compared to patients without previous methylating exposure (t-AML, 30.4%, n \u003d 69; breast cancer patients, 27.2%, n \u003d 22).","terms":[{"ids":"UMLS:C0006141:T023:ANAT","score":1.0,"id":1,"start":1623,"end":1629,"text":"breast","terms":[]}]},{"id":9,"start":1663,"end":2021,"text":"The MLH1 -93 variant allele was also over-represented in t-AML cases when compared to de novo AML cases (36.9%, n \u003d 420) and healthy controls (36.3%, n \u003d 952), and was associated with a significantly increased risk of developing t-AML (odds ratio 5.31, 95% confidence interval 1.40 to 20.15), but only in patients previously treated with a methylating agent.","terms":[{"ids":"UNIPROT:P40692:T116:PRGE","score":0.7845371970049642,"id":1,"start":1667,"end":1690,"text":"MLH1 -93 variant allele","terms":[]}]},{"id":10,"start":2022,"end":2247,"text":"CONCLUSIONS: These data support the hypothesis that the common polymorphism at position -93 in the core promoter of MLH1 defines a risk allele for the development of cancer after methylating chemotherapy for Hodgkin lymphoma.","terms":[{"ids":"UNIPROT:P40692:T116:PRGE","score":0.9934854949875332,"id":1,"start":2138,"end":2142,"text":"MLH1","terms":[]}]},{"id":11,"start":2248,"end":2317,"text":"However, replication of this finding in larger studies is suggested..","terms":[]}]