[{"id":0,"start":0,"end":91,"text":"Focal dermal hypoplasia resulting from a new nonsense mutation, p.E300X, in the PORCN gene.","terms":[{"ids":"UMLS:C0016395:T047:DISO","score":1.0,"id":1,"start":0,"end":23,"text":"Focal dermal hypoplasia","terms":[]},{"ids":"UNIPROT:Q9H237:T116:PRGE","score":0.529787955353836,"id":2,"start":80,"end":90,"text":"PORCN gene","terms":[]}]},{"id":1,"start":92,"end":212,"text":"BACKGROUND: Focal dermal hypoplasia (FDH) (OMIM 305600) is an X-linked dominant disorder of ecto-mesodermal development.","terms":[{"ids":"UMLS:C0016395:T047:DISO","score":1.0,"id":1,"start":104,"end":127,"text":"Focal dermal hypoplasia","terms":[]},{"ids":"UMLS:C0016395:T047:DISO","score":1.0,"id":2,"start":129,"end":132,"text":"FDH","terms":[]}]},{"id":2,"start":213,"end":384,"text":"Also known as Goltz syndrome, FDH presents with characteristic linear streaks of hypoplastic dermis and variable abnormalities of bone, nails, hair, limbs, teeth and eyes.","terms":[{"ids":"UMLS:C0016395:T047:DISO","score":1.0,"id":1,"start":227,"end":241,"text":"Goltz syndrome","terms":[]},{"ids":"UMLS:C0016395:T047:DISO|UNIPROT:P11766:T116:PRGE|UNIPROT:Q9H237:T116:PRGE","score":1.0,"id":2,"start":243,"end":246,"text":"FDH","terms":[]},{"ids":"UMLS:C0262950:T023:ANAT","score":1.0,"id":3,"start":343,"end":347,"text":"bone","terms":[]},{"ids":"UMLS:C0027342:T023:ANAT","score":1.0,"id":4,"start":349,"end":354,"text":"nails","terms":[]},{"ids":"UMLS:C0018494:T023:ANAT","score":1.0,"id":5,"start":356,"end":360,"text":"hair","terms":[]},{"ids":"UMLS:C0015385:T023:ANAT","score":1.0,"id":6,"start":362,"end":367,"text":"limbs","terms":[]},{"ids":"UMLS:C0040426:T023:ANAT","score":1.0,"id":7,"start":369,"end":374,"text":"teeth","terms":[]},{"ids":"UMLS:C0015392:T023:ANAT","score":1.0,"id":8,"start":379,"end":383,"text":"eyes","terms":[]}]},{"id":3,"start":385,"end":582,"text":"The molecular basis of FDH involves mutations in the PORCN gene, which encodes an enzyme that allows membrane targeting and secretion of several Wnt proteins critical for normal tissue development.","terms":[{"ids":"UMLS:C0016395:T047:DISO|UNIPROT:P11766:T116:PRGE|UNIPROT:Q9H237:T116:PRGE","score":1.0,"id":1,"start":408,"end":411,"text":"FDH","terms":[]},{"ids":"UNIPROT:Q9H237:T116:PRGE","score":0.9245782568774356,"id":2,"start":438,"end":448,"text":"PORCN gene","terms":[]}]},{"id":4,"start":583,"end":877,"text":"OBJECTIVES: To investigate the molecular basis of FDH in a 2-year-old Thai girl who presented at birth with depressed, pale linear scars on the trunk and limbs, sparse brittle hair, syndactyly of the right middle and ring fingers, dental caries and radiological features of osteopathia striata.","terms":[{"ids":"UMLS:C0016395:T047:DISO","score":1.0,"id":1,"start":633,"end":636,"text":"FDH","terms":[]},{"ids":"UMLS:C0015385:T023:ANAT","score":1.0,"id":2,"start":737,"end":742,"text":"limbs","terms":[]},{"ids":"UMLS:C0263490:T047:DISO","score":1.0,"id":3,"start":751,"end":763,"text":"brittle hair","terms":[{"ids":"UMLS:C0018494:T023:ANAT","score":1.0,"id":1,"start":759,"end":763,"text":"hair","terms":[]}]},{"ids":"UMLS:C0333519:T047:DISO|UMLS:C0011334:T047:DISO","score":1.0,"id":4,"start":814,"end":827,"text":"dental caries","terms":[]}]},{"id":5,"start":878,"end":1008,"text":"METHODS: Sequencing of genomic DNA from the affected individual and both parents to search for pathogenic mutations in PORCN gene.","terms":[{"ids":"UNIPROT:Q9H237:T116:PRGE","score":0.9831239033253124,"id":1,"start":997,"end":1007,"text":"PORCN gene","terms":[]}]},{"id":6,"start":1009,"end":1205,"text":"RESULTS: DNA sequencing disclosed a heterozygous G\u003eT substitution at nucleotide c.898 within exon 10 (NM_203475.1), converting a glutamic acid residue (GAA) to a premature termination codon (TAA).","terms":[{"ids":"UMLS:C0162872:T047:DISO","score":1.0,"id":1,"start":1200,"end":1203,"text":"TAA","terms":[]}]},{"id":7,"start":1206,"end":1314,"text":"This mutation, designated p.E300X, was not detected in DNA from either parent or in 100 control chromosomes.","terms":[]},{"id":8,"start":1315,"end":1518,"text":"CONCLUSION: Identification of this new de novo nonsense mutation confirms the diagnosis of FDH in this child and highlights the clinical importance of PORCN and Wnt signalling pathways in embryogenesis..","terms":[{"ids":"UMLS:C0016395:T047:DISO|UNIPROT:P11766:T116:PRGE|UNIPROT:Q9H237:T116:PRGE","score":1.0,"id":1,"start":1406,"end":1409,"text":"FDH","terms":[]},{"ids":"UNIPROT:Q9H237:T116:PRGE","score":0.581734633375242,"id":2,"start":1466,"end":1471,"text":"PORCN","terms":[]}]}]