[{"id":0,"start":0,"end":155,"text":"In vitro expression of beta-thalassaemia gene (IVS1-1G\u003eC) reveals complete inactivation of the normal 5\u0027 splice site and alternative aberrant RNA splicing.","terms":[{"ids":"UMLS:C0005283:T047:DISO","score":1.0,"id":1,"start":23,"end":40,"text":"beta-thalassaemia","terms":[]}]},{"id":1,"start":156,"end":347,"text":"We previously reported a case of heterozygous beta-thalassaemia with IVS1-1G \u003e C substitution in the beta-globin gene and a non-detectable level of mutant mRNA in the patient\u0027s reticulocytes.","terms":[{"ids":"UMLS:C0005283:T047:DISO|UNIPROT:P78371:T116:PRGE|UNIPROT:P07951:T116:PRGE|UNIPROT:Q9HCC0:T116:PRGE|UNIPROT:O00459:T116:PRGE","score":1.0,"id":1,"start":202,"end":219,"text":"beta-thalassaemia","terms":[]},{"ids":"UNIPROT:P78371:T116:PRGE|UNIPROT:P07951:T116:PRGE|UNIPROT:Q9HCC0:T116:PRGE|UNIPROT:O00459:T116:PRGE","score":0.7595335666618194,"id":2,"start":257,"end":273,"text":"beta-globin gene","terms":[]}]},{"id":2,"start":348,"end":477,"text":"The purpose of this study was to determine whether the transcription and RNA splicing and processing of the mutant gene occurred.","terms":[]},{"id":3,"start":478,"end":683,"text":"We analysed the expression of the mRNA encoded by the cloned mutant gene in COS-1 cells by reverse transcription-polymerase chain reaction followed by agarose gel electrophoresis and nucleotide sequencing.","terms":[]},{"id":4,"start":684,"end":864,"text":"The G \u003e C mutation completely inactivated the normal 5\u0027 splice site and resulted in the activation of two cryptic 5\u0027 splice sites, located 16 and 38 nt upstream of the normal site.","terms":[]},{"id":5,"start":865,"end":1016,"text":"The usage of these two cryptic sites accords with the findings of reports on IVS1-1G \u003e A or IVS1-1G \u003e C substitution of exon 1 of the beta-globin gene.","terms":[{"ids":"UNIPROT:P78371:T116:PRGE|UNIPROT:P07951:T116:PRGE|UNIPROT:Q9HCC0:T116:PRGE|UNIPROT:O00459:T116:PRGE","score":0.25170477182853346,"id":1,"start":999,"end":1015,"text":"beta-globin gene","terms":[]}]},{"id":6,"start":1017,"end":1174,"text":"Additional experiments that involved transfection of equal amounts of both normal and mutant vectors into COS-1 cells indicated the presence of mutant mRNAs.","terms":[]},{"id":7,"start":1175,"end":1300,"text":"In conclusion, the beta-thalassaemia gene (IVS1-1G \u003e C) was expressed in transfected cells, but showed aberrant RNA splicing.","terms":[{"ids":"UMLS:C0005283:T047:DISO","score":1.0,"id":1,"start":1194,"end":1211,"text":"beta-thalassaemia","terms":[]}]},{"id":8,"start":1301,"end":1436,"text":"Further studies will be required to clarify the molecular mechanism that results in severe reduction in the mutant mRNA level in vivo..","terms":[]}]