[{"id":0,"start":0,"end":104,"text":"Analysis of -1082 IL-10 gene polymorphism in Iranian patients with generalized aggressive periodontitis.","terms":[{"ids":"UNIPROT:Q9H3M7:T116:PRGE","score":0.8306915825533497,"id":1,"start":18,"end":28,"text":"IL-10 gene","terms":[]},{"ids":"UMLS:C1719495:T047:DISO","score":1.0,"id":2,"start":67,"end":103,"text":"generalized aggressive periodontitis","terms":[]}]},{"id":1,"start":105,"end":253,"text":"BACKGROUND: Periodontitis is a multifactorial disease and its severe forms, such as aggressive periodontitis, are suggested to have a genetic basis.","terms":[{"ids":"UMLS:C0031099:T047:DISO","score":1.0,"id":1,"start":117,"end":130,"text":"Periodontitis","terms":[]},{"ids":"UMLS:C0031106:T047:DISO","score":1.0,"id":2,"start":189,"end":213,"text":"aggressive periodontitis","terms":[]}]},{"id":2,"start":254,"end":377,"text":"Among the genetic factors, polymorphisms in cytokine genes have recently been described in susceptibility to periodontitis.","terms":[{"ids":"UMLS:C0031099:T047:DISO","score":1.0,"id":1,"start":363,"end":376,"text":"periodontitis","terms":[]}]},{"id":3,"start":378,"end":475,"text":"IL-10 is a multi-functional cytokine thought to play a role in the pathogenesis of periodontitis.","terms":[{"ids":"UMLS:C0031099:T047:DISO","score":1.0,"id":1,"start":461,"end":474,"text":"periodontitis","terms":[]}]},{"id":4,"start":476,"end":630,"text":"A substitution G/A polymorphism in the promoter region of the IL-10 gene at position -1082 has been associated with different amounts of IL-10 production.","terms":[{"ids":"UNIPROT:Q9H3M7:T116:PRGE","score":0.9787743336093586,"id":1,"start":538,"end":548,"text":"IL-10 gene","terms":[]}]},{"id":5,"start":631,"end":801,"text":"The aim of the present study was to investigate the possible links between -1082(G/A) polymorphism of the IL-10 gene and the generalized form of aggressive periodontitis.","terms":[{"ids":"UNIPROT:Q9H3M7:T116:PRGE","score":0.9314731403143426,"id":1,"start":737,"end":747,"text":"IL-10 gene","terms":[]},{"ids":"UMLS:C0031106:T047:DISO","score":1.0,"id":2,"start":776,"end":800,"text":"aggressive periodontitis","terms":[]}]},{"id":6,"start":802,"end":1021,"text":"MATERIAL/METHODS: This study included 52 Iranian Khorasanian (north-east province of Iran) subjects suffering from generalized aggressive periodontitis referred to the Periodontology Department of Mashhad Dental School.","terms":[{"ids":"UMLS:C1719495:T047:DISO","score":1.0,"id":1,"start":917,"end":953,"text":"generalized aggressive periodontitis","terms":[]}]},{"id":7,"start":1022,"end":1101,"text":"They were compared to 61 age and sex-matched healthy controls of the same race.","terms":[]},{"id":8,"start":1102,"end":1277,"text":"DNA was isolated from peripheral blood cells and genotyping was performed by means of the amplification refractory mutation system polymerase chain reaction (ARMS-PCR) method.","terms":[]},{"id":9,"start":1278,"end":1324,"text":"Data were analyzed using the chi-squared test.","terms":[]},{"id":10,"start":1325,"end":1470,"text":"RESULTS: There was no marked difference in genotype frequencies between the controls and generalized aggressive periodontitis patients (p\u003d0.585).","terms":[{"ids":"UMLS:C1719495:T047:DISO","score":1.0,"id":1,"start":1414,"end":1450,"text":"generalized aggressive periodontitis","terms":[]}]},{"id":11,"start":1471,"end":1579,"text":"Moreover, no association between patients and normal subjects was found in their allele frequency (p\u003d0.329).","terms":[]},{"id":12,"start":1580,"end":1762,"text":"CONCLUSIONS: We conclude that the polymorphic nucleotide A at position -1082 of the IL-10 gene is not associated with generalized aggressive periodontitis in the Iranian population..","terms":[{"ids":"UNIPROT:Q9H3M7:T116:PRGE","score":0.9982344895360461,"id":1,"start":1664,"end":1674,"text":"IL-10 gene","terms":[]},{"ids":"UMLS:C1719495:T047:DISO","score":1.0,"id":2,"start":1698,"end":1734,"text":"generalized aggressive periodontitis","terms":[]}]}]