[{"id":0,"start":0,"end":122,"text":"Skewed X inactivation in an X linked nystagmus family resulted from a novel, p.R229G, missense mutation in the FRMD7 gene.","terms":[{"ids":"UMLS:C0028738:T047:DISO","score":1.0,"id":1,"start":37,"end":46,"text":"nystagmus","terms":[]},{"ids":"UNIPROT:Q6ZUT3:T116:PRGE","score":0.9938964816171417,"id":2,"start":111,"end":121,"text":"FRMD7 gene","terms":[]}]},{"id":1,"start":123,"end":239,"text":"AIMS: This study aimed to identify the underlying genetic defect of a large Turkish X linked nystagmus (NYS) family.","terms":[{"ids":"UMLS:C1861101:T047:DISO","score":1.0,"id":1,"start":181,"end":187,"text":"defect","terms":[]},{"ids":"UMLS:C0028738:T047:DISO","score":1.0,"id":2,"start":216,"end":225,"text":"nystagmus","terms":[]}]},{"id":2,"start":240,"end":305,"text":"METHODS: Both Xp11 and Xq26 loci were tested by linkage analysis.","terms":[]},{"id":3,"start":306,"end":398,"text":"The 12 exons and intron-exon junctions of the FRMD7 gene were screened by direct sequencing.","terms":[{"ids":"UNIPROT:Q6ZUT3:T116:PRGE","score":0.9958085897155202,"id":1,"start":352,"end":362,"text":"FRMD7 gene","terms":[]}]},{"id":4,"start":399,"end":594,"text":"X chromosome inactivation analysis was performed by enzymatic predigestion of DNA with a methylation-sensitive enzyme, followed by PCR of the polymorphic CAG repeat of the androgen receptor gene.","terms":[{"ids":"UNIPROT:P10275:T116:PRGE","score":0.9865488776881479,"id":1,"start":571,"end":593,"text":"androgen receptor gene","terms":[]}]},{"id":5,"start":595,"end":664,"text":"RESULTS: The family contained 162 individuals, among whom 28 had NYS.","terms":[]},{"id":6,"start":665,"end":707,"text":"Linkage analysis confirmed the Xq26 locus.","terms":[]},{"id":7,"start":708,"end":888,"text":"A novel missense c.686C\u003eG mutation, which causes the substitution of a conserved arginine at amino acid position 229 by glycine (p.R229G) in exon 8 of the FRMD7 gene, was observed.","terms":[{"ids":"UNIPROT:Q6ZUT3:T116:PRGE","score":0.895611628258594,"id":1,"start":863,"end":873,"text":"FRMD7 gene","terms":[]}]},{"id":8,"start":889,"end":947,"text":"This change was not documented in 120 control individuals.","terms":[]},{"id":9,"start":948,"end":1081,"text":"The clinical findings in a female who was homozygous for the mutation were not different from those of affected heterozygous females.","terms":[]},{"id":10,"start":1082,"end":1157,"text":"Skewed X inactivation was remarkable in the affected females of the family.","terms":[]},{"id":11,"start":1158,"end":1335,"text":"CONCLUSIONS: A novel p.R229G mutation in the FRMD7 gene causes the NYS phenotype, and skewed X inactivation influences the manifestation of the disease in X linked NYS females..","terms":[{"ids":"UNIPROT:Q6ZUT3:T116:PRGE","score":0.8006550021354026,"id":1,"start":1203,"end":1213,"text":"FRMD7 gene","terms":[]}]}]