[{"id":0,"start":0,"end":87,"text":"Clinical and molecular characterization of Italian patients affected by Cohen syndrome.","terms":[{"ids":"UMLS:C0265223:T047:DISO","score":1.0,"id":1,"start":72,"end":86,"text":"Cohen syndrome","terms":[]}]},{"id":1,"start":88,"end":293,"text":"Cohen syndrome is an autosomal recessive disorder with variability in the clinical manifestations, characterized by developmental delay, visual disability, facial dysmorphisms and intermittent neutropenia.","terms":[{"ids":"UMLS:C0265223:T047:DISO","score":1.0,"id":1,"start":88,"end":102,"text":"Cohen syndrome","terms":[]},{"ids":"UMLS:C0027947:T047:DISO","score":1.0,"id":2,"start":281,"end":292,"text":"neutropenia","terms":[]}]},{"id":2,"start":294,"end":426,"text":"We described a cohort of 10 patients affected by Cohen syndrome from nine Italian families ranging from 5 to 52 years at assessment.","terms":[{"ids":"UMLS:C0265223:T047:DISO","score":1.0,"id":1,"start":343,"end":357,"text":"Cohen syndrome","terms":[]}]},{"id":3,"start":427,"end":490,"text":"Characteristic age related facial changes were well documented.","terms":[]},{"id":4,"start":491,"end":611,"text":"Visual anomalies, namely retinopathy and myopia, were present in 9/10 patients (retinopathy in 9/10 and myopia in 8/10).","terms":[{"ids":"UMLS:C0035309:T047:DISO","score":1.0,"id":1,"start":516,"end":527,"text":"retinopathy","terms":[]},{"ids":"UMLS:C0027092:T047:DISO","score":1.0,"id":2,"start":532,"end":538,"text":"myopia","terms":[]},{"ids":"UMLS:C0035309:T047:DISO","score":1.0,"id":3,"start":571,"end":582,"text":"retinopathy","terms":[]},{"ids":"UMLS:C0027092:T047:DISO","score":1.0,"id":4,"start":595,"end":601,"text":"myopia","terms":[]}]},{"id":5,"start":612,"end":688,"text":"Truncal obesity has been described in all patients older than 6 years (8/8).","terms":[{"ids":"UMLS:C0311277:T047:DISO","score":1.0,"id":1,"start":612,"end":627,"text":"Truncal obesity","terms":[]}]},{"id":6,"start":689,"end":764,"text":"DNA samples from all patients were analyzed for mutations in COH1 by DHPLC.","terms":[{"ids":"UMLS:C0265223:T047:DISO","score":1.0,"id":1,"start":750,"end":754,"text":"COH1","terms":[]}]},{"id":7,"start":765,"end":870,"text":"We detected 15 COH1 alterations most of them were truncating mutations, only one being a missense change.","terms":[{"ids":"UMLS:C0265223:T047:DISO","score":1.0,"id":1,"start":780,"end":784,"text":"COH1","terms":[]}]},{"id":8,"start":871,"end":926,"text":"Partial gene deletions have been found in two families.","terms":[]},{"id":9,"start":927,"end":955,"text":"Most mutations were private.","terms":[]},{"id":10,"start":956,"end":1010,"text":"Two were already reported in the literature just once.","terms":[]},{"id":11,"start":1011,"end":1254,"text":"A single base deletion leading to p.T3708fs3769, never reported before, was found in three apparently unrelated families deriving from a restricted area of the Veneto\u0027s lowland, between Padova town and Tagliamento river, in heterozygous state.","terms":[]},{"id":12,"start":1255,"end":1418,"text":"Given the geographical conformation of this region, which is neither geographically or culturally isolated, a recent origin of the mutation could be hypothesized..","terms":[]}]