[{"id":0,"start":0,"end":121,"text":"Identification of BRCA1 missense substitutions that confer partial functional activity: potential moderate risk variants?","terms":[{"ids":"UNIPROT:P38398:T116:PRGE","score":0.9571180823114953,"id":1,"start":18,"end":23,"text":"BRCA1","terms":[]}]},{"id":1,"start":122,"end":290,"text":"INTRODUCTION: Many of the DNA sequence variants identified in the breast cancer susceptibility gene BRCA1 remain unclassified in terms of their potential pathogenicity.","terms":[{"ids":"UNIPROT:Q6WQI6:T116:PRGE","score":0.5980575643056742,"id":1,"start":188,"end":227,"text":"breast cancer susceptibility gene BRCA1","terms":[{"ids":"UMLS:C0006141:T023:ANAT","score":1.0,"id":1,"start":188,"end":194,"text":"breast","terms":[]}]}]},{"id":2,"start":291,"end":559,"text":"Both multifactorial likelihood analysis and functional approaches  have been proposed as a means to elucidate likely clinical significance of such variants, but analysis of the comparative value of these methods for classifying  all sequence variants has been limited.","terms":[]},{"id":3,"start":560,"end":755,"text":"METHODS: We have compared the results from multifactorial likelihood analysis with those from several functional analyses for the four BRCA1 sequence variants  A1708E, G1738R, R1699Q, and A1708V.","terms":[{"ids":"UNIPROT:P38398:T116:PRGE","score":0.20784390841880385,"id":1,"start":695,"end":726,"text":"BRCA1 sequence variants  A1708E","terms":[]}]},{"id":4,"start":756,"end":974,"text":"RESULTS: Our results show that multifactorial likelihood analysis, which incorporates sequence conservation, co-inheritance, segregation, and tumour immunohistochemical analysis, may improve classification of variants.","terms":[]},{"id":5,"start":975,"end":1243,"text":"For A1708E, previously shown to be functionally compromised, analysis of oestrogen receptor,  cytokeratin 5/6, and cytokeratin 14 tumour expression data significantly strengthened the prediction of pathogenicity, giving a posterior probability of pathogenicity of 99%.","terms":[{"ids":"UNIPROT:P03372:T116:PRGE","score":0.4052181562148716,"id":1,"start":1048,"end":1066,"text":"oestrogen receptor","terms":[]},{"ids":"UNIPROT:P02533:T116:PRGE|UNIPROT:P13647:T116:PRGE","score":0.4052181562148716,"id":2,"start":1069,"end":1104,"text":"cytokeratin 5/6, and cytokeratin 14","terms":[]}]},{"id":6,"start":1244,"end":1489,"text":"For G1738R, shown to be functionally defective in this study, immunohistochemistry analysis confirmed previous findings of inconsistent  \u0027BRCA1-like\u0027 phenotypes for the two tumours studied, and the posterior probability for this variant was 96%.","terms":[{"ids":"UNIPROT:P38398:T116:PRGE","score":0.40748801175897226,"id":1,"start":1381,"end":1393,"text":"\u0027BRCA1-like\u0027","terms":[]}]},{"id":7,"start":1490,"end":1616,"text":"The posterior probabilities of R1699Q and A1708V were 54% and 69%, respectively, only moderately suggestive of increased risk.","terms":[]},{"id":8,"start":1617,"end":1740,"text":"Interestingly, results from functional analyses suggest that both of these  variants have only partial functional activity.","terms":[]},{"id":9,"start":1741,"end":1926,"text":"R1699Q was defective in foci formation in response to DNA damage and displayed intermediate transcriptional transactivation activity but showed no evidence for centrosome amplification.","terms":[]},{"id":10,"start":1927,"end":2115,"text":"In  contrast, A1708V displayed an intermediate transcriptional transactivation activity and a normal foci formation response in response to DNA damage but induced centrosome amplification.","terms":[]},{"id":11,"start":2116,"end":2274,"text":"CONCLUSION: These data highlight the need for a range of functional studies to be performed in order to identify variants with partially compromised function.","terms":[]},{"id":12,"start":2275,"end":2395,"text":"The  results also raise the possibility that A1708V and R1699Q may be associated with  a low or moderate risk of cancer.","terms":[]},{"id":13,"start":2396,"end":2824,"text":"While data pooling strategies may provide more  information for multifactorial analysis to improve the interpretation of the clinical significance of these variants, it is likely that the development of current multifactorial likelihood approaches and the consideration of alternative statistical approaches will be needed to determine whether these individually rare variants do confer a low or moderate risk of breast cancer..","terms":[{"ids":"UMLS:C0006141:T023:ANAT","score":1.0,"id":1,"start":2809,"end":2815,"text":"breast","terms":[]}]}]