[{"id":0,"start":0,"end":126,"text":"Identification of apolipoprotein E Guangzhou (arginine 150 proline), a new variant associated with lipoprotein glomerulopathy.","terms":[{"ids":"UNIPROT:P02649:T116:PRGE","score":0.31172922053827373,"id":1,"start":18,"end":34,"text":"apolipoprotein E","terms":[]},{"ids":"UMLS:C2673196:T047:DISO","score":1.0,"id":2,"start":99,"end":125,"text":"lipoprotein glomerulopathy","terms":[]}]},{"id":1,"start":127,"end":334,"text":"BACKGROUND/AIMS: Lipoprotein glomerulopathy (LPG) is a rare disease characterized by thrombus-like substances in markedly dilated glomerular capillaries and elevated plasma levels of apolipoprotein E (apoE).","terms":[{"ids":"UMLS:C2673196:T047:DISO","score":1.0,"id":1,"start":144,"end":170,"text":"Lipoprotein glomerulopathy","terms":[]},{"ids":"UMLS:C2673196:T047:DISO","score":1.0,"id":2,"start":172,"end":175,"text":"LPG","terms":[]},{"ids":"UMLS:C0678236:T047:DISO","score":1.0,"id":3,"start":182,"end":194,"text":"rare disease","terms":[]},{"ids":"UMLS:C0022663:T023:ANAT","score":1.0,"id":4,"start":257,"end":267,"text":"glomerular","terms":[]},{"ids":"UMLS:C0006901:T023:ANAT","score":1.0,"id":5,"start":268,"end":279,"text":"capillaries","terms":[]},{"ids":"UNIPROT:P02649:T116:PRGE","score":0.9425431898323602,"id":6,"start":310,"end":326,"text":"apolipoprotein E","terms":[]},{"ids":"UNIPROT:P02649:T116:PRGE","score":0.9425431898323602,"id":7,"start":328,"end":332,"text":"apoE","terms":[]}]},{"id":2,"start":335,"end":506,"text":"Previous studies have shown that genetic disorders of apoE may contribute to the pathogenesis of LPG, but LPG may not be caused by apoE gene mutations in Chinese patients.","terms":[{"ids":"UMLS:C0019247:T047:DISO","score":1.0,"id":1,"start":368,"end":385,"text":"genetic disorders","terms":[]},{"ids":"UNIPROT:P02649:T116:PRGE","score":0.7348477077440931,"id":2,"start":389,"end":393,"text":"apoE","terms":[]},{"ids":"UMLS:C2673196:T047:DISO","score":1.0,"id":3,"start":432,"end":435,"text":"LPG","terms":[]},{"ids":"UMLS:C2673196:T047:DISO","score":1.0,"id":4,"start":441,"end":444,"text":"LPG","terms":[]},{"ids":"UNIPROT:P02649:T116:PRGE","score":0.7348477077440931,"id":5,"start":466,"end":475,"text":"apoE gene","terms":[]}]},{"id":3,"start":507,"end":601,"text":"This study investigated the association of a new variant of apoE with LPG in a Chinese family.","terms":[{"ids":"UNIPROT:P02649:T116:PRGE","score":0.8318542436659595,"id":1,"start":567,"end":571,"text":"apoE","terms":[]},{"ids":"UMLS:C2673196:T047:DISO","score":1.0,"id":2,"start":577,"end":580,"text":"LPG","terms":[]}]},{"id":4,"start":602,"end":671,"text":"METHODS: The apoE gene in a family with 4 LPG patients was sequenced.","terms":[{"ids":"UNIPROT:P02649:T116:PRGE","score":0.9970844529225589,"id":1,"start":615,"end":624,"text":"apoE gene","terms":[]},{"ids":"UMLS:C2673196:T047:DISO","score":1.0,"id":2,"start":644,"end":647,"text":"LPG","terms":[]}]},{"id":5,"start":672,"end":793,"text":"The polymerase chain reaction product of coding region of apoE exon 4 was cloned into pMD 18-T vector and then sequenced.","terms":[{"ids":"UNIPROT:P02649:T116:PRGE","score":0.560533728116978,"id":1,"start":730,"end":741,"text":"apoE exon 4","terms":[]},{"ids":"UMLS:C0205711:T047:DISO|UMLS:C1832661:T047:DISO","score":1.0,"id":2,"start":758,"end":761,"text":"pMD","terms":[]}]},{"id":6,"start":794,"end":923,"text":"RESULTS: A novel point mutation in exon 4 of the apoE gene was identified in all 4 LPG patients and 1 asymptomatic family member.","terms":[{"ids":"UNIPROT:P02649:T116:PRGE","score":0.9922932967591138,"id":1,"start":843,"end":852,"text":"apoE gene","terms":[]},{"ids":"UMLS:C2673196:T047:DISO","score":1.0,"id":2,"start":877,"end":880,"text":"LPG","terms":[]}]},{"id":7,"start":924,"end":1076,"text":"Sequence analysis confirmed a nucleotide G to C point mutation in exon 4 (base 308) of the apoE gene in all patients and the asymptomatic family member.","terms":[{"ids":"UNIPROT:P02649:T116:PRGE","score":0.9854502488885668,"id":1,"start":1015,"end":1024,"text":"apoE gene","terms":[]}]},{"id":8,"start":1077,"end":1200,"text":"This missense mutation denotes amino acid substitution of the proline residue for arginine residue at position 150 of apoE.","terms":[{"ids":"UNIPROT:P02649:T116:PRGE","score":0.9917301847350607,"id":1,"start":1195,"end":1199,"text":"apoE","terms":[]}]},{"id":9,"start":1201,"end":1259,"text":"Those patients were all heterozygotes with apoE Guangzhou.","terms":[{"ids":"UNIPROT:P02649:T116:PRGE","score":0.8025867491068189,"id":1,"start":1244,"end":1248,"text":"apoE","terms":[]}]},{"id":10,"start":1260,"end":1362,"text":"One of 2 grandsons was a heterozygous carrier of apoE Guangzhou, although he did not have proteinuria.","terms":[{"ids":"UNIPROT:P02649:T116:PRGE","score":0.5467563326319798,"id":1,"start":1309,"end":1313,"text":"apoE","terms":[]}]},{"id":11,"start":1363,"end":1500,"text":"CONCLUSION: The results of this study suggest that apoE (arginine 150 proline) is a novel apoE variant that etiologically related to LPG.","terms":[{"ids":"UNIPROT:P02649:T116:PRGE","score":0.7684738558077933,"id":1,"start":1414,"end":1418,"text":"apoE","terms":[]},{"ids":"UNIPROT:P02649:T116:PRGE","score":0.7684738558077933,"id":2,"start":1453,"end":1457,"text":"apoE","terms":[]},{"ids":"UMLS:C2673196:T047:DISO","score":1.0,"id":3,"start":1496,"end":1499,"text":"LPG","terms":[]}]},{"id":12,"start":1501,"end":1641,"text":"This variant (apoE Guangzhou) may cause a marked molecular conformational change of the apoE and thus impair its binding ability to lipids..","terms":[{"ids":"UNIPROT:P02649:T116:PRGE","score":0.9203050542081811,"id":1,"start":1515,"end":1519,"text":"apoE","terms":[]},{"ids":"UNIPROT:P02649:T116:PRGE","score":0.9203050542081811,"id":2,"start":1589,"end":1593,"text":"apoE","terms":[]}]}]