[{"id":0,"start":0,"end":151,"text":"Identification of novel susceptibility genes in childhood-onset systemic lupus erythematosus using a uniquely designed candidate gene pathway platform.","terms":[{"ids":"UMLS:C0024141:T047:DISO","score":1.0,"id":1,"start":64,"end":92,"text":"systemic lupus erythematosus","terms":[]}]},{"id":1,"start":152,"end":271,"text":"OBJECTIVE: Childhood-onset systemic lupus erythematosus (SLE) presents a unique subgroup of patients for genetic study.","terms":[{"ids":"UMLS:C0024141:T047:DISO","score":1.0,"id":1,"start":179,"end":207,"text":"systemic lupus erythematosus","terms":[]},{"ids":"UMLS:C0024141:T047:DISO","score":1.0,"id":2,"start":209,"end":212,"text":"SLE","terms":[]}]},{"id":2,"start":272,"end":510,"text":"The present study was undertaken to identify susceptibility genes contributing to SLE, using a novel candidate gene pathway microarray platform to investigate gene expression in patients with childhood-onset SLE and both of their parents.","terms":[{"ids":"UMLS:C0024141:T047:DISO|UMLS:C0014060:T047:DISO","score":1.0,"id":1,"start":354,"end":357,"text":"SLE","terms":[]},{"ids":"UMLS:C0024141:T047:DISO|UMLS:C0014060:T047:DISO","score":1.0,"id":2,"start":480,"end":483,"text":"SLE","terms":[]}]},{"id":3,"start":511,"end":654,"text":"METHODS: Utilizing bioinformatic tools, a platform of 9,412 single-nucleotide polymorphisms (SNPs) from 1,204 genes was designed and validated.","terms":[]},{"id":4,"start":655,"end":751,"text":"Molecular inversion probes and high-throughput SNP technologies were used for assay development.","terms":[]},{"id":5,"start":752,"end":955,"text":"Seven hundred fifty three subjects, corresponding to 251 full trios of childhood-onset SLE families, were genotyped and analyzed using transmission disequilibrium testing (TDT) and multitest corrections.","terms":[{"ids":"UMLS:C0024141:T047:DISO|UMLS:C0014060:T047:DISO","score":1.0,"id":1,"start":839,"end":842,"text":"SLE","terms":[]}]},{"id":6,"start":956,"end":1206,"text":"RESULTS: Family-based TDT showed a significant association of SLE with a N673S polymorphism in the P-selectin gene (SELP) (P \u003d 5.74 x 10(-6)) and a C203S polymorphism in the interleukin-1 receptor-associated kinase 1 gene (IRAK1) (P \u003d 9.58 x 10(-6)).","terms":[{"ids":"UMLS:C0024141:T047:DISO|UMLS:C0014060:T047:DISO","score":1.0,"id":1,"start":1018,"end":1021,"text":"SLE","terms":[]},{"ids":"UNIPROT:P16109:T116:PRGE","score":0.5627313815438731,"id":2,"start":1055,"end":1070,"text":"P-selectin gene","terms":[]},{"ids":"UNIPROT:P16109:T116:PRGE|UNIPROT:P49908:T116:PRGE","score":0.5627313815438731,"id":3,"start":1072,"end":1076,"text":"SELP","terms":[]},{"ids":"UNIPROT:P51617:T116:PRGE","score":0.5627313815438731,"id":4,"start":1130,"end":1177,"text":"interleukin-1 receptor-associated kinase 1 gene","terms":[]},{"ids":"UNIPROT:P51617:T116:PRGE","score":0.5627313815438731,"id":5,"start":1179,"end":1184,"text":"IRAK1","terms":[]}]},{"id":7,"start":1207,"end":1345,"text":"These 2 SNPs had a false discovery rate for multitest correction of \u003c0.05, and therefore a \u003e95% probability of being considered as proven.","terms":[]},{"id":8,"start":1346,"end":1481,"text":"Furthermore, 7 additional SNPs showed q values of \u003c0.5, suggesting association with SLE and providing a direction for followup studies.","terms":[{"ids":"UMLS:C0024141:T047:DISO|UMLS:C0014060:T047:DISO","score":1.0,"id":1,"start":1430,"end":1433,"text":"SLE","terms":[]}]},{"id":9,"start":1482,"end":1618,"text":"These additional genes notably included TNFRSF6 (Fas) and IRF5, supporting previous findings of their association with SLE pathogenesis.","terms":[{"ids":"UNIPROT:Q7Z6V5:T116:PRGE","score":0.9038605323569293,"id":1,"start":1522,"end":1529,"text":"TNFRSF6","terms":[]},{"ids":"UMLS:C0015923:T047:DISO|UNIPROT:P48023:T116:PRGE","score":1.0,"id":2,"start":1531,"end":1534,"text":"Fas","terms":[]},{"ids":"UNIPROT:Q13568:T116:PRGE","score":0.9038605323569293,"id":3,"start":1540,"end":1544,"text":"IRF5","terms":[]},{"ids":"UMLS:C0024141:T047:DISO|UMLS:C0014060:T047:DISO","score":1.0,"id":4,"start":1601,"end":1604,"text":"SLE","terms":[]}]},{"id":10,"start":1619,"end":1795,"text":"CONCLUSION: SELP and IRAK1 were identified as novel SLE-associated genes with a high degree of significance, suggesting new directions in understanding the pathogenesis of SLE.","terms":[{"ids":"UNIPROT:P51617:T116:PRGE","score":0.35348172509481485,"id":1,"start":1640,"end":1645,"text":"IRAK1","terms":[]},{"ids":"UMLS:C0024141:T047:DISO|UMLS:C0014060:T047:DISO","score":1.0,"id":2,"start":1671,"end":1674,"text":"SLE","terms":[]},{"ids":"UMLS:C0024141:T047:DISO|UMLS:C0014060:T047:DISO","score":1.0,"id":3,"start":1791,"end":1794,"text":"SLE","terms":[]}]},{"id":11,"start":1796,"end":2034,"text":"The overall design and results of this study demonstrate that the candidate gene pathway microarray platform used provides a novel and powerful approach that is generally applicable in identifying genetic foundations of complex diseases..","terms":[]}]