[{"id":0,"start":0,"end":144,"text":"Characterization of HSD17B1 sequence variants in breast cancer cases from French  Canadian families with high risk of breast and ovarian cancer.","terms":[{"ids":"UNIPROT:P14061:T116:PRGE","score":0.5274665034021588,"id":1,"start":20,"end":36,"text":"HSD17B1 sequence","terms":[]},{"ids":"UMLS:C0006141:T023:ANAT","score":1.0,"id":2,"start":49,"end":55,"text":"breast","terms":[]},{"ids":"UMLS:C0006141:T023:ANAT","score":1.0,"id":3,"start":118,"end":124,"text":"breast","terms":[]},{"ids":"UMLS:C0205065:T023:ANAT","score":1.0,"id":4,"start":129,"end":136,"text":"ovarian","terms":[]}]},{"id":1,"start":145,"end":230,"text":"A family history of disease and estrogen exposure are risk factors for breast cancer.","terms":[{"ids":"UMLS:C0006141:T023:ANAT","score":1.0,"id":1,"start":216,"end":222,"text":"breast","terms":[]}]},{"id":2,"start":231,"end":408,"text":"The HSD17B1 gene encodes a key steroidogenic enzyme that catalyses the final step of estradiol biosynthesis, rendering it a good candidate gene for breast cancer susceptibility.","terms":[{"ids":"UNIPROT:P14061:T116:PRGE","score":0.9559506511562892,"id":1,"start":235,"end":247,"text":"HSD17B1 gene","terms":[]},{"ids":"UNIPROT:Q14CZ8:T116:PRGE","score":0.9559506511562892,"id":2,"start":379,"end":407,"text":"breast cancer susceptibility","terms":[{"ids":"UMLS:C0006141:T023:ANAT","score":1.0,"id":1,"start":379,"end":385,"text":"breast","terms":[]}]}]},{"id":3,"start":409,"end":534,"text":"The current study was designed to screen for HSD17B1 germline mutations potentially involved in breast cancer susceptibility.","terms":[{"ids":"UNIPROT:Q14CZ8:T116:PRGE","score":0.864496664100798,"id":1,"start":505,"end":533,"text":"breast cancer susceptibility","terms":[{"ids":"UMLS:C0006141:T023:ANAT","score":1.0,"id":1,"start":505,"end":511,"text":"breast","terms":[]}]}]},{"id":4,"start":536,"end":731,"text":"DNA samples from 50 individuals affected with breast cancer from non-BRCA1/2 French Canadian families with a high risk of breast and ovarian cancer were screened for sequence variants in HSD17B1.","terms":[{"ids":"UMLS:C0006141:T023:ANAT","score":1.0,"id":1,"start":582,"end":588,"text":"breast","terms":[]},{"ids":"UNIPROT:P38398:T116:PRGE","score":0.48361118111571877,"id":2,"start":605,"end":610,"text":"BRCA1","terms":[]},{"ids":"UMLS:C0006141:T023:ANAT","score":1.0,"id":3,"start":658,"end":664,"text":"breast","terms":[]},{"ids":"UMLS:C0205065:T023:ANAT","score":1.0,"id":4,"start":669,"end":676,"text":"ovarian","terms":[]}]},{"id":5,"start":732,"end":910,"text":"Our study identified 28 sequence variants, including three non-synonymous variants, p.Ala238Val, p.Arg259His, p.Ser313Gly, one of which (p.Arg259His) was not previously reported.","terms":[]},{"id":6,"start":911,"end":1025,"text":"Functional assays failed to show changes in either activity or recombinant proteins levels for all three variants.","terms":[]},{"id":7,"start":1026,"end":1269,"text":"Thus, our resequencing analysis does not support the existence of deleterious, gain-of-function or transcription mutations in HSD17B1, which could explain the clustering of breast cancer cases in non-BRCA1/2 high-risk French Canadian families.","terms":[{"ids":"UNIPROT:P14061:T116:PRGE","score":0.6871159438699874,"id":1,"start":1152,"end":1159,"text":"HSD17B1","terms":[]},{"ids":"UMLS:C0006141:T023:ANAT","score":1.0,"id":2,"start":1199,"end":1205,"text":"breast","terms":[]},{"ids":"UNIPROT:P38398:T116:PRGE","score":0.6871159438699874,"id":3,"start":1226,"end":1231,"text":"BRCA1","terms":[]}]},{"id":8,"start":1270,"end":1456,"text":"However, a haplotype-based approach was used  to establish tSNPs, providing a valuable tool for further searches of common disease-associated variants in this gene, using large cohorts..","terms":[]}]