[{"id":0,"start":0,"end":84,"text":"Genetic investigation of four meiotic genes in women with premature ovarian failure.","terms":[{"ids":"UMLS:C0025322:T047:DISO|UMLS:C0085215:T047:DISO","score":1.0,"id":1,"start":58,"end":83,"text":"premature ovarian failure","terms":[{"ids":"UMLS:C0205065:T023:ANAT","score":1.0,"id":1,"start":68,"end":75,"text":"ovarian","terms":[]}]}]},{"id":1,"start":85,"end":244,"text":"OBJECTIVE: The goal of this study was to determine whether mutations of meiotic genes, such as disrupted meiotic cDNA (DMC1), MutS homolog (MSH4), MSH5, and S.","terms":[{"ids":"UNIPROT:O43196:T116:PRGE","score":0.7511659040000179,"id":1,"start":211,"end":223,"text":"MutS homolog","terms":[]},{"ids":"UNIPROT:O15457:T116:PRGE","score":0.7511659040000179,"id":2,"start":225,"end":229,"text":"MSH4","terms":[]},{"ids":"UNIPROT:O43196:T116:PRGE","score":0.7511659040000179,"id":3,"start":232,"end":236,"text":"MSH5","terms":[]}]},{"id":2,"start":245,"end":326,"text":"cerevisiae homolog (SPO11), were associated with premature ovarian failure (POF).","terms":[{"ids":"UNIPROT:Q96M53:T116:PRGE|UNIPROT:O75352:T116:PRGE|UNIPROT:Q92599:T116:PRGE","score":0.44460796770711036,"id":1,"start":245,"end":263,"text":"cerevisiae homolog","terms":[]},{"ids":"UNIPROT:Q9Y5K1:T116:PRGE","score":0.44460796770711036,"id":2,"start":265,"end":270,"text":"SPO11","terms":[]},{"ids":"UMLS:C0025322:T047:DISO|UMLS:C0085215:T047:DISO","score":1.0,"id":3,"start":294,"end":319,"text":"premature ovarian failure","terms":[{"ids":"UMLS:C0205065:T023:ANAT","score":1.0,"id":1,"start":304,"end":311,"text":"ovarian","terms":[]}]},{"ids":"UMLS:C0025322:T047:DISO|UMLS:C0085215:T047:DISO","score":1.0,"id":4,"start":321,"end":324,"text":"POF","terms":[]}]},{"id":3,"start":327,"end":354,"text":"DESIGN: Case-control study.","terms":[]},{"id":4,"start":355,"end":473,"text":"METHODS: Blood sampling, karyotype, hormonal dosage, ultrasound, and ovarian biopsy were carried out on most patients.","terms":[{"ids":"UMLS:C0205065:T023:ANAT","score":1.0,"id":1,"start":424,"end":431,"text":"ovarian","terms":[]}]},{"id":5,"start":474,"end":625,"text":"However, the main outcome measure was the sequencing of genomic DNA from peripheral blood samples of 41 women with POF and 36 fertile women (controls).","terms":[{"ids":"UMLS:C0025322:T047:DISO|UMLS:C0085215:T047:DISO","score":1.0,"id":1,"start":589,"end":592,"text":"POF","terms":[]}]},{"id":6,"start":626,"end":826,"text":"RESULTS: A single heterozygous missense mutation, substitution of a cytosine residue with thymidine in exon 2 of MSH5, was found in two Caucasian women in whom POF developed at 18 and 36 years of age.","terms":[{"ids":"UNIPROT:O43196:T116:PRGE","score":0.9412326874025252,"id":1,"start":739,"end":743,"text":"MSH5","terms":[]},{"ids":"UMLS:C0025322:T047:DISO|UMLS:C0085215:T047:DISO","score":1.0,"id":2,"start":786,"end":789,"text":"POF","terms":[]}]},{"id":7,"start":827,"end":956,"text":"This mutation resulted in replacement of a non-polar amino acid (proline) with a polar amino acid (serine) at position 29 (P29S).","terms":[]},{"id":8,"start":957,"end":1049,"text":"Neither 36 control women nor 39 other patients with POF possessed this genetic perturbation.","terms":[{"ids":"UMLS:C0025322:T047:DISO|UMLS:C0085215:T047:DISO","score":1.0,"id":1,"start":1009,"end":1012,"text":"POF","terms":[]}]},{"id":9,"start":1050,"end":1231,"text":"Another POF patient of African origin showed a homozygous nucleotide change in the tenth of DMC1 gene that led to an alteration of the amino acid composition of the protein (M200V).","terms":[{"ids":"UMLS:C0025322:T047:DISO|UMLS:C0085215:T047:DISO","score":1.0,"id":1,"start":1058,"end":1061,"text":"POF","terms":[]}]},{"id":10,"start":1232,"end":1522,"text":"CONCLUSIONS: The symptoms of infertility observed in the DMC1 homozygote mutation carrier and in both patients with a heterozygous substitution in exon 2 of the MSH5 gene provide indirect evidence of the role of genes involved in meiotic recombination in the regulation of ovarian function.","terms":[{"ids":"UMLS:C0021359:T047:DISO","score":1.0,"id":1,"start":1261,"end":1272,"text":"infertility","terms":[]},{"ids":"UNIPROT:Q8IV36:T116:PRGE|UNIPROT:Q14565:T116:PRGE","score":0.5503795267020212,"id":2,"start":1289,"end":1321,"text":"DMC1 homozygote mutation carrier","terms":[]},{"ids":"UNIPROT:O43196:T116:PRGE","score":0.5503795267020212,"id":3,"start":1393,"end":1402,"text":"MSH5 gene","terms":[]},{"ids":"UMLS:C0205065:T023:ANAT","score":1.0,"id":4,"start":1505,"end":1512,"text":"ovarian","terms":[]}]},{"id":11,"start":1523,"end":1596,"text":"MSH5 and DMC1 mutations may be one explanation for POF, albeit uncommon..","terms":[{"ids":"UNIPROT:O43196:T116:PRGE","score":0.936465736345527,"id":1,"start":1523,"end":1527,"text":"MSH5","terms":[]},{"ids":"UNIPROT:Q8IV36:T116:PRGE|UNIPROT:Q14565:T116:PRGE","score":0.936465736345527,"id":2,"start":1532,"end":1536,"text":"DMC1","terms":[]},{"ids":"UMLS:C0025322:T047:DISO|UMLS:C0085215:T047:DISO","score":1.0,"id":3,"start":1574,"end":1577,"text":"POF","terms":[]}]}]