[{"id":0,"start":0,"end":82,"text":"Mutations in the hairless gene underlie APL in three families of Pakistani origin.","terms":[{"ids":"UMLS:C1859592:T047:DISO|UNIPROT:Q03252:T116:PRGE|UNIPROT:O43593:T116:PRGE|UNIPROT:P10276:T116:PRGE","score":1.0,"id":1,"start":40,"end":43,"text":"APL","terms":[]}]},{"id":1,"start":83,"end":305,"text":"BACKGROUND: Atrichia with papular lesions (APL) (OMIM#209500) is a rare autosomal recessively inherited form of irreversible alopecia characterized by papular lesions of keratin-filled cysts on various regions of the body.","terms":[{"ids":"UMLS:C1859592:T047:DISO","score":1.0,"id":1,"start":95,"end":124,"text":"Atrichia with papular lesions","terms":[]},{"ids":"UMLS:C1859592:T047:DISO","score":1.0,"id":2,"start":126,"end":129,"text":"APL","terms":[]},{"ids":"UMLS:C0010709:T047:DISO","score":1.0,"id":3,"start":268,"end":273,"text":"cysts","terms":[]}]},{"id":2,"start":306,"end":426,"text":"Males and females are equally affected and present with a distinct pattern of total hair loss on scalp, axilla and body.","terms":[{"ids":"UMLS:C0018494:T023:ANAT","score":1.0,"id":1,"start":390,"end":394,"text":"hair","terms":[]},{"ids":"UMLS:C0036270:T023:ANAT","score":1.0,"id":2,"start":403,"end":408,"text":"scalp","terms":[]}]},{"id":3,"start":427,"end":551,"text":"It begins shortly after birth with the development of hair loss, and patients are normally devoid of eyelashes and eyebrows.","terms":[{"ids":"UMLS:C0018494:T023:ANAT","score":1.0,"id":1,"start":481,"end":485,"text":"hair","terms":[]},{"ids":"UMLS:C0015422:T023:ANAT","score":1.0,"id":2,"start":528,"end":537,"text":"eyelashes","terms":[]},{"ids":"UMLS:C0015420:T023:ANAT","score":1.0,"id":3,"start":542,"end":550,"text":"eyebrows","terms":[]}]},{"id":4,"start":552,"end":641,"text":"Mutations in the hairless (HR) gene have been previously shown to be responsible for APL.","terms":[{"ids":"UMLS:C1859592:T047:DISO","score":1.0,"id":1,"start":637,"end":640,"text":"APL","terms":[]}]},{"id":5,"start":642,"end":754,"text":"OBJECTIVE: In this study, we studied the molecular basis of APL in three unrelated families of Pakistani origin.","terms":[{"ids":"UMLS:C1859592:T047:DISO|UNIPROT:Q03252:T116:PRGE|UNIPROT:O43593:T116:PRGE|UNIPROT:P10276:T116:PRGE","score":1.0,"id":1,"start":702,"end":705,"text":"APL","terms":[]}]},{"id":6,"start":755,"end":860,"text":"METHOD: Molecular analysis of the HR genes was performed on genomic DNA from probands and family members.","terms":[]},{"id":7,"start":861,"end":1057,"text":"RESULTS: DNA sequencing of the HR gene in family A revealed a novel homozygous 2bp deletion in exon 6 leading to a frameshift and a downstream premature termination codon in exon 8 (1782-83delAG).","terms":[{"ids":"UNIPROT:O43593:T116:PRGE","score":0.6342226292973323,"id":1,"start":892,"end":899,"text":"HR gene","terms":[]}]},{"id":8,"start":1058,"end":1182,"text":"In family B, we identified a novel homozygous deletion of a G nucleotide at the exon 15-intron 15 boundary, termed 3097delG.","terms":[]},{"id":9,"start":1183,"end":1336,"text":"Family C carries a previously reported missense mutation consisting of an A-to-G transition at nucleotide 276 resulting in the mutation N970S in exon 14.","terms":[]},{"id":10,"start":1337,"end":1536,"text":"CONCLUSION: Two mutations identified in this study are novel mutations in the HR gene and extend the body of evidence implicating the hairless gene family in the pathogenesis of human skin disorders.","terms":[{"ids":"UNIPROT:O43593:T116:PRGE","score":0.5048155014596105,"id":1,"start":1415,"end":1422,"text":"HR gene","terms":[]},{"ids":"UNIPROT:Q9H3M7:T116:PRGE","score":0.5048155014596105,"id":2,"start":1480,"end":1491,"text":"gene family","terms":[]},{"ids":"UMLS:C0037274:T047:DISO","score":1.0,"id":3,"start":1521,"end":1535,"text":"skin disorders","terms":[]}]},{"id":11,"start":1537,"end":1693,"text":"The one previously reported mutation suggests it may represent a recurrent mutation, or alternatively, an allele that is widely dispersed around the world..","terms":[]}]