[{"id":0,"start":0,"end":120,"text":"Rapid identification of somatic mutations in colorectal and breast cancer tissues using mismatch repair detection (MRD).","terms":[{"ids":"UMLS:C0006141:T023:ANAT","score":1.0,"id":1,"start":60,"end":66,"text":"breast","terms":[]},{"ids":"UMLS:C1840451:T047:DISO","score":1.0,"id":2,"start":115,"end":118,"text":"MRD","terms":[]}]},{"id":1,"start":121,"end":277,"text":"Mismatch repair detection (MRD) was used to screen 93 matched tumor-normal sample pairs and 22 cell lines for somatic mutations in 30 cancer relevant genes.","terms":[{"ids":"UMLS:C1840451:T047:DISO","score":1.0,"id":1,"start":148,"end":151,"text":"MRD","terms":[]}]},{"id":2,"start":278,"end":414,"text":"Using  a starting amount of only 150 ng of genomic DNA, we screened 102 kb of sequence for somatic mutations in colon and breast cancer.","terms":[{"ids":"UMLS:C0009368:T023:ANAT","score":1.0,"id":1,"start":390,"end":395,"text":"colon","terms":[]},{"ids":"UMLS:C0006141:T023:ANAT","score":1.0,"id":2,"start":400,"end":406,"text":"breast","terms":[]}]},{"id":3,"start":415,"end":700,"text":"A total of 152 somatic mutations were discovered, encompassing previously reported mutations, such as BRAF V600E and KRAS G12S, G12V, and G13D, as well as novel mutations, including some in genes in which somatic mutations have not previously been reported, such  as MAP2K1 and MAP2K2.","terms":[{"ids":"UNIPROT:P15056:T116:PRGE","score":0.623679612410055,"id":1,"start":517,"end":527,"text":"BRAF V600E","terms":[]},{"ids":"UNIPROT:P01116:T116:PRGE","score":0.623679612410055,"id":2,"start":532,"end":541,"text":"KRAS G12S","terms":[]},{"ids":"UNIPROT:Q02750:T116:PRGE","score":0.623679612410055,"id":3,"start":682,"end":688,"text":"MAP2K1","terms":[]},{"ids":"UNIPROT:P36507:T116:PRGE","score":0.623679612410055,"id":4,"start":693,"end":699,"text":"MAP2K2","terms":[]}]},{"id":4,"start":701,"end":775,"text":"The distribution of mutations ranged widely within and across tumor types.","terms":[]},{"id":5,"start":776,"end":923,"text":"The functional significance of many of these mutations is not understood, with patterns of selection only evident in KRAS and BRAF in colon cancer.","terms":[{"ids":"UNIPROT:P01116:T116:PRGE","score":0.8192281404708638,"id":1,"start":893,"end":897,"text":"KRAS","terms":[]},{"ids":"UNIPROT:P15056:T116:PRGE","score":0.8192281404708638,"id":2,"start":902,"end":906,"text":"BRAF","terms":[]},{"ids":"UMLS:C0009368:T023:ANAT","score":1.0,"id":3,"start":910,"end":915,"text":"colon","terms":[]}]},{"id":6,"start":924,"end":1141,"text":"These results present a novel approach to high-throughput mutation screening using small amounts of starting material and reveal a mutation spectrum across 30 genes in a large cohort of breast and colorectal cancers..","terms":[{"ids":"UMLS:C0006141:T023:ANAT","score":1.0,"id":1,"start":1110,"end":1116,"text":"breast","terms":[]}]}]