[{"id":0,"start":0,"end":82,"text":"RNASEL and RNASEL-inhibitor variation and prostate cancer risk in Afro-Caribbeans.","terms":[{"ids":"UMLS:C0033572:T023:ANAT","score":1.0,"id":1,"start":42,"end":50,"text":"prostate","terms":[]}]},{"id":1,"start":83,"end":170,"text":"BACKGROUND: Afro-Caribbeans from Tobago are at high risk of developing prostate cancer.","terms":[{"ids":"UMLS:C0033572:T023:ANAT","score":1.0,"id":1,"start":154,"end":162,"text":"prostate","terms":[]}]},{"id":2,"start":171,"end":311,"text":"This elevated risk of prostate cancer is shared by populations of African ancestry living in diverse environments in the Western hemisphere.","terms":[{"ids":"UMLS:C0033572:T023:ANAT","score":1.0,"id":1,"start":193,"end":201,"text":"prostate","terms":[]}]},{"id":3,"start":312,"end":444,"text":"Variation in the ribonuclease L (RNASEL) gene has recently been reported to be associated with an increased risk of prostate cancer.","terms":[{"ids":"UMLS:C0033572:T023:ANAT","score":1.0,"id":1,"start":428,"end":436,"text":"prostate","terms":[]}]},{"id":4,"start":445,"end":592,"text":"However, whether RNASEL variation contributes to the increased risk of prostate cancer observed in populations of African ancestry remains unclear.","terms":[{"ids":"UMLS:C0033572:T023:ANAT","score":1.0,"id":1,"start":516,"end":524,"text":"prostate","terms":[]}]},{"id":5,"start":593,"end":796,"text":"METHODS: We resequenced the positional candidate gene RNASEL in 48 prostate cancer cases and genotyped the previously reported R462Q and D541E polymorphisms in 230 prostate cancer cases and 458 controls.","terms":[{"ids":"UMLS:C0033572:T023:ANAT","score":1.0,"id":1,"start":660,"end":668,"text":"prostate","terms":[]},{"ids":"UMLS:C0033572:T023:ANAT","score":1.0,"id":2,"start":757,"end":765,"text":"prostate","terms":[]}]},{"id":6,"start":797,"end":897,"text":"We also examined the inhibitor of RNASEL (ABCE1) for variation associated with prostate cancer risk.","terms":[{"ids":"UMLS:C0033572:T023:ANAT","score":1.0,"id":1,"start":876,"end":884,"text":"prostate","terms":[]}]},{"id":7,"start":898,"end":1035,"text":"RESULTS: We found no evidence of association between R462Q and D541E polymorphisms and prostate cancer risk in our case/control analysis.","terms":[{"ids":"UMLS:C0033572:T023:ANAT","score":1.0,"id":1,"start":985,"end":993,"text":"prostate","terms":[]}]},{"id":8,"start":1036,"end":1132,"text":"A novel variant (K294E) was identified in a single heterozygous individual with prostate cancer.","terms":[{"ids":"UMLS:C0033572:T023:ANAT","score":1.0,"id":1,"start":1116,"end":1124,"text":"prostate","terms":[]}]},{"id":9,"start":1133,"end":1290,"text":"We also observed a 20 bp insertion/deletion polymorphism 1,109 bp upstream of the initiation codon, but this variant was not associated with prostate cancer.","terms":[{"ids":"UMLS:C0033572:T023:ANAT","score":1.0,"id":1,"start":1274,"end":1282,"text":"prostate","terms":[]}]},{"id":10,"start":1291,"end":1408,"text":"We identified 16 single nucleotide polymorphisms in the ABCE1 gene, only 3 of which had a minor allele frequency \u003e5%.","terms":[{"ids":"UNIPROT:P61221:T116:PRGE","score":0.9468678839784235,"id":1,"start":1347,"end":1357,"text":"ABCE1 gene","terms":[]}]},{"id":11,"start":1409,"end":1552,"text":"A common A/G transition -1,071 bp from the transcriptional start site was genotyped and showed no evidence of association with prostate cancer.","terms":[{"ids":"UMLS:C0033572:T023:ANAT","score":1.0,"id":1,"start":1536,"end":1544,"text":"prostate","terms":[]}]},{"id":12,"start":1553,"end":1779,"text":"CONCLUSIONS: Our results suggest that common variation in the putative prostate cancer susceptibility gene, RNASEL, or its inhibitor does not contribute significantly to prostate cancer risk in this Afro-Caribbean population..","terms":[{"ids":"UNIPROT:Q6WQI6:T116:PRGE","score":0.9432003499286657,"id":1,"start":1624,"end":1659,"text":"prostate cancer susceptibility gene","terms":[{"ids":"UMLS:C0033572:T023:ANAT","score":1.0,"id":1,"start":1624,"end":1632,"text":"prostate","terms":[]}]},{"ids":"UMLS:C0033572:T023:ANAT","score":1.0,"id":2,"start":1723,"end":1731,"text":"prostate","terms":[]}]}]