[{"id":0,"start":0,"end":97,"text":"Epidermal growth factor receptor activation in prostate cancer by three novel missense mutations.","terms":[{"ids":"UNIPROT:P01133:T116:PRGE","score":0.9958525912526067,"id":1,"start":0,"end":32,"text":"Epidermal growth factor receptor","terms":[]},{"ids":"UMLS:C0033572:T023:ANAT","score":1.0,"id":2,"start":47,"end":55,"text":"prostate","terms":[]}]},{"id":1,"start":98,"end":319,"text":"While epidermal growth factor receptor (EGFR) dysregulation is known to play a critical role in prostate carcinogenesis, there has been no direct evidence indicating EGFR mutations induce tumorigenesis in prostate cancer.","terms":[{"ids":"UNIPROT:P01133:T116:PRGE","score":0.9446995243124255,"id":1,"start":104,"end":136,"text":"epidermal growth factor receptor","terms":[]},{"ids":"UMLS:C0033572:T023:ANAT","score":1.0,"id":2,"start":194,"end":202,"text":"prostate","terms":[]},{"ids":"UMLS:C0033572:T023:ANAT","score":1.0,"id":3,"start":303,"end":311,"text":"prostate","terms":[]}]},{"id":2,"start":320,"end":474,"text":"We previously  identified four novel EGFR somatic mutations in the EGFR tyrosine kinase domain of prostate cancer patients: G735S, G796S, E804G and R841K.","terms":[{"ids":"UNIPROT:P19419:T116:PRGE|UNIPROT:P42681:T116:PRGE|UNIPROT:P22455:T116:PRGE|UNIPROT:Q04912:T116:PRGE|UNIPROT:P29376:T116:PRGE|UNIPROT:P22607:T116:PRGE|UNIPROT:P54760:T116:PRGE|UNIPROT:Q08881:T116:PRGE|UNIPROT:P51813:T116:PRGE|UNIPROT:Q13882:T116:PRGE|UNIPROT:P42679:T116:PRGE|UNIPROT:Q13470:T116:PRGE","score":0.7515041809457987,"id":1,"start":387,"end":414,"text":"EGFR tyrosine kinase domain","terms":[]},{"ids":"UMLS:C0033572:T023:ANAT","score":1.0,"id":2,"start":418,"end":426,"text":"prostate","terms":[]}]},{"id":3,"start":475,"end":715,"text":"In this study, we investigated the oncogenic potential of these somatic mutations by establishing stable clonal NIH3T3 cells expressing these four mutations and WT EGFR to determine their ability to increase cell proliferation and invasion.","terms":[]},{"id":4,"start":716,"end":845,"text":"In the absence of the EGF ligand, cell proliferation was readily increased in G735S, G796S and E804G mutants compared to WT EGFR.","terms":[{"ids":"UNIPROT:P01133:T116:PRGE","score":0.5031907414289162,"id":1,"start":738,"end":748,"text":"EGF ligand","terms":[]}]},{"id":5,"start":846,"end":955,"text":"The addition of EGF ligand greatly increased cell growth and transforming ability of these same EGFR mutants.","terms":[{"ids":"UNIPROT:P01133:T116:PRGE","score":0.7729891757230594,"id":1,"start":862,"end":872,"text":"EGF ligand","terms":[]}]},{"id":6,"start":956,"end":1042,"text":"Matrigel invasion assays showed enhanced invasion with G735S, G796S and E804G mutants.","terms":[]},{"id":7,"start":1043,"end":1336,"text":"Western blot analysis showed that these EGFR mutations enhanced cell growth and invasion via constitutive and hyperactive tyrosine phosphorylation and led to the activation of mitogen-activated protein kinase (MAPK), signal transducer and activator of transcription 3 (STAT3) and Akt pathways.","terms":[{"ids":"UNIPROT:Q9UBE8:T116:PRGE|UNIPROT:Q8TD08:T116:PRGE|UNIPROT:P45984:T116:PRGE|UNIPROT:P53779:T116:PRGE|UNIPROT:Q13164:T116:PRGE|UNIPROT:Q16539:T116:PRGE|UNIPROT:P28482:T116:PRGE|UNIPROT:P53778:T116:PRGE|UNIPROT:Q15759:T116:PRGE|UNIPROT:O15264:T116:PRGE|UNIPROT:P45983:T116:PRGE|UNIPROT:P31152:T116:PRGE|UNIPROT:P27361:T116:PRGE|UNIPROT:Q16659:T116:PRGE","score":0.7991219889403445,"id":1,"start":1219,"end":1251,"text":"mitogen-activated protein kinase","terms":[]},{"ids":"UNIPROT:Q9UBE8:T116:PRGE|UNIPROT:Q8TD08:T116:PRGE|UNIPROT:P45984:T116:PRGE|UNIPROT:P53779:T116:PRGE|UNIPROT:Q13164:T116:PRGE|UNIPROT:Q16539:T116:PRGE|UNIPROT:P28482:T116:PRGE|UNIPROT:P53778:T116:PRGE|UNIPROT:Q15759:T116:PRGE|UNIPROT:O15264:T116:PRGE|UNIPROT:P45983:T116:PRGE|UNIPROT:P31152:T116:PRGE|UNIPROT:P27361:T116:PRGE|UNIPROT:Q16659:T116:PRGE","score":0.7991219889403445,"id":2,"start":1253,"end":1257,"text":"MAPK","terms":[]},{"ids":"UNIPROT:P40763:T116:PRGE","score":0.7991219889403445,"id":3,"start":1260,"end":1310,"text":"signal transducer and activator of transcription 3","terms":[]},{"ids":"UNIPROT:P40763:T116:PRGE","score":0.7991219889403445,"id":4,"start":1312,"end":1317,"text":"STAT3","terms":[]},{"ids":"UNIPROT:P31749:T116:PRGE","score":0.7991219889403445,"id":5,"start":1323,"end":1326,"text":"Akt","terms":[]}]},{"id":8,"start":1337,"end":1453,"text":"Our findings demonstrate the oncogenic activation of three novel EGFR somatic missense mutations in prostate cancer.","terms":[{"ids":"UMLS:C0033572:T023:ANAT","score":1.0,"id":1,"start":1437,"end":1445,"text":"prostate","terms":[]}]},{"id":9,"start":1454,"end":1676,"text":"Molecules that regulate the mechanisms of  their oncogenic activation represent novel targets for limiting tumor cell progression, and further elucidation of these mutations will have utility in prostate cancer treatment..","terms":[{"ids":"UMLS:C0033572:T023:ANAT","score":1.0,"id":1,"start":1649,"end":1657,"text":"prostate","terms":[]}]}]