[{"id":0,"start":0,"end":148,"text":"Breast cancer-associated mutations in metalloprotease disintegrin ADAM12 interfere with the intracellular trafficking and processing of the protein.","terms":[{"ids":"UMLS:C0006141:T023:ANAT","score":1.0,"id":1,"start":0,"end":6,"text":"Breast","terms":[]},{"ids":"UNIPROT:Q9BZ11:T116:PRGE","score":0.9170566188466958,"id":2,"start":38,"end":72,"text":"metalloprotease disintegrin ADAM12","terms":[]}]},{"id":1,"start":149,"end":264,"text":"ADAM12 has recently emerged as a Candidate Cancer Gene in a comprehensive genetic analysis of human breast cancers.","terms":[{"ids":"UMLS:C0006141:T023:ANAT","score":1.0,"id":1,"start":249,"end":255,"text":"breast","terms":[]}]},{"id":2,"start":265,"end":382,"text":"Three somatic mutations in ADAM12 were observed at significant frequencies in breast cancers: D301H, G479E and L792F.","terms":[{"ids":"UNIPROT:O43184:T116:PRGE","score":0.710511779617034,"id":1,"start":292,"end":298,"text":"ADAM12","terms":[]},{"ids":"UMLS:C0006141:T023:ANAT","score":1.0,"id":2,"start":343,"end":349,"text":"breast","terms":[]}]},{"id":3,"start":383,"end":540,"text":"The first 2 of these mutations involve highly conserved residues in ADAM12, and our computational sequence analysis confirms that they may be cancer-related.","terms":[]},{"id":4,"start":541,"end":722,"text":"We show that the corresponding mutations in mouse ADAM12 inhibit the proteolytic processing and activation of ADAM12 in NIH3T3, COS-7, CHO-K1 cells and in MCF-7 breast cancer cells.","terms":[{"ids":"UNIPROT:O43184:T116:PRGE","score":0.5018983878600605,"id":1,"start":651,"end":657,"text":"ADAM12","terms":[]},{"ids":"UMLS:C0006141:T023:ANAT","score":1.0,"id":2,"start":702,"end":708,"text":"breast","terms":[]}]},{"id":5,"start":723,"end":829,"text":"The D/H and G/E ADAM12 mutants exert a dominant-negative effect on the processing of the wild-type ADAM12.","terms":[{"ids":"UNIPROT:O43184:T116:PRGE","score":0.9517490198285213,"id":1,"start":735,"end":753,"text":"G/E ADAM12 mutants","terms":[]}]},{"id":6,"start":830,"end":1015,"text":"Immunofluorescence analysis and cell surface biotinylation experiments demonstrate that the D/H and G/E mutants are retained inside the cell and are not transported to the cell surface.","terms":[]},{"id":7,"start":1016,"end":1209,"text":"Consequently, the D/H and G/E mutants, unlike the wild-type ADAM12, are not capable of shedding Delta-like l, a ligand for Notch receptor, at the cell surface, or of stimulating cell migration.","terms":[{"ids":"UNIPROT:Q9UBH0:T116:PRGE|UNIPROT:O00548:T116:PRGE|UNIPROT:P25490:T116:PRGE|UNIPROT:P28072:T116:PRGE|UNIPROT:P50991:T116:PRGE|UNIPROT:P14060:T116:PRGE","score":0.8379694142044783,"id":1,"start":1112,"end":1124,"text":"Delta-like l","terms":[]},{"ids":"UNIPROT:Q08357:T116:PRGE","score":0.8379694142044783,"id":2,"start":1139,"end":1153,"text":"Notch receptor","terms":[]}]},{"id":8,"start":1210,"end":1394,"text":"Our results suggest that the breast cancer-associated mutations interfere with the intracellular trafficking of ADAM12 and result in loss of the functional ADAM12 at the cell surface..","terms":[{"ids":"UMLS:C0006141:T023:ANAT","score":1.0,"id":1,"start":1239,"end":1245,"text":"breast","terms":[]}]}]