[{"id":0,"start":0,"end":123,"text":"A human phospholamban promoter polymorphism in dilated cardiomyopathy alters transcriptional regulation by glucocorticoids.","terms":[{"ids":"UMLS:C0007193:T047:DISO","score":1.0,"id":1,"start":47,"end":69,"text":"dilated cardiomyopathy","terms":[]}]},{"id":1,"start":124,"end":298,"text":"Depressed calcium handling by the sarcoplasmic reticulum (SR) Ca-ATPase and its regulator phospholamban (PLN) is a key characteristic of human and experimental heart failure.","terms":[{"ids":"UMLS:C0035295:T023:ANAT","score":1.0,"id":1,"start":171,"end":180,"text":"reticulum","terms":[]},{"ids":"UNIPROT:O43306:T116:PRGE","score":0.5232262788565873,"id":2,"start":186,"end":195,"text":"Ca-ATPase","terms":[{"ids":"UMLS:C0019564:T023:ANAT","score":1.0,"id":1,"start":186,"end":188,"text":"Ca","terms":[]}]},{"ids":"UMLS:C0018801:T047:DISO","score":1.0,"id":3,"start":284,"end":297,"text":"heart failure","terms":[{"ids":"UMLS:C0018787:T023:ANAT","score":1.0,"id":1,"start":284,"end":289,"text":"heart","terms":[]}]}]},{"id":2,"start":299,"end":491,"text":"Accumulating evidence indicates that increases in the relative levels of PLN to Ca-ATPase in failing hearts and resulting inhibition of Ca sequestration during diastole, impairs contractility.","terms":[{"ids":"UNIPROT:P26678:T116:PRGE","score":0.9664122318269736,"id":1,"start":372,"end":375,"text":"PLN","terms":[]},{"ids":"UNIPROT:O43306:T116:PRGE","score":0.9664122318269736,"id":2,"start":379,"end":388,"text":"Ca-ATPase","terms":[{"ids":"UMLS:C0019564:T023:ANAT","score":1.0,"id":1,"start":379,"end":381,"text":"Ca","terms":[]}]},{"ids":"UMLS:C0018787:T023:ANAT","score":1.0,"id":3,"start":400,"end":406,"text":"hearts","terms":[]},{"ids":"UMLS:C0019564:T023:ANAT","score":1.0,"id":4,"start":435,"end":437,"text":"Ca","terms":[]}]},{"id":3,"start":492,"end":657,"text":"Here, we identified a genetic variant in the PLN promoter region, which increases its expression and may serve as a genetic modifier in dilated cardiomyopathy (DCM).","terms":[{"ids":"UNIPROT:P26678:T116:PRGE","score":0.7244169745677811,"id":1,"start":537,"end":549,"text":"PLN promoter","terms":[]},{"ids":"UMLS:C0007193:T047:DISO","score":1.0,"id":2,"start":628,"end":650,"text":"dilated cardiomyopathy","terms":[]},{"ids":"UMLS:C0264793:T047:DISO","score":1.0,"id":3,"start":652,"end":655,"text":"DCM","terms":[]}]},{"id":4,"start":658,"end":940,"text":"The variant AF177763.1:g.203A\u003eC (at position -36 bp relative to the PLN transcriptional start site) was found only in the heterozygous form in 1 out of 296 normal subjects and in 22 out of 381 cardiomyopathy patients (heart failure at age of 18-44 years, ejection fraction\u003d22+/-9%).","terms":[{"ids":"UMLS:C0878544:T047:DISO","score":1.0,"id":1,"start":851,"end":865,"text":"cardiomyopathy","terms":[]},{"ids":"UMLS:C0018801:T047:DISO","score":1.0,"id":2,"start":876,"end":889,"text":"heart failure","terms":[{"ids":"UMLS:C0018787:T023:ANAT","score":1.0,"id":1,"start":876,"end":881,"text":"heart","terms":[]}]}]},{"id":5,"start":941,"end":1111,"text":"In vitro analysis, using luciferase as a reporter gene in rat neonatal cardiomyocytes, indicated that the PLN-variant increased activity by 24% compared to the wild type.","terms":[]},{"id":6,"start":1112,"end":1346,"text":"Furthermore, the g.203A\u003eC substitution altered the specific sequence of the steroid receptor for the glucocorticoid nuclear receptor (GR)/transcription factor in the PLN promoter, resulting in enhanced binding to the mutated DNA site.","terms":[{"ids":"UNIPROT:Q08357:T116:PRGE","score":0.8453580510183725,"id":1,"start":1188,"end":1204,"text":"steroid receptor","terms":[]},{"ids":"UNIPROT:Q9Y5X4:T116:PRGE","score":0.8453580510183725,"id":2,"start":1213,"end":1244,"text":"glucocorticoid nuclear receptor","terms":[]},{"ids":"UNIPROT:P00390:T116:PRGE","score":0.8453580510183725,"id":3,"start":1246,"end":1248,"text":"GR","terms":[]},{"ids":"UNIPROT:P26678:T116:PRGE","score":0.8453580510183725,"id":4,"start":1278,"end":1290,"text":"PLN promoter","terms":[]}]},{"id":7,"start":1347,"end":1530,"text":"These findings suggest that the g.203A\u003eC genetic variant in the human PLN promoter may contribute to depressed contractility and accelerate functional deterioration in heart failure..","terms":[{"ids":"UNIPROT:Q8TA86:T116:PRGE|UNIPROT:Q9H0Z9:T116:PRGE","score":0.6083673921578453,"id":1,"start":1411,"end":1429,"text":"human PLN promoter","terms":[]},{"ids":"UMLS:C0018801:T047:DISO","score":1.0,"id":2,"start":1515,"end":1528,"text":"heart failure","terms":[{"ids":"UMLS:C0018787:T023:ANAT","score":1.0,"id":1,"start":1515,"end":1520,"text":"heart","terms":[]}]}]}]