[{"id":0,"start":0,"end":132,"text":"Co-inheritance of a PKD1 mutation and homozygous PKD2 variant: a potential modifier in autosomal dominant polycystic kidney disease.","terms":[{"ids":"UMLS:C3149841:T047:DISO|UNIPROT:P98161:T116:PRGE|UNIPROT:Q15139:T116:PRGE","score":1.0,"id":1,"start":20,"end":24,"text":"PKD1","terms":[]},{"ids":"UNIPROT:Q13563:T116:PRGE|UNIPROT:Q9BZL6:T116:PRGE","score":0.5769238927254587,"id":2,"start":49,"end":61,"text":"PKD2 variant","terms":[{"ids":"UMLS:C2751306:T047:DISO","score":1.0,"id":1,"start":49,"end":53,"text":"PKD2","terms":[]}]},{"ids":"UMLS:C0085413:T047:DISO","score":1.0,"id":3,"start":87,"end":131,"text":"autosomal dominant polycystic kidney disease","terms":[{"ids":"UMLS:C1567435:T023:ANAT","score":1.0,"id":1,"start":106,"end":123,"text":"polycystic kidney","terms":[]}]}]},{"id":1,"start":133,"end":349,"text":"BACKGROUND: Autosomal dominant polycystic kidney disease (ADPKD), which is caused by mutations in polycystins 1 (PC1) and 2 (PC2), is one of the most commonly inherited renal diseases, affecting ~1 : 1000 Caucasians.","terms":[{"ids":"UMLS:C0085413:T047:DISO","score":1.0,"id":1,"start":145,"end":189,"text":"Autosomal dominant polycystic kidney disease","terms":[{"ids":"UMLS:C1567435:T023:ANAT","score":1.0,"id":1,"start":164,"end":181,"text":"polycystic kidney","terms":[]}]},{"ids":"UMLS:C0085413:T047:DISO","score":1.0,"id":2,"start":191,"end":196,"text":"ADPKD","terms":[]},{"ids":"UMLS:C1706595:T047:DISO","score":1.0,"id":3,"start":246,"end":249,"text":"PC1","terms":[]},{"ids":"UMLS:C1721007:T047:DISO","score":1.0,"id":4,"start":258,"end":261,"text":"PC2","terms":[]},{"ids":"UMLS:C0022658:T047:DISO","score":1.0,"id":5,"start":302,"end":316,"text":"renal diseases","terms":[{"ids":"UMLS:C0022646:T023:ANAT","score":1.0,"id":1,"start":302,"end":307,"text":"renal","terms":[]}]}]},{"id":2,"start":350,"end":490,"text":"MATERIALS AND METHODS: We screened Greek ADPKD patients with the denaturing gradient gel electrophoresis (DGGE) assay and direct sequencing.","terms":[{"ids":"UMLS:C0085413:T047:DISO","score":1.0,"id":1,"start":391,"end":396,"text":"ADPKD","terms":[]}]},{"id":3,"start":491,"end":796,"text":"RESULTS: We identified a patient homozygous for a nucleotide change c.1445T \u003e G, resulting in a novel homozygous substitution of the non-polar hydrophobic phenylalanine to the polar hydrophilic cysteine in exon 6 at codon 482 (p.F482C) of the PKD2 gene and a de-novo PKD1 splice-site variant IVS21-2delAG.","terms":[{"ids":"UNIPROT:Q13563:T116:PRGE","score":0.320977714917318,"id":1,"start":734,"end":743,"text":"PKD2 gene","terms":[{"ids":"UMLS:C2751306:T047:DISO","score":1.0,"id":1,"start":734,"end":738,"text":"PKD2","terms":[]}]},{"ids":"UNIPROT:P98161:T116:PRGE|UNIPROT:Q15139:T116:PRGE","score":0.320977714917318,"id":2,"start":750,"end":795,"text":"de-novo PKD1 splice-site variant IVS21-2delAG","terms":[{"ids":"UMLS:C3149841:T047:DISO","score":1.0,"id":1,"start":758,"end":762,"text":"PKD1","terms":[]}]}]},{"id":4,"start":797,"end":912,"text":"We did not find this PKD2 variant in a screen of 280 chromosomes of healthy subjects, supporting its pathogenicity.","terms":[{"ids":"UMLS:C2751306:T047:DISO|UNIPROT:Q13563:T116:PRGE|UNIPROT:Q9BZL6:T116:PRGE","score":1.0,"id":1,"start":818,"end":822,"text":"PKD2","terms":[]}]},{"id":5,"start":913,"end":966,"text":"The proband\u0027s parents did not have the PKD1 mutation.","terms":[{"ids":"UMLS:C3149841:T047:DISO|UNIPROT:P98161:T116:PRGE|UNIPROT:Q15139:T116:PRGE","score":1.0,"id":1,"start":952,"end":956,"text":"PKD1","terms":[]}]},{"id":6,"start":967,"end":1239,"text":"Real-time PCR of the PKD2 transcript from a skin biopsy revealed 20-fold higher expression in the patient than in a healthy subject and was higher in the patient\u0027s peripheral blood mononuclear cells (PBMCs) than in those of her heterozygote daughter and a healthy subject.","terms":[{"ids":"UNIPROT:Q13563:T116:PRGE|UNIPROT:Q9BZL6:T116:PRGE","score":0.9655994040256015,"id":1,"start":988,"end":1003,"text":"PKD2 transcript","terms":[{"ids":"UMLS:C2751306:T047:DISO","score":1.0,"id":1,"start":988,"end":992,"text":"PKD2","terms":[]}]}]},{"id":7,"start":1240,"end":1307,"text":"The greater gene expression was also supported by Western blotting.","terms":[]},{"id":8,"start":1308,"end":1501,"text":"Inner medullar collecting duct (IMCD) cells transfected with the mutant PKD2 mouse gene presented a perinuclear and diffuse cytoplasmic localization compared with the wild type ER localization.","terms":[{"ids":"UMLS:C1516697:T023:ANAT","score":1.0,"id":1,"start":1323,"end":1338,"text":"collecting duct","terms":[]},{"ids":"UNIPROT:Q13563:T116:PRGE|UNIPROT:Q9BZL6:T116:PRGE","score":0.5140992297695891,"id":2,"start":1373,"end":1395,"text":"mutant PKD2 mouse gene","terms":[{"ids":"UMLS:C2751306:T047:DISO","score":1.0,"id":1,"start":1380,"end":1384,"text":"PKD2","terms":[]}]},{"ids":"UNIPROT:Q13326:T116:PRGE|UNIPROT:P38405:T116:PRGE","score":0.5140992297695891,"id":3,"start":1475,"end":1487,"text":"wild type ER","terms":[]}]},{"id":9,"start":1502,"end":1642,"text":"Patch-clamping of PBMCs from the p.F482C homozygous and heterozygous subjects revealed lower polycystin-2 channel function than in controls.","terms":[]},{"id":10,"start":1643,"end":1795,"text":"CONCLUSIONS: We report for the first time a patient with ADPKD who is heterozygous for a de novo PKD1 variant and homozygous for a novel PKD2 mutation..","terms":[{"ids":"UMLS:C0085413:T047:DISO","score":1.0,"id":1,"start":1700,"end":1705,"text":"ADPKD","terms":[]},{"ids":"UMLS:C3149841:T047:DISO|UNIPROT:P98161:T116:PRGE|UNIPROT:Q15139:T116:PRGE","score":1.0,"id":2,"start":1740,"end":1744,"text":"PKD1","terms":[]},{"ids":"UMLS:C2751306:T047:DISO|UNIPROT:Q13563:T116:PRGE|UNIPROT:Q9BZL6:T116:PRGE","score":1.0,"id":3,"start":1780,"end":1784,"text":"PKD2","terms":[]}]}]