[{"id":0,"start":0,"end":66,"text":"Histamine-N-methyl transferase polymorphism and risk for migraine.","terms":[{"ids":"UMLS:C0149931:T047:DISO","score":1.0,"id":1,"start":57,"end":65,"text":"migraine","terms":[]}]},{"id":1,"start":67,"end":152,"text":"BACKGROUND/OBJECTIVES: Histamine has been implicated in the pathogenesis of migraine.","terms":[{"ids":"UMLS:C0149931:T047:DISO","score":1.0,"id":1,"start":143,"end":151,"text":"migraine","terms":[]}]},{"id":2,"start":153,"end":272,"text":"In the CNS, histamine is almost exclusively metabolized by the polymorphic enzyme histamine N-methyltransferase (HNMT).","terms":[{"ids":"UNIPROT:P50135:T116:PRGE","score":0.760401824265455,"id":1,"start":235,"end":264,"text":"histamine N-methyltransferase","terms":[]},{"ids":"UNIPROT:P50135:T116:PRGE","score":0.760401824265455,"id":2,"start":266,"end":270,"text":"HNMT","terms":[]}]},{"id":3,"start":273,"end":354,"text":"The HNMT gene (chromosome 2q22.1), shows diverse single nucleotide polymorphisms.","terms":[{"ids":"UNIPROT:P50135:T116:PRGE","score":0.5700113669741548,"id":1,"start":277,"end":286,"text":"HNMT gene","terms":[]}]},{"id":4,"start":355,"end":477,"text":"One of these, located in exon 4 C314T, causes the amino acid substitution Thr105Ile, related to decreased enzyme activity.","terms":[]},{"id":5,"start":478,"end":596,"text":"The aim of this study was to investigate the possible association between HNMT polymorphism and the risk for migraine.","terms":[{"ids":"UMLS:C0149931:T047:DISO","score":1.0,"id":1,"start":587,"end":595,"text":"migraine","terms":[]}]},{"id":6,"start":597,"end":754,"text":"METHODS: We studied the frequency of the HNMT genotypes and allelic variantes in 197 patients with migraine and 245 healthy controls using a PCR-RLFP method.","terms":[{"ids":"UMLS:C0149931:T047:DISO","score":1.0,"id":1,"start":696,"end":704,"text":"migraine","terms":[]}]},{"id":7,"start":755,"end":1049,"text":"RESULTS: The frequencies of the HNMT genotypes and allelic variants did not differ significantly between migraine patients and controls, and were unrelated with the age of onset of migraine attacks, gender, personal history of allergic diseases, family history of migraine, or presence of aura.","terms":[{"ids":"UMLS:C0149931:T047:DISO","score":1.0,"id":1,"start":860,"end":868,"text":"migraine","terms":[]},{"ids":"UMLS:C0149931:T047:DISO","score":1.0,"id":2,"start":936,"end":944,"text":"migraine","terms":[]},{"ids":"UMLS:C0149931:T047:DISO","score":1.0,"id":3,"start":1019,"end":1027,"text":"migraine","terms":[]}]},{"id":8,"start":1050,"end":1169,"text":"CONCLUSION: The results of the present study suggest that HNMT polymorphism in not related with the risk for migraine..","terms":[{"ids":"UMLS:C0149931:T047:DISO","score":1.0,"id":1,"start":1159,"end":1167,"text":"migraine","terms":[]}]}]