[{"id":0,"start":0,"end":83,"text":"A splice site mutation in hERG leads to cryptic splicing in human long QT syndrome.","terms":[{"ids":"UNIPROT:Q12809:T116:PRGE","score":0.9177650320086164,"id":1,"start":26,"end":30,"text":"hERG","terms":[]},{"ids":"UMLS:C0023976:T047:DISO","score":1.0,"id":2,"start":66,"end":82,"text":"long QT syndrome","terms":[]}]},{"id":1,"start":84,"end":171,"text":"Mutations in the human ether-a-go-go-related gene (hERG) cause type 2 long QT syndrome.","terms":[{"ids":"UMLS:C0023976:T047:DISO","score":1.0,"id":1,"start":154,"end":170,"text":"long QT syndrome","terms":[]}]},{"id":2,"start":172,"end":382,"text":"In this study, we investigated the pathogenic mechanism of the hERG splice site mutation 2398+1G\u003eC and the genotype-phenotype relationship of mutation carriers in three unrelated kindreds with long QT syndrome.","terms":[{"ids":"UMLS:C0023976:T047:DISO","score":1.0,"id":1,"start":365,"end":381,"text":"long QT syndrome","terms":[]}]},{"id":3,"start":383,"end":583,"text":"The effect of 2398+1G\u003eC on mRNA splicing was studied by analysis of RNA isolated from lymphocytes of index patients and using minigenes expressed in HEK293 cells and neonatal rat ventricular myocytes.","terms":[{"ids":"UMLS:C0018827:T023:ANAT","score":1.0,"id":1,"start":562,"end":573,"text":"ventricular","terms":[]}]},{"id":4,"start":584,"end":794,"text":"RT-PCR analysis revealed that the 2398+1G\u003eC mutation disrupted the normal splicing and activated a cryptic splice donor site in intron 9, leading to the inclusion of 54 nt of the intron 9 sequence in hERG mRNA.","terms":[{"ids":"UNIPROT:Q12809:T116:PRGE","score":0.8745832693878426,"id":1,"start":784,"end":793,"text":"hERG mRNA","terms":[]}]},{"id":5,"start":795,"end":922,"text":"The cryptic splicing resulted in an in-frame insertion of 18 amino acids in the middle of the cyclic nucleotide binding domain.","terms":[]},{"id":6,"start":923,"end":998,"text":"In patch clamp experiments the splice mutant did not generate hERG current.","terms":[]},{"id":7,"start":999,"end":1146,"text":"Western blot and immunostaining studies showed that the mutant expressed an immature form of hERG protein that failed to reach the plasma membrane.","terms":[]},{"id":8,"start":1147,"end":1317,"text":"Coexpression of the mutant and wild-type channels led to a dominant negative suppression of wild-type channel function by intracellular retention of heteromeric channels.","terms":[]},{"id":9,"start":1318,"end":1519,"text":"Our results demonstrate that 2398+1G\u003eC activates a cryptic site and generates a full-length hERG protein with an insertion of 18 amino acids, which leads to a trafficking defect of the mutant channel..","terms":[{"ids":"UMLS:C1861101:T047:DISO","score":1.0,"id":1,"start":1489,"end":1495,"text":"defect","terms":[]}]}]