[{"id":0,"start":0,"end":137,"text":"Catechol-O-methyltransferase (COMT) gene variants: possible association of the Val158Met variant with opiate addiction in Hispanic women.","terms":[{"ids":"UNIPROT:P21964:T116:PRGE","score":0.4698418588351166,"id":1,"start":0,"end":28,"text":"Catechol-O-methyltransferase","terms":[]},{"ids":"UNIPROT:P21964:T116:PRGE","score":0.4698418588351166,"id":2,"start":30,"end":34,"text":"COMT","terms":[]}]},{"id":1,"start":138,"end":293,"text":"Catechol-O-methyltransferase (COMT) catalyzes the breakdown of catechol neurotransmitters, including dopamine, which plays a prominent role in drug reward.","terms":[{"ids":"UNIPROT:P21964:T116:PRGE","score":0.960635924689463,"id":1,"start":138,"end":166,"text":"Catechol-O-methyltransferase","terms":[]},{"ids":"UNIPROT:P21964:T116:PRGE","score":0.960635924689463,"id":2,"start":168,"end":172,"text":"COMT","terms":[]}]},{"id":2,"start":294,"end":444,"text":"A common single nucleotide polymorphism (SNP), G472A, codes for a Val158Met substitution and results in a fourfold down regulation of enzyme activity.","terms":[]},{"id":3,"start":445,"end":650,"text":"We sequenced exon IV of COMT gene in search for novel polymorphisms and then genotyped four out of five identified by direct sequencing, using TaqMan assay on 266 opioid-dependent and 173 control subjects.","terms":[{"ids":"UNIPROT:P21964:T116:PRGE","score":0.829953434671399,"id":1,"start":469,"end":478,"text":"COMT gene","terms":[]}]},{"id":4,"start":651,"end":813,"text":"Genotype frequencies of the G472A SNP varied significantly (P \u003d 0.029) among the three main ethnic/cultural groups (Caucasians, Hispanics, and African Americans).","terms":[]},{"id":5,"start":814,"end":952,"text":"Using a genotype test, we found a trend to point-wise association (P \u003d 0.053) of the G472A SNP in Hispanic subjects with opiate addiction.","terms":[]},{"id":6,"start":953,"end":1170,"text":"Further analysis of G472A genotypes in Hispanic subjects with data stratified by gender identified a point-wise significant (P \u003d 0.049) association of G/A and A/A genotypes with opiate addiction in women, but not men.","terms":[]},{"id":7,"start":1171,"end":1296,"text":"These point-wise significant results are not significant experiment-wise (at P \u003c 0.05) after correction for multiple testing.","terms":[]},{"id":8,"start":1297,"end":1380,"text":"No significant association was found with haplotypes of the three most common SNPs.","terms":[]},{"id":9,"start":1381,"end":1464,"text":"Linkage disequilibrium patterns were similar for the three ethnic/cultural groups..","terms":[]}]