[{"id":0,"start":0,"end":98,"text":"Analysis of the gene coding for the BRCA2-interacting protein PALB2 in hereditary prostate cancer.","terms":[{"ids":"UNIPROT:Q8WUE5:T116:PRGE","score":0.8459479650561459,"id":1,"start":36,"end":61,"text":"BRCA2-interacting protein","terms":[]},{"ids":"UNIPROT:Q86YC2:T116:PRGE","score":0.8459479650561459,"id":2,"start":62,"end":67,"text":"PALB2","terms":[]},{"ids":"UMLS:C0033572:T023:ANAT","score":1.0,"id":3,"start":82,"end":90,"text":"prostate","terms":[]}]},{"id":1,"start":99,"end":189,"text":"BACKGROUND: The genetic basis of susceptibility to prostate cancer (PRCA) remains elusive.","terms":[{"ids":"UNIPROT:O15078:T116:PRGE","score":0.0,"id":1,"start":150,"end":165,"text":"prostate cancer","terms":[{"ids":"UMLS:C0033572:T023:ANAT","score":1.0,"id":1,"start":150,"end":158,"text":"prostate","terms":[]}]}]},{"id":2,"start":190,"end":341,"text":"Mutations in BRCA2 have been associated with increased prostate cancer risk and account for around 2% of young onset (\u003c56 years) prostate cancer cases.","terms":[{"ids":"UNIPROT:P51587:T116:PRGE","score":0.9673382772917652,"id":1,"start":203,"end":208,"text":"BRCA2","terms":[]},{"ids":"UMLS:C0033572:T023:ANAT","score":1.0,"id":2,"start":245,"end":253,"text":"prostate","terms":[]},{"ids":"UMLS:C0033572:T023:ANAT","score":1.0,"id":3,"start":319,"end":327,"text":"prostate","terms":[]}]},{"id":3,"start":343,"end":514,"text":"PALB2 is a recently identified breast cancer susceptibility gene whose protein is closely associated with BRCA2 and is essential for BRCA2 anchorage to nuclear structures.","terms":[{"ids":"UNIPROT:Q86YC2:T116:PRGE","score":0.6481011573520353,"id":1,"start":343,"end":348,"text":"PALB2","terms":[]},{"ids":"UNIPROT:Q6WQI6:T116:PRGE","score":0.6481011573520353,"id":2,"start":374,"end":407,"text":"breast cancer susceptibility gene","terms":[{"ids":"UMLS:C0006141:T023:ANAT","score":1.0,"id":1,"start":374,"end":380,"text":"breast","terms":[]}]},{"ids":"UNIPROT:P51587:T116:PRGE","score":0.6481011573520353,"id":3,"start":449,"end":454,"text":"BRCA2","terms":[]},{"ids":"UNIPROT:P51587:T116:PRGE","score":0.6481011573520353,"id":4,"start":476,"end":481,"text":"BRCA2","terms":[]}]},{"id":4,"start":515,"end":592,"text":"This functional relationship made PALB2 a candidate PRCA susceptibility gene.","terms":[{"ids":"UNIPROT:Q86YC2:T116:PRGE","score":0.44597343404027157,"id":1,"start":549,"end":554,"text":"PALB2","terms":[]},{"ids":"UNIPROT:Q9H3M7:T116:PRGE","score":0.44597343404027157,"id":2,"start":567,"end":591,"text":"PRCA susceptibility gene","terms":[]}]},{"id":5,"start":593,"end":831,"text":"METHODS: We sequenced PALB2 in probands from 95 PRCA families, 77 of which had two or more cases of early onset PRCA (age at diagnosis \u003c55 years), and the remaining 18 had one case of early onset PRCA and five or more total cases of PRCA.","terms":[{"ids":"UNIPROT:Q86YC2:T116:PRGE","score":0.40442700841982926,"id":1,"start":615,"end":620,"text":"PALB2","terms":[]}]},{"id":6,"start":832,"end":1012,"text":"RESULTS: Two previously unreported variants, K18R and V925L were identified, neither of which is in a known PALB2 functional domain and both of which are unlikely to be pathogenic.","terms":[{"ids":"UNIPROT:Q86YC2:T116:PRGE","score":0.7059033702351882,"id":1,"start":940,"end":963,"text":"PALB2 functional domain","terms":[]}]},{"id":7,"start":1013,"end":1053,"text":"No truncating mutations were identified.","terms":[]},{"id":8,"start":1054,"end":1194,"text":"CONCLUSIONS: These results indicate that deleterious PALB2 mutations are unlikely to play a significant role in hereditary prostate cancer..","terms":[{"ids":"UNIPROT:Q86YC2:T116:PRGE","score":0.9191465435340191,"id":1,"start":1107,"end":1122,"text":"PALB2 mutations","terms":[]},{"ids":"UMLS:C0033572:T023:ANAT","score":1.0,"id":2,"start":1177,"end":1185,"text":"prostate","terms":[]}]}]