[{"id":0,"start":0,"end":148,"text":"A Japanese patient with Li-Fraumeni syndrome who had nine primary malignancies associated with a germline mutation of the p53 tumor-suppressor gene.","terms":[{"ids":"UMLS:C0020758:T047:DISO","score":1.0,"id":1,"start":24,"end":26,"text":"Li","terms":[]},{"ids":"UMLS:C0039082:T047:DISO","score":1.0,"id":2,"start":36,"end":44,"text":"syndrome","terms":[]},{"ids":"UNIPROT:P42771:T116:PRGE","score":0.9798611845798765,"id":3,"start":122,"end":147,"text":"p53 tumor-suppressor gene","terms":[]}]},{"id":1,"start":149,"end":326,"text":"We describe a patient who had nine primary malignant tumors and a germline mutation in the p53 tumor-suppressor gene, characteristically found in the Li-Fraumeni syndrome (LFS).","terms":[{"ids":"UNIPROT:P42771:T116:PRGE","score":0.9637985409813218,"id":1,"start":240,"end":265,"text":"p53 tumor-suppressor gene","terms":[]},{"ids":"UMLS:C0020758:T047:DISO","score":1.0,"id":2,"start":299,"end":301,"text":"Li","terms":[]},{"ids":"UMLS:C0039082:T047:DISO","score":1.0,"id":3,"start":311,"end":319,"text":"syndrome","terms":[]}]},{"id":2,"start":327,"end":455,"text":"A 15-year-old girl with no family history of cancer was referred to our hospital because of pain and swelling of the right knee.","terms":[{"ids":"UMLS:C0230431:T023:ANAT","score":1.0,"id":1,"start":444,"end":454,"text":"right knee","terms":[]}]},{"id":3,"start":456,"end":483,"text":"Osteosarcoma was diagnosed.","terms":[]},{"id":4,"start":484,"end":558,"text":"The patient received chemotherapy followed by surgery and had a remission.","terms":[]},{"id":5,"start":559,"end":824,"text":"After the age of 28 years, nine primary malignant tumors developed successively, including right breast cancer, colon cancer, malignant fibrous histiocytoma (MFH) of the abdominal wall, right lung double cancers, bilateral breast cancers, and MFH of the left thigh.","terms":[{"ids":"UMLS:C0222600:T023:ANAT","score":1.0,"id":1,"start":650,"end":662,"text":"right breast","terms":[]},{"ids":"UMLS:C0009368:T023:ANAT","score":1.0,"id":2,"start":671,"end":676,"text":"colon","terms":[]},{"ids":"UMLS:C0836916:T023:ANAT","score":1.0,"id":3,"start":729,"end":743,"text":"abdominal wall","terms":[]},{"ids":"UMLS:C0225706:T023:ANAT","score":1.0,"id":4,"start":745,"end":755,"text":"right lung","terms":[]},{"ids":"UMLS:C0222605:T023:ANAT","score":1.0,"id":5,"start":772,"end":788,"text":"bilateral breast","terms":[]},{"ids":"UMLS:C0230426:T023:ANAT","score":1.0,"id":6,"start":813,"end":823,"text":"left thigh","terms":[]}]},{"id":6,"start":825,"end":918,"text":"This is the second highest number of types of primary malignant tumors to be reported in LFS.","terms":[]},{"id":7,"start":919,"end":994,"text":"All tumors were treated by a multidisciplinary approach, including surgery.","terms":[]},{"id":8,"start":995,"end":1152,"text":"Genetic analysis revealed a germline missense mutation in the p53 gene (c.659 A \u003e G), resulting in Y220C, which has been reported in three families with LFS.","terms":[{"ids":"UNIPROT:P42771:T116:PRGE","score":0.3979725124804091,"id":1,"start":1057,"end":1065,"text":"p53 gene","terms":[]}]},{"id":9,"start":1153,"end":1221,"text":"The patient died of lung metastasis from MFH at the age of 37 years.","terms":[{"ids":"UMLS:C0024109:T023:ANAT","score":1.0,"id":1,"start":1173,"end":1177,"text":"lung","terms":[]}]},{"id":10,"start":1222,"end":1310,"text":"Despite the multiple tumors, repeated induction of remissions resulted in long survival.","terms":[]},{"id":11,"start":1311,"end":1437,"text":"Our findings suggest  that a multidisciplinary approach to treatment, including surgery, is beneficial  in patients with LFS..","terms":[]}]