[{"id":0,"start":0,"end":134,"text":"Suppression of PTEN function increases breast cancer chemotherapeutic drug resistance while conferring sensitivity to mTOR inhibitors.","terms":[{"ids":"UNIPROT:P60484:T116:PRGE|UNIPROT:P36894:T116:PRGE","score":0.9744351570539814,"id":1,"start":15,"end":19,"text":"PTEN","terms":[]},{"ids":"UMLS:C0006141:T023:ANAT","score":1.0,"id":2,"start":39,"end":45,"text":"breast","terms":[]},{"ids":"UNIPROT:P42345:T116:PRGE","score":0.9744351570539814,"id":3,"start":118,"end":122,"text":"mTOR","terms":[]}]},{"id":1,"start":135,"end":494,"text":"Ectopic expression of mutant forms of phosphatase and tensin homologue deleted on chromosome 10 (PTEN) lacking lipid (G129E) or lipid and protein (C124S) phosphatase activity decreased sensitivity of MCF-7 breast cancer cells, which have wild-type PTEN, to doxorubicin and increased sensitivity to the mammalian target of rapamycin (mTOR) inhibitor rapamycin.","terms":[{"ids":"UNIPROT:Q9HBL0:T116:PRGE","score":0.0,"id":1,"start":173,"end":230,"text":"phosphatase and tensin homologue deleted on chromosome 10","terms":[]},{"ids":"UNIPROT:P60484:T116:PRGE|UNIPROT:P36894:T116:PRGE","score":0.0,"id":2,"start":232,"end":236,"text":"PTEN","terms":[]},{"ids":"UMLS:C0006141:T023:ANAT","score":1.0,"id":3,"start":341,"end":347,"text":"breast","terms":[]},{"ids":"UNIPROT:P42345:T116:PRGE","score":0.0,"id":4,"start":437,"end":466,"text":"mammalian target of rapamycin","terms":[]},{"ids":"UNIPROT:P42345:T116:PRGE","score":0.19649367478872687,"id":5,"start":468,"end":472,"text":"mTOR","terms":[]}]},{"id":2,"start":495,"end":979,"text":"Cells transfected with a mutant PTEN gene lacking both lipid and protein phosphatase activities were more resistant to doxorubicin than cells transfected with the PTEN mutant lacking lipid phosphatase activity indicating that the protein phosphatase activity of PTEN was also important in controlling the sensitivity to doxorubicin, while no difference was observed between the lipid (G129E) and lipid and protein (C124S) phosphatase PTEN mutants in terms of sensitivity to rapamycin.","terms":[{"ids":"UNIPROT:P60484:T116:PRGE|UNIPROT:P36894:T116:PRGE","score":0.32809389556056356,"id":1,"start":527,"end":536,"text":"PTEN gene","terms":[]},{"ids":"UNIPROT:Q6B8I1:T116:PRGE|UNIPROT:Q16690:T116:PRGE|UNIPROT:Q8WTR2:T116:PRGE|UNIPROT:Q13615:T116:PRGE","score":0.32809389556056356,"id":2,"start":550,"end":579,"text":"lipid and protein phosphatase","terms":[]},{"ids":"UNIPROT:P60484:T116:PRGE|UNIPROT:P36894:T116:PRGE","score":0.32809389556056356,"id":3,"start":658,"end":669,"text":"PTEN mutant","terms":[]},{"ids":"UNIPROT:Q6B8I1:T116:PRGE|UNIPROT:Q16690:T116:PRGE|UNIPROT:Q8WTR2:T116:PRGE|UNIPROT:Q13615:T116:PRGE","score":0.32809389556056356,"id":4,"start":725,"end":744,"text":"protein phosphatase","terms":[]},{"ids":"UNIPROT:P60484:T116:PRGE|UNIPROT:P36894:T116:PRGE","score":0.32809389556056356,"id":5,"start":757,"end":761,"text":"PTEN","terms":[]},{"ids":"UNIPROT:P60484:T116:PRGE|UNIPROT:P36894:T116:PRGE","score":0.32809389556056356,"id":6,"start":929,"end":941,"text":"PTEN mutants","terms":[]}]},{"id":3,"start":980,"end":1128,"text":"A synergistic inhibitory interaction was observed when doxorubicin was combined with rapamycin  in the phosphatase-deficient PTEN-transfected cells.","terms":[{"ids":"UNIPROT:P60484:T116:PRGE|UNIPROT:P36894:T116:PRGE","score":0.910298529033963,"id":1,"start":1105,"end":1109,"text":"PTEN","terms":[]}]},{"id":4,"start":1129,"end":1240,"text":"Interference with the lipid  phosphatase activity of PTEN was sufficient to activate Akt/mTOR/p70S6K signaling.","terms":[{"ids":"UNIPROT:P60484:T116:PRGE|UNIPROT:P36894:T116:PRGE","score":0.9091547500667596,"id":1,"start":1182,"end":1186,"text":"PTEN","terms":[]},{"ids":"UNIPROT:P31749:T116:PRGE","score":0.9091547500667596,"id":2,"start":1214,"end":1217,"text":"Akt","terms":[]},{"ids":"UNIPROT:P42345:T116:PRGE","score":0.9091547500667596,"id":3,"start":1218,"end":1222,"text":"mTOR","terms":[]}]},{"id":5,"start":1241,"end":1407,"text":"These studies indicate that disruption of the normal activity of the PTEN phosphatase can have dramatic effects on the therapeutic sensitivity of breast cancer cells.","terms":[{"ids":"UNIPROT:P60484:T116:PRGE|UNIPROT:P36894:T116:PRGE","score":0.9998985662113273,"id":1,"start":1310,"end":1326,"text":"PTEN phosphatase","terms":[]},{"ids":"UMLS:C0006141:T023:ANAT","score":1.0,"id":2,"start":1387,"end":1393,"text":"breast","terms":[]}]},{"id":6,"start":1408,"end":1638,"text":"Mutations in the key residues which control PTEN lipid and protein phosphatase may act as dominant-negative mutants to suppress endogenous PTEN and alter the sensitivity of breast cancer patients to chemo- and targeted therapies..","terms":[{"ids":"UNIPROT:P60484:T116:PRGE|UNIPROT:P36894:T116:PRGE","score":0.5093048860673578,"id":1,"start":1452,"end":1486,"text":"PTEN lipid and protein phosphatase","terms":[]},{"ids":"UNIPROT:P60484:T116:PRGE|UNIPROT:P36894:T116:PRGE","score":0.5093048860673578,"id":2,"start":1547,"end":1551,"text":"PTEN","terms":[]},{"ids":"UMLS:C0006141:T023:ANAT","score":1.0,"id":3,"start":1581,"end":1587,"text":"breast","terms":[]}]}]