[{"id":0,"start":0,"end":56,"text":"Multiplexed assays for detection of mutations in PIK3CA.","terms":[{"ids":"UNIPROT:P42336:T116:PRGE","score":0.7583754818101084,"id":1,"start":49,"end":55,"text":"PIK3CA","terms":[]}]},{"id":1,"start":57,"end":319,"text":"BACKGROUND: Mutations in the PIK3CA gene (phosphoinositide-3-kinase, catalytic, alpha polypeptide) have recently been described in a number of cancers, and their detection is currently limited because of the low sensitivity of conventional sequencing techniques.","terms":[{"ids":"UNIPROT:P42336:T116:PRGE","score":0.5647094014704261,"id":1,"start":86,"end":97,"text":"PIK3CA gene","terms":[]},{"ids":"UNIPROT:P20794:T116:PRGE|UNIPROT:P33981:T116:PRGE","score":0.5647094014704261,"id":2,"start":99,"end":124,"text":"phosphoinositide-3-kinase","terms":[]},{"ids":"UNIPROT:Q15042:T116:PRGE","score":0.5647094014704261,"id":3,"start":126,"end":154,"text":"catalytic, alpha polypeptide","terms":[]}]},{"id":2,"start":320,"end":640,"text":"METHODS: We combined Amplification Refractory Mutation System (ARMS; AstraZeneca) allele-specific PCR and Scorpions (DxS) to develop assays for tumor-borne PIK3CA  mutations and used real-time PCR to develop high-throughput multiplexed assays for the most commonly reported PIK3CA mutants (H1047L, H1047R, E542K, E545K).","terms":[{"ids":"UNIPROT:P42336:T116:PRGE","score":0.26235688923583234,"id":1,"start":594,"end":608,"text":"PIK3CA mutants","terms":[]}]},{"id":3,"start":641,"end":786,"text":"RESULTS: These assays were more sensitive than sequencing and could detect 5 copies of mutant DNA in proportions as low as 0.1% of the total DNA.","terms":[]},{"id":4,"start":787,"end":968,"text":"We assayed DNA extracted from human tumors and detected PIK3CA mutation frequencies of 10.2% in colorectal cancer, 38.7% in breast cancer, 1.9% in lung cancer, and 2.9% in melanoma.","terms":[{"ids":"UMLS:C0006141:T023:ANAT","score":1.0,"id":1,"start":911,"end":917,"text":"breast","terms":[]},{"ids":"UMLS:C0024109:T023:ANAT","score":1.0,"id":2,"start":934,"end":938,"text":"lung","terms":[]}]},{"id":5,"start":969,"end":1051,"text":"In contrast, sequencing detected only 53% of the mutations detected by  our assay.","terms":[]},{"id":6,"start":1052,"end":1193,"text":"CONCLUSIONS: Multiplexed assays, which can easily be applied to clinical samples, have been developed for the detection of PIK3CA mutations..","terms":[{"ids":"UNIPROT:P42336:T116:PRGE","score":0.7277377347005547,"id":1,"start":1175,"end":1181,"text":"PIK3CA","terms":[]}]}]