[{"id":0,"start":0,"end":165,"text":"Mutation analysis and characterization of HSD17B2 sequence variants in breast cancer cases from French Canadian families with high risk of breast and ovarian cancer.","terms":[{"ids":"UNIPROT:P37059:T116:PRGE","score":0.5289138165889654,"id":1,"start":42,"end":58,"text":"HSD17B2 sequence","terms":[]},{"ids":"UMLS:C0006141:T023:ANAT","score":1.0,"id":2,"start":71,"end":77,"text":"breast","terms":[]},{"ids":"UMLS:C0006141:T023:ANAT","score":1.0,"id":3,"start":139,"end":145,"text":"breast","terms":[]},{"ids":"UMLS:C0205065:T023:ANAT","score":1.0,"id":4,"start":150,"end":157,"text":"ovarian","terms":[]}]},{"id":1,"start":166,"end":219,"text":"Estrogen exposure is a risk factor for breast cancer.","terms":[{"ids":"UMLS:C0006141:T023:ANAT","score":1.0,"id":1,"start":205,"end":211,"text":"breast","terms":[]}]},{"id":2,"start":220,"end":366,"text":"Given that HSD17B2 gene encodes an enzyme that catalyses estradiol inactivation, it appears as a good candidate breast cancer susceptibility gene.","terms":[{"ids":"UNIPROT:P37059:T116:PRGE","score":0.8019800490354985,"id":1,"start":231,"end":243,"text":"HSD17B2 gene","terms":[]},{"ids":"UNIPROT:Q6WQI6:T116:PRGE","score":0.8019800490354985,"id":2,"start":332,"end":365,"text":"breast cancer susceptibility gene","terms":[{"ids":"UMLS:C0006141:T023:ANAT","score":1.0,"id":1,"start":332,"end":338,"text":"breast","terms":[]}]}]},{"id":3,"start":367,"end":485,"text":"This study was designed to screen for HSD17B2 germline mutations potentially involved in breast cancer predisposition.","terms":[{"ids":"UMLS:C0006141:T023:ANAT","score":1.0,"id":1,"start":456,"end":462,"text":"breast","terms":[]}]},{"id":4,"start":486,"end":704,"text":"Our re-sequencing analysis did not identify any deleterious germline mutations, and therefore mutations in HSD17B2 do not explain the clustering of breast cancer cases in non-BRCA1/2 high-risk French Canadian families.","terms":[{"ids":"UMLS:C0228327:T023:ANAT","score":1.0,"id":1,"start":490,"end":492,"text":"re","terms":[]},{"ids":"UNIPROT:P37059:T116:PRGE","score":0.47215674183427037,"id":2,"start":593,"end":600,"text":"HSD17B2","terms":[]},{"ids":"UMLS:C0006141:T023:ANAT","score":1.0,"id":3,"start":634,"end":640,"text":"breast","terms":[]},{"ids":"UNIPROT:P38398:T116:PRGE","score":0.47215674183427037,"id":4,"start":661,"end":666,"text":"BRCA1","terms":[]}]},{"id":5,"start":705,"end":791,"text":"However, six sequence variants were identified, including two novel missense variants.","terms":[]},{"id":6,"start":792,"end":1127,"text":"Expression assays revealed that p.Ala111Asp and p.Gly160Arg did not alter the catalytic properties of 17beta-hydroxysteroid dehydrogenase type 2 enzyme, although p.Ala111Asp appears to affect protein stability resulting in significant decreases in the protein levels, providing valuable information on structure-function relationship..","terms":[{"ids":"UNIPROT:P37059:T116:PRGE|UNIPROT:P51659:T116:PRGE|UNIPROT:P14061:T116:PRGE","score":0.4096666811635254,"id":1,"start":894,"end":943,"text":"17beta-hydroxysteroid dehydrogenase type 2 enzyme","terms":[]}]}]