[{"id":0,"start":0,"end":137,"text":"Molecular and clinical characterization in Japanese and Korean patients with Hailey-Hailey disease: six new mutations in the ATP2C1 gene.","terms":[{"ids":"UMLS:C0085106:T047:DISO","score":1.0,"id":1,"start":77,"end":98,"text":"Hailey-Hailey disease","terms":[]},{"ids":"UNIPROT:P98194:T116:PRGE","score":0.9054902228081624,"id":2,"start":125,"end":136,"text":"ATP2C1 gene","terms":[]}]},{"id":1,"start":138,"end":323,"text":"BACKGROUND: The autosomal dominant disorder Hailey-Hailey disease (HHD) results from mutations in the ATP2C1 gene, which encodes the human secretory pathway Ca2+/Mn2+ -ATPase protein 1.","terms":[{"ids":"UMLS:C0085106:T047:DISO","score":1.0,"id":1,"start":182,"end":203,"text":"Hailey-Hailey disease","terms":[]},{"ids":"UMLS:C0085106:T047:DISO","score":1.0,"id":2,"start":205,"end":208,"text":"HHD","terms":[]},{"ids":"UNIPROT:P98194:T116:PRGE","score":0.43282700303778315,"id":3,"start":240,"end":251,"text":"ATP2C1 gene","terms":[]},{"ids":"UNIPROT:P00918:T116:PRGE","score":0.43282700303778315,"id":4,"start":295,"end":322,"text":"Ca2+/Mn2+ -ATPase protein 1","terms":[]}]},{"id":2,"start":324,"end":481,"text":"To date, over 90 pathological mutations scattered throughout ATP2C1 have been described with no indication of mutational hotspots or clustering of mutations.","terms":[]},{"id":3,"start":482,"end":541,"text":"No paradigm for genotype-phenotype correlation has emerged.","terms":[]},{"id":4,"start":542,"end":787,"text":"OBJECTIVES: To determine the pathogenic ATP2C1 abnormality in additional patients with HHD in order to provide further contributions to the understanding of the molecular basis of this disorder and to add the data to the known mutation database.","terms":[{"ids":"UMLS:C0085106:T047:DISO","score":1.0,"id":1,"start":629,"end":632,"text":"HHD","terms":[]},{"ids":"UMLS:C0004269:T047:DISO","score":1.0,"id":2,"start":743,"end":746,"text":"add","terms":[]}]},{"id":5,"start":788,"end":882,"text":"METHODS: In this study, we investigated eight unrelated Japanese and Korean patients with HHD.","terms":[{"ids":"UMLS:C0085106:T047:DISO","score":1.0,"id":1,"start":878,"end":881,"text":"HHD","terms":[]}]},{"id":6,"start":883,"end":1069,"text":"We performed direct nucleotide sequencing of the ATP2C1 gene in all patients and RT-PCR analysis, using RNA extracted from a skin biopsy, in a patient with the mildest clinical features.","terms":[{"ids":"UNIPROT:P98194:T116:PRGE","score":0.8596551411691536,"id":1,"start":932,"end":943,"text":"ATP2C1 gene","terms":[]}]},{"id":7,"start":1070,"end":1419,"text":"RESULTS: We identified seven different heterozygous mutations in seven of the eight investigated patients, including three new single nucleotide deletion/duplication mutations: c.520delC; c.681dupA; c.956delC, three new donor splice site mutations: c.360+1G\u003eC; c.899+1G\u003eT; c.1570+2T\u003eC, as well as a previously described nonsense mutation: p.Arg153X.","terms":[]},{"id":8,"start":1420,"end":1634,"text":"RT-PCR analysis in the mildest affected patient with a heterozygous c.360+1G\u003eC mutation, demonstrated expression of a short in-frame mutant transcript with exon 5 skipping, which may account for the mild phenotype.","terms":[]},{"id":9,"start":1635,"end":1812,"text":"CONCLUSIONS: The results expand the known mutation spectrum in HHD and show the importance of RNA analysis for understanding the genotype-phenotype correlations more precisely..","terms":[{"ids":"UMLS:C0085106:T047:DISO|UNIPROT:P98194:T116:PRGE","score":1.0,"id":1,"start":1698,"end":1701,"text":"HHD","terms":[]}]}]