[{"id":0,"start":0,"end":129,"text":"Identification of novel mutations and sequence variants in the SOX2 and CHX10 genes in patients with anophthalmia/microphthalmia.","terms":[{"ids":"UNIPROT:Q9Y651:T116:PRGE|UNIPROT:P48431:T116:PRGE","score":0.9881404339577488,"id":1,"start":63,"end":67,"text":"SOX2","terms":[]},{"ids":"UNIPROT:P58304:T116:PRGE","score":0.9881404339577488,"id":2,"start":72,"end":83,"text":"CHX10 genes","terms":[]}]},{"id":1,"start":130,"end":248,"text":"PURPOSE: Mutations in the SOX2 and CHX10 genes have been reported in patients with anophthalmia and/or microphthalmia.","terms":[{"ids":"UNIPROT:Q9Y651:T116:PRGE|UNIPROT:P48431:T116:PRGE","score":0.9619555521518528,"id":1,"start":156,"end":160,"text":"SOX2","terms":[]},{"ids":"UNIPROT:P58304:T116:PRGE","score":0.9619555521518528,"id":2,"start":165,"end":176,"text":"CHX10 genes","terms":[]}]},{"id":2,"start":249,"end":414,"text":"In this study, we evaluated 34 anophthalmic/microphthalmic patient DNA samples (two sets of siblings included) for mutations and sequence variants in SOX2 and CHX10.","terms":[{"ids":"UNIPROT:Q9Y651:T116:PRGE|UNIPROT:P48431:T116:PRGE","score":0.9895847320355974,"id":1,"start":399,"end":403,"text":"SOX2","terms":[]},{"ids":"UNIPROT:P58304:T116:PRGE","score":0.9895847320355974,"id":2,"start":408,"end":413,"text":"CHX10","terms":[]}]},{"id":3,"start":415,"end":633,"text":"METHODS: Conformational sensitive gel electrophoresis (CSGE) was used for the initial SOX2 and CHX10 screening of 34 affected individuals (two sets of siblings), five unaffected family members, and 80 healthy controls.","terms":[{"ids":"UNIPROT:Q9Y651:T116:PRGE|UNIPROT:P48431:T116:PRGE","score":0.6791508646289733,"id":1,"start":501,"end":505,"text":"SOX2","terms":[]},{"ids":"UNIPROT:P58304:T116:PRGE","score":0.6791508646289733,"id":2,"start":510,"end":515,"text":"CHX10","terms":[]}]},{"id":4,"start":634,"end":712,"text":"Patient samples containing heteroduplexes were selected for sequence analysis.","terms":[]},{"id":5,"start":713,"end":813,"text":"Base pair changes in SOX2 and CHX10 were confirmed by sequencing bidirectionally in patient samples.","terms":[{"ids":"UNIPROT:Q86YQ2:T116:PRGE","score":0.30317617679704717,"id":1,"start":713,"end":717,"text":"Base","terms":[]},{"ids":"UNIPROT:Q9Y651:T116:PRGE|UNIPROT:P48431:T116:PRGE","score":0.30317617679704717,"id":2,"start":734,"end":738,"text":"SOX2","terms":[]},{"ids":"UNIPROT:P58304:T116:PRGE","score":0.30317617679704717,"id":3,"start":743,"end":748,"text":"CHX10","terms":[]}]},{"id":6,"start":814,"end":933,"text":"RESULTS: Two novel heterozygous mutations and two sequence variants (one known) in SOX2 were identified in this cohort.","terms":[{"ids":"UNIPROT:Q9Y651:T116:PRGE|UNIPROT:P48431:T116:PRGE","score":0.989189555314147,"id":1,"start":897,"end":901,"text":"SOX2","terms":[]}]},{"id":7,"start":934,"end":956,"text":"Mutation c.310 G\u003eT (p.","terms":[]},{"id":8,"start":957,"end":1125,"text":"Glu104X), found in one patient, was in the region encoding the high mobility group (HMG) DNA-binding domain and resulted in a change from glutamic acid to a stop codon.","terms":[]},{"id":9,"start":1126,"end":1225,"text":"The second mutation, noted in two affected siblings, was a single nucleotide deletion c.549delC (p.","terms":[]},{"id":10,"start":1226,"end":1363,"text":"Pro184ArgfsX19) in the region encoding the activation domain, resulting in a frameshift and premature termination of the coding sequence.","terms":[]},{"id":11,"start":1364,"end":1430,"text":"The shortened protein products may result in the loss of function.","terms":[]},{"id":12,"start":1431,"end":1546,"text":"In addition, a novel nucleotide substitution c.*557G\u003eA was identified in the 3\u0027-untranslated region in one patient.","terms":[]},{"id":13,"start":1547,"end":1636,"text":"The relationship between the nucleotide change and the protein function is indeterminate.","terms":[]},{"id":14,"start":1637,"end":1679,"text":"A known single nucleotide polymorphism (c.","terms":[]},{"id":15,"start":1680,"end":1748,"text":"*469 C\u003eA, SNP rs11915160) was also detected in 2 of the 34 patients.","terms":[]},{"id":16,"start":1749,"end":1866,"text":"Screening of CHX10 identified two synonymous sequence variants, c.471 C\u003eT (p.Ser157Ser, rs35435463) and c.579 G\u003eA (p.","terms":[{"ids":"UNIPROT:P58304:T116:PRGE","score":0.31849148635569735,"id":1,"start":1762,"end":1767,"text":"CHX10","terms":[]}]},{"id":17,"start":1867,"end":1944,"text":"Gln193Gln, novel SNP), and one non-synonymous sequence variant, c.871 G\u003eA (p.","terms":[]},{"id":18,"start":1945,"end":1967,"text":"Asp291Asn, novel SNP).","terms":[]},{"id":19,"start":1968,"end":2063,"text":"The non-synonymous polymorphism was also present in healthy controls, suggesting non-causality.","terms":[]},{"id":20,"start":2064,"end":2138,"text":"CONCLUSIONS: These results support the role of SOX2 in ocular development.","terms":[{"ids":"UNIPROT:Q9Y651:T116:PRGE|UNIPROT:P48431:T116:PRGE","score":0.9865170650177234,"id":1,"start":2111,"end":2115,"text":"SOX2","terms":[]},{"ids":"UMLS:C0015392:T023:ANAT","score":1.0,"id":2,"start":2119,"end":2125,"text":"ocular","terms":[]}]},{"id":21,"start":2139,"end":2196,"text":"Loss of SOX2 function results in severe eye malformation.","terms":[{"ids":"UNIPROT:Q9Y651:T116:PRGE|UNIPROT:P48431:T116:PRGE","score":0.9449123173744871,"id":1,"start":2147,"end":2151,"text":"SOX2","terms":[]},{"ids":"UMLS:C0015392:T023:ANAT","score":1.0,"id":2,"start":2179,"end":2182,"text":"eye","terms":[]}]},{"id":22,"start":2197,"end":2278,"text":"CHX10 was not implicated with microphthalmia/anophthalmia in our patient cohort..","terms":[{"ids":"UNIPROT:P58304:T116:PRGE","score":0.9479255576031788,"id":1,"start":2197,"end":2202,"text":"CHX10","terms":[]}]}]