[{"id":0,"start":0,"end":78,"text":"TNFA -308G\u003eA in two international population-based cohorts and risk of asthma.","terms":[{"ids":"UNIPROT:P01375:T116:PRGE","score":0.6793200597976351,"id":1,"start":0,"end":10,"text":"TNFA -308G","terms":[]},{"ids":"UMLS:C0004096:T047:DISO","score":1.0,"id":2,"start":71,"end":77,"text":"asthma","terms":[]}]},{"id":1,"start":79,"end":297,"text":"Genetic association studies have related the tumour necrosis factor-alpha gene (TNFA) guanine to adenine substitution of nucleotide -308 (-308G\u003eA) polymorphism to increased risk of asthma, but results are inconsistent.","terms":[{"ids":"UNIPROT:P01375:T116:PRGE","score":0.98143412639598,"id":1,"start":159,"end":163,"text":"TNFA","terms":[]},{"ids":"UMLS:C0004096:T047:DISO","score":1.0,"id":2,"start":260,"end":266,"text":"asthma","terms":[]}]},{"id":2,"start":298,"end":651,"text":"The aim of the present study was to test whether two single-nucleotide polymorphisms, of TNFA and of the lymphotoxin-alpha gene (LTA), are associated with asthma, bronchial hyperresponsiveness and atopy in adults, by combining the results of two large population-based multicentric studies and conducting a meta-analysis of previously published studies.","terms":[{"ids":"UNIPROT:P01375:T116:PRGE","score":0.3085135709754563,"id":1,"start":387,"end":391,"text":"TNFA","terms":[]},{"ids":"UMLS:C0085129:T047:DISO","score":1.0,"id":2,"start":461,"end":490,"text":"bronchial hyperresponsiveness","terms":[{"ids":"UMLS:C1442216:T023:ANAT|UMLS:C0205039:T023:ANAT","score":1.0,"id":1,"start":461,"end":470,"text":"bronchial","terms":[]}]}]},{"id":3,"start":652,"end":915,"text":"The European Community Respiratory Health Survey (ECRHS) and Swiss Cohort Study on Air Pollution and Lung and Heart Diseases in Adults (SAPALDIA) used comparable protocols, including questionnaires for respiratory symptoms and measures of lung function and atopy.","terms":[{"ids":"UMLS:C0024109:T023:ANAT","score":1.0,"id":1,"start":753,"end":757,"text":"Lung","terms":[]},{"ids":"UMLS:C0018799:T047:DISO","score":1.0,"id":2,"start":762,"end":776,"text":"Heart Diseases","terms":[{"ids":"UMLS:C0018787:T023:ANAT","score":1.0,"id":1,"start":762,"end":767,"text":"Heart","terms":[]}]},{"ids":"UMLS:C0024109:T023:ANAT","score":1.0,"id":3,"start":891,"end":895,"text":"lung","terms":[]}]},{"id":4,"start":916,"end":993,"text":"DNA samples from 11,136 participants were genotyped at TNFA -308 and LTA 252.","terms":[]},{"id":5,"start":994,"end":1095,"text":"Logistic regression employing fixed and random effects models and nonparametric techniques were used.","terms":[]},{"id":6,"start":1096,"end":1128,"text":"The prevalence of asthma was 6%.","terms":[{"ids":"UMLS:C0004096:T047:DISO","score":1.0,"id":1,"start":1114,"end":1120,"text":"asthma","terms":[]}]},{"id":7,"start":1129,"end":1246,"text":"The TNFA -308G\u003eA polymorphism was associated with increased asthma prevalence and with bronchial hyperresponsiveness.","terms":[{"ids":"UNIPROT:P01375:T116:PRGE","score":0.983954374976959,"id":1,"start":1133,"end":1143,"text":"TNFA -308G","terms":[]},{"ids":"UMLS:C0004096:T047:DISO","score":1.0,"id":2,"start":1189,"end":1195,"text":"asthma","terms":[]},{"ids":"UMLS:C0085129:T047:DISO","score":1.0,"id":3,"start":1216,"end":1245,"text":"bronchial hyperresponsiveness","terms":[{"ids":"UMLS:C1442216:T023:ANAT|UMLS:C0205039:T023:ANAT","score":1.0,"id":1,"start":1216,"end":1225,"text":"bronchial","terms":[]}]}]},{"id":8,"start":1247,"end":1293,"text":"No consistent association was found for atopy.","terms":[]},{"id":9,"start":1294,"end":1366,"text":"The LTA 252A\u003eG polymorphism was not associated with any of the outcomes.","terms":[{"ids":"UNIPROT:P10515:T116:PRGE|UNIPROT:P01374:T116:PRGE","score":0.4392719872617128,"id":1,"start":1298,"end":1306,"text":"LTA 252A","terms":[]}]},{"id":10,"start":1367,"end":1462,"text":"A meta-analysis of 17 studies showed an increased asthma risk for the TNFA -308 adenine allele.","terms":[{"ids":"UMLS:C0004096:T047:DISO","score":1.0,"id":1,"start":1417,"end":1423,"text":"asthma","terms":[]},{"ids":"UNIPROT:P01375:T116:PRGE","score":0.9889957554854457,"id":2,"start":1437,"end":1461,"text":"TNFA -308 adenine allele","terms":[]}]},{"id":11,"start":1463,"end":1641,"text":"The tumour necrosis factor-alpha gene nucleotide -308 polymorphism is associated with a moderately increased risk of asthma and bronchial hyperresponsiveness, but not with atopy.","terms":[{"ids":"UNIPROT:P35611:T116:PRGE|UNIPROT:P27986:T116:PRGE|UNIPROT:Q13131:T116:PRGE|UNIPROT:P07225:T116:PRGE|UNIPROT:Q96RQ3:T116:PRGE","score":0.47549562177545457,"id":1,"start":1467,"end":1495,"text":"tumour necrosis factor-alpha","terms":[]},{"ids":"UMLS:C0004096:T047:DISO","score":1.0,"id":2,"start":1580,"end":1586,"text":"asthma","terms":[]},{"ids":"UMLS:C0085129:T047:DISO","score":1.0,"id":3,"start":1591,"end":1620,"text":"bronchial hyperresponsiveness","terms":[{"ids":"UMLS:C1442216:T023:ANAT|UMLS:C0205039:T023:ANAT","score":1.0,"id":1,"start":1591,"end":1600,"text":"bronchial","terms":[]}]}]},{"id":12,"start":1642,"end":1722,"text":"These results are supported by a meta-analysis of previously published studies..","terms":[]}]