[{"id":0,"start":0,"end":179,"text":"L1503R is a member of group I mutation and has dominant-negative effect on secretion of full-length VWF multimers: an analysis of two patients with type 2A von Willebrand disease.","terms":[{"ids":"UMLS:C1282968:T047:DISO","score":1.0,"id":1,"start":148,"end":178,"text":"type 2A von Willebrand disease","terms":[]}]},{"id":1,"start":180,"end":385,"text":"Type 2A von Willebrand disease (VWD) is characterized by decreased platelet-dependent function of von Willebrand factor (VWF); this in turn is associated with an absence of high-molecular-weight multimers.","terms":[{"ids":"UMLS:C1282968:T047:DISO","score":1.0,"id":1,"start":180,"end":210,"text":"Type 2A von Willebrand disease","terms":[]},{"ids":"UNIPROT:P04275:T116:PRGE","score":0.49826912625794645,"id":2,"start":212,"end":215,"text":"VWD","terms":[]},{"ids":"UNIPROT:P04275:T116:PRGE","score":0.49826912625794645,"id":3,"start":278,"end":299,"text":"von Willebrand factor","terms":[{"ids":"UMLS:C0042974:T047:DISO","score":1.0,"id":1,"start":278,"end":292,"text":"von Willebrand","terms":[]}]},{"ids":"UNIPROT:P04275:T116:PRGE","score":0.49826912625794645,"id":4,"start":301,"end":304,"text":"VWF","terms":[]}]},{"id":2,"start":386,"end":601,"text":"Sequence analysis of the VWF gene from two unrelated type 2A VWD patients showed an identical, novel, heterozygous T--\u003eG transversion at nucleotide 4508, resulting in the substitution of L1503R in the VWF A2 domain.","terms":[{"ids":"UNIPROT:P04275:T116:PRGE","score":0.09745848254436061,"id":1,"start":411,"end":419,"text":"VWF gene","terms":[]},{"ids":"UNIPROT:P04275:T116:PRGE","score":0.09745848254436061,"id":2,"start":587,"end":600,"text":"VWF A2 domain","terms":[{"ids":"UMLS:C0935080:T023:ANAT","score":1.0,"id":1,"start":591,"end":593,"text":"A2","terms":[]}]}]},{"id":3,"start":602,"end":761,"text":"This substitution, which was not found in 60 unrelated normal individuals, was introduced into a full-length VWF cDNA and subsequently expressed in 293T cells.","terms":[]},{"id":4,"start":762,"end":867,"text":"Only trace amount of the mutant VWF protein was secreted but most of the same was retained in 293T cells.","terms":[{"ids":"UNIPROT:P04275:T116:PRGE","score":0.8626328037236181,"id":1,"start":787,"end":805,"text":"mutant VWF protein","terms":[]}]},{"id":5,"start":868,"end":1130,"text":"Co-transfection experiment of both wild-type and mutant plasmids indicated the dominant-negative mechanism of disease development; as more of mutant DNA was transfected, VWF secretion was impaired in the media, whereas more of VWF was stored in the cell lysates.","terms":[{"ids":"UNIPROT:P04275:T116:PRGE","score":0.6305361838580781,"id":1,"start":1038,"end":1041,"text":"VWF","terms":[]}]},{"id":6,"start":1131,"end":1431,"text":"Molecular dynamic simulations of structural changes induced by L1503R indicated that the mean value of all-atom root-mean-squared-deviation was shifted from those with wild type or another mutation L1503Q that has been reported to be a group II mutation, which is susceptible to ADAMTS13 proteolysis.","terms":[{"ids":"UMLS:C0040452:T023:ANAT|UMLS:C1318154:T023:ANAT","score":1.0,"id":1,"start":1243,"end":1247,"text":"root","terms":[]}]},{"id":7,"start":1432,"end":1649,"text":"Protein instability of L1503R may be responsible for its intracellular retention and perhaps the larger VWF multimers, containing more mutant VWF subunits, are likely to be mal-processed and retained within the cell..","terms":[{"ids":"UNIPROT:P04275:T116:PRGE","score":0.5295833019603983,"id":1,"start":1536,"end":1549,"text":"VWF multimers","terms":[]}]}]