[{"id":0,"start":0,"end":146,"text":"A single nucleotide polymorphism in the IRF5 promoter region is associated with susceptibility to rheumatoid arthritis in the Japanese population.","terms":[{"ids":"UNIPROT:Q13568:T116:PRGE","score":0.831615674223344,"id":1,"start":40,"end":60,"text":"IRF5 promoter region","terms":[]},{"ids":"UMLS:C0003873:T047:DISO","score":1.0,"id":2,"start":98,"end":118,"text":"rheumatoid arthritis","terms":[]}]},{"id":1,"start":147,"end":312,"text":"OBJECTIVES: Interferon regulatory factor 5 (IRF5) is a member of the IRF family of transcription factors, which regulate the production of proinflammatory cytokines.","terms":[{"ids":"UNIPROT:Q13568:T116:PRGE","score":0.6649146855723027,"id":1,"start":159,"end":189,"text":"Interferon regulatory factor 5","terms":[]},{"ids":"UNIPROT:Q13568:T116:PRGE","score":0.6649146855723027,"id":2,"start":191,"end":195,"text":"IRF5","terms":[]},{"ids":"UNIPROT:Q969Q1:T116:PRGE","score":0.6649146855723027,"id":3,"start":216,"end":251,"text":"IRF family of transcription factors","terms":[]}]},{"id":2,"start":313,"end":530,"text":"Polymorphisms in the IRF5 gene have been associated with susceptibility to systemic lupus erythaematosus (SLE) in Caucasian and Asian populations, but their involvement in other autoimmune diseases is still uncertain.","terms":[{"ids":"UNIPROT:Q13568:T116:PRGE","score":0.9852326508655599,"id":1,"start":334,"end":343,"text":"IRF5 gene","terms":[]},{"ids":"UMLS:C0024141:T047:DISO|UMLS:C0024131:T047:DISO|UMLS:C0409974:T047:DISO|UMLS:C0024138:T047:DISO","score":1.0,"id":2,"start":397,"end":402,"text":"lupus","terms":[]},{"ids":"UMLS:C0024141:T047:DISO|UMLS:C0014060:T047:DISO","score":1.0,"id":3,"start":419,"end":422,"text":"SLE","terms":[]},{"ids":"UMLS:C0004364:T047:DISO","score":1.0,"id":4,"start":491,"end":510,"text":"autoimmune diseases","terms":[]}]},{"id":3,"start":531,"end":642,"text":"Here, we assessed the genetic role of IRF5 in susceptibility to rheumatoid arthritis (RA) in Japanese subjects.","terms":[{"ids":"UNIPROT:Q13568:T116:PRGE","score":0.9730979758509248,"id":1,"start":569,"end":573,"text":"IRF5","terms":[]},{"ids":"UMLS:C0003873:T047:DISO","score":1.0,"id":2,"start":595,"end":615,"text":"rheumatoid arthritis","terms":[]},{"ids":"UMLS:C0003873:T047:DISO","score":1.0,"id":3,"start":617,"end":619,"text":"RA","terms":[]}]},{"id":4,"start":643,"end":767,"text":"METHODS: We selected 13 single nucleotide polymorphisms (SNPs) and a CGGGG insertion-deletion polymorphism in the IRF5 gene.","terms":[{"ids":"UNIPROT:Q13568:T116:PRGE","score":0.9502966457503779,"id":1,"start":757,"end":766,"text":"IRF5 gene","terms":[]}]},{"id":5,"start":768,"end":1053,"text":"We performed 2 sets of case-control comparisons using Japanese subjects (first set: 830 patients with RA and 658 controls; second set: 1112 patients with RA and 940 controls), and then performed a stratified analysis using human leukocyte antigen (HLA)-DRB1 shared epitope (SE) status.","terms":[{"ids":"UMLS:C0002893:T047:DISO|UMLS:C0003873:T047:DISO","score":1.0,"id":1,"start":870,"end":872,"text":"RA","terms":[]},{"ids":"UMLS:C0002893:T047:DISO|UMLS:C0003873:T047:DISO","score":1.0,"id":2,"start":922,"end":924,"text":"RA","terms":[]},{"ids":"UNIPROT:P05534:T116:PRGE|UNIPROT:P30443:T116:PRGE","score":0.9839363677130059,"id":3,"start":991,"end":1014,"text":"human leukocyte antigen","terms":[]},{"ids":"UNIPROT:P30486:T116:PRGE|UNIPROT:P30483:T116:PRGE","score":0.9839363677130059,"id":4,"start":1016,"end":1019,"text":"HLA","terms":[]},{"ids":"UNIPROT:Q8IUH3:T116:PRGE","score":0.9839363677130059,"id":5,"start":1021,"end":1025,"text":"DRB1","terms":[]}]},{"id":6,"start":1054,"end":1096,"text":"We genotyped the SNPs using TaqMan assays.","terms":[]},{"id":7,"start":1097,"end":1281,"text":"RESULTS: A significant association of the rs729302 A allele with RA susceptibility was found in both sets (odds ratio (OR) 1.22, 95% CI 1.09 to 1.35, p\u003c0.001 in the combined analysis).","terms":[{"ids":"UMLS:C0002893:T047:DISO|UMLS:C0003873:T047:DISO","score":1.0,"id":1,"start":1162,"end":1164,"text":"RA","terms":[]}]},{"id":8,"start":1282,"end":1549,"text":"When the patients were stratified by the SE, the rs729302 A allele was found to confer increased risk to RA in patients that were SE negative (OR 1.50, 95% CI 1.17 to 1.92, p \u003d 0.001) as compared with patients carrying the SE (OR 1.11, 95% CI 0.93 to 1.33, p \u003d 0.24).","terms":[{"ids":"UMLS:C0002893:T047:DISO|UMLS:C0003873:T047:DISO","score":1.0,"id":1,"start":1387,"end":1389,"text":"RA","terms":[]}]},{"id":9,"start":1550,"end":1687,"text":"In both sets, no genotyped polymorphisms were significantly associated with RA susceptibility, but rs729302 was significantly associated.","terms":[{"ids":"UMLS:C0002893:T047:DISO|UMLS:C0003873:T047:DISO","score":1.0,"id":1,"start":1626,"end":1628,"text":"RA","terms":[]}]},{"id":10,"start":1688,"end":1913,"text":"CONCLUSIONS: These findings indicate that the promoter polymorphism of IRF5 is a genetic factor conferring predisposition to RA, and that it contributes considerably to disease pathogenesis in patients that were SE negative..","terms":[{"ids":"UNIPROT:Q13568:T116:PRGE","score":0.9963792580082976,"id":1,"start":1759,"end":1763,"text":"IRF5","terms":[]},{"ids":"UMLS:C0002893:T047:DISO|UMLS:C0003873:T047:DISO","score":1.0,"id":2,"start":1813,"end":1815,"text":"RA","terms":[]}]}]