[{"id":0,"start":0,"end":136,"text":"Aryl hydrocarbon receptor interacting protein (AIP) gene mutation analysis in children and adolescents with sporadic pituitary adenomas.","terms":[{"ids":"UNIPROT:O00170:T116:PRGE","score":0.9496513035530031,"id":1,"start":0,"end":45,"text":"Aryl hydrocarbon receptor interacting protein","terms":[]},{"ids":"UMLS:C0162565:T047:DISO|UMLS:C1279945:T047:DISO|UNIPROT:Q9NWT8:T116:PRGE|UNIPROT:P08397:T116:PRGE|UNIPROT:O00170:T116:PRGE","score":1.0,"id":2,"start":47,"end":50,"text":"AIP","terms":[]},{"ids":"UMLS:C0032005:T023:ANAT","score":1.0,"id":3,"start":117,"end":126,"text":"pituitary","terms":[]}]},{"id":1,"start":137,"end":209,"text":"OBJECTIVE: Pituitary adenomas occur rarely in childhood and adolescence.","terms":[{"ids":"UMLS:C0032005:T023:ANAT","score":1.0,"id":1,"start":148,"end":157,"text":"Pituitary","terms":[]}]},{"id":2,"start":210,"end":366,"text":"Pituitary adenoma predisposition (PAP) has been recently associated with germline mutations in the aryl hydrocarbon receptor interacting protein (AIP) gene.","terms":[{"ids":"UMLS:C1863340:T047:DISO","score":1.0,"id":1,"start":210,"end":242,"text":"Pituitary adenoma predisposition","terms":[{"ids":"UMLS:C0032005:T023:ANAT","score":1.0,"id":1,"start":210,"end":219,"text":"Pituitary","terms":[]}]},{"ids":"UMLS:C1863340:T047:DISO","score":1.0,"id":2,"start":244,"end":247,"text":"PAP","terms":[]},{"ids":"UNIPROT:O00170:T116:PRGE","score":0.4572075647235243,"id":3,"start":309,"end":354,"text":"aryl hydrocarbon receptor interacting protein","terms":[]},{"ids":"UMLS:C0162565:T047:DISO|UMLS:C1279945:T047:DISO|UNIPROT:Q9NWT8:T116:PRGE|UNIPROT:P08397:T116:PRGE|UNIPROT:O00170:T116:PRGE","score":1.0,"id":4,"start":356,"end":359,"text":"AIP","terms":[]}]},{"id":3,"start":367,"end":497,"text":"The aim of the study was to examine the proportion of germline AIP mutations in apparently sporadic paediatric pituitary adenomas.","terms":[{"ids":"UMLS:C0162565:T047:DISO|UMLS:C1279945:T047:DISO","score":1.0,"id":1,"start":430,"end":433,"text":"AIP","terms":[]},{"ids":"UMLS:C0032005:T023:ANAT","score":1.0,"id":2,"start":478,"end":487,"text":"pituitary","terms":[]}]},{"id":4,"start":498,"end":605,"text":"DESIGN: Genomic DNA was analysed for mutations in the AIP gene, by PCR amplification and direct sequencing.","terms":[{"ids":"UNIPROT:Q9NWT8:T116:PRGE|UNIPROT:P08397:T116:PRGE|UNIPROT:O00170:T116:PRGE","score":0.8703980758525447,"id":1,"start":552,"end":560,"text":"AIP gene","terms":[{"ids":"UMLS:C0162565:T047:DISO|UMLS:C1279945:T047:DISO","score":1.0,"id":1,"start":552,"end":555,"text":"AIP","terms":[]}]}]},{"id":5,"start":606,"end":786,"text":"PATIENTS: A population-based cohort consisting of 36 apparently sporadic paediatric pituitary adenoma patients, referred to two medical centres in Italy, was included in the study.","terms":[{"ids":"UMLS:C0032005:T023:ANAT","score":1.0,"id":1,"start":690,"end":699,"text":"pituitary","terms":[]}]},{"id":6,"start":787,"end":919,"text":"Patients were either less than 18 years at diagnosis, or showed clinical evidence of adenoma development before the age of 18 years.","terms":[]},{"id":7,"start":920,"end":1039,"text":"RESULTS: A heterozygous in-frame deletion Y248del (c.742_744delTAC) was identified in one GH-secreting adenoma patient.","terms":[{"ids":"UNIPROT:P63132:T116:PRGE|UNIPROT:P63135:T116:PRGE|UNIPROT:Q9BXR3:T116:PRGE|UNIPROT:Q9UQG0:T116:PRGE|UNIPROT:P10266:T116:PRGE|UNIPROT:Q9WJR5:T116:PRGE|UNIPROT:P63133:T116:PRGE|UNIPROT:P63136:T116:PRGE","score":0.5760690615892977,"id":1,"start":944,"end":969,"text":"in-frame deletion Y248del","terms":[]},{"ids":"UNIPROT:Q92820:T116:PRGE|UNIPROT:P01241:T116:PRGE","score":0.5760690615892977,"id":2,"start":1010,"end":1012,"text":"GH","terms":[]}]},{"id":8,"start":1040,"end":1134,"text":"Loss of heterozygosity (LOH) analysis of tumour DNA revealed the loss of the wild-type allele.","terms":[]},{"id":9,"start":1135,"end":1207,"text":"First degree relatives carrying the mutation were clinically unaffected.","terms":[]},{"id":10,"start":1208,"end":1416,"text":"CONCLUSIONS: While mutations were absent in non-GH-secreting adenoma patients, germline AIP mutations can be found in children and adolescents with GH-secreting tumours, even in the absence of family history.","terms":[{"ids":"UNIPROT:Q92820:T116:PRGE|UNIPROT:P01241:T116:PRGE","score":0.8922402617657437,"id":1,"start":1256,"end":1258,"text":"GH","terms":[]},{"ids":"UMLS:C0162565:T047:DISO|UMLS:C1279945:T047:DISO","score":1.0,"id":2,"start":1296,"end":1299,"text":"AIP","terms":[]},{"ids":"UNIPROT:Q92820:T116:PRGE|UNIPROT:P01241:T116:PRGE","score":0.8922402617657437,"id":3,"start":1356,"end":1358,"text":"GH","terms":[]}]},{"id":11,"start":1417,"end":1515,"text":"The present study reports the AIP mutation analysis results on patients of a single ethnic origin.","terms":[{"ids":"UMLS:C0162565:T047:DISO|UMLS:C1279945:T047:DISO","score":1.0,"id":1,"start":1447,"end":1450,"text":"AIP","terms":[]}]},{"id":12,"start":1516,"end":1630,"text":"Clearly, further studies are needed to improve our knowledge on the role of AIP in paediatric pituitary adenomas..","terms":[{"ids":"UMLS:C0162565:T047:DISO|UMLS:C1279945:T047:DISO","score":1.0,"id":1,"start":1592,"end":1595,"text":"AIP","terms":[]},{"ids":"UMLS:C0032005:T023:ANAT","score":1.0,"id":2,"start":1610,"end":1619,"text":"pituitary","terms":[]}]}]