[{"id":0,"start":0,"end":59,"text":"Consortium analysis of 7 candidate SNPs for ovarian cancer.","terms":[{"ids":"UMLS:C0205065:T023:ANAT","score":1.0,"id":1,"start":44,"end":51,"text":"ovarian","terms":[]}]},{"id":1,"start":60,"end":288,"text":"The Ovarian Cancer Association Consortium selected 7 candidate single nucleotide  polymorphisms (SNPs), for which there is evidence from previous studies of an association with variation in ovarian cancer or breast cancer risks.","terms":[{"ids":"UMLS:C0205065:T023:ANAT","score":1.0,"id":1,"start":64,"end":71,"text":"Ovarian","terms":[]},{"ids":"UMLS:C0205065:T023:ANAT","score":1.0,"id":2,"start":250,"end":257,"text":"ovarian","terms":[]},{"ids":"UMLS:C0006141:T023:ANAT","score":1.0,"id":3,"start":268,"end":274,"text":"breast","terms":[]}]},{"id":2,"start":289,"end":532,"text":"The SNPs selected for analysis were F31I (rs2273535) in AURKA, N372H (rs144848) in BRCA2,  rs2854344 in intron 17 of RB1, rs2811712 5\u0027 flanking CDKN2A, rs523349 in the 3\u0027 UTR of SRD5A2, D302H (rs1045485) in CASP8 and L10P (rs1982073) in TGFB1.","terms":[{"ids":"UNIPROT:P51587:T116:PRGE","score":0.2321040261923341,"id":1,"start":372,"end":377,"text":"BRCA2","terms":[]},{"ids":"UNIPROT:P27986:T116:PRGE|UNIPROT:P06400:T116:PRGE","score":0.2321040261923341,"id":2,"start":406,"end":409,"text":"RB1","terms":[]},{"ids":"UNIPROT:Q8N726:T116:PRGE|UNIPROT:P42771:T116:PRGE","score":0.2321040261923341,"id":3,"start":411,"end":439,"text":"rs2811712 5\u0027 flanking CDKN2A","terms":[]},{"ids":"UNIPROT:P31213:T116:PRGE","score":0.2321040261923341,"id":4,"start":467,"end":473,"text":"SRD5A2","terms":[]},{"ids":"UNIPROT:Q14766:T116:PRGE|UNIPROT:P01137:T116:PRGE","score":0.2321040261923341,"id":5,"start":526,"end":531,"text":"TGFB1","terms":[]}]},{"id":3,"start":533,"end":655,"text":"Fourteen studies genotyped 4,624 invasive epithelial ovarian cancer cases and 8,113 controls of white non-Hispanic origin.","terms":[{"ids":"UMLS:C0205065:T023:ANAT","score":1.0,"id":1,"start":586,"end":593,"text":"ovarian","terms":[]}]},{"id":4,"start":656,"end":1056,"text":"A marginally significant association was found for RB1 when all studies were included [ordinal odds ratio (OR) 0.88 (95% confidence interval (CI) 0.79-1.00) p \u003d 0.041 and dominant OR 0.87 (95% CI 0.76-0.98) p \u003d 0.025]; when the studies that originally suggested an association  were excluded, the result was suggestive although no longer statistically significant (ordinal OR 0.92, 95% CI 0.79-1.06).","terms":[]},{"id":5,"start":1057,"end":1147,"text":"This SNP has also been shown to  have an association with decreased risk in breast cancer.","terms":[{"ids":"UMLS:C0006141:T023:ANAT","score":1.0,"id":1,"start":1133,"end":1139,"text":"breast","terms":[]}]},{"id":6,"start":1148,"end":1366,"text":"There was a suggestion  of an association for AURKA, when one study that caused significant study heterogeneity was excluded [ordinal OR 1.10 (95% CI 1.01-1.20) p \u003d 0.027; dominant OR 1.12 (95% CI 1.01-1.24) p \u003d 0.03].","terms":[]},{"id":7,"start":1367,"end":1558,"text":"The other 5 SNPs in BRCA2, CDKN2A, SRD5A2, CASP8 and TGFB1 showed no association with ovarian cancer risk; given the large sample size, these results can also be considered to be informative.","terms":[{"ids":"UNIPROT:P51587:T116:PRGE","score":0.9394273769261997,"id":1,"start":1387,"end":1392,"text":"BRCA2","terms":[]},{"ids":"UNIPROT:Q8N726:T116:PRGE|UNIPROT:P42771:T116:PRGE","score":0.9394273769261997,"id":2,"start":1394,"end":1400,"text":"CDKN2A","terms":[]},{"ids":"UNIPROT:P31213:T116:PRGE","score":0.9394273769261997,"id":3,"start":1402,"end":1408,"text":"SRD5A2","terms":[]},{"ids":"UNIPROT:Q14766:T116:PRGE|UNIPROT:P01137:T116:PRGE","score":0.9394273769261997,"id":4,"start":1420,"end":1425,"text":"TGFB1","terms":[]},{"ids":"UMLS:C0205065:T023:ANAT","score":1.0,"id":5,"start":1453,"end":1460,"text":"ovarian","terms":[]}]},{"id":8,"start":1559,"end":1713,"text":"These  null results for SNPs identified from relatively large initial studies shows the  importance of replicating associations by a consortium approach..","terms":[]}]