[{"id":0,"start":0,"end":207,"text":"Genetic polymorphisms in the carbonyl reductase 3 gene CBR3 and the NAD(P)H:quinone oxidoreductase 1 gene NQO1 in patients who developed anthracycline-related congestive heart failure after childhood cancer.","terms":[{"ids":"UNIPROT:O75828:T116:PRGE","score":0.7127093629186649,"id":1,"start":29,"end":49,"text":"carbonyl reductase 3","terms":[]},{"ids":"UNIPROT:O75828:T116:PRGE","score":0.7127093629186649,"id":2,"start":55,"end":59,"text":"CBR3","terms":[]},{"ids":"UNIPROT:Q08257:T116:PRGE","score":0.7127093629186649,"id":3,"start":68,"end":110,"text":"NAD(P)H:quinone oxidoreductase 1 gene NQO1","terms":[{"ids":"UMLS:C1850380:T047:DISO","score":1.0,"id":1,"start":68,"end":71,"text":"NAD","terms":[]}]},{"ids":"UMLS:C0018802:T047:DISO","score":1.0,"id":4,"start":159,"end":183,"text":"congestive heart failure","terms":[{"ids":"UMLS:C0018787:T023:ANAT","score":1.0,"id":1,"start":170,"end":175,"text":"heart","terms":[]}]}]},{"id":1,"start":208,"end":348,"text":"BACKGROUND: Exposure to anthracyclines as part of cancer therapy has been associated with the development of congestive heart failure (CHF).","terms":[{"ids":"UMLS:C0018802:T047:DISO","score":1.0,"id":1,"start":317,"end":341,"text":"congestive heart failure","terms":[{"ids":"UMLS:C0018787:T023:ANAT","score":1.0,"id":1,"start":328,"end":333,"text":"heart","terms":[]}]},{"ids":"UMLS:C0018802:T047:DISO","score":1.0,"id":2,"start":343,"end":346,"text":"CHF","terms":[]}]},{"id":2,"start":349,"end":443,"text":"The potential role of genetic risk factors in anthracycline-related CHF remains to be defined.","terms":[{"ids":"UMLS:C0018802:T047:DISO","score":1.0,"id":1,"start":417,"end":420,"text":"CHF","terms":[]}]},{"id":3,"start":444,"end":779,"text":"Thus, in this study, the authors examined whether common polymorphisms in candidate genes involved in the pharmacodynamics of anthracyclines (in particular, the nicotinamide adenine dinucleotide phosphate:quinone oxidoreductase 1 gene NQO1 and the carbonyl reductase 3 gene CBR3) had an impact on the risk of anthracycline-related CHF.","terms":[{"ids":"UNIPROT:Q08257:T116:PRGE","score":0.3888275715622776,"id":1,"start":605,"end":673,"text":"nicotinamide adenine dinucleotide phosphate:quinone oxidoreductase 1","terms":[]},{"ids":"UNIPROT:P15559:T116:PRGE","score":0.3888275715622776,"id":2,"start":679,"end":683,"text":"NQO1","terms":[]},{"ids":"UNIPROT:O75828:T116:PRGE","score":0.3888275715622776,"id":3,"start":692,"end":712,"text":"carbonyl reductase 3","terms":[]},{"ids":"UNIPROT:O75828:T116:PRGE","score":0.3888275715622776,"id":4,"start":718,"end":722,"text":"CBR3","terms":[]},{"ids":"UMLS:C0018802:T047:DISO","score":1.0,"id":5,"start":775,"end":778,"text":"CHF","terms":[]}]},{"id":4,"start":780,"end":977,"text":"METHODS: A nested case-control study was conducted within a cohort of 1979 patients enrolled in the Childhood Cancer Survivor Study who received treatment with anthracyclines and had available DNA.","terms":[]},{"id":5,"start":978,"end":1172,"text":"Thirty patients with CHF (cases) and 115 matched controls were genotyped for polymorphisms in NQO1 (NQO1*2) and CBR3 (the CBR3 valine [V] to methionine [M] substitution at position 244 [V244M]).","terms":[{"ids":"UMLS:C0018802:T047:DISO","score":1.0,"id":1,"start":999,"end":1002,"text":"CHF","terms":[]},{"ids":"UNIPROT:P15559:T116:PRGE","score":0.3321880731611121,"id":2,"start":1072,"end":1076,"text":"NQO1","terms":[]},{"ids":"UNIPROT:P15559:T116:PRGE","score":0.3321880731611121,"id":3,"start":1078,"end":1084,"text":"NQO1*2","terms":[]},{"ids":"UNIPROT:O75828:T116:PRGE","score":0.3321880731611121,"id":4,"start":1090,"end":1094,"text":"CBR3","terms":[]},{"ids":"UNIPROT:O75828:T116:PRGE","score":0.3321880731611121,"id":5,"start":1100,"end":1104,"text":"CBR3","terms":[]}]},{"id":6,"start":1173,"end":1375,"text":"Enzyme activity assays with recombinant CBR3 isoforms (CBR3 V244 and CBR3 M244) and the anthracycline substrate doxorubicin were used to investigate the functional impact of the CBR3 V244M polymorphism.","terms":[{"ids":"UNIPROT:O75828:T116:PRGE","score":0.13100352310113567,"id":1,"start":1228,"end":1237,"text":"CBR3 V244","terms":[]},{"ids":"UNIPROT:O75828:T116:PRGE","score":0.13100352310113567,"id":2,"start":1242,"end":1251,"text":"CBR3 M244","terms":[]},{"ids":"UNIPROT:O75828:T116:PRGE","score":0.13100352310113567,"id":3,"start":1351,"end":1361,"text":"CBR3 V244M","terms":[]}]},{"id":7,"start":1376,"end":1578,"text":"RESULTS: Multivariate analyses adjusted for sex and primary disease recurrence were used to test for associations between the candidate genetic polymorphisms (NQO1*2 and CBR3 V244M) and the risk of CHF.","terms":[{"ids":"UNIPROT:O75828:T116:PRGE","score":0.6829257589104398,"id":1,"start":1546,"end":1556,"text":"CBR3 V244M","terms":[]},{"ids":"UMLS:C0018802:T047:DISO","score":1.0,"id":2,"start":1574,"end":1577,"text":"CHF","terms":[]}]},{"id":8,"start":1579,"end":1718,"text":"Analyses indicated no association between the NQO1*2 polymorphism and the risk of anthracycline-related CHF (odds ratio [OR], 1.04; P\u003d.97).","terms":[{"ids":"UMLS:C0018802:T047:DISO","score":1.0,"id":1,"start":1683,"end":1686,"text":"CHF","terms":[]}]},{"id":9,"start":1719,"end":1882,"text":"There was a trend toward an association between the CBR3 V244M polymorphism and the risk of CHF (OR, 8.16; P\u003d.056 for G/G vs A/A; OR, 5.44; P\u003d.092 for G/A vs A/A).","terms":[{"ids":"UNIPROT:O75828:T116:PRGE","score":0.45865283806165,"id":1,"start":1771,"end":1781,"text":"CBR3 V244M","terms":[]},{"ids":"UMLS:C0018802:T047:DISO","score":1.0,"id":2,"start":1811,"end":1814,"text":"CHF","terms":[]}]},{"id":10,"start":1883,"end":2105,"text":"In line, recombinant CBR3 V244 (G allele) synthesized 2.6-fold more cardiotoxic doxorubicinol per unit of time than CBR3 M244 (A allele; CBR3 V244 [8.26+/-3.57 nmol/hour.mg] vs CBR3 M244 [3.22+/-0.67 nmol/hour.mg]; P\u003d.01).","terms":[{"ids":"UNIPROT:O75828:T116:PRGE","score":0.24529396731240258,"id":1,"start":1892,"end":1913,"text":"recombinant CBR3 V244","terms":[]},{"ids":"UNIPROT:O75828:T116:PRGE","score":0.24529396731240258,"id":2,"start":1999,"end":2008,"text":"CBR3 M244","terms":[]},{"ids":"UNIPROT:O75828:T116:PRGE","score":0.24529396731240258,"id":3,"start":2020,"end":2029,"text":"CBR3 V244","terms":[]},{"ids":"UNIPROT:O75828:T116:PRGE","score":0.24529396731240258,"id":4,"start":2060,"end":2064,"text":"CBR3","terms":[]}]},{"id":11,"start":2106,"end":2341,"text":"CONCLUSIONS: The functional CBR3 V244M polymorphism may have an impact on the risk of anthracycline-related CHF among childhood cancer survivors by modulating the intracardiac formation of cardiotoxic anthracycline alcohol metabolites.","terms":[{"ids":"UNIPROT:O75828:T116:PRGE","score":0.8467771979253527,"id":1,"start":2134,"end":2144,"text":"CBR3 V244M","terms":[]},{"ids":"UMLS:C0018802:T047:DISO","score":1.0,"id":2,"start":2214,"end":2217,"text":"CHF","terms":[]}]},{"id":12,"start":2342,"end":2398,"text":"Larger confirmatory case-control studies are warranted..","terms":[]}]