[{"id":0,"start":0,"end":104,"text":"Anticipation in familial lattice corneal dystrophy type I with R124C mutation in the TGFBI (BIGH3) gene.","terms":[{"ids":"UMLS:C0155127:T047:DISO","score":1.0,"id":1,"start":25,"end":50,"text":"lattice corneal dystrophy","terms":[]},{"ids":"UNIPROT:Q9H3M7:T116:PRGE","score":0.7587448898768325,"id":2,"start":85,"end":103,"text":"TGFBI (BIGH3) gene","terms":[]}]},{"id":1,"start":105,"end":242,"text":"PURPOSE: To report the clinical, ophthalmic, and genetic characteristics for lattice corneal dystrophy type I (LCDI) in a Chilean family.","terms":[{"ids":"UMLS:C0015392:T023:ANAT","score":1.0,"id":1,"start":138,"end":148,"text":"ophthalmic","terms":[]},{"ids":"UMLS:C0155127:T047:DISO","score":1.0,"id":2,"start":182,"end":207,"text":"lattice corneal dystrophy","terms":[]}]},{"id":2,"start":243,"end":395,"text":"METHODS: Six affected family members were examined clinically including visual acuity, color cornea photography, applanation tonography, and fundoscopy.","terms":[{"ids":"UMLS:C0010031:T023:ANAT","score":1.0,"id":1,"start":336,"end":342,"text":"cornea","terms":[]}]},{"id":3,"start":396,"end":546,"text":"Genomic DNA was extracted from peripheral leukocytes from six affected and three unaffected members of a family with lattice corneal dystrophy type I.","terms":[{"ids":"UMLS:C0155127:T047:DISO","score":1.0,"id":1,"start":513,"end":538,"text":"lattice corneal dystrophy","terms":[]}]},{"id":4,"start":547,"end":690,"text":"Exon 4 of the transforming growth factor-induced gene (TGFBI) was screened for the most frequent mutation, R124C, in the proband by sequencing.","terms":[]},{"id":5,"start":691,"end":892,"text":"We also designed a rapid polymerase chain reaction-restriction fragment length polymorphism (PCR-RFLP) method to analyze the same mutation, amplifying exon 4 and digesting with PstI restriction enzyme.","terms":[{"ids":"UNIPROT:P00995:T116:PRGE|UNIPROT:Q99895:T116:PRGE","score":0.9892246652939097,"id":1,"start":868,"end":891,"text":"PstI restriction enzyme","terms":[]}]},{"id":6,"start":893,"end":988,"text":"Using this strategy, we analyzed the mutation in six affected and three healthy family members.","terms":[]},{"id":7,"start":989,"end":1091,"text":"RESULTS: Three generations of family members were positively diagnosed with lattice corneal dystrophy.","terms":[{"ids":"UMLS:C0155127:T047:DISO","score":1.0,"id":1,"start":1065,"end":1090,"text":"lattice corneal dystrophy","terms":[]}]},{"id":8,"start":1092,"end":1169,"text":"Six participants demonstrated LCD1 in both eyes, most of whom were symmetric.","terms":[{"ids":"UMLS:C1690006:T047:DISO","score":1.0,"id":1,"start":1122,"end":1126,"text":"LCD1","terms":[]},{"ids":"UMLS:C0015392:T023:ANAT","score":1.0,"id":2,"start":1135,"end":1139,"text":"eyes","terms":[]}]},{"id":9,"start":1170,"end":1225,"text":"Age at onset of symptoms was variable (3-42 years old).","terms":[]},{"id":10,"start":1226,"end":1364,"text":"Moreover, in this family, the age of onset of the disease decreased in succeeding generations, which could be interpreted as anticipation.","terms":[]},{"id":11,"start":1365,"end":1403,"text":"Visual acuity varied from 1.0 to 0.13.","terms":[]},{"id":12,"start":1404,"end":1542,"text":"Two patients, ages 69 and 44 years old, demonstrated a degree of severity \"Bad\" according to best-corrected vision and corneal commitment.","terms":[]},{"id":13,"start":1543,"end":1726,"text":"The exon 4 sequence of TGFBI of the proband exhibits the heterozygous single-nucleotide mutation, C417T, leading to amino acid substitution (R124C) in the encoded TGF-induced protein.","terms":[]},{"id":14,"start":1727,"end":1854,"text":"Using PCR-RFLP, we confirmed the heterozygous mutation in six affected family members and excluded it in three healthy members.","terms":[]},{"id":15,"start":1855,"end":1952,"text":"CONCLUSIONS: The R124C mutation in TGFBI cosegregated with LCD type I in the investigated family.","terms":[{"ids":"UNIPROT:Q13326:T116:PRGE|UNIPROT:P38405:T116:PRGE","score":0.43649148757411493,"id":1,"start":1914,"end":1924,"text":"LCD type I","terms":[{"ids":"UMLS:C1690006:T047:DISO","score":1.0,"id":1,"start":1914,"end":1917,"text":"LCD","terms":[]}]}]},{"id":16,"start":1953,"end":2036,"text":"This is the first report of a molecular analysis of LCD type I in Chilean patients.","terms":[{"ids":"UMLS:C1690006:T047:DISO","score":1.0,"id":1,"start":2005,"end":2008,"text":"LCD","terms":[]}]},{"id":17,"start":2037,"end":2135,"text":"The early onset affected persons in the fourth generation raises the possibility of anticipation..","terms":[]}]