[{"id":0,"start":0,"end":112,"text":"Variable phenotypic expression of homozygous familial hypobetalipoproteinaemia due to novel APOB gene mutations.","terms":[{"ids":"UNIPROT:Q9H3M7:T116:PRGE","score":0.857499659372689,"id":1,"start":92,"end":101,"text":"APOB gene","terms":[]}]},{"id":1,"start":113,"end":312,"text":"Homozygous familial hypobetalipoproteinaemia (Ho-FHBL) is a rare co-dominant disorder characterized by extremely low levels of low-density lipoprotein cholesterol (LDL-C) and apolipoprotein B (apoB).","terms":[{"ids":"UMLS:C1862596:T047:DISO","score":1.0,"id":1,"start":162,"end":166,"text":"FHBL","terms":[]},{"ids":"UNIPROT:P02656:T116:PRGE|UNIPROT:P02652:T116:PRGE","score":0.9018783234040907,"id":2,"start":288,"end":304,"text":"apolipoprotein B","terms":[]}]},{"id":2,"start":313,"end":397,"text":"Most patients with Ho-FHBL have mutations in APOB gene resulting in truncated apoBs.","terms":[{"ids":"UNIPROT:P09601:T116:PRGE","score":0.3388604715751286,"id":1,"start":332,"end":339,"text":"Ho-FHBL","terms":[{"ids":"UMLS:C1862596:T047:DISO","score":1.0,"id":1,"start":335,"end":339,"text":"FHBL","terms":[]}]},{"ids":"UNIPROT:Q9H3M7:T116:PRGE","score":0.3388604715751286,"id":2,"start":358,"end":367,"text":"APOB gene","terms":[]}]},{"id":3,"start":398,"end":520,"text":"Some patients are asymptomatic, while others have fatty liver, intestinal fat malabsorption and neurological dysfunctions.","terms":[{"ids":"UMLS:C0015695:T047:DISO","score":1.0,"id":1,"start":448,"end":459,"text":"fatty liver","terms":[{"ids":"UMLS:C0023884:T023:ANAT","score":1.0,"id":1,"start":454,"end":459,"text":"liver","terms":[]}]},{"ids":"UMLS:C0021853:T023:ANAT","score":1.0,"id":2,"start":461,"end":471,"text":"intestinal","terms":[]},{"ids":"UMLS:C0024523:T047:DISO","score":1.0,"id":3,"start":476,"end":489,"text":"malabsorption","terms":[]}]},{"id":4,"start":521,"end":624,"text":"We investigated three adult subjects with severe hypobetalipoproteinaemia and a family history of FHBL.","terms":[{"ids":"UMLS:C1862596:T047:DISO","score":1.0,"id":1,"start":619,"end":623,"text":"FHBL","terms":[]}]},{"id":5,"start":625,"end":751,"text":"Proband FHBL-47 had liver cirrhosis with hepatocarcinoma and a renal carcinoma but no clinical manifestations related to FHBL.","terms":[{"ids":"UMLS:C1862596:T047:DISO","score":1.0,"id":1,"start":633,"end":637,"text":"FHBL","terms":[]},{"ids":"UMLS:C0023890:T047:DISO","score":1.0,"id":2,"start":645,"end":660,"text":"liver cirrhosis","terms":[{"ids":"UMLS:C0023884:T023:ANAT","score":1.0,"id":1,"start":645,"end":650,"text":"liver","terms":[]}]},{"ids":"UMLS:C0022646:T023:ANAT","score":1.0,"id":3,"start":688,"end":693,"text":"renal","terms":[]},{"ids":"UMLS:C1862596:T047:DISO","score":1.0,"id":4,"start":746,"end":750,"text":"FHBL","terms":[]}]},{"id":6,"start":752,"end":899,"text":"He was a compound heterozygote for a 7-bp deletion in exon 21 and a base insertion in exon 26 resulting in truncated apoBs (apoB-22.46/apoB-66.51).","terms":[]},{"id":7,"start":900,"end":1101,"text":"Proband FHBL-53, with severe hepatic steatosis and fibrosis, had a nonsense mutation in exon 19 resulting in a truncated apoB (apoB-20.61) and a rare nucleotide substitution in intron 14 (c.2068-4T\u003eA).","terms":[{"ids":"UMLS:C1862596:T047:DISO","score":1.0,"id":1,"start":908,"end":912,"text":"FHBL","terms":[]},{"ids":"UMLS:C2711227:T047:DISO|UMLS:C0015695:T047:DISO","score":1.0,"id":2,"start":929,"end":946,"text":"hepatic steatosis","terms":[]}]},{"id":8,"start":1102,"end":1187,"text":"The latter was also present in her daughter, found to have low plasma LDL-C and apoB.","terms":[]},{"id":9,"start":1188,"end":1243,"text":"Proband FHBL-82 had chronic diarrhoea and steatorrhoea.","terms":[{"ids":"UMLS:C1862596:T047:DISO","score":1.0,"id":1,"start":1196,"end":1200,"text":"FHBL","terms":[]},{"ids":"UMLS:C0038238:T047:DISO","score":1.0,"id":2,"start":1230,"end":1242,"text":"steatorrhoea","terms":[]}]},{"id":10,"start":1244,"end":1353,"text":"She was found to be homozygous for a nonsense mutation in exon 24 resulting in a truncated apoB (apoB-26.65).","terms":[]},{"id":11,"start":1354,"end":1526,"text":"In adult subjects, the presence of chronic liver disease and chronic diarrhoea, when associated with severe hypobetalipoproteinaemia, may lead to the diagnosis of Ho-FHBL..","terms":[{"ids":"UMLS:C0341439:T047:DISO","score":1.0,"id":1,"start":1389,"end":1410,"text":"chronic liver disease","terms":[{"ids":"UMLS:C0023884:T023:ANAT","score":1.0,"id":1,"start":1397,"end":1402,"text":"liver","terms":[]}]},{"ids":"UNIPROT:P09601:T116:PRGE","score":0.7148315083418262,"id":2,"start":1517,"end":1524,"text":"Ho-FHBL","terms":[{"ids":"UMLS:C1862596:T047:DISO","score":1.0,"id":1,"start":1520,"end":1524,"text":"FHBL","terms":[]}]}]}]