[{"id":0,"start":0,"end":106,"text":"A novel mutation of the PTEN gene in a Japanese patient with Cowden syndrome and  bilateral breast cancer.","terms":[{"ids":"UNIPROT:P60484:T116:PRGE|UNIPROT:P36894:T116:PRGE","score":0.9995262267401619,"id":1,"start":24,"end":33,"text":"PTEN gene","terms":[]},{"ids":"UMLS:C0039082:T047:DISO","score":1.0,"id":2,"start":68,"end":76,"text":"syndrome","terms":[]},{"ids":"UMLS:C0222605:T023:ANAT","score":1.0,"id":3,"start":82,"end":98,"text":"bilateral breast","terms":[]}]},{"id":1,"start":107,"end":272,"text":"Cowden syndrome (CS), also known as multiple hamartoma syndrome, is an autosomal  dominant cancer syndrome associated with a high risk of breast and thyroid cancers.","terms":[{"ids":"UMLS:C0039082:T047:DISO","score":1.0,"id":1,"start":114,"end":122,"text":"syndrome","terms":[]},{"ids":"UMLS:C0039082:T047:DISO","score":1.0,"id":2,"start":162,"end":170,"text":"syndrome","terms":[]},{"ids":"UMLS:C0039082:T047:DISO","score":1.0,"id":3,"start":205,"end":213,"text":"syndrome","terms":[]},{"ids":"UMLS:C0006141:T023:ANAT","score":1.0,"id":4,"start":245,"end":251,"text":"breast","terms":[]},{"ids":"UMLS:C0040132:T023:ANAT","score":1.0,"id":5,"start":256,"end":263,"text":"thyroid","terms":[]}]},{"id":2,"start":273,"end":545,"text":"The phosphatase and tensin homolog gene (PTEN) encodes a lipid phosphatase that contains a PTPase domain and a C2 domain and plays a role as a tumor suppressor that negatively regulates the cell-survival signaling pathway initiated by phosphatidylinositol 3-kinase (PI3K).","terms":[{"ids":"UNIPROT:P60484:T116:PRGE|UNIPROT:P36894:T116:PRGE","score":0.0,"id":1,"start":277,"end":312,"text":"phosphatase and tensin homolog gene","terms":[]},{"ids":"UNIPROT:P60484:T116:PRGE|UNIPROT:P36894:T116:PRGE","score":0.3789694459355451,"id":2,"start":314,"end":318,"text":"PTEN","terms":[]},{"ids":"UNIPROT:P29074:T116:PRGE|UNIPROT:P23470:T116:PRGE|UNIPROT:O95147:T116:PRGE|UNIPROT:Q16829:T116:PRGE|UNIPROT:O95677:T116:PRGE|UNIPROT:Q8TE77:T116:PRGE|UNIPROT:P17706:T116:PRGE|UNIPROT:Q16690:T116:PRGE|UNIPROT:Q9BVJ7:T116:PRGE|UNIPROT:Q9H1R2:T116:PRGE|UNIPROT:Q99952:T116:PRGE|UNIPROT:P18031:T116:PRGE|UNIPROT:P60484:T116:PRGE|UNIPROT:Q13332:T116:PRGE|UNIPROT:P26045:T116:PRGE|UNIPROT:Q76I76:T116:PRGE|UNIPROT:A4D256:T116:PRGE|UNIPROT:Q13202:T116:PRGE|UNIPROT:Q99956:T116:PRGE|UNIPROT:Q9BV47:T116:PRGE|UNIPROT:Q8WUK0:T116:PRGE|UNIPROT:Q12913:T116:PRGE|UNIPROT:O75061:T116:PRGE|UNIPROT:P23467:T116:PRGE|UNIPROT:Q68J44:T116:PRGE|UNIPROT:O60729:T116:PRGE|UNIPROT:Q9HD43:T116:PRGE|UNIPROT:O95278:T116:PRGE|UNIPROT:Q9H596:T116:PRGE|UNIPROT:Q99502:T116:PRGE|UNIPROT:Q15678:T116:PRGE|UNIPROT:Q9UNH5:T116:PRGE|UNIPROT:Q05209:T116:PRGE|UNIPROT:Q15262:T116:PRGE|UNIPROT:P51452:T116:PRGE|UNIPROT:Q15256:T116:PRGE|UNIPROT:Q12974:T116:PRGE|UNIPROT:Q9NRW4:T116:PRGE|UNIPROT:P18433:T116:PRGE|UNIPROT:Q86V88:T116:PRGE|UNIPROT:P24666:T116:PRGE|UNIPROT:P08575:T116:PRGE|UNIPROT:Q16827:T116:PRGE|UNIPROT:Q92932:T116:PRGE|UNIPROT:Q6B8I1:T116:PRGE|UNIPROT:P43378:T116:PRGE|UNIPROT:P28562:T116:PRGE|UNIPROT:P30305:T116:PRGE|UNIPROT:P23468:T116:PRGE|UNIPROT:P54829:T116:PRGE|UNIPROT:Q13115:T116:PRGE|UNIPROT:Q05923:T116:PRGE|UNIPROT:P23471:T116:PRGE|UNIPROT:P10586:T116:PRGE|UNIPROT:Q9UMZ3:T116:PRGE|UNIPROT:Q06124:T116:PRGE|UNIPROT:P35236:T116:PRGE|UNIPROT:Q93096:T116:PRGE|UNIPROT:Q9NYA4:T116:PRGE|UNIPROT:Q9UNI6:T116:PRGE|UNIPROT:Q4G0W2:T116:PRGE|UNIPROT:P56180:T116:PRGE|UNIPROT:P30307:T116:PRGE|UNIPROT:Q13496:T116:PRGE|UNIPROT:Q8WYL5:T116:PRGE|UNIPROT:Q8WTR2:T116:PRGE|UNIPROT:Q16828:T116:PRGE|UNIPROT:P28827:T116:PRGE|UNIPROT:Q13615:T116:PRGE|UNIPROT:P23469:T116:PRGE|UNIPROT:P29350:T116:PRGE|UNIPROT:Q9H3S7:T116:PRGE|UNIPROT:Q99504:T116:PRGE|UNIPROT:O75365:T116:PRGE|UNIPROT:Q9Y6W6:T116:PRGE|UNIPROT:P30304:T116:PRGE|UNIPROT:Q9Y2R2:T116:PRGE|UNIPROT:Q9BY84:T116:PRGE|UNIPROT:Q16825:T116:PRGE|UNIPROT:Q8NEJ0:T116:PRGE","score":0.3789694459355451,"id":3,"start":364,"end":377,"text":"PTPase domain","terms":[]},{"ids":"UNIPROT:P06681:T116:PRGE","score":0.3789694459355451,"id":4,"start":384,"end":386,"text":"C2","terms":[]},{"ids":"UNIPROT:P42336:T116:PRGE|UNIPROT:P27986:T116:PRGE|UNIPROT:O00329:T116:PRGE|UNIPROT:P42338:T116:PRGE|UNIPROT:P48736:T116:PRGE","score":0.3789694459355451,"id":5,"start":539,"end":543,"text":"PI3K","terms":[]}]},{"id":3,"start":546,"end":637,"text":"PTEN inhibits angiogenesis, and germline mutations of the PTEN gene are associated with CS.","terms":[{"ids":"UNIPROT:P60484:T116:PRGE|UNIPROT:P36894:T116:PRGE","score":0.8345458333693295,"id":1,"start":546,"end":550,"text":"PTEN","terms":[]},{"ids":"UNIPROT:P60484:T116:PRGE|UNIPROT:P36894:T116:PRGE","score":0.8345458333693295,"id":2,"start":604,"end":613,"text":"PTEN gene","terms":[]}]},{"id":4,"start":638,"end":724,"text":"We screened for mutations in the PTEN gene in two unrelated Japanese patients with CS.","terms":[{"ids":"UNIPROT:P60484:T116:PRGE|UNIPROT:P36894:T116:PRGE","score":0.9993955307066478,"id":1,"start":671,"end":680,"text":"PTEN gene","terms":[]}]},{"id":5,"start":725,"end":906,"text":"In one patient, who suffered from bilateral breast cancer, thyroid adenoma, and gastric  malignant lymphoma, we found a single-base substitution in exon 2 (115G\u003eC) of the PTEN gene.","terms":[{"ids":"UMLS:C0222605:T023:ANAT","score":1.0,"id":1,"start":759,"end":775,"text":"bilateral breast","terms":[]},{"ids":"UMLS:C0040132:T023:ANAT","score":1.0,"id":2,"start":784,"end":791,"text":"thyroid","terms":[]},{"ids":"UMLS:C0038351:T023:ANAT","score":1.0,"id":3,"start":805,"end":812,"text":"gastric","terms":[]},{"ids":"UNIPROT:P60484:T116:PRGE|UNIPROT:P36894:T116:PRGE","score":0.9987536579061753,"id":4,"start":896,"end":905,"text":"PTEN gene","terms":[]}]},{"id":6,"start":907,"end":972,"text":"This transversion results in a germline missense mutation (A39P).","terms":[]},{"id":7,"start":973,"end":1160,"text":"To date, nine different mutations have been identified in exon 2 of the PTEN gene in patients with CS and variant CS; however, the A39P missense mutation has not been reported previously.","terms":[{"ids":"UNIPROT:P60484:T116:PRGE|UNIPROT:P36894:T116:PRGE","score":0.9250098664853653,"id":1,"start":1045,"end":1054,"text":"PTEN gene","terms":[]}]},{"id":8,"start":1161,"end":1247,"text":"We also detected a previously reported nonsense mutation, 697C\u003eT, resulting in R233X..","terms":[]}]