[{"id":0,"start":0,"end":67,"text":"Risk of cancer by ATM missense mutations in the general population.","terms":[]},{"id":1,"start":68,"end":283,"text":"PURPOSE: Truncating and missense mutations in the ATM gene, which cause insufficient DNA damage surveillance, allow damaged cells to proceed into mitosis, which eventually results in increased cancer susceptibility.","terms":[{"ids":"UNIPROT:Q13315:T116:PRGE|UNIPROT:Q14134:T116:PRGE","score":0.9858308487462168,"id":1,"start":118,"end":126,"text":"ATM gene","terms":[]}]},{"id":2,"start":284,"end":474,"text":"We tested the hypotheses that ATM Ser49Cys and ATM Ser707Pro heterozygosity increase the risk of cancer overall, of breast cancer, and of 26 other cancer subtypes in the  general population.","terms":[{"ids":"UNIPROT:Q13315:T116:PRGE|UNIPROT:Q14134:T116:PRGE","score":0.6194631063764409,"id":1,"start":314,"end":326,"text":"ATM Ser49Cys","terms":[]},{"ids":"UNIPROT:Q13315:T116:PRGE|UNIPROT:Q14134:T116:PRGE","score":0.6194631063764409,"id":2,"start":331,"end":334,"text":"ATM","terms":[]},{"ids":"UMLS:C0006141:T023:ANAT","score":1.0,"id":3,"start":400,"end":406,"text":"breast","terms":[]}]},{"id":3,"start":475,"end":646,"text":"PATIENTS AND METHODS: We genotyped 10,324 individuals from the Danish general population who were observed prospectively for 36 years, during which 2,056 developed cancer.","terms":[]},{"id":4,"start":647,"end":990,"text":"RESULTS: Multifactorially adjusted hazard ratios for ATM Ser49Cys heterozygotes versus noncarriers were 1.2 (95% CI, 0.9 to 1.5) for cancer overall, 0.8 (95% CI, 0.3 to 2.0) for breast cancer, 4.8 (95% CI, 2.2 to 11) for melanoma, 2.3 (95% CI, 1.1 to 5.0) for prostate cancer, and 3.4 (95% CI, 1.1 to 11) for cancer of the oral cavity/pharynx.","terms":[{"ids":"UNIPROT:Q13315:T116:PRGE|UNIPROT:Q14134:T116:PRGE","score":0.5946120391853312,"id":1,"start":700,"end":726,"text":"ATM Ser49Cys heterozygotes","terms":[]},{"ids":"UMLS:C0006141:T023:ANAT","score":1.0,"id":2,"start":825,"end":831,"text":"breast","terms":[]},{"ids":"UMLS:C0033572:T023:ANAT","score":1.0,"id":3,"start":907,"end":915,"text":"prostate","terms":[]},{"ids":"UMLS:C0011334:T047:DISO","score":1.0,"id":4,"start":975,"end":981,"text":"cavity","terms":[]},{"ids":"UMLS:C0031354:T023:ANAT","score":1.0,"id":5,"start":982,"end":989,"text":"pharynx","terms":[]}]},{"id":5,"start":991,"end":1291,"text":"Multifactorially adjusted hazard ratios for ATM Ser707Pro heterozygotes versus noncarriers were 0.8 (95% CI, 0.6 to 1.2) for cancer overall, 0.6 (95% CI, 0.2 to 1.6) for breast cancer, 10 (95% CI, 1.1 to 93) for thyroid/other endocrine tumors, and 2.7 (95% CI, 1.0 to 7.6) for cancer of corpus uteri.","terms":[{"ids":"UMLS:C0006141:T023:ANAT","score":1.0,"id":1,"start":1161,"end":1167,"text":"breast","terms":[]},{"ids":"UMLS:C0040132:T023:ANAT","score":1.0,"id":2,"start":1203,"end":1210,"text":"thyroid","terms":[]},{"ids":"UMLS:C0227813:T023:ANAT","score":1.0,"id":3,"start":1278,"end":1290,"text":"corpus uteri","terms":[]}]},{"id":6,"start":1292,"end":1558,"text":"CONCLUSION: ATM missense mutations do not increase the risk of cancer overall or  of breast cancer in the general population; however, we observed in exploratory analyses that ATM missense mutations may be associated with an increased risk of  other cancer subtypes.","terms":[{"ids":"UMLS:C0006141:T023:ANAT","score":1.0,"id":1,"start":1377,"end":1383,"text":"breast","terms":[]}]},{"id":7,"start":1559,"end":1674,"text":"As we did multiple comparisons, some of these findings could represent chance findings rather than real phenomena..","terms":[]}]