[{"id":0,"start":0,"end":102,"text":"Premature stop codons in a facilitating EF-hand splice variant of CaV2.1 cause episodic ataxia type 2.","terms":[{"ids":"UNIPROT:P17947:T116:PRGE|UNIPROT:Q9BX63:T116:PRGE","score":0.7201163657507912,"id":1,"start":40,"end":72,"text":"EF-hand splice variant of CaV2.1","terms":[{"ids":"UMLS:C0018563:T023:ANAT","score":1.0,"id":1,"start":43,"end":47,"text":"hand","terms":[]}]},{"ids":"UMLS:C1720416:T047:DISO","score":1.0,"id":2,"start":79,"end":101,"text":"episodic ataxia type 2","terms":[]}]},{"id":1,"start":103,"end":257,"text":"Premature stop codons in CACNA1A, which encodes the alpha(1A) subunit of neuronal P/Q-type (Ca(V)2.1) Ca(2+) channels, cause episodic ataxia type 2 (EA2).","terms":[{"ids":"UMLS:C0019564:T023:ANAT","score":1.0,"id":1,"start":195,"end":197,"text":"Ca","terms":[]},{"ids":"UMLS:C0019564:T023:ANAT","score":1.0,"id":2,"start":205,"end":207,"text":"Ca","terms":[]},{"ids":"UMLS:C1720416:T047:DISO","score":1.0,"id":3,"start":228,"end":250,"text":"episodic ataxia type 2","terms":[]},{"ids":"UMLS:C1720416:T047:DISO","score":1.0,"id":4,"start":252,"end":255,"text":"EA2","terms":[]}]},{"id":2,"start":258,"end":412,"text":"CACNA1A undergoes extensive alternative splicing, which contributes to the pharmacological and kinetic heterogeneity of Ca(V)2.1-mediated Ca(2+) currents.","terms":[{"ids":"UNIPROT:O43306:T116:PRGE","score":0.6175370869031642,"id":1,"start":378,"end":386,"text":"Ca(V)2.1","terms":[{"ids":"UMLS:C0019564:T023:ANAT","score":1.0,"id":1,"start":378,"end":380,"text":"Ca","terms":[]}]},{"ids":"UMLS:C0019564:T023:ANAT","score":1.0,"id":2,"start":396,"end":398,"text":"Ca","terms":[]}]},{"id":3,"start":413,"end":613,"text":"We identified three novel heterozygous stop codon mutations associated with EA2 in an alternately spliced exon (37A), which encodes part of an EF-hand motif required for Ca(2+)-dependent facilitation.","terms":[{"ids":"UNIPROT:Q96JE9:T116:PRGE","score":0.7105451465446483,"id":1,"start":452,"end":472,"text":"stop codon mutations","terms":[]},{"ids":"UMLS:C1720416:T047:DISO","score":1.0,"id":2,"start":489,"end":492,"text":"EA2","terms":[]},{"ids":"UMLS:C0018563:T023:ANAT","score":1.0,"id":3,"start":559,"end":563,"text":"hand","terms":[]},{"ids":"UMLS:C0019564:T023:ANAT","score":1.0,"id":4,"start":583,"end":585,"text":"Ca","terms":[]}]},{"id":4,"start":614,"end":660,"text":"One family had a C to G transversion (Y1854X).","terms":[]},{"id":5,"start":661,"end":851,"text":"A dinucleotide deletion results in the same premature stop codon in a second family, and a further single nucleotide change leads to a different truncation (R1858X) in a de novo case of EA2.","terms":[{"ids":"UMLS:C1720416:T047:DISO","score":1.0,"id":1,"start":847,"end":850,"text":"EA2","terms":[]}]},{"id":6,"start":852,"end":937,"text":"Expression studies of the Y1854X mutation revealed loss of Ca(V)2.1-mediated current.","terms":[{"ids":"UMLS:C0019564:T023:ANAT","score":1.0,"id":1,"start":911,"end":913,"text":"Ca","terms":[]}]},{"id":7,"start":938,"end":1116,"text":"Because these mutations do not affect the alternate exon 37B, these findings reveal unexpected dependence of cerebellar function on intact exon 37A-containing Ca(V)2.1 channels..","terms":[{"ids":"UMLS:C0742034:T047:DISO","score":1.0,"id":1,"start":1047,"end":1066,"text":"cerebellar function","terms":[{"ids":"UMLS:C0007765:T023:ANAT","score":1.0,"id":1,"start":1047,"end":1057,"text":"cerebellar","terms":[]}]},{"ids":"UMLS:C0019564:T023:ANAT","score":1.0,"id":2,"start":1097,"end":1099,"text":"Ca","terms":[]}]}]