[{"id":0,"start":0,"end":70,"text":"GATA4 mutations in 486 Chinese patients with congenital heart disease.","terms":[{"ids":"UNIPROT:P43694:T116:PRGE","score":0.6847583613463976,"id":1,"start":0,"end":5,"text":"GATA4","terms":[]},{"ids":"UMLS:C0152021:T047:DISO","score":1.0,"id":2,"start":45,"end":69,"text":"congenital heart disease","terms":[{"ids":"UMLS:C0018787:T023:ANAT","score":1.0,"id":1,"start":56,"end":61,"text":"heart","terms":[]}]}]},{"id":1,"start":71,"end":181,"text":"Recent studies have reported germline mutations in GATA4 gene in some types of congenital heart disease (CHD).","terms":[{"ids":"UNIPROT:P43694:T116:PRGE","score":0.9987703199873758,"id":1,"start":122,"end":132,"text":"GATA4 gene","terms":[]},{"ids":"UMLS:C0152021:T047:DISO","score":1.0,"id":2,"start":150,"end":174,"text":"congenital heart disease","terms":[{"ids":"UMLS:C0018787:T023:ANAT","score":1.0,"id":1,"start":161,"end":166,"text":"heart","terms":[]}]}]},{"id":2,"start":182,"end":331,"text":"However, the prevalence of GATA4 mutations in CHD and the correlation between the GATA4 genotype and CHD phenotype have not been extensively studied.","terms":[{"ids":"UNIPROT:P43694:T116:PRGE","score":0.24965186677443607,"id":1,"start":209,"end":224,"text":"GATA4 mutations","terms":[]},{"ids":"UNIPROT:P43694:T116:PRGE","score":0.24965186677443607,"id":2,"start":264,"end":278,"text":"GATA4 genotype","terms":[]},{"ids":"UNIPROT:Q8NE62:T116:PRGE","score":0.24965186677443607,"id":3,"start":283,"end":286,"text":"CHD","terms":[]}]},{"id":3,"start":332,"end":559,"text":"We screened germline mutations in the coding exons and the flanking intron sequences of the GATA4 gene in 486 CHD patients by denaturing high-performance liquid chromatography (DHPLC), and confirmed the mutations by sequencing.","terms":[{"ids":"UNIPROT:P43694:T116:PRGE","score":0.9985999359567357,"id":1,"start":424,"end":434,"text":"GATA4 gene","terms":[]}]},{"id":4,"start":560,"end":922,"text":"Nine distinct mutations including one small deletion mutation (46delS), two small insertion mutations (118-119insA and 125-126insAA), and six non-synonymous mutations (A6V, P163S, E359K, P407Q, S429T and A442V) were identified in 12 of the 486 patients (nine with ventricular septal defect, two with Tetralogy of Fallot, and one with endocardial cushion defect).","terms":[{"ids":"UMLS:C0018827:T023:ANAT","score":1.0,"id":1,"start":824,"end":835,"text":"ventricular","terms":[]},{"ids":"UMLS:C0018816:T047:DISO","score":1.0,"id":2,"start":836,"end":849,"text":"septal defect","terms":[]},{"ids":"UMLS:C1861101:T047:DISO","score":1.0,"id":3,"start":914,"end":920,"text":"defect","terms":[]}]},{"id":5,"start":923,"end":1046,"text":"Of them, two patients carrying E359K mutation were from two generations in one family with ventricular septal defect (VSD).","terms":[{"ids":"UMLS:C0018827:T023:ANAT","score":1.0,"id":1,"start":1014,"end":1025,"text":"ventricular","terms":[]},{"ids":"UMLS:C0018816:T047:DISO","score":1.0,"id":2,"start":1026,"end":1039,"text":"septal defect","terms":[]}]},{"id":6,"start":1047,"end":1186,"text":"Interestingly, a nucleotide insertion of c.1146+25insA in exon 6 was detected in five VSD patients, but not in 486 normal healthy controls.","terms":[]},{"id":7,"start":1187,"end":1352,"text":"Our findings are useful in understanding the prevalence of GATA4 mutations and the correlation between the GATA4 genotype and the CHD phenotype in Chinese patients..","terms":[{"ids":"UNIPROT:P43694:T116:PRGE","score":0.2704995823947129,"id":1,"start":1294,"end":1308,"text":"GATA4 genotype","terms":[]}]}]