[{"id":0,"start":0,"end":144,"text":"Expanding clinical spectrum of non-autoimmune hyperthyroidism due to an activating germline mutation, p.M453T, in the thyrotropin receptor gene.","terms":[{"ids":"UMLS:C0018213:T047:DISO","score":1.0,"id":1,"start":35,"end":61,"text":"autoimmune hyperthyroidism","terms":[]},{"ids":"UNIPROT:P16473:T116:PRGE","score":0.563858832917734,"id":2,"start":118,"end":143,"text":"thyrotropin receptor gene","terms":[]}]},{"id":1,"start":145,"end":339,"text":"OBJECTIVE: To describe clinical and genetic features of a Thai family with non-autoimmune hyperthyroidism (NAH) caused by an activating germline mutation in the thyrotropin receptor (TSHR) gene.","terms":[{"ids":"UMLS:C0018213:T047:DISO","score":1.0,"id":1,"start":224,"end":250,"text":"autoimmune hyperthyroidism","terms":[]},{"ids":"UNIPROT:P16473:T116:PRGE","score":0.8144361353220222,"id":2,"start":306,"end":326,"text":"thyrotropin receptor","terms":[]},{"ids":"UNIPROT:P16473:T116:PRGE","score":0.8144361353220222,"id":3,"start":328,"end":332,"text":"TSHR","terms":[]}]},{"id":2,"start":340,"end":443,"text":"PATIENTS: Three affected individuals from the same family (a father and his two children) were studied.","terms":[]},{"id":3,"start":444,"end":501,"text":"Clinical and imaging findings were reviewed and compared.","terms":[]},{"id":4,"start":502,"end":722,"text":"GENETIC ANALYSIS: Genomic DNA was extracted from peripheral blood leukocytes and mutation analysis of the entire coding sequence of the TSHR gene was performed in both children and their parents by direct DNA sequencing.","terms":[{"ids":"UNIPROT:P16473:T116:PRGE","score":0.9528359739740124,"id":1,"start":638,"end":647,"text":"TSHR gene","terms":[]}]},{"id":5,"start":723,"end":958,"text":"RESULTS: A heterozygous germline T to C transition in exon 10 of the TSHR gene (c.1358T--\u003eC) resulting in the substitution of methionine (ATG) by threonine (ACG) at codon 453 (p.M453T) was identified in the father and his two children.","terms":[{"ids":"UNIPROT:P16473:T116:PRGE","score":0.6737962949860695,"id":1,"start":792,"end":801,"text":"TSHR gene","terms":[]}]},{"id":6,"start":959,"end":1033,"text":"They presented with different clinical severity and variable age of onset.","terms":[]},{"id":7,"start":1034,"end":1236,"text":"In addition to hyperthyroidism, ventriculomegaly and bilateral shortening of the fifth metacarpal bones and the middle phalanges of the fifth fingers were consistently found in all affected individuals.","terms":[{"ids":"UMLS:C0020550:T047:DISO","score":1.0,"id":1,"start":1049,"end":1064,"text":"hyperthyroidism","terms":[]},{"ids":"UMLS:C0025526:T023:ANAT|UMLS:C1182937:T023:ANAT","score":1.0,"id":2,"start":1121,"end":1137,"text":"metacarpal bones","terms":[]},{"ids":"UMLS:C0223792:T023:ANAT|UMLS:C0222682:T023:ANAT","score":1.0,"id":3,"start":1153,"end":1162,"text":"phalanges","terms":[]},{"ids":"UMLS:C0230403:T023:ANAT","score":1.0,"id":4,"start":1170,"end":1183,"text":"fifth fingers","terms":[]}]},{"id":8,"start":1237,"end":1456,"text":"CONCLUSIONS: Ventriculomegaly and bilateral shortening of the fifth metacarpal bones and the middle phalanges of the fifth fingers might be characteristic features of NAH because of an activating TSHR germline mutation.","terms":[{"ids":"UMLS:C0025526:T023:ANAT|UMLS:C1182937:T023:ANAT","score":1.0,"id":1,"start":1305,"end":1321,"text":"metacarpal bones","terms":[]},{"ids":"UMLS:C0223792:T023:ANAT|UMLS:C0222682:T023:ANAT","score":1.0,"id":2,"start":1337,"end":1346,"text":"phalanges","terms":[]},{"ids":"UMLS:C0230403:T023:ANAT","score":1.0,"id":3,"start":1354,"end":1367,"text":"fifth fingers","terms":[]},{"ids":"UNIPROT:P16473:T116:PRGE","score":0.6624282306002531,"id":4,"start":1433,"end":1437,"text":"TSHR","terms":[]}]},{"id":9,"start":1457,"end":1617,"text":"In addition, the shortening of the middle phalanges of the fifth fingers has never been previously described, expanding the phenotypic spectrum of the disease..","terms":[{"ids":"UMLS:C0223792:T023:ANAT|UMLS:C0222682:T023:ANAT","score":1.0,"id":1,"start":1499,"end":1508,"text":"phalanges","terms":[]},{"ids":"UMLS:C0230403:T023:ANAT","score":1.0,"id":2,"start":1516,"end":1529,"text":"fifth fingers","terms":[]}]}]