[{"id":0,"start":0,"end":140,"text":"Association of TMPRSS2-ERG gene fusion with clinical characteristics and outcomes: results from a population-based study of prostate cancer.","terms":[{"ids":"UNIPROT:O15393:T116:PRGE","score":0.8401474665373767,"id":1,"start":15,"end":22,"text":"TMPRSS2","terms":[]},{"ids":"UNIPROT:P11308:T116:PRGE|UNIPROT:Q12809:T116:PRGE","score":0.8401474665373767,"id":2,"start":23,"end":26,"text":"ERG","terms":[]},{"ids":"UMLS:C0033572:T023:ANAT","score":1.0,"id":3,"start":124,"end":132,"text":"prostate","terms":[]}]},{"id":1,"start":141,"end":328,"text":"BACKGROUND: The presence of the TMPRSS2-ERG fusion gene in prostate tumors has recently been associated with an aggressive phenotype, as well as recurrence and death from prostate cancer.","terms":[{"ids":"UNIPROT:O15393:T116:PRGE","score":0.8586598982750118,"id":1,"start":173,"end":180,"text":"TMPRSS2","terms":[]},{"ids":"UNIPROT:P11308:T116:PRGE|UNIPROT:Q12809:T116:PRGE","score":0.8586598982750118,"id":2,"start":181,"end":184,"text":"ERG","terms":[]},{"ids":"UMLS:C0033572:T023:ANAT","score":1.0,"id":3,"start":200,"end":208,"text":"prostate","terms":[]},{"ids":"UMLS:C0033572:T023:ANAT","score":1.0,"id":4,"start":312,"end":320,"text":"prostate","terms":[]}]},{"id":2,"start":329,"end":450,"text":"These associations suggest the hypothesis that the gene fusion may be used as a prognostic indicator for prostate cancer.","terms":[{"ids":"UMLS:C0033572:T023:ANAT","score":1.0,"id":1,"start":434,"end":442,"text":"prostate","terms":[]}]},{"id":3,"start":451,"end":643,"text":"METHODS: In this study, fluorescent in situ hybridization (FISH) assays were used to assess TMPRSS2-ERG fusion status in a group of 214 prostate cancer cases from two population-based studies.","terms":[{"ids":"UNIPROT:O15393:T116:PRGE","score":0.8166538841415738,"id":1,"start":543,"end":550,"text":"TMPRSS2","terms":[]},{"ids":"UNIPROT:P11308:T116:PRGE|UNIPROT:Q12809:T116:PRGE","score":0.8166538841415738,"id":2,"start":551,"end":554,"text":"ERG","terms":[]},{"ids":"UMLS:C0033572:T023:ANAT","score":1.0,"id":3,"start":587,"end":595,"text":"prostate","terms":[]}]},{"id":4,"start":644,"end":714,"text":"The FISH assays were designed to detect both fusion type (deletion vs.","terms":[]},{"id":5,"start":715,"end":773,"text":"translocation) and the number of fusion copies (single vs.","terms":[]},{"id":6,"start":774,"end":784,"text":"multiple).","terms":[]},{"id":7,"start":785,"end":902,"text":"Genotyping of four ERG and one TMPRSS2 SNPs using germline DNA was also performed in a sample of the cases (n \u003d 127).","terms":[]},{"id":8,"start":903,"end":1024,"text":"RESULTS: Of the 214 tumors scored for the TMPRSS2-ERG fusion, 64.5% were negative and 35.5% were positive for the fusion.","terms":[]},{"id":9,"start":1025,"end":1360,"text":"Cases with the TMPRSS2-ERG fusion did not exhibit reduced prostate cancer survival (HR \u003d 0.92, 95% CI \u003d 0.22-3.93), nor was there a significant difference in cause-specific survival when stratifying by translocation or deletion (HR \u003d 0.84, 95% CI \u003d 0.23-3.12) or by the number of retained fusion copies (HR \u003d 1.22, 95% CI \u003d 0.45-3.34).","terms":[{"ids":"UNIPROT:O15393:T116:PRGE","score":0.623951987556129,"id":1,"start":1040,"end":1047,"text":"TMPRSS2","terms":[]},{"ids":"UNIPROT:P11308:T116:PRGE|UNIPROT:Q12809:T116:PRGE","score":0.623951987556129,"id":2,"start":1048,"end":1051,"text":"ERG","terms":[]},{"ids":"UMLS:C0033572:T023:ANAT","score":1.0,"id":3,"start":1083,"end":1091,"text":"prostate","terms":[]}]},{"id":10,"start":1361,"end":1499,"text":"However, evidence for reduced prostate cancer-specific survival was apparent in those cases whose tumor had multiple copies of the fusion.","terms":[{"ids":"UMLS:C0033572:T023:ANAT","score":1.0,"id":1,"start":1391,"end":1399,"text":"prostate","terms":[]}]},{"id":11,"start":1500,"end":1686,"text":"The variant T allele of the TMPRSS2 SNP, rs12329760, was positively associated with TMPRSS2-ERG fusion by translocation (p \u003d 0.05) and with multiple copies of the gene fusion (p \u003d 0.03).","terms":[{"ids":"UNIPROT:O15393:T116:PRGE","score":0.14373675560121568,"id":1,"start":1584,"end":1591,"text":"TMPRSS2","terms":[]},{"ids":"UNIPROT:P11308:T116:PRGE|UNIPROT:Q12809:T116:PRGE","score":0.14373675560121568,"id":2,"start":1592,"end":1595,"text":"ERG","terms":[]}]},{"id":12,"start":1687,"end":1958,"text":"CONCLUSION: If replicated, the results presented here may provide insight into the mechanism by which the TMPRSS2-ERG gene fusion arises and also contribute to diagnostic evaluations for determining the subset of men who will go on to develop metastatic prostate cancer..","terms":[{"ids":"UMLS:C0033572:T023:ANAT","score":1.0,"id":1,"start":1941,"end":1949,"text":"prostate","terms":[]}]}]