[{"id":0,"start":0,"end":107,"text":"Identification of a gain-of-function mutation of the prolactin receptor in women with benign breast tumors.","terms":[{"ids":"UNIPROT:P01236:T116:PRGE","score":0.9992942290634244,"id":1,"start":53,"end":71,"text":"prolactin receptor","terms":[]},{"ids":"UMLS:C0006141:T023:ANAT","score":1.0,"id":2,"start":93,"end":99,"text":"breast","terms":[]}]},{"id":1,"start":108,"end":211,"text":"There is currently no known genetic disease linked to prolactin (Prl) or its receptor (PrlR) in humans.","terms":[{"ids":"UMLS:C0019247:T047:DISO","score":1.0,"id":1,"start":136,"end":151,"text":"genetic disease","terms":[]},{"ids":"UNIPROT:P01236:T116:PRGE","score":0.9552513471309916,"id":2,"start":162,"end":171,"text":"prolactin","terms":[]},{"ids":"UNIPROT:P40424:T116:PRGE|UNIPROT:P01236:T116:PRGE","score":0.9552513471309916,"id":3,"start":173,"end":176,"text":"Prl","terms":[]},{"ids":"UNIPROT:O75365:T116:PRGE","score":0.9552513471309916,"id":4,"start":195,"end":199,"text":"PrlR","terms":[]}]},{"id":2,"start":212,"end":422,"text":"Given the essential role of this hormonal system in breast physiology, we reasoned that genetic anomalies of Prl/PrlR genes may be related to the occurrence of breast diseases with high proliferative potential.","terms":[{"ids":"UMLS:C0006141:T023:ANAT","score":1.0,"id":1,"start":264,"end":270,"text":"breast","terms":[]},{"ids":"UNIPROT:P40424:T116:PRGE|UNIPROT:P01236:T116:PRGE","score":0.7695119562332221,"id":2,"start":321,"end":324,"text":"Prl","terms":[]},{"ids":"UNIPROT:O75365:T116:PRGE","score":0.7695119562332221,"id":3,"start":325,"end":329,"text":"PrlR","terms":[]},{"ids":"UMLS:C0006145:T047:DISO","score":1.0,"id":4,"start":372,"end":387,"text":"breast diseases","terms":[{"ids":"UMLS:C0006141:T023:ANAT","score":1.0,"id":1,"start":372,"end":378,"text":"breast","terms":[]}]}]},{"id":3,"start":423,"end":609,"text":"Multiple fibroadenomas (MFA) are benign breast tumors which appear most frequently in young women, including at puberty, when Prl has well-recognized proliferative actions on the breast.","terms":[{"ids":"UMLS:C0006141:T023:ANAT","score":1.0,"id":1,"start":463,"end":469,"text":"breast","terms":[]},{"ids":"UMLS:C0006141:T023:ANAT","score":1.0,"id":2,"start":602,"end":608,"text":"breast","terms":[]}]},{"id":4,"start":610,"end":862,"text":"In a prospective study involving 74 MFA patients and 170 control subjects, we identified four patients harboring a heterozygous single nucleotide polymorphism in exon 6 of the PrlR gene, encoding Ile(146)--\u003eLeu substitution in its extracellular domain.","terms":[{"ids":"UNIPROT:O75365:T116:PRGE","score":0.6177035666945432,"id":1,"start":786,"end":795,"text":"PrlR gene","terms":[]}]},{"id":5,"start":863,"end":1323,"text":"This sole substitution was sufficient to confer constitutive activity to the receptor variant (PrlR(I146L)), as assessed in three reconstituted cell models (Ba/F3, HEK293 and MCF-7 cells) by Prl-independent (i) PrlR tyrosine phosphorylation, (ii) activation of signal transducer and activator of transcription 5 (STAT5) signaling, (iii) transcriptional activity toward a Prl-responsive reporter gene, and (iv) cell proliferation and protection from cell death.","terms":[{"ids":"UNIPROT:Q08357:T116:PRGE","score":0.272817245874143,"id":1,"start":940,"end":956,"text":"receptor variant","terms":[]},{"ids":"UNIPROT:O75365:T116:PRGE","score":0.272817245874143,"id":2,"start":958,"end":962,"text":"PrlR","terms":[]},{"ids":"UMLS:C0004811:T023:ANAT","score":1.0,"id":3,"start":1020,"end":1022,"text":"Ba","terms":[]},{"ids":"UNIPROT:P40424:T116:PRGE|UNIPROT:P01236:T116:PRGE","score":0.272817245874143,"id":4,"start":1054,"end":1057,"text":"Prl","terms":[]},{"ids":"UNIPROT:O75365:T116:PRGE","score":0.272817245874143,"id":5,"start":1074,"end":1078,"text":"PrlR","terms":[]},{"ids":"UNIPROT:P51692:T116:PRGE|UNIPROT:P42229:T116:PRGE","score":0.272817245874143,"id":6,"start":1124,"end":1174,"text":"signal transducer and activator of transcription 5","terms":[]},{"ids":"UNIPROT:P51692:T116:PRGE|UNIPROT:P42229:T116:PRGE","score":0.272817245874143,"id":7,"start":1176,"end":1181,"text":"STAT5","terms":[]},{"ids":"UNIPROT:P40424:T116:PRGE|UNIPROT:P01236:T116:PRGE","score":0.272817245874143,"id":8,"start":1234,"end":1237,"text":"Prl","terms":[]}]},{"id":6,"start":1324,"end":1440,"text":"Constitutive activity of PrlR(I146L) in the breast sample from a patient was supported by increased STAT5 signaling.","terms":[{"ids":"UNIPROT:O75365:T116:PRGE","score":0.6806118855209164,"id":1,"start":1349,"end":1353,"text":"PrlR","terms":[]},{"ids":"UMLS:C0006141:T023:ANAT","score":1.0,"id":2,"start":1368,"end":1374,"text":"breast","terms":[]},{"ids":"UNIPROT:P51692:T116:PRGE|UNIPROT:P42229:T116:PRGE","score":0.6806118855209164,"id":3,"start":1424,"end":1429,"text":"STAT5","terms":[]}]},{"id":7,"start":1441,"end":1539,"text":"This is a unique description of a functional mutation of the PrlR associated with a human disease.","terms":[{"ids":"UNIPROT:O75365:T116:PRGE","score":0.9989171684014987,"id":1,"start":1502,"end":1506,"text":"PrlR","terms":[]}]},{"id":8,"start":1540,"end":1754,"text":"Hallmarks of constitutive activity were all reversed by a specific PrlR antagonist, which opens potential therapeutic approaches for MFA, or any other disease that could be associated with this mutation in future..","terms":[{"ids":"UNIPROT:O75365:T116:PRGE","score":0.9832293308909809,"id":1,"start":1607,"end":1611,"text":"PrlR","terms":[]}]}]