[{"id":0,"start":0,"end":160,"text":"Is the European spatial distribution of the HIV-1-resistant CCR5-Delta32 allele formed by a breakdown of the pathocenosis due to the historical Roman expansion?","terms":[{"ids":"UMLS:C0019693:T047:DISO","score":1.0,"id":1,"start":44,"end":47,"text":"HIV","terms":[]},{"ids":"UNIPROT:P32302:T116:PRGE","score":0.9761786829066986,"id":2,"start":60,"end":79,"text":"CCR5-Delta32 allele","terms":[]}]},{"id":1,"start":161,"end":428,"text":"We studied the possible effects of the expansion of ancient Mediterranean civilizations during the five centuries before and after Christ on the European distribution of the mutant allele for the chemokine receptor gene CCR5 which has a 32-bp deletion (CCR5-Delta32).","terms":[{"ids":"UNIPROT:P51677:T116:PRGE|UNIPROT:P61073:T116:PRGE|UNIPROT:Q9NPB9:T116:PRGE|UNIPROT:O00421:T116:PRGE","score":0.4302714616424498,"id":1,"start":357,"end":385,"text":"chemokine receptor gene CCR5","terms":[]},{"ids":"UNIPROT:P32302:T116:PRGE","score":0.4302714616424498,"id":2,"start":414,"end":426,"text":"CCR5-Delta32","terms":[]}]},{"id":2,"start":429,"end":620,"text":"There is a strong evidence for the unitary origin of the CCR5-Delta32 mutation, this it is found principally in Europe and Western Asia, with generally a north-south downhill cline frequency.","terms":[{"ids":"UNIPROT:P32302:T116:PRGE","score":0.9334195791091898,"id":1,"start":486,"end":507,"text":"CCR5-Delta32 mutation","terms":[]}]},{"id":3,"start":621,"end":733,"text":"Homozygous carriers of this mutation show a resistance to HIV-1 infection and a slower progression towards AIDS.","terms":[{"ids":"UMLS:C0019693:T047:DISO","score":1.0,"id":1,"start":679,"end":682,"text":"HIV","terms":[]},{"ids":"UMLS:C0021311:T047:DISO|UMLS:C0009450:T047:DISO","score":1.0,"id":2,"start":685,"end":694,"text":"infection","terms":[]},{"ids":"UMLS:C0001175:T047:DISO","score":1.0,"id":3,"start":728,"end":732,"text":"AIDS","terms":[]}]},{"id":4,"start":734,"end":821,"text":"However, HIV has clearly emerged too recently to have been the selective force on CCR5.","terms":[{"ids":"UMLS:C0019693:T047:DISO","score":1.0,"id":1,"start":743,"end":746,"text":"HIV","terms":[]},{"ids":"UNIPROT:P32302:T116:PRGE","score":0.6777484627038274,"id":2,"start":816,"end":820,"text":"CCR5","terms":[]}]},{"id":5,"start":822,"end":945,"text":"Our analyses showed strong negative correlations in Europe between the allele frequency and two historical parameters, i.e.","terms":[]},{"id":6,"start":946,"end":1117,"text":"the first colonization dates by the great ancient Mediterranean civilizations, and the distances from the Northern frontiers of the Roman Empire in its greatest expansion.","terms":[]},{"id":7,"start":1118,"end":1494,"text":"Moreover, other studies have shown that the deletion frequencies in both German Bronze Age and Swedish Neolithic populations were similar to those found in the corresponding modern populations, and this deletion has been found in ancient DNA of around 7000 years ago, suggesting that in the past, the deletion frequency could have been relatively high in European populations.","terms":[]},{"id":8,"start":1495,"end":1637,"text":"In addition, in West Nile virus pathogenesis, CCR5 plays an antimicrobial role showing that host genetic factors are highly pathogen-specific.","terms":[{"ids":"UMLS:C1096184:T047:DISO","score":1.0,"id":1,"start":1511,"end":1526,"text":"West Nile virus","terms":[]},{"ids":"UNIPROT:P32302:T116:PRGE","score":0.6894469387433929,"id":2,"start":1541,"end":1545,"text":"CCR5","terms":[]}]},{"id":9,"start":1638,"end":1883,"text":"Our results added to all these previous data suggest that the actual European allele frequency distribution might not be due to genes spreading, but to a negative selection resulting in the spread of pathogens principally during Roman expansion.","terms":[]},{"id":10,"start":1884,"end":2058,"text":"Indeed, as gene flows from colonizers to European native populations were extremely low, the mutational changes might be associated with vulnerability to imported infections.","terms":[{"ids":"UMLS:C0021311:T047:DISO|UMLS:C0851162:T047:DISO","score":1.0,"id":1,"start":2047,"end":2057,"text":"infections","terms":[]}]},{"id":11,"start":2059,"end":2154,"text":"To date, the nature of the parasites remains unknown; however, zoonoses could be incriminated..","terms":[{"ids":"UMLS:C0043528:T047:DISO","score":1.0,"id":1,"start":2122,"end":2130,"text":"zoonoses","terms":[]}]}]