[{"id":0,"start":0,"end":145,"text":"Genetics of Meesmann corneal dystrophy: a novel mutation in the keratin 3 gene in an asymptomatic family suggests genotype-phenotype correlation.","terms":[{"ids":"UMLS:C0010036:T047:DISO","score":1.0,"id":1,"start":21,"end":38,"text":"corneal dystrophy","terms":[]},{"ids":"UNIPROT:P12035:T116:PRGE|UNIPROT:Q99456:T116:PRGE","score":0.9808801730470614,"id":2,"start":64,"end":78,"text":"keratin 3 gene","terms":[]}]},{"id":1,"start":146,"end":361,"text":"PURPOSE: Juvenile epithelial corneal dystrophy of Meesmann (MCD, OMIM 122100) is a dominantly inherited disorder characterized by fragility of the anterior corneal epithelium and intraepithelial microcyst formation.","terms":[{"ids":"UMLS:C0010036:T047:DISO","score":1.0,"id":1,"start":175,"end":192,"text":"corneal dystrophy","terms":[]},{"ids":"UMLS:C1636149:T047:DISO","score":1.0,"id":2,"start":206,"end":209,"text":"MCD","terms":[]}]},{"id":2,"start":362,"end":558,"text":"Although the disease is generally mild and affected individuals are often asymptomatic, some suffer from recurrent erosions leading to lacrimation, photophobia, and deterioration in visual acuity.","terms":[]},{"id":3,"start":559,"end":686,"text":"MCD is caused by mutations in keratin 3 (KRT3) or keratin 12 (KRT12) genes, which encode cornea-specific cytoskeletal proteins.","terms":[{"ids":"UMLS:C1636149:T047:DISO","score":1.0,"id":1,"start":559,"end":562,"text":"MCD","terms":[]},{"ids":"UNIPROT:P08729:T116:PRGE|UNIPROT:P02533:T116:PRGE|UNIPROT:Q14533:T116:PRGE","score":0.0,"id":2,"start":589,"end":596,"text":"keratin","terms":[]},{"ids":"UNIPROT:P12035:T116:PRGE","score":0.9361392546787196,"id":3,"start":600,"end":604,"text":"KRT3","terms":[]},{"ids":"UNIPROT:Q99456:T116:PRGE","score":0.9361392546787196,"id":4,"start":609,"end":619,"text":"keratin 12","terms":[]},{"ids":"UNIPROT:Q99456:T116:PRGE","score":0.9361392546787196,"id":5,"start":621,"end":626,"text":"KRT12","terms":[]},{"ids":"UMLS:C0010031:T023:ANAT","score":1.0,"id":6,"start":648,"end":654,"text":"cornea","terms":[]}]},{"id":4,"start":687,"end":759,"text":"Seventeen mutations in KRT12 and two in KRT3 have been described so far.","terms":[{"ids":"UNIPROT:Q99456:T116:PRGE","score":0.9107534171047307,"id":1,"start":710,"end":715,"text":"KRT12","terms":[]},{"ids":"UNIPROT:P12035:T116:PRGE","score":0.9107534171047307,"id":2,"start":727,"end":731,"text":"KRT3","terms":[]}]},{"id":5,"start":760,"end":854,"text":"The purpose of this study was to investigate the genetic background of MCD in a Polish family.","terms":[{"ids":"UMLS:C1636149:T047:DISO","score":1.0,"id":1,"start":831,"end":834,"text":"MCD","terms":[]}]},{"id":6,"start":855,"end":912,"text":"METHODS: We report on a three-generation family with MCD.","terms":[{"ids":"UMLS:C1636149:T047:DISO","score":1.0,"id":1,"start":908,"end":911,"text":"MCD","terms":[]}]},{"id":7,"start":913,"end":1043,"text":"Epithelial lesions characteristic for MCD were visualized with slit-lamp examination and confirmed by in vivo confocal microscopy.","terms":[{"ids":"UMLS:C1636149:T047:DISO","score":1.0,"id":1,"start":951,"end":954,"text":"MCD","terms":[]}]},{"id":8,"start":1044,"end":1143,"text":"Using genomic DNA as a template, all coding regions of KRT3 and KRT12 were amplified and sequenced.","terms":[{"ids":"UNIPROT:P12035:T116:PRGE","score":0.994441846560926,"id":1,"start":1099,"end":1103,"text":"KRT3","terms":[]},{"ids":"UNIPROT:Q99456:T116:PRGE","score":0.994441846560926,"id":2,"start":1108,"end":1113,"text":"KRT12","terms":[]}]},{"id":9,"start":1144,"end":1222,"text":"Presence of the mutation was verified with restriction endonuclease digestion.","terms":[]},{"id":10,"start":1223,"end":1517,"text":"RESULTS: In the proband, direct sequencing of the polymerase chain reaction (PCR) product from amplified coding regions of KRT3 and KRT12 revealed a novel 1493A\u003eT heterozygous missense mutation in exon 7 of KRT3, which predicts the substitution of glutamic acid for valine at codon 498 (E498V).","terms":[{"ids":"UNIPROT:P12035:T116:PRGE","score":0.5290621038448822,"id":1,"start":1346,"end":1350,"text":"KRT3","terms":[]},{"ids":"UNIPROT:Q99456:T116:PRGE","score":0.5290621038448822,"id":2,"start":1355,"end":1360,"text":"KRT12","terms":[]},{"ids":"UNIPROT:P12035:T116:PRGE","score":0.5290621038448822,"id":3,"start":1430,"end":1434,"text":"KRT3","terms":[]}]},{"id":11,"start":1518,"end":1799,"text":"Using PCR-Restriction Fragment Length Polymorphism (RFLP) analysis, the mutation was demonstrated to segregate with the disease (four affected members, three non-affected) and to be absent in 100 controls from the Polish population, indicating that it is not a common polymorphism.","terms":[]},{"id":12,"start":1800,"end":1992,"text":"CONCLUSIONS: Location of the E498V mutation emphasizes the functional relevance of the highly conserved boundary motifs at the COOH-terminus of the alpha-helical rod domain in keratin 3 (K3)..","terms":[{"ids":"UNIPROT:P12035:T116:PRGE|UNIPROT:Q99456:T116:PRGE","score":0.5414132077145933,"id":1,"start":1976,"end":1985,"text":"keratin 3","terms":[]},{"ids":"UNIPROT:P12035:T116:PRGE|UNIPROT:Q99456:T116:PRGE|UNIPROT:Q9UGI6:T116:PRGE","score":0.5414132077145933,"id":2,"start":1987,"end":1989,"text":"K3","terms":[]}]}]