[{"id":0,"start":0,"end":83,"text":"Novel mutations in the IRF6 gene in Brazilian families with Van der Woude syndrome.","terms":[{"ids":"UNIPROT:O14896:T116:PRGE","score":0.99395379804934,"id":1,"start":23,"end":32,"text":"IRF6 gene","terms":[]},{"ids":"UMLS:C0175697:T047:DISO","score":1.0,"id":2,"start":60,"end":82,"text":"Van der Woude syndrome","terms":[]}]},{"id":1,"start":84,"end":211,"text":"Van der Woude Syndrome (VWS) is an autosomal craniofacial disorder characterized by lower lip pits and cleft lip and/or palate.","terms":[{"ids":"UMLS:C0175697:T047:DISO","score":1.0,"id":1,"start":84,"end":106,"text":"Van der Woude Syndrome","terms":[]},{"ids":"UMLS:C0596392:T023:ANAT","score":1.0,"id":2,"start":129,"end":141,"text":"craniofacial","terms":[]},{"ids":"UMLS:C0458583:T023:ANAT","score":1.0,"id":3,"start":168,"end":177,"text":"lower lip","terms":[{"ids":"UMLS:C0264511:T047:DISO","score":1.0,"id":1,"start":174,"end":177,"text":"lip","terms":[]}]},{"ids":"UMLS:C0264511:T047:DISO|UMLS:C0023759:T023:ANAT","score":1.0,"id":4,"start":193,"end":196,"text":"lip","terms":[]},{"ids":"UMLS:C0700374:T023:ANAT","score":1.0,"id":5,"start":204,"end":210,"text":"palate","terms":[]}]},{"id":2,"start":212,"end":314,"text":"Mutations in the interferon regulatory factor 6 (IRF6) gene have been identified in patients with VWS.","terms":[{"ids":"UNIPROT:O14896:T116:PRGE","score":0.9611860319459532,"id":1,"start":229,"end":259,"text":"interferon regulatory factor 6","terms":[]},{"ids":"UNIPROT:O14896:T116:PRGE","score":0.9611860319459532,"id":2,"start":261,"end":265,"text":"IRF6","terms":[]}]},{"id":3,"start":315,"end":485,"text":"To identify novel IRF6 mutations in patients affected by VWS, we screened 2 Brazilian families, sequencing the entire IRF6-coding region and flanking intronic boundaries.","terms":[{"ids":"UNIPROT:O14896:T116:PRGE","score":0.5412230553031546,"id":1,"start":333,"end":337,"text":"IRF6","terms":[]},{"ids":"UNIPROT:O14896:T116:PRGE","score":0.5412230553031546,"id":2,"start":433,"end":437,"text":"IRF6","terms":[]}]},{"id":4,"start":486,"end":739,"text":"Two novel heterozygous mutations were identified: a frame shift mutation with deletion of G at the nucleotide position 520 in the exon 6 (520delG), and a missense single nucleotide substitution from T to A at nucleotide position 1135 in exon 8 (T1135A).","terms":[]},{"id":5,"start":740,"end":917,"text":"By using restriction enzyme analysis, we were able to demonstrate the lack of similar mutations in unrelated healthy individuals and non-syndromic cleft lip and palate patients.","terms":[{"ids":"UMLS:C0158646:T047:DISO","score":1.0,"id":1,"start":887,"end":907,"text":"cleft lip and palate","terms":[{"ids":"UMLS:C0023759:T023:ANAT","score":1.0,"id":1,"start":893,"end":896,"text":"lip","terms":[]},{"ids":"UMLS:C0700374:T023:ANAT","score":1.0,"id":2,"start":901,"end":907,"text":"palate","terms":[]}]}]},{"id":6,"start":918,"end":1005,"text":"Our results further confirmed that haploinsufficiency of the IRF6 gene results in VWS..","terms":[{"ids":"UNIPROT:O14896:T116:PRGE","score":0.8881641952425544,"id":1,"start":979,"end":988,"text":"IRF6 gene","terms":[]}]}]