[{"id":0,"start":0,"end":139,"text":"A novel point mutation in the amino terminal domain of the human glucocorticoid receptor (hGR) gene enhancing hGR-mediated gene expression.","terms":[{"ids":"UNIPROT:P04150:T116:PRGE","score":0.9953699491017866,"id":1,"start":59,"end":88,"text":"human glucocorticoid receptor","terms":[]},{"ids":"UNIPROT:P04150:T116:PRGE","score":0.9953699491017866,"id":2,"start":90,"end":93,"text":"hGR","terms":[]},{"ids":"UNIPROT:P04150:T116:PRGE","score":0.9953699491017866,"id":3,"start":110,"end":113,"text":"hGR","terms":[]}]},{"id":1,"start":140,"end":373,"text":"CONTEXT: Interindividual variations in glucocorticoid sensitivity have been associated with manifestations of cortisol excess or deficiency and may be partly explained by polymorphisms in the human glucocorticoid receptor (hGR) gene.","terms":[{"ids":"UNIPROT:P04150:T116:PRGE","score":0.9835105065831072,"id":1,"start":332,"end":361,"text":"human glucocorticoid receptor","terms":[]},{"ids":"UNIPROT:P04150:T116:PRGE","score":0.9835105065831072,"id":2,"start":363,"end":366,"text":"hGR","terms":[]}]},{"id":2,"start":374,"end":504,"text":"We studied a 43-yr-old female, who presented with manifestations consistent with tissue-selective glucocorticoid hypersensitivity.","terms":[]},{"id":3,"start":505,"end":754,"text":"We detected a novel, single, heterozygous nucleotide (G --\u003e C) substitution at position 1201 (exon 2) of the hGR gene, which resulted in aspartic acid to histidine substitution at amino acid position 401 in the amino-terminal domain of the hGRalpha.","terms":[{"ids":"UNIPROT:P04150:T116:PRGE","score":0.8459773494846136,"id":1,"start":614,"end":622,"text":"hGR gene","terms":[]}]},{"id":4,"start":755,"end":851,"text":"We investigated the molecular mechanisms of action of the natural mutant receptor hGRalphaD401H.","terms":[{"ids":"UNIPROT:Q08357:T116:PRGE","score":0.4578912130577988,"id":1,"start":813,"end":836,"text":"natural mutant receptor","terms":[]}]},{"id":5,"start":852,"end":1179,"text":"METHODS-RESULTS: Compared with the wild-type hGRalpha, the mutant receptor hGRalphaD401H demonstrated a 2.4-fold increase in its ability to transactivate the glucocorticoid-inducible mouse mammary tumor virus promoter in response to dexamethasone but had similar affinity for the ligand (dissociation constant \u003d 6.2 +/- 0.6 vs.","terms":[{"ids":"UMLS:C0929301:T023:ANAT|UMLS:C0006141:T023:ANAT","score":1.0,"id":1,"start":1041,"end":1048,"text":"mammary","terms":[]}]},{"id":6,"start":1180,"end":1249,"text":"6.1 +/- 0.6 nm) and time to nuclear translocation (14.75 +/- 0.25 vs.","terms":[{"ids":"UMLS:C1834174:T047:DISO|UMLS:C1853926:T047:DISO","score":1.0,"id":1,"start":1192,"end":1194,"text":"nm","terms":[]}]},{"id":7,"start":1250,"end":1270,"text":"14.25 +/- 1.13 min).","terms":[]},{"id":8,"start":1271,"end":1559,"text":"The mutant receptor hGRalphaD401H did not exert a dominant positive or negative effect upon the wild-type receptor, it preserved its ability to bind to glucocorticoid response elements, and displayed a normal interaction with the glucocorticoid receptor-interacting protein 1 coactivator.","terms":[{"ids":"UNIPROT:Q08357:T116:PRGE","score":0.4822922349735294,"id":1,"start":1275,"end":1304,"text":"mutant receptor hGRalphaD401H","terms":[]},{"ids":"UNIPROT:Q13326:T116:PRGE|UNIPROT:P38405:T116:PRGE","score":0.4822922349735294,"id":2,"start":1367,"end":1385,"text":"wild-type receptor","terms":[]},{"ids":"UNIPROT:P04150:T116:PRGE","score":0.4822922349735294,"id":3,"start":1501,"end":1558,"text":"glucocorticoid receptor-interacting protein 1 coactivator","terms":[]}]},{"id":9,"start":1560,"end":1680,"text":"CONCLUSIONS: The mutant receptor hGRalphaD401H enhances the transcriptional activity of glucocorticoid-responsive genes.","terms":[]},{"id":10,"start":1681,"end":1818,"text":"The presence of the D401H mutation may predispose subjects to obesity, hypertension, and other manifestations of the metabolic syndrome..","terms":[{"ids":"UMLS:C0028754:T047:DISO","score":1.0,"id":1,"start":1743,"end":1750,"text":"obesity","terms":[]},{"ids":"UMLS:C0020538:T047:DISO","score":1.0,"id":2,"start":1752,"end":1764,"text":"hypertension","terms":[]},{"ids":"UMLS:C0524620:T047:DISO","score":1.0,"id":3,"start":1798,"end":1816,"text":"metabolic syndrome","terms":[]}]}]