[{"id":0,"start":0,"end":72,"text":"R58fs mutation in the HGD gene in a family with alkaptonuria in the UAE.","terms":[{"ids":"UNIPROT:Q93099:T116:PRGE","score":0.18696458317017392,"id":1,"start":22,"end":30,"text":"HGD gene","terms":[]},{"ids":"UMLS:C0002066:T047:DISO","score":1.0,"id":2,"start":48,"end":60,"text":"alkaptonuria","terms":[]}]},{"id":1,"start":73,"end":217,"text":"This study was conducted to determine the prevalence of alkaptonuria in the UAE population and to identify the genotype of affected individuals.","terms":[{"ids":"UMLS:C0002066:T047:DISO","score":1.0,"id":1,"start":129,"end":141,"text":"alkaptonuria","terms":[]}]},{"id":2,"start":218,"end":402,"text":"In a 3 stage sampling technique 2981 pupils from Government schools in Al Ain and private schools in Dubai were selected to take part in the study, of whom 2857 provided urine samples.","terms":[{"ids":"UMLS:C0034121:T023:ANAT","score":1.0,"id":1,"start":255,"end":261,"text":"pupils","terms":[]},{"ids":"UMLS:C0268381:T047:DISO","score":1.0,"id":2,"start":289,"end":291,"text":"Al","terms":[]}]},{"id":3,"start":403,"end":494,"text":"Urine collected was analysed for homogentisic acid by gas chromatography-mass spectrometry.","terms":[]},{"id":4,"start":495,"end":631,"text":"Genomic DNA was isolated from the white blood cells of all family members of the affected case following standard established protocols.","terms":[]},{"id":5,"start":632,"end":780,"text":"Specific PRC primers were designed to amplify all 14 exons of the HGD gene with the flanking intronic sequences including the splice site sequences.","terms":[{"ids":"UNIPROT:Q5VV67:T116:PRGE","score":0.22251308013016918,"id":1,"start":641,"end":644,"text":"PRC","terms":[]}]},{"id":6,"start":781,"end":882,"text":"2857 children returned a viable urine sample, of which one was highly positive for homogentisic acid.","terms":[]},{"id":7,"start":883,"end":990,"text":"All 12 members of this girl\u0027s family were studied and one, a 22 year old brother, was found to excrete HGA.","terms":[]},{"id":8,"start":991,"end":1080,"text":"Another, a sister who had not provided a urine sample, was discovered by genetic testing.","terms":[]},{"id":9,"start":1081,"end":1167,"text":"There were no complaints of joint pain or other symptoms in any member of this family.","terms":[]},{"id":10,"start":1168,"end":1195,"text":"Parents were first cousins.","terms":[]},{"id":11,"start":1196,"end":1344,"text":"We found a single nucleotide deletion c.342delA, located in exon 3, which resulted in a frameshift at amino acid position 58 (p.Arg58fs or p.R58fs).","terms":[]},{"id":12,"start":1345,"end":1474,"text":"Alkaptonuria may be more common than it is thought to be with an allele prevalence estimated at 0.0107 (95% CI 0.000392-0.03473).","terms":[{"ids":"UMLS:C0002066:T047:DISO","score":1.0,"id":1,"start":1345,"end":1357,"text":"Alkaptonuria","terms":[]}]},{"id":13,"start":1475,"end":1601,"text":"The R58fs mutation is old, perhaps having occurred several thousand years ago, and has spread over a large geographical area..","terms":[]}]