[{"id":0,"start":0,"end":71,"text":"Somatic TP53 mutation mosaicism in a patient with Li-Fraumeni syndrome.","terms":[{"ids":"UMLS:C0020758:T047:DISO","score":1.0,"id":1,"start":50,"end":52,"text":"Li","terms":[]},{"ids":"UMLS:C0039082:T047:DISO","score":1.0,"id":2,"start":62,"end":70,"text":"syndrome","terms":[]}]},{"id":1,"start":72,"end":187,"text":"We present a girl who developed adrenocortical adenoma at the age of 1 year and osteosarcoma at the age of 5 years.","terms":[]},{"id":2,"start":188,"end":254,"text":"There was no history of cancer in her parents and their relatives.","terms":[]},{"id":3,"start":255,"end":389,"text":"However, both tumors were typical for the Li-Fraumeni syndrome (LFS), and the patient met criteria for germline TP53 mutation testing.","terms":[{"ids":"UMLS:C0020758:T047:DISO","score":1.0,"id":1,"start":297,"end":299,"text":"Li","terms":[]},{"ids":"UMLS:C0039082:T047:DISO","score":1.0,"id":2,"start":309,"end":317,"text":"syndrome","terms":[]}]},{"id":4,"start":390,"end":477,"text":"A mutation in codon 282 (Arg282Trp) was identified in her blood lymphocyte genomic DNA.","terms":[]},{"id":5,"start":478,"end":584,"text":"The substitution was found in neither of her parents, which indicated a possibility of a de novo mutation.","terms":[]},{"id":6,"start":585,"end":702,"text":"Unexpectedly, sequencing of the DNA of the patient repeatedly showed allelic imbalance in favor of the normal allele.","terms":[]},{"id":7,"start":703,"end":860,"text":"This observation prompted us to investigate the putative somatic mosaicism in the patient consisting of normal cells and cells heterozygous for the mutation.","terms":[]},{"id":8,"start":861,"end":1051,"text":"The imbalance was also examined in two other non-invasively sampled tissues, buccal cells, and cells from the urine sediment, and sequencing was confirmed with two other independent methods.","terms":[]},{"id":9,"start":1052,"end":1176,"text":"While the findings in blood and the urine sediment were similar, in buccal cells both alleles were present in equal amounts.","terms":[]},{"id":10,"start":1177,"end":1337,"text":"The allele ratio in lymphocytes was consistent with a mosaic where about 2/3 of cells carried two normal alleles and only 1/3 was heterozygous for the mutation.","terms":[]},{"id":11,"start":1338,"end":1517,"text":"Despite the mosaicism the girl developed two early childhood tumors of mesodermal origin, and her phenotype was thus not milder than that of other germline TP53 mutation carriers.","terms":[]},{"id":12,"start":1518,"end":1622,"text":"To our knowledge this is the first description of somatic mosaicism for a de novo TP53 mutation in LFS..","terms":[]}]