[{"id":0,"start":0,"end":144,"text":"Hemodynamic parameters and heart rate variability during a tilt test in relation to gene polymorphism of renin-angiotensin and serotonin system.","terms":[{"ids":"UMLS:C0018787:T023:ANAT","score":1.0,"id":1,"start":27,"end":32,"text":"heart","terms":[]},{"ids":"UNIPROT:P00797:T116:PRGE","score":0.7275982626960847,"id":2,"start":105,"end":110,"text":"renin","terms":[]}]},{"id":1,"start":145,"end":398,"text":"PURPOSE: The aim of the study was to evaluate the renin-angiotensin system and serotonin transporter gene polymorphisms in relation to hemodynamic parameters and heart rate variability during a head-up tilt test (HUT) in patients with vasovagal syncope.","terms":[{"ids":"UNIPROT:P00797:T116:PRGE","score":0.6087523124385302,"id":1,"start":195,"end":200,"text":"renin","terms":[]},{"ids":"UNIPROT:P31645:T116:PRGE","score":0.6087523124385302,"id":2,"start":224,"end":250,"text":"serotonin transporter gene","terms":[]},{"ids":"UMLS:C0018787:T023:ANAT","score":1.0,"id":3,"start":307,"end":312,"text":"heart","terms":[]},{"ids":"UMLS:C0042420:T047:DISO","score":1.0,"id":4,"start":380,"end":397,"text":"vasovagal syncope","terms":[]}]},{"id":2,"start":399,"end":488,"text":"METHODS: DNA was collected from 191 patients (mean age 44+/-18 years, 61 men, 130 women).","terms":[]},{"id":3,"start":489,"end":998,"text":"The following gene polymorphisms were determined in genomic DNA: angiotensin-converting enzyme insertion/deletion polymorphism (I/D ACE), angiotensinogen gene polymorphism (M 235), angiotensin II receptor type 1 (ATR1) polymorphism (A 11666C), and polymorphism of serotonin transporter gene (5HTTLPR).Heart rate variability during HUT was assessed in 5-minute intervals by low frequency, high frequency, standard deviation of the normal-to-normal (SDNN), and root mean square successive difference parameters.","terms":[{"ids":"UNIPROT:P12821:T116:PRGE","score":0.5695020537956736,"id":1,"start":617,"end":624,"text":"I/D ACE","terms":[]},{"ids":"UNIPROT:P01019:T116:PRGE","score":0.5695020537956736,"id":2,"start":627,"end":647,"text":"angiotensinogen gene","terms":[]},{"ids":"UNIPROT:P30556:T116:PRGE","score":0.5695020537956736,"id":3,"start":670,"end":700,"text":"angiotensin II receptor type 1","terms":[]},{"ids":"UNIPROT:Q07837:T116:PRGE|UNIPROT:P82251:T116:PRGE","score":0.5695020537956736,"id":4,"start":702,"end":706,"text":"ATR1","terms":[]},{"ids":"UNIPROT:P31645:T116:PRGE","score":0.5695020537956736,"id":5,"start":753,"end":779,"text":"serotonin transporter gene","terms":[]},{"ids":"UMLS:C0018787:T023:ANAT","score":1.0,"id":6,"start":790,"end":795,"text":"Heart","terms":[]},{"ids":"UMLS:C0040452:T023:ANAT|UMLS:C1318154:T023:ANAT","score":1.0,"id":7,"start":948,"end":952,"text":"root","terms":[]}]},{"id":4,"start":999,"end":1752,"text":"RESULTS: AA genotype of A 1166C polymorphism was associated with lower minimal systolic blood pressure (SBP) and diastolic blood pressure (DBP) during HUT compared with other genotypes (minimal SBP: AA 59.6+/-21,8, AC 79.9+/-22.7, CC 65.4+/-22.7 mmHg, P\u003d0.007), (minimal DBP: AA 36.4+/-22.7, AC 52.3+/-22.9, CC 45.4+/-19.5 mmHg, P\u003d0.007).AA genotype was also associated with higher SDNN compared to other genotypes in the early phase of HUT (SDNN in 5 minutes of tilt: AA 59.7+/-24.6, AC 50.6+/-20.6, CC 46.0+/-13.2, P\u003d0.01) and at syncope occurrence (SDNN: AA 71.0+/-20.9, AC 58.2+/-17.9, CC 58+/-10, P\u003d0.04) CONCLUSION: AA genotype of A 1166C polymorphism in the ATR1 gene may be associated with hypotension and decline in sympathetic tone during HUT.","terms":[{"ids":"UMLS:C1862382:T047:DISO","score":1.0,"id":1,"start":1008,"end":1010,"text":"AA","terms":[]},{"ids":"UMLS:C1862382:T047:DISO","score":1.0,"id":2,"start":1198,"end":1200,"text":"AA","terms":[]},{"ids":"UMLS:C1862382:T047:DISO","score":1.0,"id":3,"start":1275,"end":1277,"text":"AA","terms":[]},{"ids":"UMLS:C1862382:T047:DISO","score":1.0,"id":4,"start":1337,"end":1339,"text":"AA","terms":[]},{"ids":"UMLS:C1862382:T047:DISO","score":1.0,"id":5,"start":1468,"end":1470,"text":"AA","terms":[]},{"ids":"UMLS:C1862382:T047:DISO","score":1.0,"id":6,"start":1557,"end":1559,"text":"AA","terms":[]},{"ids":"UMLS:C1862382:T047:DISO","score":1.0,"id":7,"start":1621,"end":1623,"text":"AA","terms":[]},{"ids":"UNIPROT:Q07837:T116:PRGE|UNIPROT:P82251:T116:PRGE","score":0.4635887756523458,"id":8,"start":1664,"end":1673,"text":"ATR1 gene","terms":[]}]},{"id":5,"start":1753,"end":1829,"text":"Its role in genetic predisposition to vasovagal syncope cannot be excluded..","terms":[{"ids":"UMLS:C0042420:T047:DISO","score":1.0,"id":1,"start":1791,"end":1808,"text":"vasovagal syncope","terms":[]}]}]