[{"id":0,"start":0,"end":168,"text":"Combination of polymorphisms within 5\u0027 and 3\u0027 untranslated regions of thymidylate synthase gene modulates survival in 5 fluorouracil-treated colorectal cancer patients.","terms":[{"ids":"UNIPROT:P04818:T116:PRGE","score":0.9056592915566999,"id":1,"start":70,"end":95,"text":"thymidylate synthase gene","terms":[]}]},{"id":1,"start":169,"end":359,"text":"In the present study we explored the effect of three polymorphisms of the TS gene on overall and progression- free survival of colorectal cancer (CRC) patients subjected to 5FU chemotherapy.","terms":[{"ids":"UNIPROT:P04818:T116:PRGE|UNIPROT:Q96T52:T116:PRGE|UNIPROT:Q92574:T116:PRGE","score":0.9441441926183528,"id":1,"start":243,"end":250,"text":"TS gene","terms":[{"ids":"UMLS:C1832916:T047:DISO|UMLS:C0040963:T047:DISO","score":1.0,"id":1,"start":243,"end":245,"text":"TS","terms":[]}]}]},{"id":2,"start":360,"end":507,"text":"A 28 bp variable number of tandem repeats (VNTR), a G/C single nucleotide polymorphism (SNP), and a deletion of 6 bp at position 1494 were studied.","terms":[]},{"id":3,"start":508,"end":619,"text":"The possible combined effect of these DNA polymorphisms on the clinical outcome of patients was also evaluated.","terms":[]},{"id":4,"start":620,"end":732,"text":"A retrospective study was carried out on paraffin-embedded sections from 113 patients diagnosed of advanced CRC.","terms":[]},{"id":5,"start":733,"end":899,"text":"TS genotyping methods were polymerase chain reaction (PCR) for VNTR and PCR, followed by restriction length fragment polymorphism (PCR-RFLP) for SNP and ins/del 6 bp.","terms":[{"ids":"UMLS:C1832916:T047:DISO|UMLS:C0040963:T047:DISO","score":1.0,"id":1,"start":733,"end":735,"text":"TS","terms":[]},{"ids":"UNIPROT:P01308:T116:PRGE|UNIPROT:Q13572:T116:PRGE","score":0.30997141176822035,"id":2,"start":886,"end":895,"text":"ins/del 6","terms":[]}]},{"id":6,"start":900,"end":1109,"text":"To study the combined effect of TS polymorphisms, four categories were defined accordingly to the level of expression attributed to SNP and ins/del 6 bp genotypes: C_allele 6-, C_6+/6+, G_allele6- and G_6+/6+.","terms":[{"ids":"UMLS:C1832916:T047:DISO|UMLS:C0040963:T047:DISO","score":1.0,"id":1,"start":932,"end":934,"text":"TS","terms":[]}]},{"id":7,"start":1110,"end":1233,"text":"VNTR and ins/del 6 bp genotypes varied with tumour anatomical site: 2R/2R genotype was rare in left-sided tumours (7.0% vs.","terms":[{"ids":"UNIPROT:P01308:T116:PRGE|UNIPROT:Q13572:T116:PRGE","score":0.13281340443445705,"id":1,"start":1119,"end":1122,"text":"ins","terms":[]},{"ids":"UNIPROT:P01719:T116:PRGE","score":0.13281340443445705,"id":2,"start":1123,"end":1128,"text":"del 6","terms":[]}]},{"id":8,"start":1234,"end":1347,"text":"26.3% of right-sided and 24.1% of rectal cancers; P\u003c0.01), where the variant allele 6- was very frequent (69.0%).","terms":[]},{"id":9,"start":1348,"end":1445,"text":"Instead, most patients with right-sided tumours were wild-type homozygous 6+/6+ (63.9%) (P\u003c0.01).","terms":[]},{"id":10,"start":1446,"end":1566,"text":"Heterozygous 6+/6- genotype was more frequent among tumours classified as C (50.0%) and D (76.5%) Dukes stages (P\u003d0.05).","terms":[]},{"id":11,"start":1567,"end":1659,"text":"None of the studied polymorphisms alone affected overall or progression-free survival (PFS).","terms":[]},{"id":12,"start":1660,"end":1937,"text":"C_6+/6+ and G_6+/6+ combined genotypes were respectively associated to the best and worst PFS (P\u003d0.03 when compared with each other), while combinations carrying the allele 6- determined an intermediate evolution that might be indicative of a variable response to chemotherapy.","terms":[]},{"id":13,"start":1938,"end":2059,"text":"The rate of Dukes B stage tumours was unexpectedly high (59.1%) among patients with the unfavourable G_6+/6+ combination.","terms":[]},{"id":14,"start":2060,"end":2199,"text":"In our study the combination of high TS expression genotypes G_6+/6+ identifies a group of high risk within CRC patients treated with 5FU..","terms":[{"ids":"UMLS:C1832916:T047:DISO|UMLS:C0040963:T047:DISO","score":1.0,"id":1,"start":2097,"end":2099,"text":"TS","terms":[]}]}]