[{"id":0,"start":0,"end":132,"text":"A recessive skeletal dysplasia, SEMD aggrecan type, results from a missense mutation affecting the C-type lectin domain of aggrecan.","terms":[{"ids":"UMLS:C0410528:T047:DISO","score":1.0,"id":1,"start":12,"end":30,"text":"skeletal dysplasia","terms":[]},{"ids":"UNIPROT:Q13241:T116:PRGE|UNIPROT:Q06141:T116:PRGE|UNIPROT:Q9Y6Z7:T116:PRGE|UNIPROT:Q9UHP7:T116:PRGE|UNIPROT:Q92478:T116:PRGE|UNIPROT:Q9UMR7:T116:PRGE","score":0.9250337162140618,"id":2,"start":99,"end":119,"text":"C-type lectin domain","terms":[]}]},{"id":1,"start":133,"end":357,"text":"Analysis of a nuclear family with three affected offspring identified an autosomal-recessive form of spondyloepimetaphyseal dysplasia characterized by severe short stature and a unique constellation of radiographic findings.","terms":[{"ids":"UMLS:C0013336:T047:DISO","score":1.0,"id":1,"start":291,"end":304,"text":"short stature","terms":[]}]},{"id":2,"start":358,"end":571,"text":"Homozygosity for a haplotype that was identical by descent between two of the affected individuals identified a locus for the disease gene within a 17.4 Mb interval on chromosome 15, a region containing 296 genes.","terms":[]},{"id":3,"start":572,"end":798,"text":"These genes were assessed and ranked by cartilage selectivity with whole-genome microarray data, revealing only two genes, encoding aggrecan and chondroitin sulfate proteoglycan 4, that were selectively expressed in cartilage.","terms":[{"ids":"UNIPROT:Q6UVK1:T116:PRGE","score":0.9843627132220567,"id":1,"start":717,"end":751,"text":"chondroitin sulfate proteoglycan 4","terms":[]}]},{"id":4,"start":799,"end":1047,"text":"Sequence analysis of aggrecan complementary DNA from an affected individual revealed homozygosity for a missense mutation (c.6799G --\u003e A) that predicts a p.D2267N amino acid substitution in the C-type lectin domain within the G3 domain of aggrecan.","terms":[{"ids":"UNIPROT:Q13241:T116:PRGE|UNIPROT:Q06141:T116:PRGE|UNIPROT:Q9Y6Z7:T116:PRGE|UNIPROT:Q9UHP7:T116:PRGE|UNIPROT:Q92478:T116:PRGE|UNIPROT:Q9UMR7:T116:PRGE","score":0.559220005578545,"id":1,"start":993,"end":1013,"text":"C-type lectin domain","terms":[]}]},{"id":5,"start":1048,"end":1278,"text":"The D2267 residue is predicted to coordinate binding of a calcium ion, which influences the conformational binding loops of the C-type lectin domain that mediate interactions with tenascins and other extracellular-matrix proteins.","terms":[{"ids":"UNIPROT:Q13241:T116:PRGE|UNIPROT:Q06141:T116:PRGE|UNIPROT:Q9Y6Z7:T116:PRGE|UNIPROT:Q9UHP7:T116:PRGE|UNIPROT:Q92478:T116:PRGE|UNIPROT:Q9UMR7:T116:PRGE","score":0.3298900296609358,"id":1,"start":1176,"end":1196,"text":"C-type lectin domain","terms":[]}]},{"id":6,"start":1279,"end":1475,"text":"Expression of the normal and mutant G3 domains in mammalian cells showed that the mutation created a functional N-glycosylation site but did not adversely affect protein trafficking and secretion.","terms":[]},{"id":7,"start":1476,"end":1637,"text":"Surface-plasmon-resonance studies showed that the mutation influenced the binding and kinetics of the interactions between the aggrecan G3 domain and tenascin-C.","terms":[{"ids":"UNIPROT:P24821:T116:PRGE","score":0.7087992815547747,"id":1,"start":1626,"end":1636,"text":"tenascin-C","terms":[]}]},{"id":8,"start":1638,"end":1827,"text":"These findings identify an autosomal-recessive skeletal dysplasia and a significant role for the aggrecan C-type lectin domain in regulating endochondral ossification and, thereby, height..","terms":[{"ids":"UMLS:C0410528:T047:DISO","score":1.0,"id":1,"start":1685,"end":1703,"text":"skeletal dysplasia","terms":[]},{"ids":"UNIPROT:P16112:T116:PRGE","score":0.9827613396092205,"id":2,"start":1735,"end":1764,"text":"aggrecan C-type lectin domain","terms":[]}]}]