[{"id":0,"start":0,"end":145,"text":"Three novel IGFALS gene mutations resulting in total ALS and severe circulating IGF-I/IGFBP-3 deficiency in children of different ethnic origins.","terms":[{"ids":"UNIPROT:P35858:T116:PRGE","score":0.7197927286730403,"id":1,"start":12,"end":23,"text":"IGFALS gene","terms":[]},{"ids":"UMLS:C0002736:T047:DISO","score":1.0,"id":2,"start":53,"end":56,"text":"ALS","terms":[]},{"ids":"UNIPROT:P05019:T116:PRGE|UNIPROT:P01343:T116:PRGE","score":0.7197927286730403,"id":3,"start":80,"end":93,"text":"IGF-I/IGFBP-3","terms":[]}]},{"id":1,"start":146,"end":225,"text":"BACKGROUND/AIMS: To date, four mutations in the IGFALS gene have been reported.","terms":[{"ids":"UNIPROT:P35858:T116:PRGE","score":0.8411161758271966,"id":1,"start":194,"end":205,"text":"IGFALS gene","terms":[]}]},{"id":2,"start":226,"end":429,"text":"We now describe two children of different ethnic background with total acid-labile subunit (ALS) and severe circulating IGF-I/IGFBP-3 deficiencies resulting from three novel mutations in the IGFALS gene.","terms":[{"ids":"UMLS:C0002736:T047:DISO","score":1.0,"id":1,"start":318,"end":321,"text":"ALS","terms":[]},{"ids":"UNIPROT:P05019:T116:PRGE|UNIPROT:P01343:T116:PRGE","score":0.7604893687451794,"id":2,"start":346,"end":359,"text":"IGF-I/IGFBP-3","terms":[]},{"ids":"UNIPROT:P35858:T116:PRGE","score":0.7604893687451794,"id":3,"start":417,"end":428,"text":"IGFALS gene","terms":[]}]},{"id":3,"start":430,"end":488,"text":"PATIENTS/METHODS: Serum and DNA of patients were analyzed.","terms":[]},{"id":4,"start":489,"end":542,"text":"RESULTS: Case 1 is a 12-year-old boy of Mayan origin.","terms":[]},{"id":5,"start":543,"end":682,"text":"Case 2 is a 5-year-old girl of Jewish/Eastern European (Polish, Russian, Austrian-Hungarian)/Icelandic/European (French, English) ancestry.","terms":[]},{"id":6,"start":683,"end":850,"text":"The reported cases had moderate short stature (-2.91 and -2.14 SDS, respectively), nondetectable serum ALS and extremely low serum concentrations of IGF-I and IGFBP-3.","terms":[{"ids":"UMLS:C0013336:T047:DISO","score":1.0,"id":1,"start":715,"end":728,"text":"short stature","terms":[]},{"ids":"UMLS:C0272170:T047:DISO","score":1.0,"id":2,"start":746,"end":749,"text":"SDS","terms":[]},{"ids":"UMLS:C0002736:T047:DISO","score":1.0,"id":3,"start":786,"end":789,"text":"ALS","terms":[]},{"ids":"UNIPROT:P05019:T116:PRGE|UNIPROT:P01343:T116:PRGE","score":0.667238707890577,"id":4,"start":832,"end":837,"text":"IGF-I","terms":[]}]},{"id":7,"start":851,"end":1035,"text":"Case 1 harbored a novel homozygous 1308_1316 dup9 mutation in a highly conserved leucine-rich repeat (LRR) 17 motif of exon 2, representing an in-frame insertion of 3 amino acids, LEL.","terms":[{"ids":"UMLS:C1846721:T047:DISO","score":1.0,"id":1,"start":1031,"end":1034,"text":"LEL","terms":[]}]},{"id":8,"start":1036,"end":1168,"text":"Case 2 harbored a novel heterozygous C60S/L244F mutation in exon 2, located within a highly conserved LRR 1 and LRR 9, respectively.","terms":[]},{"id":9,"start":1169,"end":1475,"text":"CONCLUSIONS: The identification of additional novel IGFALS mutations, resulting in severe IGF-I/IGFBP-3 and ALS deficiencies, supports IGFALS as a candidate gene of the GH/IGF system, implicated in the pathogenesis of primary IGF deficiency, and represents an important part of its differential diagnosis..","terms":[{"ids":"UNIPROT:P05019:T116:PRGE|UNIPROT:P01343:T116:PRGE","score":0.818143448637587,"id":1,"start":1259,"end":1272,"text":"IGF-I/IGFBP-3","terms":[]},{"ids":"UMLS:C0002736:T047:DISO|UNIPROT:Q96C11:T116:PRGE|UNIPROT:P35858:T116:PRGE|UNIPROT:P00441:T116:PRGE","score":1.0,"id":2,"start":1277,"end":1280,"text":"ALS","terms":[]},{"ids":"UNIPROT:Q92820:T116:PRGE|UNIPROT:P01241:T116:PRGE","score":0.818143448637587,"id":3,"start":1338,"end":1340,"text":"GH","terms":[]}]}]