[{"id":0,"start":0,"end":113,"text":"Identification of newly polymorphic intron 40 markers of the von Willebrand factor gene in a Japanese population.","terms":[{"ids":"UNIPROT:P04275:T116:PRGE","score":0.9979940775869126,"id":1,"start":61,"end":87,"text":"von Willebrand factor gene","terms":[{"ids":"UMLS:C0042974:T047:DISO","score":1.0,"id":1,"start":61,"end":75,"text":"von Willebrand","terms":[]}]}]},{"id":1,"start":114,"end":260,"text":"We investigated a region of repetitive DNA located in intron 40 of the von Willebrand factor (vWF) gene (nucleotides [nt] 1639-2404; i.e., F8VWF).","terms":[{"ids":"UNIPROT:P04275:T116:PRGE","score":0.7283183540709685,"id":1,"start":185,"end":206,"text":"von Willebrand factor","terms":[{"ids":"UMLS:C0042974:T047:DISO","score":1.0,"id":1,"start":185,"end":199,"text":"von Willebrand","terms":[]}]},{"ids":"UNIPROT:P04275:T116:PRGE","score":0.7283183540709685,"id":2,"start":208,"end":211,"text":"vWF","terms":[]}]},{"id":2,"start":261,"end":340,"text":"We identified 13 alleles and 33 genotypes in 49 unrelated Japanese individuals.","terms":[]},{"id":3,"start":341,"end":384,"text":"The heterozygosity of the region was 0.897.","terms":[]},{"id":4,"start":385,"end":621,"text":"Direct sequence analyses revealed five single-base substitutions, one tetranucleotide (TTAT) insertion, and seven short tandem repeats (STRs) in the intron; four of the STRs and one single-base substitution had been reported previously.","terms":[]},{"id":5,"start":622,"end":712,"text":"The four new base substitutions we identified were 1849T\u003eA, 2122C\u003eT, 2180C\u003eT, and 2192C\u003eT.","terms":[]},{"id":6,"start":713,"end":782,"text":"The novel TTAT tetranucleotide was inserted between nt 2057 and 2058.","terms":[]},{"id":7,"start":783,"end":875,"text":"The three newly identified STRs were 1978(TATC)(1-2), 2193(ATCT)(5-13), and 2234(TGTA)(5-7).","terms":[]},{"id":8,"start":876,"end":992,"text":"The five single-base substitutions and the TTAT insertion were identified only with 3\u0027 downstream of vWA allele 14..","terms":[]}]