[{"id":0,"start":0,"end":126,"text":"Phosphatidylinositol 3-kinase p85alpha regulatory subunit gene Met326Ile polymorphism in women with polycystic ovary syndrome.","terms":[{"ids":"UNIPROT:P42336:T116:PRGE|UNIPROT:Q8NEB9:T116:PRGE","score":0.5147328848442477,"id":1,"start":0,"end":29,"text":"Phosphatidylinositol 3-kinase","terms":[]},{"ids":"UNIPROT:Q9H3M7:T116:PRGE","score":0.5147328848442477,"id":2,"start":30,"end":62,"text":"p85alpha regulatory subunit gene","terms":[]},{"ids":"UMLS:C0032460:T047:DISO","score":1.0,"id":3,"start":100,"end":125,"text":"polycystic ovary syndrome","terms":[{"ids":"UMLS:C0029939:T023:ANAT|UMLS:C0227898:T023:ANAT","score":1.0,"id":1,"start":111,"end":116,"text":"ovary","terms":[]}]}]},{"id":1,"start":127,"end":212,"text":"BACKGROUND: Insulin resistance is a core feature of polycystic ovary syndrome (PCOS).","terms":[{"ids":"UNIPROT:P01308:T116:PRGE","score":0.9716172732264502,"id":1,"start":139,"end":146,"text":"Insulin","terms":[]},{"ids":"UMLS:C0032460:T047:DISO","score":1.0,"id":2,"start":179,"end":204,"text":"polycystic ovary syndrome","terms":[{"ids":"UMLS:C0029939:T023:ANAT|UMLS:C0227898:T023:ANAT","score":1.0,"id":1,"start":190,"end":195,"text":"ovary","terms":[]}]},{"ids":"UMLS:C0032460:T047:DISO","score":1.0,"id":3,"start":206,"end":210,"text":"PCOS","terms":[]}]},{"id":2,"start":213,"end":369,"text":"Phosphatidylinositol (PI) 3-kinase is an important enzyme in the early insulin signaling cascade and plays a key role in insulin-mediated glucose transport.","terms":[{"ids":"UNIPROT:P01308:T116:PRGE","score":0.6124275446075939,"id":1,"start":284,"end":291,"text":"insulin","terms":[]},{"ids":"UNIPROT:P01308:T116:PRGE","score":0.6124275446075939,"id":2,"start":334,"end":341,"text":"insulin","terms":[]}]},{"id":3,"start":370,"end":581,"text":"In its regulatory subunit, p85alpha, there is a common amino acid substitution (the Met326Ile polymorphism), and this amino acid may be crucial for the function of the p85alpha regulatory subunit and PI3-kinase.","terms":[{"ids":"UNIPROT:O75747:T116:PRGE|UNIPROT:Q8NEB9:T116:PRGE|UNIPROT:P48736:T116:PRGE","score":0.9586440016212392,"id":1,"start":570,"end":580,"text":"PI3-kinase","terms":[]}]},{"id":4,"start":582,"end":701,"text":"METHODS: Analysis of the Met326Ile polymorphism was carried out on DNA samples from 256 PCOS patients and 283 controls.","terms":[{"ids":"UMLS:C0032460:T047:DISO","score":1.0,"id":1,"start":670,"end":674,"text":"PCOS","terms":[]}]},{"id":5,"start":702,"end":771,"text":"Clinical and biochemical profiles of participants were also compared.","terms":[]},{"id":6,"start":772,"end":1036,"text":"RESULTS: The genotype distribution of the Met326Ile polymorphism in the PCOS group was not different from that of the controls (Met326Met/Met326Ile/Ile326Ile rates were 73.4%/23.4%/3.2% and 70.3%/26.1%/3.6% for the PCOS and control groups, respectively, P \u003d 0.72).","terms":[{"ids":"UMLS:C0032460:T047:DISO","score":1.0,"id":1,"start":844,"end":848,"text":"PCOS","terms":[]},{"ids":"UMLS:C0032460:T047:DISO","score":1.0,"id":2,"start":987,"end":991,"text":"PCOS","terms":[]}]},{"id":7,"start":1037,"end":1138,"text":"The PCOS group was divided into two subgroups according to the presence of the variant 326Ile allele.","terms":[{"ids":"UMLS:C0032460:T047:DISO","score":1.0,"id":1,"start":1041,"end":1045,"text":"PCOS","terms":[]}]},{"id":8,"start":1139,"end":1636,"text":"Compared with those carrying at least one variant 326Ile allele, carriers with the Met326Met genotype had higher serum 17-hydroxyprogesterone (17-OHP) {1.1 [95% confidence interval (CI) 1.1-1.3] ng/ml in those with the Met326Met genotype versus 0.8 (95% CI 0.7-1.0) ng/ml in those with Ile326Ile and Met326Ile genotypes, P \u003d 0.0073} and free testosterone levels [1.2 (95% CI 1.1-1.4) pg/ml for Met326Met genotype versus 0.9 (95% CI 0.6-1.3) pg/ml for Ile326Ile and Met326Ile genotypes, P \u003d 0.038].","terms":[]},{"id":9,"start":1637,"end":1872,"text":"CONCLUSIONS: Our results suggest that the PI3-kinase gene Met326Ile polymorphism may not be a major determinant for the development of PCOS, but it may modulate the concentrations of serum 17-OHP or free testosterone in PCOS patients..","terms":[{"ids":"UNIPROT:O75747:T116:PRGE|UNIPROT:Q8NEB9:T116:PRGE|UNIPROT:P48736:T116:PRGE","score":0.27123229309984737,"id":1,"start":1679,"end":1694,"text":"PI3-kinase gene","terms":[]},{"ids":"UMLS:C0032460:T047:DISO","score":1.0,"id":2,"start":1772,"end":1776,"text":"PCOS","terms":[]},{"ids":"UMLS:C0032460:T047:DISO","score":1.0,"id":3,"start":1857,"end":1861,"text":"PCOS","terms":[]}]}]