[{"id":0,"start":0,"end":109,"text":"Novel promoter and exon mutations of the BMPR2 gene in Chinese patients with pulmonary arterial hypertension.","terms":[{"ids":"UNIPROT:Q13873:T116:PRGE","score":0.9838253470184919,"id":1,"start":41,"end":51,"text":"BMPR2 gene","terms":[]},{"ids":"UMLS:C0152171:T047:DISO|UMLS:C2973725:T047:DISO","score":1.0,"id":2,"start":77,"end":108,"text":"pulmonary arterial hypertension","terms":[{"ids":"UMLS:C0024109:T023:ANAT","score":1.0,"id":1,"start":77,"end":86,"text":"pulmonary","terms":[]},{"ids":"UMLS:C0003842:T023:ANAT","score":1.0,"id":2,"start":87,"end":95,"text":"arterial","terms":[]}]}]},{"id":1,"start":110,"end":397,"text":"Pulmonary arterial hypertension (PAH), which is clinically characterized by a sustained elevation in mean pulmonary artery pressure leading to significant morbidity and mortality, is caused by intense remodeling of small pulmonary arteries by endothelial and smooth muscle proliferation.","terms":[{"ids":"UMLS:C0152171:T047:DISO","score":1.0,"id":1,"start":110,"end":141,"text":"Pulmonary arterial hypertension","terms":[{"ids":"UMLS:C0024109:T023:ANAT","score":1.0,"id":1,"start":110,"end":119,"text":"Pulmonary","terms":[]},{"ids":"UMLS:C0003842:T023:ANAT","score":1.0,"id":2,"start":120,"end":128,"text":"arterial","terms":[]}]},{"ids":"UMLS:C0152171:T047:DISO","score":1.0,"id":2,"start":143,"end":146,"text":"PAH","terms":[]},{"ids":"UMLS:C0034052:T023:ANAT","score":1.0,"id":3,"start":216,"end":232,"text":"pulmonary artery","terms":[]},{"ids":"UMLS:C0034052:T023:ANAT","score":1.0,"id":4,"start":331,"end":349,"text":"pulmonary arteries","terms":[]}]},{"id":2,"start":398,"end":616,"text":"Genetic studies in familial PAH (FPAH) have revealed heterozygous germline mutations in the bone morphogenetic protein type II receptor (BMPR2), a receptor for the transforming growth factor (TGF)-beta/BMP superfamily.","terms":[{"ids":"UMLS:C0152171:T047:DISO","score":1.0,"id":1,"start":426,"end":429,"text":"PAH","terms":[]},{"ids":"UNIPROT:Q9NQ76:T116:PRGE","score":0.2425508217687607,"id":2,"start":490,"end":533,"text":"bone morphogenetic protein type II receptor","terms":[{"ids":"UMLS:C0262950:T023:ANAT","score":1.0,"id":1,"start":490,"end":494,"text":"bone","terms":[]}]},{"ids":"UNIPROT:Q13873:T116:PRGE","score":0.2425508217687607,"id":3,"start":535,"end":540,"text":"BMPR2","terms":[]}]},{"id":3,"start":617,"end":827,"text":"In this study, we conducted mutation screening in the promoter region and the entire coding regions as well as the intron/exon boundaries of the BMPR2 gene in 20 Chinese patients with either idiopathic or FPAH.","terms":[{"ids":"UNIPROT:Q13873:T116:PRGE","score":0.9695414218507054,"id":1,"start":762,"end":772,"text":"BMPR2 gene","terms":[]}]},{"id":4,"start":828,"end":943,"text":"All novel detected mutations were excluded by their presence in a panel of 200 chromosomes from normal individuals.","terms":[]},{"id":5,"start":944,"end":1107,"text":"A novel mutation, G-669A, in the promoter sequence of the BMPR2 gene was identified in one patient with FPAH, and no exonic mutations were detected in the proband.","terms":[{"ids":"UNIPROT:Q13873:T116:PRGE","score":0.8295154099868225,"id":1,"start":1002,"end":1012,"text":"BMPR2 gene","terms":[]}]},{"id":6,"start":1108,"end":1366,"text":"This mutation abolished a potential specificity protein 3 (sp3) transcription factor-binding site, and a dual luciferase assay showed that the promoter carrying the -669A allele had significantly decreased transcriptional activity compared with -669G allele.","terms":[{"ids":"UNIPROT:Q02447:T116:PRGE","score":0.0,"id":1,"start":1144,"end":1165,"text":"specificity protein 3","terms":[]}]},{"id":7,"start":1367,"end":1695,"text":"Of the other 19 patients, three novel heterozygous exonic mutations were identified: a frame shift mutation with deletion of TG at the nucleotide position 608-609 in exon 5 (Leu203fsX15), a nonsense mutation at the nucleotide position 292 in exon 3 (Glu98X) and a missense single nucleotide substitution in exon 12 (Ser863Asn)..","terms":[{"ids":"UNIPROT:P22735:T116:PRGE","score":0.9264922205528341,"id":1,"start":1492,"end":1494,"text":"TG","terms":[]}]}]