[{"id":0,"start":0,"end":112,"text":"Mutation analysis of FOXF2 in patients with disorders of sex development (DSD) in combination with cleft palate.","terms":[{"ids":"UNIPROT:Q12947:T116:PRGE","score":0.5129867122260604,"id":1,"start":21,"end":26,"text":"FOXF2","terms":[]},{"ids":"UMLS:C0036875:T047:DISO","score":1.0,"id":2,"start":44,"end":72,"text":"disorders of sex development","terms":[]},{"ids":"UMLS:C0700374:T023:ANAT","score":1.0,"id":3,"start":105,"end":111,"text":"palate","terms":[]}]},{"id":1,"start":113,"end":334,"text":"In contrast to disorders of sexual differentiation caused by lack of androgen production or inhibited androgen action, defects affecting development of the bipotent genital anlagen have rarely been investigated in humans.","terms":[]},{"id":2,"start":335,"end":439,"text":"We have previously documented that the transcription factor FOXF2 is highly expressed in human foreskin.","terms":[{"ids":"UNIPROT:P35548:T116:PRGE|UNIPROT:P28069:T116:PRGE|UNIPROT:O60759:T116:PRGE|UNIPROT:Q15361:T116:PRGE|UNIPROT:Q13951:T116:PRGE|UNIPROT:O95644:T116:PRGE|UNIPROT:O15525:T116:PRGE|UNIPROT:Q02548:T116:PRGE|UNIPROT:P40763:T116:PRGE|UNIPROT:Q16254:T116:PRGE|UNIPROT:O15353:T116:PRGE|UNIPROT:Q14814:T116:PRGE|UNIPROT:P55316:T116:PRGE|UNIPROT:Q99081:T116:PRGE|UNIPROT:Q00403:T116:PRGE|UNIPROT:Q15562:T116:PRGE|UNIPROT:Q15329:T116:PRGE|UNIPROT:Q06889:T116:PRGE|UNIPROT:Q15561:T116:PRGE|UNIPROT:Q8NEM7:T116:PRGE|UNIPROT:Q9NPI6:T116:PRGE|UNIPROT:Q99594:T116:PRGE|UNIPROT:P35398:T116:PRGE","score":0.9010732410394829,"id":1,"start":374,"end":400,"text":"transcription factor FOXF2","terms":[]},{"ids":"UMLS:C0227952:T023:ANAT","score":1.0,"id":2,"start":430,"end":438,"text":"foreskin","terms":[]}]},{"id":3,"start":440,"end":551,"text":"Moreover, Foxf2 knockout mice present with cleft palate in combination with hypoplasia of the genital tubercle.","terms":[{"ids":"UMLS:C0700374:T023:ANAT","score":1.0,"id":1,"start":489,"end":495,"text":"palate","terms":[]},{"ids":"UMLS:C1184740:T023:ANAT","score":1.0,"id":2,"start":542,"end":550,"text":"tubercle","terms":[]}]},{"id":4,"start":552,"end":692,"text":"We hypothesized that humans with disorders of sex development (DSD) in combination with cleft palate could have mutations in the FOXF2 gene.","terms":[{"ids":"UMLS:C0036875:T047:DISO","score":1.0,"id":1,"start":585,"end":613,"text":"disorders of sex development","terms":[]},{"ids":"UMLS:C0700374:T023:ANAT","score":1.0,"id":2,"start":646,"end":652,"text":"palate","terms":[]},{"ids":"UNIPROT:Q12947:T116:PRGE","score":0.9882981806785266,"id":3,"start":681,"end":691,"text":"FOXF2 gene","terms":[]}]},{"id":5,"start":693,"end":803,"text":"Eighteen children with DSD and cleft palate were identified in the L  beck DSD database (about 1,500 entries).","terms":[{"ids":"UMLS:C0700374:T023:ANAT","score":1.0,"id":1,"start":730,"end":736,"text":"palate","terms":[]}]},{"id":6,"start":804,"end":943,"text":"Genomic DNA sequence analysis of the FOXF2 gene was performed and compared with 10 normal female and 10 normal male controls, respectively.","terms":[{"ids":"UNIPROT:Q12947:T116:PRGE","score":0.9977626208454038,"id":1,"start":841,"end":851,"text":"FOXF2 gene","terms":[]}]},{"id":7,"start":944,"end":1210,"text":"Two heterozygous DNA sequence variations were solely present in one single patient each but in none of the 20 normal controls: a duplication of GCC (c.97GCC[9]+[10]) resulting in an extra alanine within exon 1 and a 25*G\u003eA substitution in the 3\u0027-untranslated region.","terms":[]},{"id":8,"start":1211,"end":1343,"text":"Two patients carried a c.262G\u003eA sequence variation predicting for an Ala88Thr exchange which was also detected in 2 normal controls.","terms":[]},{"id":9,"start":1344,"end":1513,"text":"Two silent mutations, c.1272C\u003eT (Ser424Ser) and c.1284T\u003eC (Tyr428Tyr), respectively, occurred in the coding region of exon 2, again in both patients and normal controls.","terms":[]},{"id":10,"start":1514,"end":1635,"text":"In conclusion, the majority of the detected sequence alterations were polymorphisms without obvious functional relevance.","terms":[]},{"id":11,"start":1636,"end":1847,"text":"However, it cannot be excluded that the 2 unique DNA sequence alterations could have affected FOXF2 on the mRNA or protein level thus contributing to the observed disturbances in genital and palate development..","terms":[{"ids":"UNIPROT:Q12947:T116:PRGE","score":0.557000868296617,"id":1,"start":1730,"end":1735,"text":"FOXF2","terms":[]},{"ids":"UMLS:C0700374:T023:ANAT","score":1.0,"id":2,"start":1827,"end":1833,"text":"palate","terms":[]}]}]