[{"id":0,"start":0,"end":118,"text":"Genetic polymorphism in chemokine CCL22 and susceptibility to Helicobacter pylori infection-related gastric carcinoma.","terms":[{"ids":"UMLS:C0850666:T047:DISO","score":1.0,"id":1,"start":62,"end":91,"text":"Helicobacter pylori infection","terms":[]},{"ids":"UMLS:C0038351:T023:ANAT","score":1.0,"id":2,"start":100,"end":107,"text":"gastric","terms":[]}]},{"id":1,"start":119,"end":332,"text":"BACKGROUND: Gastric carcinoma is widely considered to be related to Helicobacter pylori infection, and the chemokine (C-C motif) ligand 22 (CCL22) plays an important role in suppressing immune responses against H.","terms":[{"ids":"UMLS:C0038351:T023:ANAT","score":1.0,"id":1,"start":131,"end":138,"text":"Gastric","terms":[]},{"ids":"UMLS:C0850666:T047:DISO","score":1.0,"id":2,"start":187,"end":216,"text":"Helicobacter pylori infection","terms":[]}]},{"id":2,"start":333,"end":356,"text":"pylori and tumor cells.","terms":[]},{"id":3,"start":357,"end":508,"text":"In this study, the authors examined the association between single nucleotide polymorphisms (SNPs) in the CCL22 gene and the risk of gastric carcinoma.","terms":[{"ids":"UNIPROT:O00626:T116:PRGE","score":0.9642110383910208,"id":1,"start":463,"end":473,"text":"CCL22 gene","terms":[]},{"ids":"UMLS:C0038351:T023:ANAT","score":1.0,"id":2,"start":490,"end":497,"text":"gastric","terms":[]}]},{"id":4,"start":509,"end":611,"text":"METHODS: Information on SNPs in the CCL22 coding region was obtained from the HapMap Project database.","terms":[{"ids":"UNIPROT:O00626:T116:PRGE","score":0.6568983494397548,"id":1,"start":545,"end":550,"text":"CCL22","terms":[]}]},{"id":5,"start":612,"end":849,"text":"Genotypes were determined in a case-control cohort that consisted of 1001 patients with gastric carcinoma and 1066 controls, and odds ratios (ORs) and 95% confidence intervals (95% CIs) were computed by using a logistic regression model.","terms":[{"ids":"UMLS:C0038351:T023:ANAT","score":1.0,"id":1,"start":700,"end":707,"text":"gastric","terms":[]}]},{"id":6,"start":850,"end":858,"text":"Serum H.","terms":[]},{"id":7,"start":859,"end":942,"text":"pylori antibody levels were measured by using an enzyme-linked immunosorbent assay.","terms":[]},{"id":8,"start":943,"end":986,"text":"RESULTS: The 16C--\u003eA SNP (reference SNP no.","terms":[]},{"id":9,"start":987,"end":1186,"text":"4359426) in exon 1 of the CCL22 gene, which causes a 2 aspartate (2Asp) to 2 alanine (2Ala) substitution in the CCL22 protein, was associated with a significantly increased risk of gastric carcinoma.","terms":[{"ids":"UNIPROT:O00626:T116:PRGE","score":0.816352969350285,"id":1,"start":1013,"end":1023,"text":"CCL22 gene","terms":[]},{"ids":"UNIPROT:O00626:T116:PRGE","score":0.816352969350285,"id":2,"start":1099,"end":1112,"text":"CCL22 protein","terms":[]},{"ids":"UMLS:C0038351:T023:ANAT","score":1.0,"id":3,"start":1168,"end":1175,"text":"gastric","terms":[]}]},{"id":10,"start":1187,"end":1337,"text":"Individuals who were homozygous for the Ala/Ala genotype had an OR of 2.27 (95% CI, 1.28-4.02) compared with individuals who had the Asp/Asp genotype.","terms":[{"ids":"UNIPROT:P78543:T116:PRGE|UNIPROT:Q9H1Y0:T116:PRGE|UNIPROT:Q96C74:T116:PRGE|UNIPROT:P01024:T116:PRGE|UNIPROT:P45381:T116:PRGE|UNIPROT:P42127:T116:PRGE","score":0.8841829429085316,"id":1,"start":1320,"end":1336,"text":"Asp/Asp genotype","terms":[]}]},{"id":11,"start":1338,"end":1555,"text":"Stratification analysis indicated that the association was more pronounced among men (OR, 2.64; 95% CI, 1.29-5.41) and among younger individuals (OR, 2.85; 95% CI, 1.36-5.96) compared with women and older individuals.","terms":[]},{"id":12,"start":1556,"end":1624,"text":"Moreover, a multiplicative joint effect between the CCL22 SNP and H.","terms":[{"ids":"UNIPROT:O00626:T116:PRGE","score":0.5979125046265594,"id":1,"start":1608,"end":1617,"text":"CCL22 SNP","terms":[]}]},{"id":13,"start":1625,"end":1733,"text":"pylori infection that intensified the risk was observed (OR for the presence of both Ala/Ala genotype and H.","terms":[{"ids":"UMLS:C0021311:T047:DISO|UMLS:C0009450:T047:DISO","score":1.0,"id":1,"start":1632,"end":1641,"text":"infection","terms":[]}]},{"id":14,"start":1734,"end":1780,"text":"pylori infection, 18.37; 95% CI, 2.30-146.67).","terms":[{"ids":"UMLS:C0021311:T047:DISO|UMLS:C0009450:T047:DISO","score":1.0,"id":1,"start":1741,"end":1750,"text":"infection","terms":[]}]},{"id":15,"start":1781,"end":1912,"text":"CONCLUSIONS: The results from this study suggested that the CCL22 polymorphism is associated with an increase risk of developing H.","terms":[{"ids":"UNIPROT:O00626:T116:PRGE","score":0.6588848927844012,"id":1,"start":1841,"end":1846,"text":"CCL22","terms":[]}]},{"id":16,"start":1913,"end":1957,"text":"pylori infection-related gastric carcinoma..","terms":[{"ids":"UMLS:C0021311:T047:DISO|UMLS:C0009450:T047:DISO","score":1.0,"id":1,"start":1920,"end":1929,"text":"infection","terms":[]},{"ids":"UMLS:C0038351:T023:ANAT","score":1.0,"id":2,"start":1938,"end":1945,"text":"gastric","terms":[]}]}]