[{"id":0,"start":0,"end":84,"text":"Macular corneal dystrophy in a Chinese family related with novel mutations of CHST6.","terms":[{"ids":"UMLS:C0024439:T047:DISO","score":1.0,"id":1,"start":0,"end":25,"text":"Macular corneal dystrophy","terms":[]},{"ids":"UNIPROT:Q9GZX3:T116:PRGE","score":0.9827889158790687,"id":2,"start":78,"end":83,"text":"CHST6","terms":[]}]},{"id":1,"start":85,"end":296,"text":"PURPOSE: To identify mutations in the carbohydrate sulfotransferase gene (CHST6) for a Chinese family with macular corneal dystrophy (MCD) and to investigate the histopathological changes in the affected cornea.","terms":[{"ids":"UNIPROT:O00338:T116:PRGE","score":0.9867136486635442,"id":1,"start":123,"end":157,"text":"carbohydrate sulfotransferase gene","terms":[]},{"ids":"UNIPROT:Q9GZX3:T116:PRGE","score":0.9867136486635442,"id":2,"start":159,"end":164,"text":"CHST6","terms":[]},{"ids":"UMLS:C0024439:T047:DISO","score":1.0,"id":3,"start":192,"end":217,"text":"macular corneal dystrophy","terms":[]},{"ids":"UMLS:C1636149:T047:DISO","score":1.0,"id":4,"start":219,"end":222,"text":"MCD","terms":[]},{"ids":"UMLS:C0010031:T023:ANAT","score":1.0,"id":5,"start":289,"end":295,"text":"cornea","terms":[]}]},{"id":2,"start":297,"end":379,"text":"METHODS: A corneal button of the proband was obtained by penetrating keratoplasty.","terms":[]},{"id":3,"start":380,"end":553,"text":"The half button and ultrathin sections from the other half button were examined with special stains under a light microscope (LM) and an electron microscope (EM) separately.","terms":[]},{"id":4,"start":554,"end":715,"text":"Genomic DNA was extracted from peripheral blood of 11 family members, and the coding region of CHST6 was amplified by the polymerase chain reaction (PCR) method.","terms":[{"ids":"UNIPROT:Q9GZX3:T116:PRGE","score":0.945697214319685,"id":1,"start":649,"end":654,"text":"CHST6","terms":[]}]},{"id":5,"start":716,"end":801,"text":"The PCR products were analyzed by direct sequencing and restriction enzyme digestion.","terms":[]},{"id":6,"start":802,"end":942,"text":"RESULTS: The positive reaction to colloidal iron stain (extracellular blue accumulations in the stroma) was detected under light microscopy.","terms":[{"ids":"UMLS:C0927195:T023:ANAT","score":1.0,"id":1,"start":898,"end":904,"text":"stroma","terms":[]}]},{"id":7,"start":943,"end":1079,"text":"Transmission electron microscopy revealed the enlargement of smooth endoplasmic reticulum and the presence of intracytoplasmic vacuoles.","terms":[{"ids":"UMLS:C0035295:T023:ANAT","score":1.0,"id":1,"start":1023,"end":1032,"text":"reticulum","terms":[]}]},{"id":8,"start":1080,"end":1194,"text":"The compound heterozygous mutations, c.892C\u003eT and c.1072T\u003eC, were identified in exon 3 of CHST6 in three patients.","terms":[{"ids":"UNIPROT:Q9GZX3:T116:PRGE","score":0.4450200088026269,"id":1,"start":1170,"end":1175,"text":"CHST6","terms":[]}]},{"id":9,"start":1195,"end":1369,"text":"The two transversions resulted in the substitution of a stop codon for glutamine at codon 298 (p.Q298X) and a missense mutation at codon 358, tyrosine to histidine (p.Y358H).","terms":[]},{"id":10,"start":1370,"end":1451,"text":"The six unaffected family individuals carried alternative heterozygous mutations.","terms":[]},{"id":11,"start":1452,"end":1525,"text":"These two mutations were not detected in any of the 100 control subjects.","terms":[]},{"id":12,"start":1526,"end":1740,"text":"CONCLUSIONS: Those novel compound heterozygous mutations were thought to contribute to the loss of CHST6 function, which induced the abnormal metabolism of keratan sulfate (KS) that deposited in the corneal stroma.","terms":[{"ids":"UNIPROT:Q9GZX3:T116:PRGE","score":0.9839147065921255,"id":1,"start":1625,"end":1630,"text":"CHST6","terms":[]},{"ids":"UMLS:C0010040:T023:ANAT","score":1.0,"id":2,"start":1725,"end":1739,"text":"corneal stroma","terms":[]}]},{"id":13,"start":1741,"end":1896,"text":"It could be proved by the observation of a positive stain reaction and the enlarged collagen fibers as well as hyperplastic fibroblasts under microscopes..","terms":[]}]