[{"id":0,"start":0,"end":189,"text":"Identification and molecular characterization of six novel mutations in the UDP-N-acetylglucosamine-1-phosphotransferase gamma subunit (GNPTG) gene in patients with mucolipidosis III gamma.","terms":[{"ids":"UNIPROT:Q09327:T116:PRGE","score":0.7530428182810568,"id":1,"start":76,"end":147,"text":"UDP-N-acetylglucosamine-1-phosphotransferase gamma subunit (GNPTG) gene","terms":[]},{"ids":"UMLS:C1854896:T047:DISO","score":1.0,"id":2,"start":165,"end":188,"text":"mucolipidosis III gamma","terms":[]}]},{"id":1,"start":190,"end":298,"text":"Mucolipidosis type III (MLIII) is an autosomal recessive disorder affecting lysosomal hydrolase trafficking.","terms":[{"ids":"UMLS:C0033788:T047:DISO","score":1.0,"id":1,"start":190,"end":212,"text":"Mucolipidosis type III","terms":[]}]},{"id":2,"start":299,"end":452,"text":"In a study of 10 patients from seven families with a clinical phenotype and enzymatic diagnosis of MLIII, six novel GNPTG gene mutations were identified.","terms":[{"ids":"UNIPROT:Q9UJJ9:T116:PRGE","score":0.7319808976553559,"id":1,"start":415,"end":425,"text":"GNPTG gene","terms":[]}]},{"id":3,"start":453,"end":619,"text":"These included missense (p.T286M) and nonsense (p.W111X) mutations and a transition in the obligate AG-dinucleotide of the intron 8 acceptor splice site (c.610-2A\u003eG).","terms":[]},{"id":4,"start":620,"end":815,"text":"Three microdeletions were also identified, two of which (c.611delG and c.640_667del28) were located within the coding region whereas one (c.609+28_610-16del) was located entirely within intron 8.","terms":[]},{"id":5,"start":816,"end":980,"text":"RT-PCR analysis of the c.610-2A\u003eG transition demonstrated that the change altered splicing, leading to the production of two distinct aberrantly spliced forms, viz.","terms":[]},{"id":6,"start":981,"end":1072,"text":"the skipping of exon 9 (p.G204_K247del) or the retention of introns 8 and 9 (p.G204VfsX28).","terms":[]},{"id":7,"start":1073,"end":1215,"text":"RT-PCR analysis, performed on a patient homozygous for the intronic deletion (c.609+28_610-16del), failed to detect any GNPTG RNA transcripts.","terms":[{"ids":"UNIPROT:Q9UJJ9:T116:PRGE","score":0.6603008040265119,"id":1,"start":1193,"end":1214,"text":"GNPTG RNA transcripts","terms":[]}]},{"id":8,"start":1216,"end":1418,"text":"To determine whether c.609+28_610-16del allele-derived transcripts were subject to nonsense-mediated mRNA decay (NMD), patient fibroblasts were incubated with the protein synthesis inhibitor anisomycin.","terms":[]},{"id":9,"start":1419,"end":1552,"text":"An RT-PCR fragment retaining 43 bp of intron 8 was consistently detected suggesting that the 33-bp genomic deletion had elicited NMD.","terms":[]},{"id":10,"start":1553,"end":1735,"text":"Quantitative real-time PCR and GNPTG western blot analysis confirmed that the homozygous microdeletion p.G204VfsX17 had elicited NMD resulting in failure to synthesize GNPTG protein.","terms":[{"ids":"UNIPROT:Q9UJJ9:T116:PRGE","score":0.8574541686260853,"id":1,"start":1721,"end":1734,"text":"GNPTG protein","terms":[]}]},{"id":11,"start":1736,"end":1926,"text":"Analysis of the sequences surrounding the microdeletion breakpoints revealed either intrinsic repetitivity of the deleted region or short direct repeats adjacent to the breakpoint junctions.","terms":[]},{"id":12,"start":1927,"end":2174,"text":"This is consistent with these repeats having mediated the microdeletions via replication slippage and supports the view that the mutational spectrum of the GNPTG gene is strongly influenced by the properties of the local DNA sequence environment..","terms":[{"ids":"UNIPROT:Q9UJJ9:T116:PRGE","score":0.9784269333355082,"id":1,"start":2083,"end":2093,"text":"GNPTG gene","terms":[]}]}]