[{"id":0,"start":0,"end":101,"text":"The first founder DGUOK mutation associated with hepatocerebral mitochondrial DNA depletion syndrome.","terms":[{"ids":"UMLS:C0263541:T047:DISO","score":1.0,"id":1,"start":10,"end":17,"text":"founder","terms":[]},{"ids":"UMLS:C0342782:T047:DISO","score":1.0,"id":2,"start":64,"end":91,"text":"mitochondrial DNA depletion","terms":[]},{"ids":"UMLS:C0039082:T047:DISO","score":1.0,"id":3,"start":92,"end":100,"text":"syndrome","terms":[]}]},{"id":1,"start":102,"end":235,"text":"Deoxyguanosine kinase (dGK) deficiency is a frequent cause of mitochondrial DNA depletion associated with a hepatocerebral phenotype.","terms":[{"ids":"UNIPROT:Q16854:T116:PRGE","score":0.9644687051157065,"id":1,"start":102,"end":123,"text":"Deoxyguanosine kinase","terms":[]},{"ids":"UNIPROT:O75912:T116:PRGE|UNIPROT:Q86XP1:T116:PRGE|UNIPROT:Q53H12:T116:PRGE|UNIPROT:P52824:T116:PRGE|UNIPROT:P49619:T116:PRGE|UNIPROT:Q16760:T116:PRGE|UNIPROT:P23743:T116:PRGE|UNIPROT:Q13574:T116:PRGE|UNIPROT:P52429:T116:PRGE|UNIPROT:Q16854:T116:PRGE|UNIPROT:Q5KSL6:T116:PRGE","score":0.9644687051157065,"id":2,"start":125,"end":128,"text":"dGK","terms":[]},{"ids":"UMLS:C0342782:T047:DISO","score":1.0,"id":3,"start":164,"end":191,"text":"mitochondrial DNA depletion","terms":[]}]},{"id":2,"start":236,"end":383,"text":"In this study, we describe a new splice site mutation in the DGUOK gene and the clinical, radiologic, and genetic features of these DGUOK patients.","terms":[{"ids":"UNIPROT:Q16854:T116:PRGE","score":0.6281011818171004,"id":1,"start":297,"end":307,"text":"DGUOK gene","terms":[]}]},{"id":3,"start":384,"end":603,"text":"This new DGUOK homozygous mutation (c.444-62C\u003eA) was identified in three patients from two North-African consanguineous families with combined respiratory chain deficiencies and mitochondrial DNA depletion in the liver.","terms":[{"ids":"UNIPROT:Q16854:T116:PRGE","score":0.4621114241421266,"id":1,"start":393,"end":398,"text":"DGUOK","terms":[]},{"ids":"UMLS:C0949857:T047:DISO","score":1.0,"id":2,"start":527,"end":557,"text":"respiratory chain deficiencies","terms":[]},{"ids":"UMLS:C0342782:T047:DISO","score":1.0,"id":3,"start":562,"end":589,"text":"mitochondrial DNA depletion","terms":[]},{"ids":"UMLS:C0023884:T023:ANAT","score":1.0,"id":4,"start":597,"end":602,"text":"liver","terms":[]}]},{"id":4,"start":604,"end":662,"text":"Brain MRIs are normal in DGUOK patients in the literature.","terms":[{"ids":"UMLS:C0006104:T023:ANAT","score":1.0,"id":1,"start":604,"end":609,"text":"Brain","terms":[]}]},{"id":5,"start":663,"end":790,"text":"Interestingly, we found subtentorial abnormal myelination and moderate hyperintensity in the bilateral pallidi in our patients.","terms":[]},{"id":6,"start":791,"end":961,"text":"This new mutation creates a cryptic splice site in intron 3 (in position -62) and is predicted to result in a larger protein with an in-frame insertion of 20 amino acids.","terms":[]},{"id":7,"start":962,"end":1200,"text":"In silico analysis of the putative impact of the insertion shows serious clashes in protein conformation: this insertion disrupts the alpha5 helix of the dGK kinase domain, rendering the protein unable to bind purine deoxyribonucleosides.","terms":[{"ids":"UMLS:C0229304:T023:ANAT","score":1.0,"id":1,"start":1103,"end":1108,"text":"helix","terms":[]},{"ids":"UNIPROT:O75912:T116:PRGE|UNIPROT:Q86XP1:T116:PRGE|UNIPROT:Q53H12:T116:PRGE|UNIPROT:P52824:T116:PRGE|UNIPROT:P49619:T116:PRGE|UNIPROT:Q16760:T116:PRGE|UNIPROT:P23743:T116:PRGE|UNIPROT:Q13574:T116:PRGE|UNIPROT:P52429:T116:PRGE|UNIPROT:Q16854:T116:PRGE|UNIPROT:Q5KSL6:T116:PRGE","score":0.8251543564561755,"id":2,"start":1116,"end":1133,"text":"dGK kinase domain","terms":[]}]},{"id":8,"start":1201,"end":1418,"text":"In addition, a common haplotype that segregated with the disease in both families was detected by haplotype reconstruction with 10 markers (microsatellites and SNPs), which span 4.6 Mb of DNA covering the DGUOK locus.","terms":[{"ids":"UNIPROT:Q16854:T116:PRGE","score":0.9564207361823207,"id":1,"start":1406,"end":1417,"text":"DGUOK locus","terms":[]}]},{"id":9,"start":1419,"end":1611,"text":"In conclusion, we report a new DGUOK splice site mutation that provide insight into a critical protein domain (dGK kinase domain) and the first founder mutation in a North-African population..","terms":[{"ids":"UNIPROT:O75912:T116:PRGE|UNIPROT:Q86XP1:T116:PRGE|UNIPROT:Q53H12:T116:PRGE|UNIPROT:P52824:T116:PRGE|UNIPROT:P49619:T116:PRGE|UNIPROT:Q16760:T116:PRGE|UNIPROT:P23743:T116:PRGE|UNIPROT:Q13574:T116:PRGE|UNIPROT:P52429:T116:PRGE|UNIPROT:Q16854:T116:PRGE|UNIPROT:Q5KSL6:T116:PRGE","score":0.873790168766587,"id":1,"start":1530,"end":1547,"text":"dGK kinase domain","terms":[]},{"ids":"UMLS:C0263541:T047:DISO","score":1.0,"id":2,"start":1563,"end":1570,"text":"founder","terms":[]}]}]