[{"id":0,"start":0,"end":88,"text":"A large Swiss family with Bernard-Soulier syndrome - Correlation phenotype and genotype.","terms":[{"ids":"UMLS:C0005129:T047:DISO","score":1.0,"id":1,"start":26,"end":50,"text":"Bernard-Soulier syndrome","terms":[]}]},{"id":1,"start":89,"end":250,"text":"Bernard-Soulier syndrome (BSS) is a rare, autosomal recessive inherited bleeding disorder associated with thrombocytopenia, thrombocytopathy and giant platelets.","terms":[{"ids":"UMLS:C0005129:T047:DISO","score":1.0,"id":1,"start":89,"end":113,"text":"Bernard-Soulier syndrome","terms":[]},{"ids":"UMLS:C0005129:T047:DISO","score":1.0,"id":2,"start":115,"end":118,"text":"BSS","terms":[]},{"ids":"UMLS:C0005779:T047:DISO","score":1.0,"id":3,"start":161,"end":178,"text":"bleeding disorder","terms":[]},{"ids":"UMLS:C0040034:T047:DISO","score":1.0,"id":4,"start":195,"end":211,"text":"thrombocytopenia","terms":[]},{"ids":"UMLS:C0005818:T047:DISO","score":1.0,"id":5,"start":213,"end":229,"text":"thrombocytopathy","terms":[]},{"ids":"UMLS:C0017547:T047:DISO","score":1.0,"id":6,"start":234,"end":239,"text":"giant","terms":[]}]},{"id":2,"start":251,"end":329,"text":"BSS is caused by genetic alterations of the glycoprotein (GP) Ib/V/IX complex.","terms":[{"ids":"UMLS:C0005129:T047:DISO|UMLS:C1857941:T047:DISO|UNIPROT:Q9NQC7:T116:PRGE|UNIPROT:P07359:T116:PRGE","score":1.0,"id":1,"start":251,"end":254,"text":"BSS","terms":[]}]},{"id":3,"start":330,"end":408,"text":"We report on a large Swiss family of whom four family members suffer from BSS.","terms":[{"ids":"UMLS:C0005129:T047:DISO|UMLS:C1857941:T047:DISO","score":1.0,"id":1,"start":404,"end":407,"text":"BSS","terms":[]}]},{"id":4,"start":409,"end":560,"text":"Here, a homozygous missense mutation in position 1829 (A(R)G) of the GPIX gene constituting a N45S substitution is the cause for the bleeding symptoms.","terms":[{"ids":"UNIPROT:P14770:T116:PRGE","score":0.641253006274514,"id":1,"start":478,"end":487,"text":"GPIX gene","terms":[]}]},{"id":5,"start":561,"end":718,"text":"A total of 38 family members within two generations were analyzed regarding the N45S mutation by DNA sequencing and restriction fragment length polymorphism.","terms":[]},{"id":6,"start":719,"end":930,"text":"The laboratory parameters which are characteristically for BSS such as platelet count, platelet volume and the expression of CD42a (GPIX), CD42b (GPIbalpha) and CD41 (GPIIb) were measured for all 38 individuals.","terms":[{"ids":"UMLS:C0005129:T047:DISO|UMLS:C1857941:T047:DISO","score":1.0,"id":1,"start":778,"end":781,"text":"BSS","terms":[]},{"ids":"UNIPROT:P14770:T116:PRGE","score":0.5626123740967375,"id":2,"start":844,"end":849,"text":"CD42a","terms":[]},{"ids":"UNIPROT:P14770:T116:PRGE","score":0.5626123740967375,"id":3,"start":851,"end":855,"text":"GPIX","terms":[]},{"ids":"UNIPROT:P07359:T116:PRGE","score":0.5626123740967375,"id":4,"start":858,"end":863,"text":"CD42b","terms":[]},{"ids":"UNIPROT:P08514:T116:PRGE","score":0.5626123740967375,"id":5,"start":880,"end":884,"text":"CD41","terms":[]},{"ids":"UNIPROT:P08514:T116:PRGE","score":0.5626123740967375,"id":6,"start":886,"end":891,"text":"GPIIb","terms":[]}]},{"id":7,"start":931,"end":1023,"text":"The four homozygous patients showed bleeding symptoms, thrombocytopenia and giant platelets.","terms":[{"ids":"UMLS:C0040034:T047:DISO","score":1.0,"id":1,"start":986,"end":1002,"text":"thrombocytopenia","terms":[]},{"ids":"UMLS:C0017547:T047:DISO","score":1.0,"id":2,"start":1007,"end":1012,"text":"giant","terms":[]}]},{"id":8,"start":1024,"end":1108,"text":"In these patients, the expression of CD42a (GPIX), CD42b (GPIbalpha) was diminished.","terms":[{"ids":"UNIPROT:P14770:T116:PRGE","score":0.7735617059106861,"id":1,"start":1061,"end":1066,"text":"CD42a","terms":[]},{"ids":"UNIPROT:P14770:T116:PRGE","score":0.7735617059106861,"id":2,"start":1068,"end":1072,"text":"GPIX","terms":[]},{"ids":"UNIPROT:P07359:T116:PRGE","score":0.7735617059106861,"id":3,"start":1075,"end":1080,"text":"CD42b","terms":[]}]},{"id":9,"start":1109,"end":1251,"text":"Interestingly, the intensity of the bleeding symptoms of the 4 homozygous family members seemed to vary although they carry the same mutation.","terms":[]},{"id":10,"start":1252,"end":1401,"text":"The 24 heterozygous carriers did not differ significantly from their 10 wildtype family members regarding bleeding symptoms and laboratory analysis..","terms":[]}]