[{"id":0,"start":0,"end":78,"text":"A novel ATP7A gross deletion mutation in a Korean patient with Menkes disease.","terms":[{"ids":"UNIPROT:Q04656:T116:PRGE","score":0.9199519872168203,"id":1,"start":8,"end":13,"text":"ATP7A","terms":[]},{"ids":"UMLS:C0022716:T047:DISO","score":1.0,"id":2,"start":63,"end":77,"text":"Menkes disease","terms":[]}]},{"id":1,"start":79,"end":243,"text":"Menkes disease (MD, MIM 309400) is a fatal X-linked recessive disorder that is caused by mutations in the gene encoding ATP7A, a copper-transporting, P-type ATPase.","terms":[{"ids":"UMLS:C0022716:T047:DISO","score":1.0,"id":1,"start":79,"end":93,"text":"Menkes disease","terms":[]},{"ids":"UMLS:C0026850:T047:DISO|UMLS:C0228329:T023:ANAT","score":1.0,"id":2,"start":95,"end":97,"text":"MD","terms":[]},{"ids":"UNIPROT:Q9H3M7:T116:PRGE","score":0.9089340336750572,"id":3,"start":185,"end":204,"text":"gene encoding ATP7A","terms":[]},{"ids":"UNIPROT:Q13326:T116:PRGE|UNIPROT:P38405:T116:PRGE","score":0.9089340336750572,"id":4,"start":229,"end":242,"text":"P-type ATPase","terms":[]}]},{"id":2,"start":244,"end":363,"text":"Patients with MD are characterized by progressive hypotonia, seizures, failure to thrive, and death in early childhood.","terms":[{"ids":"UMLS:C0026850:T047:DISO|UMLS:C0228329:T023:ANAT","score":1.0,"id":1,"start":258,"end":260,"text":"MD","terms":[]},{"ids":"UMLS:C0015544:T047:DISO","score":1.0,"id":2,"start":315,"end":332,"text":"failure to thrive","terms":[]}]},{"id":3,"start":364,"end":456,"text":"Two Korean patients were diagnosed with Menkes disease by clinical and biochemical findings.","terms":[{"ids":"UMLS:C0022716:T047:DISO","score":1.0,"id":1,"start":404,"end":418,"text":"Menkes disease","terms":[]}]},{"id":4,"start":457,"end":545,"text":"We found one missense mutation and one gross deletion in the ATP7A gene in the patients.","terms":[{"ids":"UNIPROT:Q04656:T116:PRGE","score":0.9748432920521443,"id":1,"start":518,"end":528,"text":"ATP7A gene","terms":[]}]},{"id":5,"start":546,"end":651,"text":"The missense mutation in Patient 1, c.3943G\u003eA (p.G1315R) in exon 20, was identified in a previous report.","terms":[]},{"id":6,"start":652,"end":730,"text":"Patient 2 had a gross deletion of c.1544-?_2916+?, which was a novel mutation.","terms":[]},{"id":7,"start":731,"end":807,"text":"The patients\u0027 mothers were shown to be carriers of the respective mutations.","terms":[]},{"id":8,"start":808,"end":935,"text":"Prenatal DNA diagnosis in the family of Patient 2 was successfully performed, showing a male fetus with the wild-type genotype.","terms":[]},{"id":9,"start":936,"end":1034,"text":"The gross deletion is the first mutation to be identified in the ATP7A gene in Korean MD patients.","terms":[{"ids":"UNIPROT:Q04656:T116:PRGE","score":0.948474543078701,"id":1,"start":1001,"end":1011,"text":"ATP7A gene","terms":[]},{"ids":"UMLS:C0026850:T047:DISO|UMLS:C0228329:T023:ANAT","score":1.0,"id":2,"start":1022,"end":1024,"text":"MD","terms":[]}]},{"id":10,"start":1035,"end":1164,"text":"We expect that our findings will be helpful in understanding the wide range of genetic variation in ATP7A in Korean MD patients..","terms":[{"ids":"UNIPROT:Q04656:T116:PRGE","score":0.9012432668761129,"id":1,"start":1135,"end":1140,"text":"ATP7A","terms":[]},{"ids":"UMLS:C0026850:T047:DISO|UMLS:C0228329:T023:ANAT","score":1.0,"id":2,"start":1151,"end":1153,"text":"MD","terms":[]}]}]