[{"id":0,"start":0,"end":97,"text":"RPGR ORF15 genotype and clinical variability of retinal degeneration in an Australian population.","terms":[{"ids":"UNIPROT:Q92834:T116:PRGE","score":0.9314512951408601,"id":1,"start":0,"end":19,"text":"RPGR ORF15 genotype","terms":[]},{"ids":"UMLS:C0035304:T047:DISO","score":1.0,"id":2,"start":48,"end":68,"text":"retinal degeneration","terms":[{"ids":"UMLS:C0035298:T023:ANAT","score":1.0,"id":1,"start":48,"end":55,"text":"retinal","terms":[]}]}]},{"id":1,"start":98,"end":293,"text":"BACKGROUND: Mutations in the retinitis pigmentosa GTPase regulator gene (RPGR) are estimated to cause up to 20% of all Caucasian retinitis pigmentosa and up to 75% of cases of X-Linked RP (XLRP).","terms":[{"ids":"UNIPROT:O43186:T116:PRGE|UNIPROT:Q92834:T116:PRGE","score":0.6785290964567549,"id":1,"start":127,"end":169,"text":"retinitis pigmentosa GTPase regulator gene","terms":[{"ids":"UMLS:C0035334:T047:DISO","score":1.0,"id":1,"start":127,"end":147,"text":"retinitis pigmentosa","terms":[]}]},{"ids":"UNIPROT:Q92834:T116:PRGE","score":0.6785290964567549,"id":2,"start":171,"end":175,"text":"RPGR","terms":[]},{"ids":"UMLS:C0035334:T047:DISO","score":1.0,"id":3,"start":227,"end":247,"text":"retinitis pigmentosa","terms":[]},{"ids":"UNIPROT:P29973:T116:PRGE|UNIPROT:Q6QNY0:T116:PRGE","score":0.6785290964567549,"id":4,"start":274,"end":285,"text":"X-Linked RP","terms":[{"ids":"UMLS:C0035334:T047:DISO","score":1.0,"id":1,"start":283,"end":285,"text":"RP","terms":[]}]}]},{"id":2,"start":294,"end":363,"text":"Exon open reading frame 15 (ORF15) is a purine-rich mutation hotspot.","terms":[]},{"id":3,"start":364,"end":518,"text":"Mutations in RPGR ORF15 have also been documented to cause X linked cone-rod dystrophy (XLCORD) and atrophic macular degeneration at an unknown frequency.","terms":[{"ids":"UNIPROT:Q92834:T116:PRGE","score":0.9886130764763603,"id":1,"start":377,"end":387,"text":"RPGR ORF15","terms":[]},{"ids":"UMLS:C0035334:T047:DISO","score":1.0,"id":2,"start":432,"end":450,"text":"cone-rod dystrophy","terms":[]},{"ids":"UMLS:C0242383:T047:DISO|UMLS:C0024437:T047:DISO","score":1.0,"id":3,"start":473,"end":493,"text":"macular degeneration","terms":[]}]},{"id":4,"start":519,"end":662,"text":"METHODS: From a hospital clinic population, probands with probable XLRP and XLCORD were screened for RPGR ORF15 mutations and fully phenotyped.","terms":[{"ids":"UNIPROT:Q92834:T116:PRGE","score":0.9331298748969689,"id":1,"start":620,"end":640,"text":"RPGR ORF15 mutations","terms":[]}]},{"id":5,"start":663,"end":736,"text":"RESULTS: Four different RPGR ORF15 mutations were found in four probands.","terms":[{"ids":"UNIPROT:Q92834:T116:PRGE","score":0.7691696630653686,"id":1,"start":687,"end":707,"text":"RPGR ORF15 mutations","terms":[]}]},{"id":6,"start":737,"end":822,"text":"All mutations in the ORF15 exon resulted in premature truncation of the RPGR protein.","terms":[{"ids":"UNIPROT:Q92834:T116:PRGE","score":0.9782078832850022,"id":1,"start":809,"end":821,"text":"RPGR protein","terms":[]}]},{"id":7,"start":823,"end":1002,"text":"Three were nonsense mutations: c.507G\u003eT (p.E169stop), c.867G\u003eT (p.G289stop), c.897G\u003eT (p.E299stop) and the fourth a single nucleotide insertion c.1558-1559insA (p.S522fs 525stop).","terms":[]},{"id":8,"start":1003,"end":1089,"text":"One family exhibited typical XLRP, two XLCORD and one a combination of the phenotypes.","terms":[]},{"id":9,"start":1090,"end":1226,"text":"CONCLUSION: RPGR ORF15 mutations produce intrafamilial and interfamilial clinical variability with varying degrees of cone degeneration.","terms":[{"ids":"UNIPROT:Q92834:T116:PRGE","score":0.7964828275667063,"id":1,"start":1102,"end":1122,"text":"RPGR ORF15 mutations","terms":[]}]},{"id":10,"start":1227,"end":1317,"text":"In an Australian clinic population RPGR ORF15 mutations cause XLCORD in addition to XLRP..","terms":[{"ids":"UNIPROT:Q92834:T116:PRGE","score":0.3558966791908513,"id":1,"start":1262,"end":1282,"text":"RPGR ORF15 mutations","terms":[]}]}]