[{"id":0,"start":0,"end":154,"text":"Correlation of polymorphism of the coding region of glutathione S- transferase M1 to susceptibility of nasopharyngeal carcinoma in South China population.","terms":[{"ids":"UNIPROT:P11229:T116:PRGE","score":0.8555097550938687,"id":1,"start":52,"end":81,"text":"glutathione S- transferase M1","terms":[]},{"ids":"UMLS:C0027442:T023:ANAT","score":1.0,"id":2,"start":103,"end":117,"text":"nasopharyngeal","terms":[]}]},{"id":1,"start":155,"end":285,"text":"BACKGROUND AND OBJECTIVE: Glutathione S-transferase M1 (GSTM1) deficiency may increase the risk of nasopharyngeal carcinoma (NPC).","terms":[{"ids":"UNIPROT:P09488:T116:PRGE","score":0.9771253416675978,"id":1,"start":211,"end":216,"text":"GSTM1","terms":[]},{"ids":"UMLS:C0027442:T023:ANAT","score":1.0,"id":2,"start":254,"end":268,"text":"nasopharyngeal","terms":[]},{"ids":"UMLS:C0220756:T047:DISO","score":1.0,"id":3,"start":280,"end":283,"text":"NPC","terms":[]}]},{"id":2,"start":286,"end":459,"text":"This study was to evaluate the correlation of the single nucleotide polymorphism (SNP) in the coding region of GSTM1 gene to NPC susceptibility in southern China population.","terms":[{"ids":"UNIPROT:P09488:T116:PRGE","score":0.9015106956073389,"id":1,"start":397,"end":407,"text":"GSTM1 gene","terms":[]},{"ids":"UNIPROT:Q6ZUV0:T116:PRGE|UNIPROT:O15118:T116:PRGE","score":0.9015106956073389,"id":2,"start":411,"end":429,"text":"NPC susceptibility","terms":[{"ids":"UMLS:C0220756:T047:DISO","score":1.0,"id":1,"start":411,"end":414,"text":"NPC","terms":[]}]}]},{"id":3,"start":460,"end":560,"text":"METHODS: In total 239 NPC patients and 286 age-matched healthy controls were entered into the study.","terms":[{"ids":"UMLS:C0220756:T047:DISO","score":1.0,"id":1,"start":482,"end":485,"text":"NPC","terms":[]}]},{"id":4,"start":561,"end":664,"text":"Among them, 225 out of 239 NPC patients and 273 out of 286 controls were used for statistical analysis.","terms":[{"ids":"UMLS:C0220756:T047:DISO","score":1.0,"id":1,"start":588,"end":591,"text":"NPC","terms":[]}]},{"id":5,"start":665,"end":816,"text":"SNP screening of all exons, relevant intron-exon boundaries, and the promoter region of GSTM1, in total 4739bp, was performed by PCR direct sequencing.","terms":[{"ids":"UNIPROT:P09488:T116:PRGE","score":0.9758153857642075,"id":1,"start":753,"end":758,"text":"GSTM1","terms":[]}]},{"id":6,"start":817,"end":957,"text":"The loci T1270533G and C1256088C were selected for the case-control study using the tetra-Primer ARMS-PCR, as well as the sequencing method.","terms":[]},{"id":7,"start":958,"end":1023,"text":"RESULTS: In total 29 SNPs of GSTM1 were identified by sequencing.","terms":[{"ids":"UNIPROT:P09488:T116:PRGE","score":0.9960513086528939,"id":1,"start":987,"end":992,"text":"GSTM1","terms":[]}]},{"id":8,"start":1024,"end":1102,"text":"Missense mutation occurred in the polymorphic loci of T1270533G and C1256088C.","terms":[]},{"id":9,"start":1103,"end":1310,"text":"However, no evident relationships between the variants of T1270533G and clinical phenotypes of NPC were observed in the NPC group and healthy control group (OR \u003d 0.170, 95%CI \u003d 0.95-0.306 for homozygote TT).","terms":[{"ids":"UMLS:C0220756:T047:DISO|UNIPROT:Q6ZUV0:T116:PRGE|UNIPROT:O15118:T116:PRGE","score":1.0,"id":1,"start":1198,"end":1201,"text":"NPC","terms":[]},{"ids":"UMLS:C0220756:T047:DISO","score":1.0,"id":2,"start":1223,"end":1226,"text":"NPC","terms":[]}]},{"id":10,"start":1311,"end":1411,"text":"The deletion frequency of C1256088C was 45% (45/100) for NPC patients and 42% (42/100) for controls.","terms":[{"ids":"UMLS:C0220756:T047:DISO","score":1.0,"id":1,"start":1368,"end":1371,"text":"NPC","terms":[]}]},{"id":11,"start":1412,"end":1508,"text":"CONCLUSIONS: The polymorphism of T1270533G does not affect the detoxification function of GSTM1.","terms":[{"ids":"UNIPROT:P09488:T116:PRGE","score":0.5068185991778729,"id":1,"start":1502,"end":1507,"text":"GSTM1","terms":[]}]},{"id":12,"start":1509,"end":1625,"text":"The T1270533G locus has no apparent association with genetic susceptibility to NPC in the southern China population.","terms":[{"ids":"UMLS:C0220756:T047:DISO","score":1.0,"id":1,"start":1588,"end":1591,"text":"NPC","terms":[]}]},{"id":13,"start":1626,"end":1676,"text":"The loss rate of C1256088C is high in this study..","terms":[]}]