[{"id":0,"start":0,"end":55,"text":"COL3A1 2209G\u003eA is a predictor of pelvic organ prolapse.","terms":[{"ids":"UMLS:C0877015:T047:DISO","score":1.0,"id":1,"start":33,"end":54,"text":"pelvic organ prolapse","terms":[{"ids":"UMLS:C0230273:T023:ANAT","score":1.0,"id":1,"start":33,"end":45,"text":"pelvic organ","terms":[]}]}]},{"id":1,"start":56,"end":233,"text":"INTRODUCTION AND HYPOTHESIS: A familial tendency has been demonstrated in the etiology of pelvic organ prolapse (POP), but the specific genetic defects have not been identified.","terms":[{"ids":"UMLS:C0877015:T047:DISO","score":1.0,"id":1,"start":146,"end":167,"text":"pelvic organ prolapse","terms":[{"ids":"UMLS:C0230273:T023:ANAT","score":1.0,"id":1,"start":146,"end":158,"text":"pelvic organ","terms":[]}]}]},{"id":2,"start":234,"end":366,"text":"Type III collagen is an important factor in the repair of connective tissue, and gene polymorphisms may impair the tensile strength.","terms":[]},{"id":3,"start":367,"end":506,"text":"We hypothesized that polymorphisms in the alpha I chain of the type III collagen protein-encoding gene (COL3A1) pose women at risk for POP.","terms":[{"ids":"UNIPROT:P35611:T116:PRGE|UNIPROT:P27986:T116:PRGE|UNIPROT:Q13131:T116:PRGE|UNIPROT:P07225:T116:PRGE|UNIPROT:Q96RQ3:T116:PRGE","score":0.6977801876575687,"id":1,"start":409,"end":422,"text":"alpha I chain","terms":[]},{"ids":"UNIPROT:Q13326:T116:PRGE|UNIPROT:P38405:T116:PRGE","score":0.6977801876575687,"id":2,"start":430,"end":469,"text":"type III collagen protein-encoding gene","terms":[]}]},{"id":4,"start":507,"end":659,"text":"METHODS: In this case-control study, the prevalence of type III collagen polymorphisms was compared in women with and without signs and symptoms of POP.","terms":[{"ids":"UNIPROT:Q13326:T116:PRGE|UNIPROT:P38405:T116:PRGE","score":0.6739704164810328,"id":1,"start":562,"end":579,"text":"type III collagen","terms":[]}]},{"id":5,"start":660,"end":747,"text":"RESULTS: Two hundred and two POP patients and 102 normal parous controls were included.","terms":[]},{"id":6,"start":748,"end":979,"text":"A homozygous single-nucleotide substitution in the coding region of type III collagen (COL3A1 2209G\u003eA, rs1800255) was identified in 27 (13%) POP patients and three (3%) controls (odds ratio, 5.0; 95% confidence interval, 1.4-17.1).","terms":[{"ids":"UNIPROT:Q13326:T116:PRGE|UNIPROT:P38405:T116:PRGE","score":0.5399406409922888,"id":1,"start":816,"end":833,"text":"type III collagen","terms":[]}]},{"id":7,"start":980,"end":1056,"text":"CONCLUSIONS: The probability of POP was higher in women with COL3A1 2209G\u003eA.","terms":[{"ids":"UNIPROT:P48147:T116:PRGE","score":0.7143641249603726,"id":1,"start":1012,"end":1015,"text":"POP","terms":[]}]},{"id":8,"start":1057,"end":1120,"text":"This polymorphism showed to be a relevant risk factor for POP..","terms":[{"ids":"UNIPROT:P48147:T116:PRGE","score":0.7273315114811043,"id":1,"start":1115,"end":1118,"text":"POP","terms":[]}]}]