[{"id":0,"start":0,"end":72,"text":"The role of the CCR5 Delta32 polymorphism in abdominal aortic aneurysms.","terms":[{"ids":"UNIPROT:P32302:T116:PRGE","score":0.6205359564128942,"id":1,"start":16,"end":28,"text":"CCR5 Delta32","terms":[]},{"ids":"UMLS:C0162871:T047:DISO","score":1.0,"id":2,"start":45,"end":71,"text":"abdominal aortic aneurysms","terms":[{"ids":"UMLS:C0003483:T023:ANAT","score":1.0,"id":1,"start":55,"end":61,"text":"aortic","terms":[]}]}]},{"id":1,"start":73,"end":176,"text":"BACKGROUND: C-C chemokine receptor 5 (CCR5) is involved in the regulation of the inflammatory response.","terms":[{"ids":"UNIPROT:P51677:T116:PRGE|UNIPROT:P61073:T116:PRGE|UNIPROT:Q9NPB9:T116:PRGE|UNIPROT:O00421:T116:PRGE","score":0.0,"id":1,"start":89,"end":109,"text":"chemokine receptor 5","terms":[]},{"ids":"UNIPROT:P32302:T116:PRGE","score":0.9597587120735501,"id":2,"start":111,"end":115,"text":"CCR5","terms":[]}]},{"id":2,"start":177,"end":314,"text":"Abdominal aortic aneurysms (AAA) may arise as the result of a chronic inflammatory process which is influenced by genetic predisposition.","terms":[{"ids":"UMLS:C0162871:T047:DISO","score":1.0,"id":1,"start":177,"end":203,"text":"Abdominal aortic aneurysms","terms":[{"ids":"UMLS:C0003483:T023:ANAT","score":1.0,"id":1,"start":187,"end":193,"text":"aortic","terms":[]}]},{"ids":"UMLS:C0162871:T047:DISO","score":1.0,"id":2,"start":205,"end":208,"text":"AAA","terms":[]}]},{"id":3,"start":315,"end":399,"text":"The CCR5 gene is associated with a 32 base pair deletion (the Delta32 polymorphism).","terms":[{"ids":"UNIPROT:P32302:T116:PRGE","score":0.9902576731500133,"id":1,"start":319,"end":328,"text":"CCR5 gene","terms":[]}]},{"id":4,"start":400,"end":509,"text":"The aim of this study was to investigate the role of the CCR5 Delta32 polymorphism in the development of AAA.","terms":[{"ids":"UNIPROT:P32302:T116:PRGE","score":0.6459976513766802,"id":1,"start":457,"end":469,"text":"CCR5 Delta32","terms":[]},{"ids":"UMLS:C0271742:T047:DISO|UMLS:C0162871:T047:DISO","score":1.0,"id":2,"start":505,"end":508,"text":"AAA","terms":[]}]},{"id":5,"start":510,"end":611,"text":"METHODS: A case-control study was conducted including 285 patients with AAA and 273 control subjects.","terms":[{"ids":"UMLS:C0271742:T047:DISO|UMLS:C0162871:T047:DISO","score":1.0,"id":1,"start":582,"end":585,"text":"AAA","terms":[]}]},{"id":6,"start":612,"end":680,"text":"A blood sample was taken from each individual and DNA was extracted.","terms":[]},{"id":7,"start":681,"end":752,"text":"CCR5 genotype was determined using the polymerase chain reaction (PCR).","terms":[{"ids":"UNIPROT:P32302:T116:PRGE","score":0.4068845558695565,"id":1,"start":681,"end":685,"text":"CCR5","terms":[]}]},{"id":8,"start":753,"end":844,"text":"Flow cytometry was used to investigate the biological activity of the Delta32 polymorphism.","terms":[]},{"id":9,"start":845,"end":1041,"text":"RESULTS: There was no significant difference between the AAA and the control group in relation to the Delta32 allele frequency (AAA group 10%, control group \u003d 12%, P \u003d 0.82, chi-squared analysis).","terms":[{"ids":"UMLS:C0271742:T047:DISO|UMLS:C0162871:T047:DISO","score":1.0,"id":1,"start":902,"end":905,"text":"AAA","terms":[]},{"ids":"UMLS:C0271742:T047:DISO|UMLS:C0162871:T047:DISO","score":1.0,"id":2,"start":973,"end":976,"text":"AAA","terms":[]}]},{"id":10,"start":1042,"end":1122,"text":"Genotype analysis revealed no significant difference between the groups (AAA vs.","terms":[{"ids":"UMLS:C0271742:T047:DISO|UMLS:C0162871:T047:DISO","score":1.0,"id":1,"start":1115,"end":1118,"text":"AAA","terms":[]}]},{"id":11,"start":1123,"end":1164,"text":"controls, wild-type homozygotes \u003d 82% vs.","terms":[]},{"id":12,"start":1165,"end":1193,"text":"77%, heterozygotes \u003d 16% vs.","terms":[]},{"id":13,"start":1194,"end":1202,"text":"21%, vs.","terms":[]},{"id":14,"start":1203,"end":1282,"text":"Delta32 homozygotes \u003d 2% and 2%, respectively, P \u003d 0.33, chi-squared analysis).","terms":[]},{"id":15,"start":1283,"end":1460,"text":"The polymorphism was shown to be biologically active with the number of Delta32 alleles correlating with cell expression of ccr5 as detected with flow cytometry (P \u003c or \u003d 0.05).","terms":[{"ids":"UNIPROT:P32302:T116:PRGE","score":0.9353088571149215,"id":1,"start":1407,"end":1411,"text":"ccr5","terms":[]}]},{"id":16,"start":1461,"end":1634,"text":"CONCLUSION: This study demonstrates that the ccr5 Delta32 is a biologically active genetic polymorphism; however, there is no association between this polymorphism and AAA..","terms":[{"ids":"UNIPROT:P32302:T116:PRGE","score":0.9611254052420536,"id":1,"start":1506,"end":1518,"text":"ccr5 Delta32","terms":[]},{"ids":"UMLS:C0271742:T047:DISO|UMLS:C0162871:T047:DISO","score":1.0,"id":2,"start":1629,"end":1632,"text":"AAA","terms":[]}]}]