[{"id":0,"start":0,"end":116,"text":"Serotonin transporter gene polymorphic element 5-HTTLPR increases the risk of sporadic Parkinson\u0027s disease in Italy.","terms":[{"ids":"UNIPROT:P31645:T116:PRGE","score":0.477486801832232,"id":1,"start":0,"end":21,"text":"Serotonin transporter","terms":[]},{"ids":"UMLS:C0030567:T047:DISO","score":1.0,"id":2,"start":87,"end":106,"text":"Parkinson\u0027s disease","terms":[]}]},{"id":1,"start":117,"end":233,"text":"Parkinson\u0027s disease (PD) is a neurodegenerative disorder causing muscular rigidity, resting tremor and bradykinesia.","terms":[{"ids":"UMLS:C0030567:T047:DISO","score":1.0,"id":1,"start":117,"end":136,"text":"Parkinson\u0027s disease","terms":[]},{"ids":"UMLS:C3160718:T047:DISO","score":1.0,"id":2,"start":138,"end":140,"text":"PD","terms":[]},{"ids":"UMLS:C0524851:T047:DISO","score":1.0,"id":3,"start":147,"end":173,"text":"neurodegenerative disorder","terms":[]}]},{"id":2,"start":234,"end":492,"text":"We conducted an association study assessing how PD risk in Italy was influenced by the serotonin transporter gene (SLC6A4) polymorphic region 5-HTTLPR, consisting of an insertion/deletion (long allele-L/short allele-S) of 43 bp in the SLC6A4 promoter region.","terms":[{"ids":"UMLS:C3160718:T047:DISO","score":1.0,"id":1,"start":282,"end":284,"text":"PD","terms":[]},{"ids":"UNIPROT:P31645:T116:PRGE","score":0.5047366812016334,"id":2,"start":321,"end":347,"text":"serotonin transporter gene","terms":[]},{"ids":"UNIPROT:P31645:T116:PRGE","score":0.5047366812016334,"id":3,"start":349,"end":355,"text":"SLC6A4","terms":[]},{"ids":"UNIPROT:P31645:T116:PRGE","score":0.5047366812016334,"id":4,"start":469,"end":484,"text":"SLC6A4 promoter","terms":[]}]},{"id":3,"start":493,"end":577,"text":"The SLC6A4 promoter single nucleotide polymorphism rs25531(A--\u003eG) was evaluated too.","terms":[{"ids":"UNIPROT:P31645:T116:PRGE","score":0.8992173308068174,"id":1,"start":497,"end":512,"text":"SLC6A4 promoter","terms":[]}]},{"id":4,"start":578,"end":639,"text":"We collected 837 independent subjects (393 PD, 444 controls).","terms":[{"ids":"UMLS:C3160718:T047:DISO","score":1.0,"id":1,"start":621,"end":623,"text":"PD","terms":[]}]},{"id":5,"start":640,"end":766,"text":"An association between the 5-HTTLPR polymorphism and risk of PD (S/S genotype OR [95% CI]: 1.7[1.2-2.5], p \u003d 0.002) was found.","terms":[{"ids":"UMLS:C3160718:T047:DISO","score":1.0,"id":1,"start":701,"end":703,"text":"PD","terms":[]}]},{"id":6,"start":767,"end":848,"text":"The rs25531 and the haplotype 5-HTTLPR/rs25531 did not associate with risk of PD.","terms":[{"ids":"UMLS:C3160718:T047:DISO","score":1.0,"id":1,"start":845,"end":847,"text":"PD","terms":[]}]},{"id":7,"start":849,"end":979,"text":"Our data indicate that the 5-HTTLPR polymorphic element within the SLC6A4 promoter may govern the genetic risk of PD in Italians..","terms":[{"ids":"UNIPROT:P31645:T116:PRGE","score":0.7246284705695603,"id":1,"start":916,"end":931,"text":"SLC6A4 promoter","terms":[]},{"ids":"UMLS:C3160718:T047:DISO","score":1.0,"id":2,"start":963,"end":965,"text":"PD","terms":[]}]}]