[{"id":0,"start":0,"end":103,"text":"A combination of defective DNA and protective host factors are found in a set of HIV-1 ancestral LTNPs.","terms":[{"ids":"UMLS:C0019693:T047:DISO","score":1.0,"id":1,"start":81,"end":84,"text":"HIV","terms":[]}]},{"id":1,"start":104,"end":384,"text":"We studied viral evolution in three HIV-1 ancestral patients from a group of LTNPs; although some minor sequences showing viral evolution were detected in all patients, the extremely low viral evolution of their viruses was shown by the phylogenetic analysis of the env sequences.","terms":[{"ids":"UMLS:C0019693:T047:DISO","score":1.0,"id":1,"start":140,"end":143,"text":"HIV","terms":[]},{"ids":"UNIPROT:O42043:T116:PRGE|UNIPROT:Q9HDB8:T116:PRGE|UNIPROT:Q9N2J8:T116:PRGE|UNIPROT:Q9UKH3:T116:PRGE|UNIPROT:Q9UQF0:T116:PRGE|UNIPROT:O71037:T116:PRGE|UNIPROT:Q9N2K0:T116:PRGE|UNIPROT:Q69384:T116:PRGE","score":0.6513596815793472,"id":2,"start":370,"end":383,"text":"env sequences","terms":[]}]},{"id":2,"start":385,"end":468,"text":"Complete nucleotide sequencing of viral DNA showed the major presence of deletions.","terms":[]},{"id":3,"start":469,"end":638,"text":"In two patients, deletions of 1088 and 228 nucleotides mapped to 5\u0027 LTR-gag region; in the other, a 247 nucleotide deletion was positioned in pol gene up to the vif ORF.","terms":[{"ids":"UNIPROT:Q9HDB9:T116:PRGE|UNIPROT:Q9Y6I0:T116:PRGE|UNIPROT:Q9YNA8:T116:PRGE|UNIPROT:Q7LDI9:T116:PRGE|UNIPROT:P63130:T116:PRGE|UNIPROT:P87889:T116:PRGE","score":0.659357017141174,"id":1,"start":534,"end":551,"text":"5\u0027 LTR-gag region","terms":[]},{"ids":"UNIPROT:Q9BXR3:T116:PRGE|UNIPROT:Q9UQG0:T116:PRGE|UNIPROT:P10266:T116:PRGE|UNIPROT:Q9WJR5:T116:PRGE|UNIPROT:Q9QC07:T116:PRGE","score":0.659357017141174,"id":2,"start":611,"end":619,"text":"pol gene","terms":[]},{"ids":"UMLS:C0013570:T047:DISO","score":1.0,"id":3,"start":634,"end":637,"text":"ORF","terms":[]}]},{"id":4,"start":639,"end":694,"text":"These deleted genomes became dominant during follow up.","terms":[]},{"id":5,"start":695,"end":798,"text":"Patient\u0027s viruses displayed 13 common mutations in conserved residues, from the 5\u0027 LTR to the nef gene.","terms":[{"ids":"UNIPROT:P04271:T116:PRGE","score":0.5793633529593774,"id":1,"start":789,"end":797,"text":"nef gene","terms":[]}]},{"id":6,"start":799,"end":852,"text":"These mutations provided evidence of a common origin.","terms":[]},{"id":7,"start":853,"end":1008,"text":"Regarding host characteristics, one patient had HLA B2705/B5801; another B1402/B5701; whereas a third showed B3901/B4402 and was Delta32-CCR5 heterozygous.","terms":[{"ids":"UNIPROT:P30486:T116:PRGE|UNIPROT:P30483:T116:PRGE","score":0.46204357331368645,"id":1,"start":901,"end":910,"text":"HLA B2705","terms":[]},{"ids":"UNIPROT:P32302:T116:PRGE","score":0.46204357331368645,"id":2,"start":982,"end":1007,"text":"Delta32-CCR5 heterozygous","terms":[]}]},{"id":8,"start":1009,"end":1109,"text":"These HIV controllers presented a combination of deleted viral genomes and host protective factors..","terms":[{"ids":"UMLS:C0019693:T047:DISO","score":1.0,"id":1,"start":1015,"end":1018,"text":"HIV","terms":[]}]}]