[{"id":0,"start":0,"end":120,"text":"Adenosine A(2A) receptor gene (ADORA2A) variants may increase autistic symptoms and anxiety in autism spectrum disorder.","terms":[{"ids":"UNIPROT:Q08357:T116:PRGE","score":0.8526757526456898,"id":1,"start":0,"end":29,"text":"Adenosine A(2A) receptor gene","terms":[]},{"ids":"UNIPROT:P29274:T116:PRGE","score":0.8526757526456898,"id":2,"start":31,"end":38,"text":"ADORA2A","terms":[]}]},{"id":1,"start":121,"end":225,"text":"Autism spectrum disorders (ASDs) are heterogeneous disorders presenting with increased rates of anxiety.","terms":[]},{"id":2,"start":226,"end":342,"text":"The adenosine A(2A) receptor gene (ADORA2A) is associated with panic disorder and is located on chromosome 22q11.23.","terms":[{"ids":"UNIPROT:Q08357:T116:PRGE","score":0.8293539798419977,"id":1,"start":230,"end":259,"text":"adenosine A(2A) receptor gene","terms":[]},{"ids":"UNIPROT:P29274:T116:PRGE","score":0.8293539798419977,"id":2,"start":261,"end":268,"text":"ADORA2A","terms":[]},{"ids":"UMLS:C1868649:T047:DISO","score":1.0,"id":3,"start":289,"end":303,"text":"panic disorder","terms":[]}]},{"id":3,"start":343,"end":467,"text":"Its gene product, the adenosine A(2A) receptor, is strongly expressed in the caudate nucleus, which also is involved in ASD.","terms":[{"ids":"UNIPROT:Q08357:T116:PRGE","score":0.5997446056576828,"id":1,"start":365,"end":389,"text":"adenosine A(2A) receptor","terms":[]},{"ids":"UMLS:C0007461:T023:ANAT","score":1.0,"id":2,"start":420,"end":435,"text":"caudate nucleus","terms":[]}]},{"id":4,"start":468,"end":769,"text":"As autistic symptoms are increased in individuals with 22q11.2 deletion syndrome, and large 22q11.2 deletions and duplications have been observed in ASD individuals, in this study, 98 individuals with ASD and 234 control individuals were genotyped for eight single-nucleotide polymorphisms in ADORA2A.","terms":[{"ids":"UMLS:C0012236:T047:DISO|UMLS:C0220704:T047:DISO","score":1.0,"id":1,"start":523,"end":548,"text":"22q11.2 deletion syndrome","terms":[]},{"ids":"UNIPROT:P29274:T116:PRGE","score":0.5205778323814652,"id":2,"start":761,"end":768,"text":"ADORA2A","terms":[]}]},{"id":5,"start":770,"end":936,"text":"Nominal association with the disorder was observed for rs2236624-CC, and phenotypic variability in ASD symptoms was influenced by rs3761422, rs5751876 and rs35320474.","terms":[]},{"id":6,"start":937,"end":1035,"text":"In addition, association of ADORA2A variants with anxiety was replicated for individuals with ASD.","terms":[{"ids":"UNIPROT:P29274:T116:PRGE","score":0.5173139453327691,"id":1,"start":965,"end":972,"text":"ADORA2A","terms":[]}]},{"id":7,"start":1036,"end":1183,"text":"Findings point toward a possible mediating role of ADORA2A variants on phenotypic expression in ASD that need to be replicated in a larger sample..","terms":[{"ids":"UNIPROT:P29274:T116:PRGE","score":0.5929311137133308,"id":1,"start":1087,"end":1094,"text":"ADORA2A","terms":[]}]}]