[{"id":0,"start":0,"end":131,"text":"Matriptase-2 mutations in iron-refractory iron deficiency anemia patients provide new insights into protease activation mechanisms.","terms":[{"ids":"UNIPROT:Q9Y5Y6:T116:PRGE","score":0.9167525350689599,"id":1,"start":0,"end":12,"text":"Matriptase-2","terms":[]},{"ids":"UMLS:C0085576:T047:DISO","score":1.0,"id":2,"start":26,"end":64,"text":"iron-refractory iron deficiency anemia","terms":[]}]},{"id":1,"start":132,"end":313,"text":"Mutations leading to abrogation of matriptase-2 proteolytic activity in humans are associated with an iron-refractory iron deficiency anemia (IRIDA) due to elevated hepcidin levels.","terms":[{"ids":"UNIPROT:Q9Y5Y6:T116:PRGE","score":0.9415285629365627,"id":1,"start":167,"end":179,"text":"matriptase-2","terms":[]},{"ids":"UMLS:C0085576:T047:DISO","score":1.0,"id":2,"start":234,"end":272,"text":"iron-refractory iron deficiency anemia","terms":[]},{"ids":"UMLS:C0085576:T047:DISO","score":1.0,"id":3,"start":274,"end":279,"text":"IRIDA","terms":[]}]},{"id":2,"start":314,"end":459,"text":"Here we describe two novel heterozygous mutations within the matriptase-2 (TMPRSS6) gene of monozygotic twin girls exhibiting an IRIDA phenotype.","terms":[{"ids":"UNIPROT:Q9Y5Y6:T116:PRGE","score":0.48315450674605087,"id":1,"start":375,"end":387,"text":"matriptase-2","terms":[]},{"ids":"UNIPROT:Q9BYE2:T116:PRGE","score":0.48315450674605087,"id":2,"start":389,"end":396,"text":"TMPRSS6","terms":[]},{"ids":"UMLS:C0085576:T047:DISO","score":1.0,"id":3,"start":443,"end":448,"text":"IRIDA","terms":[]}]},{"id":3,"start":460,"end":660,"text":"The first is the frameshift mutation (P686fs) caused by the insertion of the four nucleotides CCCC in exon 16 (2172_2173insCCCC) that is predicted to terminate translation before the catalytic serine.","terms":[]},{"id":4,"start":661,"end":854,"text":"The second mutation is the di-nucleotide substitution c.467C\u003eA and c.468C\u003eT in exon 3 that causes the missense mutation A118D in the SEA domain of the extracellular stem region of matriptase-2.","terms":[{"ids":"UMLS:C0011848:T047:DISO","score":1.0,"id":1,"start":688,"end":690,"text":"di","terms":[]},{"ids":"UMLS:C1186763:T023:ANAT","score":1.0,"id":2,"start":826,"end":830,"text":"stem","terms":[]},{"ids":"UNIPROT:Q9Y5Y6:T116:PRGE","score":0.9079243472474662,"id":3,"start":841,"end":853,"text":"matriptase-2","terms":[]}]},{"id":5,"start":855,"end":995,"text":"Functional analysis of both variant matriptase-2 proteases has revealed that they lead to ineffective suppression of hepcidin transcription.","terms":[{"ids":"UNIPROT:Q9Y5Y6:T116:PRGE","score":0.5677113692025327,"id":1,"start":883,"end":913,"text":"variant matriptase-2 proteases","terms":[]}]},{"id":6,"start":996,"end":1135,"text":"We also demonstrate that the A118D SEA domain mutation causes an intra-molecular structural imbalance that impairs matriptase-2 activation.","terms":[{"ids":"UNIPROT:Q9Y5Y6:T116:PRGE","score":0.4363381848672401,"id":1,"start":1111,"end":1123,"text":"matriptase-2","terms":[]}]},{"id":7,"start":1136,"end":1419,"text":"Collectively, these results extend the pattern of TMPRSS6 mutations associated with IRIDA and functionally demonstrate that mutations affecting protease regions other than the catalytic domain may have a profound impact in the regulatory role of matriptase-2 during iron deficiency..","terms":[{"ids":"UMLS:C0085576:T047:DISO","score":1.0,"id":1,"start":1220,"end":1225,"text":"IRIDA","terms":[]},{"ids":"UNIPROT:Q9Y5Y6:T116:PRGE","score":0.5404140490326602,"id":2,"start":1382,"end":1394,"text":"matriptase-2","terms":[]},{"ids":"UMLS:C0240066:T047:DISO","score":1.0,"id":3,"start":1402,"end":1417,"text":"iron deficiency","terms":[]}]}]