[{"id":0,"start":0,"end":136,"text":"The HLA-G 14 bp insertion/deletion polymorphism is a putative susceptible factor for active human cytomegalovirus infection in children.","terms":[{"ids":"UNIPROT:P17693:T116:PRGE|UNIPROT:P30443:T116:PRGE","score":0.883326730882076,"id":1,"start":4,"end":9,"text":"HLA-G","terms":[]},{"ids":"UMLS:C0010823:T047:DISO","score":1.0,"id":2,"start":98,"end":123,"text":"cytomegalovirus infection","terms":[]}]},{"id":1,"start":137,"end":244,"text":"Human leukocyte antigen-G (HLA-G) expression is a potential factor for the pathogenesis of virus infection.","terms":[{"ids":"UNIPROT:P05534:T116:PRGE|UNIPROT:P30443:T116:PRGE","score":0.9221626520870292,"id":1,"start":137,"end":162,"text":"Human leukocyte antigen-G","terms":[]},{"ids":"UNIPROT:P17693:T116:PRGE|UNIPROT:P30443:T116:PRGE","score":0.9221626520870292,"id":2,"start":164,"end":169,"text":"HLA-G","terms":[]},{"ids":"UMLS:C0042769:T047:DISO","score":1.0,"id":3,"start":228,"end":243,"text":"virus infection","terms":[]}]},{"id":2,"start":245,"end":415,"text":"A 14 bp insertion/deletion polymorphism (rs16375) in the 3\u0027-untranslated region of the HLA-G gene is involved in the stability of HLA-G mRNA and HLA-G protein expression.","terms":[{"ids":"UNIPROT:P17693:T116:PRGE|UNIPROT:P30443:T116:PRGE","score":0.6739518232290781,"id":1,"start":332,"end":342,"text":"HLA-G gene","terms":[]},{"ids":"UNIPROT:P62879:T116:PRGE","score":0.6739518232290781,"id":2,"start":375,"end":385,"text":"HLA-G mRNA","terms":[]},{"ids":"UNIPROT:P17693:T116:PRGE|UNIPROT:P30443:T116:PRGE","score":0.6739518232290781,"id":3,"start":390,"end":403,"text":"HLA-G protein","terms":[]}]},{"id":3,"start":416,"end":516,"text":"Therefore, the HLA-G 14 bp polymorphism might be involved in human cytomegalovirus (hCMV) infection.","terms":[{"ids":"UNIPROT:P17693:T116:PRGE|UNIPROT:P30443:T116:PRGE","score":0.812008734555176,"id":1,"start":431,"end":436,"text":"HLA-G","terms":[]},{"ids":"UMLS:C0021311:T047:DISO|UMLS:C0009450:T047:DISO","score":1.0,"id":2,"start":506,"end":515,"text":"infection","terms":[]}]},{"id":4,"start":517,"end":832,"text":"To test a possible association between the HLA-G 14 bp deletion/insertion polymorphism and the active hCMV infection, in this study, a total of 54 patients with active hCMV infection and 165 age- and sex-matched, unrelated, normal Chinese Han population were genotyped for the 14 bp insertion/deletion polymorphism.","terms":[{"ids":"UNIPROT:P17693:T116:PRGE|UNIPROT:P30443:T116:PRGE","score":0.8567737849635716,"id":1,"start":560,"end":565,"text":"HLA-G","terms":[]},{"ids":"UMLS:C0021311:T047:DISO|UMLS:C0009450:T047:DISO","score":1.0,"id":2,"start":624,"end":633,"text":"infection","terms":[]},{"ids":"UMLS:C0021311:T047:DISO|UMLS:C0009450:T047:DISO","score":1.0,"id":3,"start":690,"end":699,"text":"infection","terms":[]}]},{"id":5,"start":833,"end":995,"text":"Association of 14 bp polymorphism with hCMV urine DNA copies and the odds ratio (OR) of the polymorphism as a risk factor for active hCMV infection were analyzed.","terms":[{"ids":"UMLS:C0021311:T047:DISO|UMLS:C0009450:T047:DISO","score":1.0,"id":1,"start":971,"end":980,"text":"infection","terms":[]}]},{"id":6,"start":996,"end":1346,"text":"Our results showed that the prevalence of -14 bp/ -14 bp genotype in active hCMV patients was markedly increased [P(c) \u003d 0.00034, OR \u003d 3.31, 95% confidence interval (CI): 1.77-6.18], and similar significance was also observed for the frequency of -14 bp allele (P c \u003d 0.0023, OR \u003d 2.24, 95% CI: 1.38-3.64) when compared with that of healthy controls.","terms":[]},{"id":7,"start":1347,"end":1521,"text":"Furthermore, urine hCMV DNA copies in patients with the -14 bp/ -14 bp genotype were significantly higher than those in patients with the +14 bp/ +14 bp genotype (P \u003d 0.041).","terms":[]},{"id":8,"start":1522,"end":1662,"text":"Our findings support a potential role of HLA-G 14 bp insertion/deletion polymorphism as a susceptible factor for the active hCMV infection..","terms":[{"ids":"UNIPROT:P17693:T116:PRGE|UNIPROT:P30443:T116:PRGE","score":0.8298715563148277,"id":1,"start":1563,"end":1568,"text":"HLA-G","terms":[]},{"ids":"UMLS:C0021311:T047:DISO|UMLS:C0009450:T047:DISO","score":1.0,"id":2,"start":1651,"end":1660,"text":"infection","terms":[]}]}]