[{"id":0,"start":0,"end":96,"text":"Screening of the LIX1 gene in Japanese and Malaysian patients with SMA and/or SMA-like disorder.","terms":[{"ids":"UNIPROT:Q8N485:T116:PRGE","score":0.9956438820747613,"id":1,"start":17,"end":26,"text":"LIX1 gene","terms":[]},{"ids":"UMLS:C0026847:T047:DISO","score":1.0,"id":2,"start":67,"end":70,"text":"SMA","terms":[]},{"ids":"UMLS:C0026847:T047:DISO","score":1.0,"id":3,"start":78,"end":81,"text":"SMA","terms":[]}]},{"id":1,"start":97,"end":218,"text":"BACKGROUND: The majority of spinal muscular atrophy (SMA) patients showed homozygous deletion or other mutations of SMN1.","terms":[{"ids":"UMLS:C0026847:T047:DISO","score":1.0,"id":1,"start":125,"end":148,"text":"spinal muscular atrophy","terms":[]},{"ids":"UMLS:C0026847:T047:DISO","score":1.0,"id":2,"start":150,"end":153,"text":"SMA","terms":[]},{"ids":"UNIPROT:Q16637:T116:PRGE","score":0.9876202319105467,"id":3,"start":213,"end":217,"text":"SMN1","terms":[]}]},{"id":2,"start":219,"end":312,"text":"However, the genetic etiology of a significant number of SMA patients has not been clarified.","terms":[{"ids":"UMLS:C0026847:T047:DISO","score":1.0,"id":1,"start":276,"end":279,"text":"SMA","terms":[]}]},{"id":3,"start":313,"end":408,"text":"Recently, mutation in the gene underlying cat SMA, limb expression 1 (LIX1), has been reported.","terms":[{"ids":"UMLS:C0026847:T047:DISO","score":1.0,"id":1,"start":359,"end":362,"text":"SMA","terms":[]},{"ids":"UNIPROT:Q8N485:T116:PRGE","score":0.500686886685115,"id":2,"start":364,"end":381,"text":"limb expression 1","terms":[{"ids":"UMLS:C0015385:T023:ANAT","score":1.0,"id":1,"start":364,"end":368,"text":"limb","terms":[]}]},{"ids":"UNIPROT:Q8N485:T116:PRGE","score":0.500686886685115,"id":3,"start":383,"end":387,"text":"LIX1","terms":[]}]},{"id":4,"start":409,"end":548,"text":"Similarity in clinical and pathological features of cat and human SMA may give an insight into possible similarity of the genetic etiology.","terms":[{"ids":"UMLS:C0026847:T047:DISO","score":1.0,"id":1,"start":475,"end":478,"text":"SMA","terms":[]}]},{"id":5,"start":549,"end":703,"text":"PATIENTS AND METHODS: In this study, we screened for a mutation in LIX1 using direct DNA sequencing in our SMA and/or SMA-like patients who retained SMN1.","terms":[{"ids":"UNIPROT:Q8N485:T116:PRGE","score":0.5248146491282939,"id":1,"start":616,"end":620,"text":"LIX1","terms":[]},{"ids":"UMLS:C0026847:T047:DISO","score":1.0,"id":2,"start":656,"end":659,"text":"SMA","terms":[]},{"ids":"UMLS:C0026847:T047:DISO","score":1.0,"id":3,"start":667,"end":670,"text":"SMA","terms":[]}]},{"id":6,"start":704,"end":805,"text":"A total of 33 patients were enrolled in this study, of which 22 were Japanese and 11 were Malaysians.","terms":[]},{"id":7,"start":806,"end":863,"text":"All these patients possessed at least two copies of SMN1.","terms":[{"ids":"UNIPROT:Q16637:T116:PRGE","score":0.9995213518865299,"id":1,"start":858,"end":862,"text":"SMN1","terms":[]}]},{"id":8,"start":864,"end":980,"text":"RESULTS: We did not identify any pathogenic mutations in the coding regions or splice sites of LIX1 in the patients.","terms":[{"ids":"UNIPROT:Q8N485:T116:PRGE","score":0.9969618057703447,"id":1,"start":959,"end":963,"text":"LIX1","terms":[]}]},{"id":9,"start":981,"end":1057,"text":"In addition, we described a polymorphism within LIX1 intron 3, c.387+107A\u003eT.","terms":[{"ids":"UNIPROT:Q8N485:T116:PRGE","score":0.35961440459633054,"id":1,"start":1029,"end":1042,"text":"LIX1 intron 3","terms":[]}]},{"id":10,"start":1058,"end":1159,"text":"We found that A-allele is significantly more frequent in SMA patients compared to normal individuals.","terms":[{"ids":"UMLS:C0026847:T047:DISO","score":1.0,"id":1,"start":1115,"end":1118,"text":"SMA","terms":[]}]},{"id":11,"start":1160,"end":1312,"text":"CONCLUSION: Molecular genetic analysis of our SMA and/or SMA-like patients suggests that LIX1 is not associated with the development of their disorders.","terms":[{"ids":"UMLS:C0026847:T047:DISO","score":1.0,"id":1,"start":1206,"end":1209,"text":"SMA","terms":[]},{"ids":"UMLS:C0026847:T047:DISO","score":1.0,"id":2,"start":1217,"end":1220,"text":"SMA","terms":[]},{"ids":"UNIPROT:Q8N485:T116:PRGE","score":0.9886631554938173,"id":3,"start":1249,"end":1253,"text":"LIX1","terms":[]}]},{"id":12,"start":1313,"end":1463,"text":"However, the number of patients analyzed in this study was very limited, and a larger study with bigger sample size is needed to confirm this result..","terms":[]}]