[{"id":0,"start":0,"end":206,"text":"Forty-two novel COL7A1 mutations and the role of a frequent single nucleotide polymorphism in the MMP1 promoter in modulation of disease severity in a large European dystrophic epidermolysis bullosa cohort.","terms":[{"ids":"UNIPROT:Q02388:T116:PRGE","score":0.6848197036145977,"id":1,"start":16,"end":22,"text":"COL7A1","terms":[]},{"ids":"UNIPROT:P03956:T116:PRGE","score":0.6848197036145977,"id":2,"start":98,"end":111,"text":"MMP1 promoter","terms":[]},{"ids":"UMLS:C0079294:T047:DISO","score":1.0,"id":3,"start":166,"end":198,"text":"dystrophic epidermolysis bullosa","terms":[]}]},{"id":1,"start":207,"end":365,"text":"BACKGROUND: Dystrophic epidermolysis bullosa (DEB) is a severe genetic skin blistering disorder caused by mutations in the gene COL7A1, encoding collagen VII.","terms":[{"ids":"UMLS:C0079294:T047:DISO","score":1.0,"id":1,"start":219,"end":251,"text":"Dystrophic epidermolysis bullosa","terms":[]},{"ids":"UMLS:C0344311:T047:DISO","score":1.0,"id":2,"start":283,"end":293,"text":"blistering","terms":[]},{"ids":"UNIPROT:Q02388:T116:PRGE","score":0.41944651650494696,"id":3,"start":335,"end":341,"text":"COL7A1","terms":[]},{"ids":"UNIPROT:Q02388:T116:PRGE","score":0.41944651650494696,"id":4,"start":352,"end":364,"text":"collagen VII","terms":[]}]},{"id":2,"start":366,"end":600,"text":"Recently, the MMP1 promoter single nucleotide polymorphism (SNP) rs1799750, designated as 1G 2G, was shown to be involved in modulation of disease severity in patients with recessive DEB (RDEB), and was proposed as a genetic modifier.","terms":[{"ids":"UNIPROT:P03956:T116:PRGE","score":0.5027899089823507,"id":1,"start":380,"end":393,"text":"MMP1 promoter","terms":[]},{"ids":"UMLS:C0079474:T047:DISO|UNIPROT:Q02388:T116:PRGE","score":1.0,"id":2,"start":554,"end":558,"text":"RDEB","terms":[]}]},{"id":3,"start":601,"end":838,"text":"OBJECTIVES: To identify the molecular basis of DEB in 103 individuals and to replicate the results of the MMP1 promoter SNP analysis in an independent patient group, as verification is necessary in such a rare and heterogeneous disorder.","terms":[{"ids":"UNIPROT:P03956:T116:PRGE","score":0.41095707337089876,"id":1,"start":707,"end":720,"text":"MMP1 promoter","terms":[]}]},{"id":4,"start":839,"end":1022,"text":"METHODS: To determine the molecular basis of the disease, we performed COL7A1 mutation screening, reverse transcription-polymerase chain reaction (PCR) and real-time quantitative PCR.","terms":[]},{"id":5,"start":1023,"end":1130,"text":"The status of the MMP1 SNP was analysed by PCR and restriction enzyme digestion and verified by sequencing.","terms":[{"ids":"UNIPROT:P03956:T116:PRGE","score":0.8522242283896267,"id":1,"start":1041,"end":1049,"text":"MMP1 SNP","terms":[]}]},{"id":6,"start":1131,"end":1320,"text":"RESULTS: We disclosed 42 novel COL7A1 mutations, including the first large genomic deletion of 4 kb affecting only the COL7A1 gene, and three apparently silent mutations affecting splicing.","terms":[{"ids":"UNIPROT:Q02388:T116:PRGE","score":0.6711663228905487,"id":1,"start":1250,"end":1261,"text":"COL7A1 gene","terms":[]}]},{"id":7,"start":1321,"end":1501,"text":"Even though the frequency of the high-risk allele was increased in patients with RDEB, no statistically significant correlation between disease severity and genotype could be made.","terms":[{"ids":"UMLS:C0079474:T047:DISO","score":1.0,"id":1,"start":1402,"end":1406,"text":"RDEB","terms":[]}]},{"id":8,"start":1502,"end":1610,"text":"Also, no correlation was observed with development of squamous cell carcinoma, a severe complication of DEB.","terms":[]},{"id":9,"start":1611,"end":1820,"text":"CONCLUSIONS: Taken together, the results suggest that the MMP1 SNP is not the sole disease modifier in different forms of DEB, and other genetic and environmental factors contribute to the clinical phenotype..","terms":[{"ids":"UNIPROT:P03956:T116:PRGE","score":0.9156593198796672,"id":1,"start":1669,"end":1677,"text":"MMP1 SNP","terms":[]}]}]