[{"id":0,"start":0,"end":145,"text":"A MANBA mutation resulting in residual beta-mannosidase activity associated with severe leukoencephalopathy: a possible pseudodeficiency variant.","terms":[{"ids":"UNIPROT:O00462:T116:PRGE","score":0.46139148101537114,"id":1,"start":2,"end":16,"text":"MANBA mutation","terms":[]},{"ids":"UNIPROT:O00462:T116:PRGE","score":0.46139148101537114,"id":2,"start":39,"end":55,"text":"beta-mannosidase","terms":[]},{"ids":"UMLS:C0270612:T047:DISO","score":1.0,"id":3,"start":88,"end":107,"text":"leukoencephalopathy","terms":[]}]},{"id":1,"start":146,"end":361,"text":"BACKGROUND: beta-Mannosidosis (OMIM 248510) is a rare inborn lysosomal storage disorder caused by the deficient activity of beta-mannosidase, an enzyme encoded by a single gene (MANBA) located on chromosome 4q22-25.","terms":[{"ids":"UMLS:C0342849:T047:DISO","score":1.0,"id":1,"start":158,"end":175,"text":"beta-Mannosidosis","terms":[]},{"ids":"UMLS:C0085078:T047:DISO","score":1.0,"id":2,"start":207,"end":233,"text":"lysosomal storage disorder","terms":[]},{"ids":"UNIPROT:O00462:T116:PRGE","score":0.96344471373667,"id":3,"start":270,"end":286,"text":"beta-mannosidase","terms":[]}]},{"id":2,"start":362,"end":508,"text":"To date, only 20 cases of this autosomal recessive disorder have been described and 14 different MANBA mutations were incriminated in the disease.","terms":[]},{"id":3,"start":509,"end":599,"text":"These are all null mutations or missense mutations that abolish beta-mannosidase activity.","terms":[{"ids":"UNIPROT:O00462:T116:PRGE","score":0.9945791858627662,"id":1,"start":573,"end":589,"text":"beta-mannosidase","terms":[]}]},{"id":4,"start":600,"end":736,"text":"In this study, we characterized the molecular defect of a new case of beta-mannosidosis, presenting with a severe neurological disorder.","terms":[{"ids":"UMLS:C1861101:T047:DISO","score":1.0,"id":1,"start":646,"end":652,"text":"defect","terms":[]},{"ids":"UMLS:C0342849:T047:DISO","score":1.0,"id":2,"start":670,"end":687,"text":"beta-mannosidosis","terms":[]},{"ids":"UMLS:C0027765:T047:DISO","score":1.0,"id":3,"start":714,"end":735,"text":"neurological disorder","terms":[]}]},{"id":5,"start":737,"end":845,"text":"METHODS: Genomic DNA was isolated from peripheral blood leukocytes of the patient to allow MANBA sequencing.","terms":[]},{"id":6,"start":846,"end":999,"text":"The identified mutation was engineered by site-directed mutagenesis and the mutant protein was expressed through transient transfection in HEK293T cells.","terms":[]},{"id":7,"start":1000,"end":1148,"text":"The beta-mannosidase expression and activity were respectively assessed by Western blot and fluorometric assay in both leukocytes and HEK293T cells.","terms":[{"ids":"UNIPROT:O00462:T116:PRGE","score":0.997544749627325,"id":1,"start":1004,"end":1020,"text":"beta-mannosidase","terms":[]}]},{"id":8,"start":1149,"end":1275,"text":"RESULTS: A missense disease-associated mutation, c.1922G\u003eA (p.Arg641His), was identified for which the patient was homozygous.","terms":[]},{"id":9,"start":1276,"end":1506,"text":"In contrast to previously described missense mutations, this substitution does not totally abrogate the enzyme activity but led to a residual activity of about 7% in the patient\u0027s leukocytes, 11% in lymphoblasts and 14% in plasma.","terms":[]},{"id":10,"start":1507,"end":1585,"text":"Expression studies in transfected cells also resulted in 7% residual activity.","terms":[]},{"id":11,"start":1586,"end":1742,"text":"CONCLUSION: Correlations between MANBA mutations, residual activity of beta-mannosidase and the severity of the ensuing neurological disorder are discussed.","terms":[{"ids":"UNIPROT:O00462:T116:PRGE","score":0.9938330166558514,"id":1,"start":1657,"end":1673,"text":"beta-mannosidase","terms":[]},{"ids":"UMLS:C0027765:T047:DISO","score":1.0,"id":2,"start":1706,"end":1727,"text":"neurological disorder","terms":[]}]},{"id":12,"start":1743,"end":1867,"text":"Whether the c.1922G\u003eA mutation is responsible for a yet undescribed pseudodeficiency of beta-mannosidase is also discussed..","terms":[{"ids":"UNIPROT:O00462:T116:PRGE","score":0.7477187504352553,"id":1,"start":1831,"end":1847,"text":"beta-mannosidase","terms":[]}]}]