[{"id":0,"start":0,"end":127,"text":"A novel insertion mutation in the SEDL gene results in X-linked spondyloepiphyseal dysplasia tarda in a large Chinese pedigree.","terms":[{"ids":"UNIPROT:O14582:T116:PRGE|UNIPROT:Q8IVP9:T116:PRGE","score":0.9858395132924105,"id":1,"start":34,"end":43,"text":"SEDL gene","terms":[]},{"ids":"UMLS:C0220776:T047:DISO","score":1.0,"id":2,"start":55,"end":98,"text":"X-linked spondyloepiphyseal dysplasia tarda","terms":[]}]},{"id":1,"start":128,"end":381,"text":"BACKGROUND: Spondyloepiphyseal dysplasia tarda (SEDT) is an X-chromosome linked primary skeletal dysplasia characterized by a disproportionate short-trunked short stature, dysplasia of the large joints and flattened thoracic and lumber vertebral bodies.","terms":[{"ids":"UMLS:C0038015:T047:DISO|UMLS:C2745959:T047:DISO","score":1.0,"id":1,"start":140,"end":168,"text":"Spondyloepiphyseal dysplasia","terms":[]},{"ids":"UMLS:C0220776:T047:DISO","score":1.0,"id":2,"start":176,"end":180,"text":"SEDT","terms":[]},{"ids":"UMLS:C0410528:T047:DISO","score":1.0,"id":3,"start":216,"end":234,"text":"skeletal dysplasia","terms":[]},{"ids":"UMLS:C0013336:T047:DISO","score":1.0,"id":4,"start":285,"end":298,"text":"short stature","terms":[]},{"ids":"UMLS:C0729233:T047:DISO","score":1.0,"id":5,"start":344,"end":352,"text":"thoracic","terms":[]},{"ids":"UMLS:C0549207:T023:ANAT","score":1.0,"id":6,"start":364,"end":373,"text":"vertebral","terms":[]}]},{"id":2,"start":382,"end":526,"text":"The objective of this study is to describe a large Chinese SEDT family with a milder phenotype and describe the molecular and clinical findings.","terms":[{"ids":"UMLS:C0220776:T047:DISO","score":1.0,"id":1,"start":441,"end":445,"text":"SEDT","terms":[]}]},{"id":3,"start":527,"end":650,"text":"METHODS: Eight affected males of the family were diagnosed with SEDT according to their clinical and radiological features.","terms":[{"ids":"UMLS:C0220776:T047:DISO","score":1.0,"id":1,"start":591,"end":595,"text":"SEDT","terms":[]}]},{"id":4,"start":651,"end":704,"text":"Direct DNA sequencing of the SEDL gene was performed.","terms":[{"ids":"UNIPROT:O14582:T116:PRGE|UNIPROT:Q8IVP9:T116:PRGE","score":0.9234048045773837,"id":1,"start":680,"end":689,"text":"SEDL gene","terms":[]}]},{"id":5,"start":705,"end":814,"text":"RT-PCR experiments on total RNA from blood lymphocytes were performed to confirm the defect on the SEDL gene.","terms":[{"ids":"UMLS:C1861101:T047:DISO","score":1.0,"id":1,"start":790,"end":796,"text":"defect","terms":[]},{"ids":"UNIPROT:O14582:T116:PRGE|UNIPROT:Q8IVP9:T116:PRGE","score":0.8760612670704208,"id":2,"start":804,"end":813,"text":"SEDL gene","terms":[]}]},{"id":6,"start":815,"end":887,"text":"A short summary of all currently known SEDL gene mutations is presented.","terms":[{"ids":"UNIPROT:O14582:T116:PRGE|UNIPROT:Q8IVP9:T116:PRGE","score":0.9349138031822569,"id":1,"start":854,"end":863,"text":"SEDL gene","terms":[]}]},{"id":7,"start":888,"end":1104,"text":"RESULTS: DNA sequencing revealed that all the affected males carried an insertion mutation (c.370-371insA) unreported previously, predicted to result in frameshifts and generate a premature stop codon (p.S124fsX127).","terms":[]},{"id":8,"start":1105,"end":1196,"text":"The identical mutation was also observed in a 10-year old presymptomatic boy of the family.","terms":[]},{"id":9,"start":1197,"end":1277,"text":"Eight female carriers had the typical sequencing chromatograms of heterozygotes.","terms":[]},{"id":10,"start":1278,"end":1585,"text":"CONCLUSIONS: Identification of the novel insertion mutation (c.370-371insA) in this SEDT family enables carrier detection and presymptomatic/prenatal diagnosis, but also the detailed molecular and clinical features will be useful for extending the evidence for genetic and phenotypic heterogeneity in SEDT..","terms":[{"ids":"UMLS:C0220776:T047:DISO","score":1.0,"id":1,"start":1362,"end":1366,"text":"SEDT","terms":[]},{"ids":"UMLS:C0220776:T047:DISO","score":1.0,"id":2,"start":1579,"end":1583,"text":"SEDT","terms":[]}]}]