[{"id":0,"start":0,"end":78,"text":"Mutation analysis of p63 gene in the first Chinese family with ADULT syndrome.","terms":[{"ids":"UNIPROT:Q07065:T116:PRGE|UNIPROT:Q16518:T116:PRGE|UNIPROT:Q9P2Y5:T116:PRGE","score":0.9896556967109817,"id":1,"start":21,"end":29,"text":"p63 gene","terms":[]},{"ids":"UMLS:C1863204:T047:DISO","score":1.0,"id":2,"start":63,"end":77,"text":"ADULT syndrome","terms":[]}]},{"id":1,"start":79,"end":232,"text":"BACKGROUND: ADULT syndrome (acro-dermato-ungual-lacrimal-tooth syndrome) is a rare ectodermal dysplasia disorder known as autosomal dominant inheritance.","terms":[{"ids":"UMLS:C1863204:T047:DISO","score":1.0,"id":1,"start":91,"end":105,"text":"ADULT syndrome","terms":[]},{"ids":"UMLS:C1863204:T047:DISO","score":1.0,"id":2,"start":107,"end":150,"text":"acro-dermato-ungual-lacrimal-tooth syndrome","terms":[{"ids":"UMLS:C0040426:T023:ANAT","score":1.0,"id":1,"start":136,"end":141,"text":"tooth","terms":[]}]},{"ids":"UMLS:C0013575:T047:DISO","score":1.0,"id":3,"start":162,"end":182,"text":"ectodermal dysplasia","terms":[]}]},{"id":2,"start":233,"end":313,"text":"Recent studies have linked p63 gene mutation to the development of this disease.","terms":[{"ids":"UNIPROT:Q07065:T116:PRGE|UNIPROT:Q16518:T116:PRGE|UNIPROT:Q9P2Y5:T116:PRGE","score":0.9793665983371271,"id":1,"start":260,"end":268,"text":"p63 gene","terms":[]}]},{"id":3,"start":314,"end":400,"text":"However, the genetic characteristics of ADULT syndrome were still not well understood.","terms":[{"ids":"UMLS:C1863204:T047:DISO","score":1.0,"id":1,"start":354,"end":368,"text":"ADULT syndrome","terms":[]}]},{"id":4,"start":401,"end":525,"text":"METHODS: Mutation analysis of p63 gene in the first Chinese ADULT syndrome family was performed using direct DNA sequencing.","terms":[{"ids":"UNIPROT:Q07065:T116:PRGE|UNIPROT:Q16518:T116:PRGE|UNIPROT:Q9P2Y5:T116:PRGE","score":0.9788758090776147,"id":1,"start":431,"end":439,"text":"p63 gene","terms":[]},{"ids":"UMLS:C1863204:T047:DISO","score":1.0,"id":2,"start":461,"end":475,"text":"ADULT syndrome","terms":[]}]},{"id":5,"start":526,"end":662,"text":"RESULTS: The sequence analysis of exon 8 of p63 gene disclosed a heterozygous G\u003eA substitution at nucleotide 893 (R298Q) in the proband.","terms":[{"ids":"UNIPROT:Q07065:T116:PRGE|UNIPROT:Q16518:T116:PRGE|UNIPROT:Q9P2Y5:T116:PRGE","score":0.9850261025357823,"id":1,"start":570,"end":578,"text":"p63 gene","terms":[]}]},{"id":6,"start":663,"end":815,"text":"In addition, a single nucleotide polymorphism (SNP) rs16864880 in the downstream flanking region (DFR) of p63 exon 8 was also identified in this family.","terms":[{"ids":"UNIPROT:Q07065:T116:PRGE|UNIPROT:Q16518:T116:PRGE|UNIPROT:Q9P2Y5:T116:PRGE","score":0.9610983888938245,"id":1,"start":769,"end":779,"text":"p63 exon 8","terms":[]}]},{"id":7,"start":816,"end":915,"text":"The proband and the paternal side including her father exhibited the C/G genotype at this position.","terms":[]},{"id":8,"start":916,"end":1038,"text":"The C/G variant frequency in the paternal was significantly higher as compared with the maternal (6/10 vs 0/6, P \u003d 0.034).","terms":[]},{"id":9,"start":1039,"end":1191,"text":"CONCLUSIONS: ADULT syndrome may be caused by the p63 gene mutation, and it might have closer genetic association with the paternal side in this family..","terms":[{"ids":"UMLS:C1863204:T047:DISO","score":1.0,"id":1,"start":1052,"end":1066,"text":"ADULT syndrome","terms":[]},{"ids":"UNIPROT:Q07065:T116:PRGE|UNIPROT:Q16518:T116:PRGE|UNIPROT:Q9P2Y5:T116:PRGE","score":0.9507546257084654,"id":2,"start":1088,"end":1096,"text":"p63 gene","terms":[]}]}]