[{"id":0,"start":0,"end":132,"text":"Molecular and clinical characterization of a novel SCN5A mutation associated with atrioventricular block and dilated cardiomyopathy.","terms":[{"ids":"UMLS:C0004245:T047:DISO","score":1.0,"id":1,"start":82,"end":104,"text":"atrioventricular block","terms":[]},{"ids":"UMLS:C0007193:T047:DISO","score":1.0,"id":2,"start":109,"end":131,"text":"dilated cardiomyopathy","terms":[]}]},{"id":1,"start":133,"end":309,"text":"BACKGROUND: Increased susceptibility to dilated cardiomyopathy has been observed in patients carrying mutations in the SCN5A gene, but the underlying mechanism remains unclear.","terms":[{"ids":"UMLS:C0007193:T047:DISO","score":1.0,"id":1,"start":173,"end":195,"text":"dilated cardiomyopathy","terms":[]},{"ids":"UNIPROT:Q9H3M7:T116:PRGE","score":0.9203889952644797,"id":2,"start":252,"end":262,"text":"SCN5A gene","terms":[]}]},{"id":2,"start":310,"end":528,"text":"In this study, we identified and characterized, both in vitro and clinically, an SCN5A mutation associated with familial progressive atrioventricular block of adult onset and dilated cardiomyopathy in a Chinese family.","terms":[{"ids":"UMLS:C0004245:T047:DISO","score":1.0,"id":1,"start":443,"end":465,"text":"atrioventricular block","terms":[]},{"ids":"UMLS:C0007193:T047:DISO","score":1.0,"id":2,"start":485,"end":507,"text":"dilated cardiomyopathy","terms":[]}]},{"id":3,"start":529,"end":709,"text":"METHODS AND RESULTS: Among 32 family members, 5 were initially diagnosed with atrioventricular block after age 30; 4 were studied, 3 of whom later developed dilated cardiomyopathy.","terms":[{"ids":"UMLS:C0004245:T047:DISO","score":1.0,"id":1,"start":607,"end":629,"text":"atrioventricular block","terms":[]},{"ids":"UMLS:C0007193:T047:DISO","score":1.0,"id":2,"start":686,"end":708,"text":"dilated cardiomyopathy","terms":[]}]},{"id":4,"start":710,"end":911,"text":"We found a heterozygous single-nucleotide mutation resulting in an amino acid substitution (A1180V) in all studied patients and in 6 other younger unaffected members but not in 200 control chromosomes.","terms":[]},{"id":5,"start":912,"end":1133,"text":"When expressed with the beta1 subunit, the mutated channels exhibited a -4.5-mV shift of inactivation with slower recovery leading to a rate-dependent Na(+) current reduction and a moderate increase in late Na(+) current.","terms":[]},{"id":6,"start":1134,"end":1340,"text":"Clinical study revealed that although QRS duration decreased with increasing heart rate in noncarrier family members, this change was blunted in unaffected carriers whose ECG and heart function were normal.","terms":[{"ids":"UMLS:C0018787:T023:ANAT","score":1.0,"id":1,"start":1211,"end":1216,"text":"heart","terms":[]},{"ids":"UMLS:C0018787:T023:ANAT","score":1.0,"id":2,"start":1313,"end":1318,"text":"heart","terms":[]}]},{"id":7,"start":1341,"end":1494,"text":"Resting corrected QT interval of unaffected carriers was significantly longer than that of noncarriers, even though it was still within the normal range.","terms":[]},{"id":8,"start":1495,"end":1777,"text":"CONCLUSIONS: A1180V expresses a mild Na(+) channel phenotype in vitro and a corresponding clinical phenotype in unaffected mutation carriers, implying that A1180V caused structural heart disease in affected carriers by disturbing Na(+) influx and, hence, cellular Na(+) homeostasis.","terms":[{"ids":"UMLS:C0018799:T047:DISO","score":1.0,"id":1,"start":1676,"end":1689,"text":"heart disease","terms":[{"ids":"UMLS:C0018787:T023:ANAT","score":1.0,"id":1,"start":1676,"end":1681,"text":"heart","terms":[]}]}]},{"id":9,"start":1778,"end":1920,"text":"The high penetrance of A1180V suggests this phenotype as a high risk factor for dilated cardiomyopathy with preceding atrioventricular block..","terms":[{"ids":"UMLS:C0007193:T047:DISO","score":1.0,"id":1,"start":1858,"end":1880,"text":"dilated cardiomyopathy","terms":[]},{"ids":"UMLS:C0004245:T047:DISO","score":1.0,"id":2,"start":1896,"end":1918,"text":"atrioventricular block","terms":[]}]}]