[{"id":0,"start":0,"end":153,"text":"TNF receptor-associated periodic fever syndrome caused by sequence alterations in exonic splicing enhancers: comment on the article by Tr  benbach et al.","terms":[{"ids":"UNIPROT:P19438:T116:PRGE","score":0.974209269022034,"id":1,"start":0,"end":12,"text":"TNF receptor","terms":[]},{"ids":"UMLS:C0015974:T047:DISO","score":1.0,"id":2,"start":24,"end":38,"text":"periodic fever","terms":[]},{"ids":"UMLS:C0039082:T047:DISO","score":1.0,"id":3,"start":39,"end":47,"text":"syndrome","terms":[]},{"ids":"UMLS:C0268381:T047:DISO","score":1.0,"id":4,"start":150,"end":152,"text":"al","terms":[]}]},{"id":1,"start":154,"end":386,"text":"Tumor necrosis factor receptor-associated periodic syndrome (TRAPS), an autosomal disease belonging to human autoinflammatory syndromes, is caused by mutations in Tumor Necrosis Factor Receptor Superfamily Member 1A (TNFRSF1A) gene.","terms":[{"ids":"UMLS:C1275126:T047:DISO","score":1.0,"id":1,"start":154,"end":213,"text":"Tumor necrosis factor receptor-associated periodic syndrome","terms":[]},{"ids":"UMLS:C1275126:T047:DISO|UNIPROT:P19438:T116:PRGE","score":1.0,"id":2,"start":215,"end":220,"text":"TRAPS","terms":[]},{"ids":"UMLS:C0039082:T047:DISO","score":1.0,"id":3,"start":280,"end":289,"text":"syndromes","terms":[]},{"ids":"UNIPROT:P19438:T116:PRGE","score":0.932185081139207,"id":4,"start":317,"end":369,"text":"Tumor Necrosis Factor Receptor Superfamily Member 1A","terms":[]},{"ids":"UNIPROT:P19438:T116:PRGE","score":0.932185081139207,"id":5,"start":371,"end":379,"text":"TNFRSF1A","terms":[]}]},{"id":2,"start":387,"end":767,"text":"Tr  benbach and colleagues described a patient with two heterozygotic nucleotide transversions in exon 4 of TNFRSF1A gene: the first is a substitution from guanine to cytosine at position 263 of the nucleotide sequence (c.263 G\u003eC); the second is a substitution from cytosine to adenine at position 264 (c.264 C\u003eA); the two mutations affect the amino acid number 88 of the protein.","terms":[{"ids":"UNIPROT:P19438:T116:PRGE","score":0.9701589789542537,"id":1,"start":495,"end":508,"text":"TNFRSF1A gene","terms":[]}]},{"id":3,"start":768,"end":884,"text":"To date, this was the first report of a double monoallelic mutation in a gene related to autoinflammatory syndromes.","terms":[{"ids":"UMLS:C0039082:T047:DISO","score":1.0,"id":1,"start":874,"end":883,"text":"syndromes","terms":[]}]},{"id":4,"start":885,"end":1134,"text":"Using two web interfaces (ESEfinder and RESCUE-ESE), we provide evidence that the double nucleotide change may affect an exonic splicing enhancer (ESE), a sequence element distinct from the canonical splice sites that are needed for normal splicing.","terms":[]},{"id":5,"start":1135,"end":1265,"text":"ESEs are short and degenerate sequences found within coding exons and required for efficient splicing and splice site recognition.","terms":[]},{"id":6,"start":1266,"end":1610,"text":"In order to verify if these changes really affect an ESE, it would be useful to analyze the described index case TNFRSF1A cDNA, because if this analysis will evidence an exon skipping in the TNFRSF1A coding sequence, it would then represent the first mutation in autoinflammatory syndromes demonstrated to be caused by ESE elements alteration..","terms":[{"ids":"UNIPROT:P19438:T116:PRGE","score":0.5535097120986087,"id":1,"start":1379,"end":1387,"text":"TNFRSF1A","terms":[]},{"ids":"UNIPROT:P19438:T116:PRGE","score":0.5535097120986087,"id":2,"start":1457,"end":1481,"text":"TNFRSF1A coding sequence","terms":[]},{"ids":"UMLS:C0039082:T047:DISO","score":1.0,"id":3,"start":1546,"end":1555,"text":"syndromes","terms":[]}]}]