[{"id":0,"start":0,"end":66,"text":"Polymorphisms in the FOXP3 gene in Han Chinese psoriasis patients.","terms":[{"ids":"UNIPROT:Q9BZS1:T116:PRGE","score":0.9990360931683088,"id":1,"start":21,"end":31,"text":"FOXP3 gene","terms":[]},{"ids":"UMLS:C0033860:T047:DISO","score":1.0,"id":2,"start":47,"end":56,"text":"psoriasis","terms":[]}]},{"id":1,"start":67,"end":172,"text":"BACKGROUND: Psoriasis is a common dermatological disorder, in which autoimmunity plays an important role.","terms":[{"ids":"UMLS:C0033860:T047:DISO","score":1.0,"id":1,"start":79,"end":88,"text":"Psoriasis","terms":[]}]},{"id":2,"start":173,"end":298,"text":"CD4(+)CD25(+) regulatory T cells (T-regs) have been suggested to be involved in the pathogenesis of some autoimmune diseases.","terms":[{"ids":"UNIPROT:P01730:T116:PRGE","score":0.8470283128139156,"id":1,"start":173,"end":176,"text":"CD4","terms":[]},{"ids":"UMLS:C0004364:T047:DISO","score":1.0,"id":2,"start":278,"end":297,"text":"autoimmune diseases","terms":[]}]},{"id":3,"start":299,"end":450,"text":"T-regs express the fork head/winged helix transcription factor, FOXP3, which appears to be of key importance in the development and function of T-regs.","terms":[{"ids":"UNIPROT:P35548:T116:PRGE|UNIPROT:P28069:T116:PRGE|UNIPROT:O60759:T116:PRGE|UNIPROT:Q15361:T116:PRGE|UNIPROT:Q13951:T116:PRGE|UNIPROT:O95644:T116:PRGE|UNIPROT:O15525:T116:PRGE|UNIPROT:Q02548:T116:PRGE|UNIPROT:P40763:T116:PRGE|UNIPROT:Q16254:T116:PRGE|UNIPROT:O15353:T116:PRGE|UNIPROT:Q14814:T116:PRGE|UNIPROT:P55316:T116:PRGE|UNIPROT:Q99081:T116:PRGE|UNIPROT:Q00403:T116:PRGE|UNIPROT:Q15562:T116:PRGE|UNIPROT:Q15329:T116:PRGE|UNIPROT:Q06889:T116:PRGE|UNIPROT:Q15561:T116:PRGE|UNIPROT:Q8NEM7:T116:PRGE|UNIPROT:Q9NPI6:T116:PRGE|UNIPROT:Q99594:T116:PRGE|UNIPROT:P35398:T116:PRGE","score":0.5195371244735955,"id":1,"start":318,"end":361,"text":"fork head/winged helix transcription factor","terms":[{"ids":"UMLS:C0043189:T023:ANAT","score":1.0,"id":1,"start":328,"end":334,"text":"winged","terms":[]},{"ids":"UMLS:C0229304:T023:ANAT","score":1.0,"id":2,"start":335,"end":340,"text":"helix","terms":[]}]},{"ids":"UNIPROT:Q9BZS1:T116:PRGE","score":0.5195371244735955,"id":2,"start":363,"end":368,"text":"FOXP3","terms":[]}]},{"id":4,"start":451,"end":590,"text":"Studies have found that single-nucleotide polymorphisms (SNPs) in the FOXP3 gene contribute to susceptibility to some autoimmune disorders.","terms":[{"ids":"UNIPROT:Q9BZS1:T116:PRGE","score":0.9974598333182984,"id":1,"start":521,"end":531,"text":"FOXP3 gene","terms":[]},{"ids":"UMLS:C0004364:T047:DISO","score":1.0,"id":2,"start":569,"end":589,"text":"autoimmune disorders","terms":[]}]},{"id":5,"start":591,"end":653,"text":"However, information about FOXP3 gene in psoriasis is limited.","terms":[{"ids":"UNIPROT:Q9BZS1:T116:PRGE","score":0.9733037890768993,"id":1,"start":618,"end":628,"text":"FOXP3 gene","terms":[]},{"ids":"UMLS:C0033860:T047:DISO","score":1.0,"id":2,"start":632,"end":641,"text":"psoriasis","terms":[]}]},{"id":6,"start":654,"end":786,"text":"OBJECTIVE: This study evaluated the association between FOXP3 gene SNPs and susceptibility to psoriasis in a Han Chinese population.","terms":[{"ids":"UNIPROT:Q9BZS1:T116:PRGE","score":0.8510124548961655,"id":1,"start":710,"end":725,"text":"FOXP3 gene SNPs","terms":[]},{"ids":"UMLS:C0033860:T047:DISO","score":1.0,"id":2,"start":748,"end":757,"text":"psoriasis","terms":[]}]},{"id":7,"start":787,"end":939,"text":"METHODS: In a hospital-based case-control study, 524 patients with psoriasis and 549 psoriasis-free controls were recruited according to age and gender.","terms":[{"ids":"UMLS:C0033860:T047:DISO","score":1.0,"id":1,"start":854,"end":863,"text":"psoriasis","terms":[]},{"ids":"UMLS:C0033860:T047:DISO","score":1.0,"id":2,"start":872,"end":881,"text":"psoriasis","terms":[]}]},{"id":8,"start":940,"end":1204,"text":"We investigated four SNPs in the FOXP3 gene (-6054, deletion/ATT; -3279, A/C; -924, A/G; IVS9+459, A/G) in psoriatic patients, and assessed allele and genotype frequencies in psoriatic patients (237 females, 287 males) and normal controls (272 females, 277 males).","terms":[{"ids":"UNIPROT:Q9BZS1:T116:PRGE","score":0.9490152454262558,"id":1,"start":973,"end":983,"text":"FOXP3 gene","terms":[]}]},{"id":9,"start":1205,"end":1362,"text":"The polymorphisms were genotyped using the PCR sequence-specific primer (PCR-SSP) technique and PCR-restriction fragment length polymorphism (RFLP) analysis.","terms":[]},{"id":10,"start":1363,"end":1609,"text":"RESULTS: We found that increased risk of psoriasis was associated with the FOXP3 -3279 AC genotype (adjusted OR, 1.32; 95% CI, 1.01-1.74) and the combined AC+AA genotype (adjusted OR, 1.38; 95% CI, 1.07-1.78), compared with the -3279 CC genotype.","terms":[{"ids":"UMLS:C0033860:T047:DISO","score":1.0,"id":1,"start":1404,"end":1413,"text":"psoriasis","terms":[]},{"ids":"UNIPROT:Q13510:T116:PRGE","score":0.5013948456567319,"id":2,"start":1438,"end":1461,"text":"FOXP3 -3279 AC genotype","terms":[]},{"ids":"UMLS:C1862382:T047:DISO","score":1.0,"id":3,"start":1518,"end":1523,"text":"AC+AA","terms":[]}]},{"id":11,"start":1610,"end":1750,"text":"We also found that an increased risk of psoriasis was associated with the FOXP3 IVS9+459 GG genotype (adjusted OR, 2.24; 95% CI, 1.41-3.58).","terms":[{"ids":"UMLS:C0033860:T047:DISO","score":1.0,"id":1,"start":1650,"end":1659,"text":"psoriasis","terms":[]},{"ids":"UNIPROT:Q9BZS1:T116:PRGE","score":0.789283846394429,"id":2,"start":1684,"end":1701,"text":"FOXP3 IVS9+459 GG","terms":[]}]},{"id":12,"start":1751,"end":1890,"text":"However, the combined GA+GG genotype showed no such tendency (adjusted OR\u003d1.28; 95% CI, 1.00-1.64), compared with the IVS9+459 AA genotype.","terms":[{"ids":"UNIPROT:P01769:T116:PRGE|UNIPROT:P20933:T116:PRGE|UNIPROT:Q9UI32:T116:PRGE","score":0.5362660124435429,"id":1,"start":1764,"end":1787,"text":"combined GA+GG genotype","terms":[]},{"ids":"UMLS:C1862382:T047:DISO","score":1.0,"id":2,"start":1878,"end":1880,"text":"AA","terms":[]}]},{"id":13,"start":1891,"end":2004,"text":"There was no evidence of an increased risk associated with the FOXP3-6054 deletion/ATT or FOXP3-924 A/G genotype.","terms":[{"ids":"UNIPROT:Q9BZS1:T116:PRGE","score":0.6567793125711502,"id":1,"start":1954,"end":1973,"text":"FOXP3-6054 deletion","terms":[]},{"ids":"UNIPROT:Q9BZS1:T116:PRGE","score":0.6567793125711502,"id":2,"start":1981,"end":1992,"text":"FOXP3-924 A","terms":[]}]},{"id":14,"start":2005,"end":2225,"text":"In combined genotype analyses, the FOXP3-3279 AC+AA genotype was more obviously associated in males (adjusted OR\u003d1.60, 95% CI\u003d1.11-2.31) and severe psoriasis patients (PASI score \u003e20; adjusted OR\u003d1.97, 95% CI\u003d1.41-2.75).","terms":[{"ids":"UNIPROT:Q13510:T116:PRGE","score":0.5985229850685443,"id":1,"start":2040,"end":2065,"text":"FOXP3-3279 AC+AA genotype","terms":[{"ids":"UMLS:C1862382:T047:DISO","score":1.0,"id":1,"start":2051,"end":2056,"text":"AC+AA","terms":[]}]},{"ids":"UMLS:C0033860:T047:DISO","score":1.0,"id":2,"start":2153,"end":2162,"text":"psoriasis","terms":[]}]},{"id":15,"start":2226,"end":2359,"text":"Meanwhile, the FOXP3 IVS9+459 GA+GG genotype was also associated with severe psoriasis patients (adjusted OR\u003d1.69, 95% CI\u003d1.21-2.36).","terms":[{"ids":"UNIPROT:Q9BZS1:T116:PRGE","score":0.7897662861227781,"id":1,"start":2241,"end":2270,"text":"FOXP3 IVS9+459 GA+GG genotype","terms":[]},{"ids":"UMLS:C0033860:T047:DISO","score":1.0,"id":2,"start":2303,"end":2312,"text":"psoriasis","terms":[]}]},{"id":16,"start":2360,"end":2467,"text":"CONCLUSIONS: FOXP3 polymorphisms appear to contribute to the risk of psoriasis in a Han Chinese population.","terms":[{"ids":"UNIPROT:Q9BZS1:T116:PRGE","score":0.533513912464797,"id":1,"start":2373,"end":2378,"text":"FOXP3","terms":[]},{"ids":"UMLS:C0033860:T047:DISO","score":1.0,"id":2,"start":2429,"end":2438,"text":"psoriasis","terms":[]}]},{"id":17,"start":2468,"end":2521,"text":"Larger studies are needed to confirm these findings..","terms":[]}]