[{"id":0,"start":0,"end":74,"text":"hOGG1 Ser326Cys polymorphism and risk of lung cancer by histological type.","terms":[{"ids":"UMLS:C0024109:T023:ANAT","score":1.0,"id":1,"start":41,"end":45,"text":"lung","terms":[]}]},{"id":1,"start":75,"end":204,"text":"Human 8-oxoguanine DNA glycosylase 1 (hOGG1) has a major role in the repair of 8-hydroxyguanine, a major promutagenic DNA lesion.","terms":[{"ids":"UNIPROT:Q8TA86:T116:PRGE|UNIPROT:Q9H0Z9:T116:PRGE","score":0.0,"id":1,"start":75,"end":80,"text":"Human","terms":[]}]},{"id":2,"start":205,"end":400,"text":"The genetic polymorphism rs1052133, which leads to substitution of the amino acid at codon 326 from Ser to Cys, shows functional differences, namely a decrease in enzyme activity in hOGG1-Cys326.","terms":[]},{"id":3,"start":401,"end":589,"text":"Although several studies have investigated the association between rs1052133 and lung cancer susceptibility, the effect of this locus on lung cancer according to histology remains unclear.","terms":[{"ids":"UMLS:C0024109:T023:ANAT","score":1.0,"id":1,"start":482,"end":486,"text":"lung","terms":[]},{"ids":"UMLS:C0024109:T023:ANAT","score":1.0,"id":2,"start":538,"end":542,"text":"lung","terms":[]}]},{"id":4,"start":590,"end":763,"text":"We therefore conducted a case-control study with 515 incident lung cancer cases and 1030 age- and sex-matched controls without cancer, and further conducted a meta-analysis.","terms":[{"ids":"UMLS:C0024109:T023:ANAT","score":1.0,"id":1,"start":652,"end":656,"text":"lung","terms":[]}]},{"id":5,"start":764,"end":968,"text":"In overall analysis, the homozygous Cys/Cys genotype showed a significant association with lung cancer compared to Ser allele carrier status (odds ratio (OR)\u003d1.31, 95% confidence interval (CI)\u003d1.02-1.69).","terms":[{"ids":"UNIPROT:Q04118:T116:PRGE","score":0.7003112197661122,"id":1,"start":800,"end":816,"text":"Cys/Cys genotype","terms":[]},{"ids":"UMLS:C0024109:T023:ANAT","score":1.0,"id":2,"start":855,"end":859,"text":"lung","terms":[]}]},{"id":6,"start":969,"end":1204,"text":"By histology-based analysis, the Cys/Cys genotype showed a significantly positive association with small-cell carcinoma (OR\u003d2.40, 95% CI\u003d1.32-4.49) and marginally significant association with adenocarcinoma (OR\u003d1.32, 95% CI\u003d0.98-1.77).","terms":[]},{"id":7,"start":1205,"end":1424,"text":"A meta-analysis of previous and our present study revealed that this polymorphism is positively associated with adenocarcinoma, although suggestive associations were also found for squamous- and small-cell lung cancers.","terms":[{"ids":"UMLS:C0024109:T023:ANAT","score":1.0,"id":1,"start":1411,"end":1415,"text":"lung","terms":[]}]},{"id":8,"start":1425,"end":1514,"text":"These results indicate that rs1052133 contributes to the risk of adenocarcinoma of lung..","terms":[{"ids":"UMLS:C0024109:T023:ANAT","score":1.0,"id":1,"start":1508,"end":1512,"text":"lung","terms":[]}]}]