[{"id":0,"start":0,"end":159,"text":"An intronic polymorphism of IRF4 gene influences gene transcription in vitro and shows a risk association with childhood acute lymphoblastic leukemia in males.","terms":[{"ids":"UNIPROT:P09884:T116:PRGE|UNIPROT:Q14181:T116:PRGE|UNIPROT:Q15306:T116:PRGE","score":0.9904235281788701,"id":1,"start":28,"end":37,"text":"IRF4 gene","terms":[]}]},{"id":1,"start":160,"end":334,"text":"The interferon regulatory factor (IRF) family of DNA-binding proteins regulates expression of interferon-inducible genes with roles in the immune response and carcinogenesis.","terms":[{"ids":"UNIPROT:P01563:T116:PRGE|UNIPROT:P01569:T116:PRGE","score":0.4948871642305032,"id":1,"start":164,"end":192,"text":"interferon regulatory factor","terms":[]},{"ids":"UNIPROT:Q969Q1:T116:PRGE","score":0.4948871642305032,"id":2,"start":194,"end":197,"text":"IRF","terms":[]},{"ids":"UNIPROT:P01563:T116:PRGE|UNIPROT:P01569:T116:PRGE","score":0.4948871642305032,"id":3,"start":254,"end":264,"text":"interferon","terms":[]}]},{"id":2,"start":335,"end":485,"text":"IRF4 is involved in the differentiation of B and T cells and is overexpressed in B-cell malignancies as a result of c-REL (NF-kappaB) hyperactivation.","terms":[{"ids":"UNIPROT:P09884:T116:PRGE|UNIPROT:Q14181:T116:PRGE|UNIPROT:Q15306:T116:PRGE","score":0.9884840483696061,"id":1,"start":335,"end":339,"text":"IRF4","terms":[]},{"ids":"UNIPROT:Q04864:T116:PRGE","score":0.9884840483696061,"id":2,"start":451,"end":456,"text":"c-REL","terms":[]},{"ids":"UNIPROT:P19838:T116:PRGE","score":0.9884840483696061,"id":3,"start":458,"end":467,"text":"NF-kappaB","terms":[]}]},{"id":3,"start":486,"end":606,"text":"IRF4 polymorphisms are associated with susceptibility to chronic lymphoid leukemia (CLL) and non-Hodgkin lymphoma (NHL).","terms":[{"ids":"UNIPROT:P09884:T116:PRGE|UNIPROT:Q14181:T116:PRGE|UNIPROT:Q15306:T116:PRGE","score":0.9758569285652787,"id":1,"start":486,"end":490,"text":"IRF4","terms":[]}]},{"id":4,"start":607,"end":756,"text":"We examined 13 IRF4 SNPs in 114 cases of childhood acute lymphoblastic leukemia (ALL) and 388 newborn controls from Wales (U.K.) using TaqMan assays.","terms":[]},{"id":5,"start":757,"end":864,"text":"IRF4 intron 4 SNP rs12203592 showed a male-specific risk association (OR\u003d4.4, 95% CI\u003d1.5 to 12.6, P\u003d0.007).","terms":[{"ids":"UNIPROT:P09884:T116:PRGE|UNIPROT:Q14181:T116:PRGE|UNIPROT:Q15306:T116:PRGE","score":0.9797187115799633,"id":1,"start":757,"end":785,"text":"IRF4 intron 4 SNP rs12203592","terms":[]}]},{"id":6,"start":865,"end":1002,"text":"Functional consequences of the C\u003eT substitution at this SNP were assessed by cell-based reporter assays using three different cell lines.","terms":[]},{"id":7,"start":1003,"end":1168,"text":"We found a repressive effect of the rs12203592 wildtype allele C on IRF4 promoter activity (P\u003c0.001) but no repression by the variant allele in any cell line tested.","terms":[{"ids":"UNIPROT:P09884:T116:PRGE|UNIPROT:Q14181:T116:PRGE|UNIPROT:Q15306:T116:PRGE","score":0.9836860668178615,"id":1,"start":1071,"end":1084,"text":"IRF4 promoter","terms":[]}]},{"id":8,"start":1169,"end":1264,"text":"Thus, homozygosity for the rs12203592 variant allele would result in increased IRF4 expression.","terms":[{"ids":"UNIPROT:P09884:T116:PRGE|UNIPROT:Q14181:T116:PRGE|UNIPROT:Q15306:T116:PRGE","score":0.9878568128561805,"id":1,"start":1248,"end":1252,"text":"IRF4","terms":[]}]},{"id":9,"start":1265,"end":1376,"text":"This increase would be compounded by high levels of NF-kappaB activity in males due to the absence of estrogen.","terms":[{"ids":"UNIPROT:P19838:T116:PRGE","score":0.9995761653392485,"id":1,"start":1317,"end":1326,"text":"NF-kappaB","terms":[]}]},{"id":10,"start":1377,"end":1480,"text":"IRF4 differs from other IRFs in its anti-interferon activity which interferes with immune surveillance.","terms":[{"ids":"UNIPROT:P09884:T116:PRGE|UNIPROT:Q14181:T116:PRGE|UNIPROT:Q15306:T116:PRGE","score":0.5764644000703667,"id":1,"start":1377,"end":1381,"text":"IRF4","terms":[]},{"ids":"UNIPROT:P01563:T116:PRGE|UNIPROT:P01569:T116:PRGE","score":0.5764644000703667,"id":2,"start":1413,"end":1428,"text":"anti-interferon","terms":[]}]},{"id":11,"start":1481,"end":1647,"text":"We propose that a detailed study of IRF4 can provide information on the mechanism of the sex effect and the role of immune surveillance in childhood ALL development..","terms":[{"ids":"UNIPROT:P09884:T116:PRGE|UNIPROT:Q14181:T116:PRGE|UNIPROT:Q15306:T116:PRGE","score":0.6136954435332506,"id":1,"start":1517,"end":1521,"text":"IRF4","terms":[]}]}]