[{"id":0,"start":0,"end":70,"text":"FGFR4 Gly388Arg polymorphism and prostate cancer risk in Scottish men.","terms":[{"ids":"UNIPROT:P22455:T116:PRGE","score":0.9146792914097183,"id":1,"start":0,"end":5,"text":"FGFR4","terms":[]},{"ids":"UMLS:C0033572:T023:ANAT","score":1.0,"id":2,"start":33,"end":41,"text":"prostate","terms":[]}]},{"id":1,"start":71,"end":261,"text":"Fibroblast growth factor receptor 4 (FGFR4), a member of the fibroblast growth receptor family, was recently reported to be more abundantly expressed in malignant than benign prostate cells.","terms":[{"ids":"UNIPROT:Q08357:T116:PRGE","score":0.9793210892473633,"id":1,"start":71,"end":106,"text":"Fibroblast growth factor receptor 4","terms":[]},{"ids":"UNIPROT:P22455:T116:PRGE","score":0.9793210892473633,"id":2,"start":108,"end":113,"text":"FGFR4","terms":[]},{"ids":"UNIPROT:Q08357:T116:PRGE","score":0.9793210892473633,"id":3,"start":132,"end":165,"text":"fibroblast growth receptor family","terms":[]},{"ids":"UMLS:C0033572:T023:ANAT","score":1.0,"id":4,"start":246,"end":254,"text":"prostate","terms":[]}]},{"id":2,"start":262,"end":502,"text":"A single nucleotide polymorphism at position 388 of the FGFR4 amino-acid sequence results in the substitution of glycine (Gly) with arginine (Arg) and higher frequency of the ArgArg genotype was previously found in prostate cancer patients.","terms":[{"ids":"UNIPROT:P22455:T116:PRGE","score":0.844237912351526,"id":1,"start":318,"end":343,"text":"FGFR4 amino-acid sequence","terms":[]},{"ids":"UMLS:C0033572:T023:ANAT","score":1.0,"id":2,"start":477,"end":485,"text":"prostate","terms":[]}]},{"id":3,"start":503,"end":629,"text":"DNA was extracted from the blood drawn from 399 prostate cancer patients, 150 BPH patients and 294 healthy community controls.","terms":[{"ids":"UMLS:C0033572:T023:ANAT","score":1.0,"id":1,"start":551,"end":559,"text":"prostate","terms":[]}]},{"id":4,"start":630,"end":765,"text":"Polymerase chain reaction was carried out and single nucleotide polymorphisms of FGFR4 were identified by restriction enzyme digestion.","terms":[{"ids":"UNIPROT:P22455:T116:PRGE","score":0.9800272552947336,"id":1,"start":711,"end":716,"text":"FGFR4","terms":[]}]},{"id":5,"start":766,"end":861,"text":"No overall association is detectable between the Arg allele and increased prostate cancer risk.","terms":[{"ids":"UMLS:C0033572:T023:ANAT","score":1.0,"id":1,"start":840,"end":848,"text":"prostate","terms":[]}]},{"id":6,"start":862,"end":1143,"text":"Subgroup analysis shows a higher incidence of the heterozygous ArgGly genotype in cancer cases than in the combined group of BPH and controls (P\u003c0.05); this difference is statistically significant between cancer and BPH patients but not between cancer cases and community controls.","terms":[]},{"id":7,"start":1144,"end":1273,"text":"The single nucleotide polymorphism Gly(388)Arg in FGFR4 is not associated with increased risk of prostate cancer in Scottish men.","terms":[{"ids":"UNIPROT:P22455:T116:PRGE","score":0.9935838330304896,"id":1,"start":1194,"end":1199,"text":"FGFR4","terms":[]},{"ids":"UMLS:C0033572:T023:ANAT","score":1.0,"id":2,"start":1241,"end":1249,"text":"prostate","terms":[]}]},{"id":8,"start":1274,"end":1377,"text":"This observation is in contrast with results from two previous studies conducted in the USA and Japan..","terms":[]}]