[{"id":0,"start":0,"end":63,"text":"Multiple trichoepitheliomas--a novel mutation in the CYLD gene.","terms":[{"ids":"UNIPROT:Q9NQC7:T116:PRGE","score":0.9856907253545915,"id":1,"start":53,"end":62,"text":"CYLD gene","terms":[]}]},{"id":1,"start":64,"end":148,"text":"BACKGROUND: Trichoepitheliomas are benign neoplasms with follicular differentiation.","terms":[{"ids":"UMLS:C1571705:T023:ANAT","score":1.0,"id":1,"start":121,"end":131,"text":"follicular","terms":[]}]},{"id":2,"start":149,"end":210,"text":"They may present as a solitary lesion or as multiple lesions.","terms":[]},{"id":3,"start":211,"end":350,"text":"Multiple trichoepitheliomas are inherited in an autosomal dominant pattern within families, with both variable penetrance and expressivity.","terms":[]},{"id":4,"start":351,"end":544,"text":"Recent investigations support that mutations in CYLD, the gene affected in familial cylindromatosis as well as in Brooke-Spiegler syndrome, are also responsible for multiple trichoepitheliomas.","terms":[{"ids":"UNIPROT:Q9NQC7:T116:PRGE","score":0.9068662036643992,"id":1,"start":399,"end":403,"text":"CYLD","terms":[]},{"ids":"UMLS:C1851526:T047:DISO","score":1.0,"id":2,"start":426,"end":450,"text":"familial cylindromatosis","terms":[]},{"ids":"UMLS:C1857941:T047:DISO","score":1.0,"id":3,"start":465,"end":489,"text":"Brooke-Spiegler syndrome","terms":[]}]},{"id":5,"start":545,"end":706,"text":"OBJECTIVE: The authors report the case of a 9-year-old African girl with multiple facial trichoepitheliomas in whom a mutation in the CYLD gene was hypothesised.","terms":[{"ids":"UNIPROT:Q9NQC7:T116:PRGE","score":0.9739354794809892,"id":1,"start":679,"end":688,"text":"CYLD gene","terms":[]}]},{"id":6,"start":707,"end":877,"text":"MATERIALS AND METHODS: After genomic DNA extraction from the peripheral blood, a molecular analysis of the CYLD gene was performed by PCR, DHPLC and automated sequencing.","terms":[{"ids":"UNIPROT:Q9NQC7:T116:PRGE","score":0.960691567152275,"id":1,"start":814,"end":823,"text":"CYLD gene","terms":[]}]},{"id":7,"start":878,"end":1135,"text":"RESULTS: A novel heterozygous mutation in exon 18 of the CYLD gene (c.2449delT) was identified, with a deletion of one nucleotide resulting in a premature translational termination codon at amino acid position 831 on the affected allele (p.Cys817Valfs X15).","terms":[{"ids":"UNIPROT:Q9NQC7:T116:PRGE","score":0.8014461593569321,"id":1,"start":935,"end":944,"text":"CYLD gene","terms":[]}]},{"id":8,"start":1136,"end":1225,"text":"CONCLUSIONS: The predominating tumours define the classification of these three entities.","terms":[]},{"id":9,"start":1226,"end":1373,"text":"Nevertheless, studies suggest that they can simply represent phenotypic variations of the same disease spectrum, sharing common genetic mutations..","terms":[]}]