[{"id":0,"start":0,"end":140,"text":"Molecular analysis of gamma-globin promoters, HS-111 and 3\u0027HS1, in beta-thalassemia intermedia patients associated with high levels of Hb F.","terms":[{"ids":"UNIPROT:P41439:T116:PRGE|UNIPROT:Q92569:T116:PRGE|UNIPROT:Q13185:T116:PRGE|UNIPROT:P49368:T116:PRGE|UNIPROT:O94864:T116:PRGE|UNIPROT:Q9UEY8:T116:PRGE","score":0.4186487585564956,"id":1,"start":22,"end":44,"text":"gamma-globin promoters","terms":[]},{"ids":"UNIPROT:Q99558:T116:PRGE","score":0.4186487585564956,"id":2,"start":46,"end":62,"text":"HS-111 and 3\u0027HS1","terms":[{"ids":"UMLS:C2674218:T047:DISO","score":1.0,"id":1,"start":46,"end":48,"text":"HS","terms":[]},{"ids":"UMLS:C2674218:T047:DISO","score":1.0,"id":2,"start":57,"end":62,"text":"3\u0027HS1","terms":[]}]},{"ids":"UMLS:C0271979:T047:DISO","score":1.0,"id":3,"start":72,"end":94,"text":"thalassemia intermedia","terms":[]},{"ids":"UNIPROT:P09488:T116:PRGE","score":0.4186487585564956,"id":4,"start":135,"end":139,"text":"Hb F","terms":[]}]},{"id":1,"start":141,"end":382,"text":"The nucleotide (nt) variations in the promoter region of the gamma-globin genes, HS-111 and 3\u0027HS1 regions, were studied in Iranian patients with beta-thalassemia intermedia (beta-TI), beta-thalassemia major (beta-TM) and healthy individuals.","terms":[{"ids":"UNIPROT:P41439:T116:PRGE|UNIPROT:Q92569:T116:PRGE|UNIPROT:Q13185:T116:PRGE|UNIPROT:P49368:T116:PRGE|UNIPROT:O94864:T116:PRGE|UNIPROT:Q9UEY8:T116:PRGE","score":0.23301056439119947,"id":1,"start":202,"end":220,"text":"gamma-globin genes","terms":[]},{"ids":"UMLS:C2674218:T047:DISO","score":1.0,"id":2,"start":222,"end":224,"text":"HS","terms":[]},{"ids":"UMLS:C2674218:T047:DISO","score":1.0,"id":3,"start":233,"end":238,"text":"3\u0027HS1","terms":[]},{"ids":"UMLS:C0271979:T047:DISO","score":1.0,"id":4,"start":291,"end":313,"text":"thalassemia intermedia","terms":[]},{"ids":"UNIPROT:P78371:T116:PRGE|UNIPROT:P07951:T116:PRGE|UNIPROT:Q9HCC0:T116:PRGE|UNIPROT:O00459:T116:PRGE","score":0.23301056439119947,"id":5,"start":315,"end":322,"text":"beta-TI","terms":[]},{"ids":"UMLS:C0002875:T047:DISO","score":1.0,"id":6,"start":330,"end":347,"text":"thalassemia major","terms":[]},{"ids":"UMLS:C0041445:T023:ANAT","score":1.0,"id":7,"start":354,"end":356,"text":"TM","terms":[]}]},{"id":2,"start":383,"end":625,"text":"Of the five nt variations at the 5\u0027 end of the (A)gamma-globin gene, -369 (C\u003eG), -611 (-T) and -603/604 (GA\u003eAG) were found in all samples, whereas -588 (A\u003eG) and -AAGC at -222 to -225 were found at different frequencies in the studied groups.","terms":[{"ids":"UNIPROT:P41439:T116:PRGE|UNIPROT:Q92569:T116:PRGE|UNIPROT:Q13185:T116:PRGE|UNIPROT:P49368:T116:PRGE|UNIPROT:O94864:T116:PRGE|UNIPROT:Q9UEY8:T116:PRGE","score":0.520443410817752,"id":1,"start":430,"end":450,"text":"(A)gamma-globin gene","terms":[]}]},{"id":3,"start":626,"end":803,"text":"Therefore, the -369, -611 and -603/604 variations were considered common mutations in this population, and the difference with respect to the -AAGC deletion was not significant.","terms":[]},{"id":4,"start":804,"end":994,"text":"However, the A allele of the -588 variation and [+] allele of the XmnI polymorphism were more frequent in beta-TI patients, especially those who had the IVS-II-1(G\u003eA)/IVS-II-1(G\u003eA) genotype.","terms":[{"ids":"UNIPROT:Q06430:T116:PRGE|UNIPROT:P20062:T116:PRGE|UNIPROT:Q8NFS9:T116:PRGE|UNIPROT:P32241:T116:PRGE|UNIPROT:P04233:T116:PRGE|UNIPROT:Q10469:T116:PRGE|UNIPROT:Q7Z7C8:T116:PRGE|UNIPROT:Q8N0V5:T116:PRGE","score":0.23079709433560866,"id":1,"start":957,"end":965,"text":"IVS-II-1","terms":[]}]},{"id":5,"start":995,"end":1082,"text":"The + allele of XmnI also had complete correlation with the A allele of -588 variation.","terms":[]},{"id":6,"start":1083,"end":1186,"text":"The HS-111 (-21 A) variation also showed association with beta-TI patients who had high levels of Hb F.","terms":[{"ids":"UMLS:C2674218:T047:DISO","score":1.0,"id":1,"start":1087,"end":1089,"text":"HS","terms":[]},{"ids":"UNIPROT:P09488:T116:PRGE","score":0.8656164259127127,"id":2,"start":1181,"end":1185,"text":"Hb F","terms":[]}]},{"id":7,"start":1187,"end":1451,"text":"Bearing in mind that the -588 variation lies within the postulated adult-specific silencer region and that the majority of beta-TI patients had allele A, then it can be envisaged that this allele could have a role in altering the repressor function at this region.","terms":[]},{"id":8,"start":1452,"end":1614,"text":"Therefore, the A allele of -588, [+] allele of XmnI and HS-111 (-21 A) variation are useful genetic markers to differentiate between beta-TM and beta-TI patients.","terms":[{"ids":"UNIPROT:Q99558:T116:PRGE","score":0.26685788023008106,"id":1,"start":1508,"end":1514,"text":"HS-111","terms":[{"ids":"UMLS:C2674218:T047:DISO","score":1.0,"id":1,"start":1508,"end":1510,"text":"HS","terms":[]}]},{"ids":"UMLS:C0041445:T023:ANAT","score":1.0,"id":2,"start":1590,"end":1592,"text":"TM","terms":[]}]},{"id":9,"start":1615,"end":1779,"text":"However, these nt changes alone may not be the only elements raising the level of Hb F, other regulatory and modifying factors also play a role in Hb F production..","terms":[{"ids":"UNIPROT:P09488:T116:PRGE","score":0.5809208986977362,"id":1,"start":1697,"end":1701,"text":"Hb F","terms":[]},{"ids":"UNIPROT:P09488:T116:PRGE","score":0.5809208986977362,"id":2,"start":1762,"end":1766,"text":"Hb F","terms":[]}]}]