[{"id":0,"start":0,"end":165,"text":"A potential regulatory single nucleotide polymorphism in the promoter of the Klotho gene may be associated with essential hypertension in the Chinese Han population.","terms":[{"ids":"UNIPROT:Q9UEF7:T116:PRGE","score":0.9321964481728114,"id":1,"start":77,"end":88,"text":"Klotho gene","terms":[]},{"ids":"UMLS:C0085580:T047:DISO","score":1.0,"id":2,"start":112,"end":134,"text":"essential hypertension","terms":[]}]},{"id":1,"start":166,"end":276,"text":"BACKGROUND: Mice with defects in the Klotho gene exhibit multiple aging phenotypes including arteriosclerosis.","terms":[{"ids":"UMLS:C0003850:T047:DISO","score":1.0,"id":1,"start":259,"end":275,"text":"arteriosclerosis","terms":[]}]},{"id":2,"start":277,"end":434,"text":"We hypothesised that the G-395A polymorphism in the promoter region of the human Klotho gene may contribute to the prevalence of Essential Hypertension (EH).","terms":[{"ids":"UMLS:C0085580:T047:DISO","score":1.0,"id":1,"start":406,"end":428,"text":"Essential Hypertension","terms":[]}]},{"id":3,"start":435,"end":608,"text":"METHODS: We investigate whether the G-395A polymorphism of Klotho is associated with EH in a population consisting of 215 patients with EH and 220 non-hypertensive subjects.","terms":[]},{"id":4,"start":609,"end":755,"text":"We also tested whether a G/A substitution at the G-395A site affected the transcription level in vitro through the dual-luciferase reporter assay.","terms":[]},{"id":5,"start":756,"end":917,"text":"RESULTS: Differences in the genotype distributions of the G-395A polymorphism between the EH and non-hypertension groups are statistically significant (P\u003d0.032).","terms":[{"ids":"UMLS:C0020538:T047:DISO","score":1.0,"id":1,"start":857,"end":869,"text":"hypertension","terms":[]}]},{"id":6,"start":918,"end":1157,"text":"There are differential effects of age, gender and smoking status on the association of the G-395A polymorphism with EH; the G-395A polymorphism is significantly associated with EH in subjects over 60years old, in females and in nonsmokers.","terms":[]},{"id":7,"start":1158,"end":1372,"text":"A multiple logistic regression analysis indicated that the odds ratio for EH in the -395A allele carriers as compared with the control group was 0.593 (P\u003d0.024) after adjusting for current traditional risk factors.","terms":[]},{"id":8,"start":1373,"end":1585,"text":"The dual-luciferase reporter assay revealed that the -395A carrier of a 498-bp DNA fragment (containing the G-395A site) upstream of the Klotho gene has higher relative luciferase activity than the -395G carrier.","terms":[{"ids":"UNIPROT:Q9UEF7:T116:PRGE","score":0.6732104914182804,"id":1,"start":1510,"end":1521,"text":"Klotho gene","terms":[]}]},{"id":9,"start":1586,"end":1710,"text":"CONCLUSIONS: The G-395A polymorphism of the human Klotho gene is associated with EH and may be a potential regulatory site..","terms":[{"ids":"UNIPROT:Q9UEF7:T116:PRGE","score":0.6102777868354071,"id":1,"start":1630,"end":1647,"text":"human Klotho gene","terms":[]}]}]