[{"id":0,"start":0,"end":128,"text":"Novel mutations identification in exon 4 of LDLR gene in patients with moderate hypercholesterolemia in a Venezuelan population.","terms":[{"ids":"UNIPROT:P01130:T116:PRGE","score":0.9751538806555926,"id":1,"start":44,"end":53,"text":"LDLR gene","terms":[]},{"ids":"UMLS:C0020443:T047:DISO","score":1.0,"id":2,"start":80,"end":100,"text":"hypercholesterolemia","terms":[]}]},{"id":1,"start":129,"end":313,"text":"Familial hypercholesterolemia (FH) is an autosomal dominant disease characterized by increase in low-density lipoprotein (LDL) cholesterol levels and premature coronary artery disease.","terms":[{"ids":"UMLS:C0020445:T047:DISO","score":1.0,"id":1,"start":129,"end":158,"text":"Familial hypercholesterolemia","terms":[]},{"ids":"UMLS:C0745103:T047:DISO","score":1.0,"id":2,"start":160,"end":162,"text":"FH","terms":[]},{"ids":"UMLS:C0010068:T047:DISO|UMLS:C0010054:T047:DISO|UMLS:C1956346:T047:DISO","score":1.0,"id":3,"start":289,"end":312,"text":"coronary artery disease","terms":[{"ids":"UMLS:C0205042:T023:ANAT","score":1.0,"id":1,"start":289,"end":304,"text":"coronary artery","terms":[]}]}]},{"id":2,"start":314,"end":575,"text":"In Venezuela, the molecular basis of FH has not been characterized, thus, the aim of this study was to investigate mutations in the exon 4 of the LDLR (LDL-receptor) gene in 225 Venezuelan mixed race individuals (65 hypercholesterolemic and 160 normolipidemic).","terms":[{"ids":"UMLS:C0745103:T047:DISO","score":1.0,"id":1,"start":351,"end":353,"text":"FH","terms":[]},{"ids":"UNIPROT:P01130:T116:PRGE","score":0.9453588914668289,"id":2,"start":460,"end":464,"text":"LDLR","terms":[]},{"ids":"UNIPROT:Q08357:T116:PRGE","score":0.9453588914668289,"id":3,"start":466,"end":478,"text":"LDL-receptor","terms":[]}]},{"id":3,"start":576,"end":727,"text":"The exon 4 of the LDLR gene was screened by polymerase chain reaction-single strand conformational polymorphism (PCR-SSCP) analysis and DNA sequencing.","terms":[{"ids":"UNIPROT:P01130:T116:PRGE","score":0.9672190700666133,"id":1,"start":594,"end":603,"text":"LDLR gene","terms":[]}]},{"id":4,"start":728,"end":784,"text":"Additionally, ApoB-100 gene mutations were investigated.","terms":[{"ids":"UNIPROT:Q9H3M7:T116:PRGE","score":0.9555948642856399,"id":1,"start":742,"end":755,"text":"ApoB-100 gene","terms":[]}]},{"id":5,"start":785,"end":935,"text":"Different LDLR gene mutations were identified in 5 hypercholesterolemic patients (7.7%), 3 missense mutations (4.6%), and 2 frameshift mutations (3%).","terms":[{"ids":"UNIPROT:P01130:T116:PRGE","score":0.8668124608610961,"id":1,"start":795,"end":804,"text":"LDLR gene","terms":[]}]},{"id":6,"start":936,"end":968,"text":"All mutations were heterozygous.","terms":[]},{"id":7,"start":969,"end":1059,"text":"The missense mutations included the amino acid substitution p.E180K, p.R194S, and p.C152G.","terms":[]},{"id":8,"start":1060,"end":1260,"text":"The frameshift mutations are caused by insertions resulting in the creation of stop codons: p.D157fsX158 and p.S173fsX174, which could code for truncated LDLR of 157 and 173 amino acids, respectively.","terms":[]},{"id":9,"start":1261,"end":1515,"text":"The apoB gene mutations were not detected in any of our patients and to our knowledge 4 mutations identified in this study have not been reported previously, this study being the first comprehensive mutation analysis of the LDLR causing FH in our region.","terms":[{"ids":"UNIPROT:Q9H3M7:T116:PRGE","score":0.7687688415017714,"id":1,"start":1265,"end":1274,"text":"apoB gene","terms":[]},{"ids":"UNIPROT:P01130:T116:PRGE","score":0.7687688415017714,"id":2,"start":1485,"end":1500,"text":"LDLR causing FH","terms":[{"ids":"UMLS:C0745103:T047:DISO","score":1.0,"id":1,"start":1498,"end":1500,"text":"FH","terms":[]}]}]},{"id":10,"start":1516,"end":1653,"text":"The early identification of individuals at risk allows changes in lifestyle, including dietary intervention, followed by drug treatment..","terms":[]}]