[{"id":0,"start":0,"end":178,"text":"Angiotensin-converting enzyme insertion/deletion and angiotensin type 1 receptor A1166C polymorphisms as genetic risk factors in benign prostatic hyperplasia and prostate cancer.","terms":[{"ids":"UNIPROT:P12821:T116:PRGE","score":0.8881202198708392,"id":1,"start":0,"end":29,"text":"Angiotensin-converting enzyme","terms":[]},{"ids":"UNIPROT:Q13326:T116:PRGE|UNIPROT:P38405:T116:PRGE","score":0.8881202198708392,"id":2,"start":53,"end":80,"text":"angiotensin type 1 receptor","terms":[]},{"ids":"UMLS:C2937421:T047:DISO","score":1.0,"id":3,"start":136,"end":157,"text":"prostatic hyperplasia","terms":[{"ids":"UMLS:C0033572:T023:ANAT","score":1.0,"id":1,"start":136,"end":145,"text":"prostatic","terms":[]}]},{"ids":"UMLS:C0033572:T023:ANAT","score":1.0,"id":4,"start":162,"end":170,"text":"prostate","terms":[]}]},{"id":1,"start":179,"end":279,"text":"INTRODUCTION: Prostate cancer is one of the most common malignant neoplasias in developed countries.","terms":[{"ids":"UMLS:C0033572:T023:ANAT","score":1.0,"id":1,"start":193,"end":201,"text":"Prostate","terms":[]}]},{"id":2,"start":280,"end":354,"text":"In 2003, 6,536 new cases and 4,602 related deaths were reported in Mexico.","terms":[]},{"id":3,"start":355,"end":443,"text":"The renin-angiotensin system has been shown to play a role in prostate cancer pathology.","terms":[{"ids":"UNIPROT:P00797:T116:PRGE","score":0.7532194021961642,"id":1,"start":359,"end":364,"text":"renin","terms":[]},{"ids":"UMLS:C0033572:T023:ANAT","score":1.0,"id":2,"start":417,"end":425,"text":"prostate","terms":[]}]},{"id":4,"start":444,"end":690,"text":"Two previous studies investigated the association of prostate cancer with the insertion/deletion (I/D) polymorphism in the angiotensin-converting enzyme (ACE) gene; both studies reported an association between prostate cancer and the DD genotype.","terms":[{"ids":"UMLS:C0033572:T023:ANAT","score":1.0,"id":1,"start":497,"end":505,"text":"prostate","terms":[]},{"ids":"UNIPROT:P12821:T116:PRGE","score":0.8223018330962685,"id":2,"start":567,"end":596,"text":"angiotensin-converting enzyme","terms":[]},{"ids":"UNIPROT:P12821:T116:PRGE","score":0.8223018330962685,"id":3,"start":598,"end":601,"text":"ACE","terms":[]},{"ids":"UMLS:C0033572:T023:ANAT","score":1.0,"id":4,"start":654,"end":662,"text":"prostate","terms":[]},{"ids":"UMLS:C0022595:T047:DISO|UMLS:C0220726:T047:DISO","score":1.0,"id":5,"start":678,"end":680,"text":"DD","terms":[]}]},{"id":5,"start":691,"end":1004,"text":"The present study was aimed at searching for an association of prostate cancer and benign prostatic hyperplasia with the I/D polymorphism in the ACE gene and the A1166C polymorphism in the angiotensin type 1 receptor (AGT1R) gene and at comparing allele frequencies between both groups and the general population.","terms":[{"ids":"UMLS:C0033572:T023:ANAT","score":1.0,"id":1,"start":754,"end":762,"text":"prostate","terms":[]},{"ids":"UMLS:C2937421:T047:DISO","score":1.0,"id":2,"start":781,"end":802,"text":"prostatic hyperplasia","terms":[{"ids":"UMLS:C0033572:T023:ANAT","score":1.0,"id":1,"start":781,"end":790,"text":"prostatic","terms":[]}]},{"ids":"UNIPROT:P12821:T116:PRGE","score":0.6472051972691787,"id":3,"start":836,"end":844,"text":"ACE gene","terms":[]},{"ids":"UNIPROT:Q13326:T116:PRGE|UNIPROT:P38405:T116:PRGE","score":0.6472051972691787,"id":4,"start":880,"end":907,"text":"angiotensin type 1 receptor","terms":[]}]},{"id":6,"start":1005,"end":1195,"text":"MATERIALS AND METHODS: DNA was extracted from 20 samples from individuals with a prostate cancer diagnosis and from 20 samples from individuals with a benign prostatic hyperplasia diagnosis.","terms":[{"ids":"UMLS:C0033572:T023:ANAT","score":1.0,"id":1,"start":1086,"end":1094,"text":"prostate","terms":[]},{"ids":"UMLS:C2937421:T047:DISO","score":1.0,"id":2,"start":1163,"end":1184,"text":"prostatic hyperplasia","terms":[{"ids":"UMLS:C0033572:T023:ANAT","score":1.0,"id":1,"start":1163,"end":1172,"text":"prostatic","terms":[]}]}]},{"id":7,"start":1196,"end":1242,"text":"Genotyping was performed by PCR-RFLP analysis.","terms":[]},{"id":8,"start":1243,"end":1490,"text":"Polymorphism frequency results obtained for the test groups were compared with the frequencies in 66 individuals from the general population, which were previously obtained at the same molecular medicine laboratory in the context of other studies.","terms":[]},{"id":9,"start":1491,"end":1718,"text":"RESULTS: The comparative analysis of the three groups revealed significant differences for allele frequencies in the two genes in patients groups (prostate cancer and benign prostatic hyperplasia) versus the general population.","terms":[{"ids":"UMLS:C0033572:T023:ANAT","score":1.0,"id":1,"start":1638,"end":1646,"text":"prostate","terms":[]},{"ids":"UMLS:C2937421:T047:DISO","score":1.0,"id":2,"start":1665,"end":1686,"text":"prostatic hyperplasia","terms":[{"ids":"UMLS:C0033572:T023:ANAT","score":1.0,"id":1,"start":1665,"end":1674,"text":"prostatic","terms":[]}]}]},{"id":10,"start":1719,"end":2098,"text":"The D allele in the ACE gene was closely associated with a significant higher risk of developing both benign prostatic hyperplasia (odds ratio [OR]\u003d21.87; 95% confidence interval [CI]\u003d2.314-206.479) or prostate cancer (OR\u003d31.66; 95% CI\u003d0.091-1.272), and the AGT1R A1166 allele in the homozygote state was identified as a risk genotype for benign prostatic hyperplasia (OR\u003d56.07).","terms":[{"ids":"UNIPROT:P12821:T116:PRGE","score":0.8235709433101479,"id":1,"start":1739,"end":1747,"text":"ACE gene","terms":[]},{"ids":"UMLS:C2937421:T047:DISO","score":1.0,"id":2,"start":1828,"end":1849,"text":"prostatic hyperplasia","terms":[{"ids":"UMLS:C0033572:T023:ANAT","score":1.0,"id":1,"start":1828,"end":1837,"text":"prostatic","terms":[]}]},{"ids":"UMLS:C0033572:T023:ANAT","score":1.0,"id":3,"start":1921,"end":1929,"text":"prostate","terms":[]},{"ids":"UMLS:C2937421:T047:DISO","score":1.0,"id":4,"start":2065,"end":2086,"text":"prostatic hyperplasia","terms":[{"ids":"UMLS:C0033572:T023:ANAT","score":1.0,"id":1,"start":2065,"end":2074,"text":"prostatic","terms":[]}]}]},{"id":11,"start":2099,"end":2250,"text":"CONCLUSIONS: Genotypes in ACE and AGT1R polymorphisms could be considered as genetic risk markers for benign prostatic hyperplasia or prostate cancer..","terms":[{"ids":"UNIPROT:P12821:T116:PRGE","score":0.9810442951459908,"id":1,"start":2125,"end":2128,"text":"ACE","terms":[]},{"ids":"UMLS:C2937421:T047:DISO","score":1.0,"id":2,"start":2208,"end":2229,"text":"prostatic hyperplasia","terms":[{"ids":"UMLS:C0033572:T023:ANAT","score":1.0,"id":1,"start":2208,"end":2217,"text":"prostatic","terms":[]}]},{"ids":"UMLS:C0033572:T023:ANAT","score":1.0,"id":3,"start":2233,"end":2241,"text":"prostate","terms":[]}]}]