[{"id":0,"start":0,"end":227,"text":"Promoter insertion/deletion in the IRF5 gene is highly associated with susceptibility to systemic lupus erythematosus in distinct populations, but exerts a modest effect on gene expression in peripheral blood mononuclear cells.","terms":[{"ids":"UNIPROT:Q13568:T116:PRGE","score":0.9972308106953075,"id":1,"start":35,"end":44,"text":"IRF5 gene","terms":[]},{"ids":"UMLS:C0024141:T047:DISO","score":1.0,"id":2,"start":89,"end":117,"text":"systemic lupus erythematosus","terms":[]}]},{"id":1,"start":228,"end":436,"text":"OBJECTIVE: We examined the genetic association of the promoter insertion/deletion (indel) in IRF5 gene with systemic lupus erythematosus (SLE) in distinct populations and assessed its role in gene expression.","terms":[{"ids":"UNIPROT:Q13568:T116:PRGE","score":0.9790123190412489,"id":1,"start":321,"end":330,"text":"IRF5 gene","terms":[]},{"ids":"UMLS:C0024141:T047:DISO","score":1.0,"id":2,"start":336,"end":364,"text":"systemic lupus erythematosus","terms":[]},{"ids":"UMLS:C0024141:T047:DISO","score":1.0,"id":3,"start":366,"end":369,"text":"SLE","terms":[]}]},{"id":2,"start":437,"end":524,"text":"METHODS: Four IRF5 polymorphisms were genotyped in 1488 SLE patients and 1466 controls.","terms":[{"ids":"UNIPROT:Q13568:T116:PRGE","score":0.611886265510932,"id":1,"start":451,"end":455,"text":"IRF5","terms":[]},{"ids":"UMLS:C0024141:T047:DISO|UMLS:C0014060:T047:DISO","score":1.0,"id":2,"start":493,"end":496,"text":"SLE","terms":[]}]},{"id":3,"start":525,"end":641,"text":"Gene expression was analyzed by quantitative real-time PCR using RNA from peripheral blood mononuclear cells (PBMC).","terms":[]},{"id":4,"start":642,"end":781,"text":"RESULTS: The promoter indel and rs2070197 had independent genetic effects, which accounted for the association of rs2004640 and rs10954213.","terms":[]},{"id":5,"start":782,"end":889,"text":"Gene expression analysis revealed that rs10954213 exerted the greatest influence on IRF5 transcript levels.","terms":[{"ids":"UNIPROT:Q13568:T116:PRGE","score":0.6301073099574606,"id":1,"start":866,"end":881,"text":"IRF5 transcript","terms":[]}]},{"id":6,"start":890,"end":1113,"text":"CONCLUSION: We corroborated the association of the promoter indel with SLE in 5 different populations and revealed that rs10954213 is the main single-nucleotide polymorphism responsible for altered IRF5 expression in PBMC..","terms":[{"ids":"UMLS:C0024141:T047:DISO|UMLS:C0014060:T047:DISO","score":1.0,"id":1,"start":961,"end":964,"text":"SLE","terms":[]},{"ids":"UNIPROT:Q13568:T116:PRGE","score":0.7107375752795475,"id":2,"start":1088,"end":1092,"text":"IRF5","terms":[]}]}]