[{"id":0,"start":0,"end":157,"text":"The six-nucleotide deletion/insertion variant in the CASP8 promoter region is inversely associated with risk of squamous cell carcinoma of the head and neck.","terms":[]},{"id":1,"start":158,"end":298,"text":"Caspase 8 (CASP8) is an apoptosis-related cysteine peptidase involved in the death receptor pathway and likely in the mitochondrial pathway.","terms":[{"ids":"UNIPROT:Q08357:T116:PRGE","score":0.9441795612695147,"id":1,"start":235,"end":249,"text":"death receptor","terms":[]}]},{"id":2,"start":299,"end":584,"text":"A CASP8 promoter region six-nucleotide deletion/insertion (-652 6N ins/del) variant and a coding region D302H polymorphism are reportedly important in cancer development, but no reported study has assessed the associations of these genetic variations with risk of head and neck cancer.","terms":[]},{"id":3,"start":585,"end":791,"text":"In a hospital-based study of non-Hispanic whites, we genotyped CASP8 -652 6N del and 302H variants in 1,023 patients with squamous cell carcinoma of the head and neck (SCCHN) and 1,052 cancer-free controls.","terms":[]},{"id":4,"start":792,"end":924,"text":"Crude and adjusted odds ratios (OR) and 95% confidence intervals (CI) were estimated using unconditional logistic regression models.","terms":[]},{"id":5,"start":925,"end":1227,"text":"The CASP8 -652 6N del variant genotypes or haplotypes were inversely associated with SCCHN risk (adjusted OR, 0.70; 95% CI, 0.57-0.85 for the ins/del + del/del genotypes compared with the ins/ins genotype; adjusted OR, 0.73; 95% CI, 0.55-0.97 for the del-D haplotype compared with the ins-D haplotype).","terms":[{"ids":"UNIPROT:P01719:T116:PRGE","score":0.0773586188048445,"id":1,"start":929,"end":946,"text":"CASP8 -652 6N del","terms":[]},{"ids":"UNIPROT:P01308:T116:PRGE|UNIPROT:Q13572:T116:PRGE","score":0.0773586188048445,"id":2,"start":1113,"end":1116,"text":"ins","terms":[]},{"ids":"UNIPROT:P01308:T116:PRGE|UNIPROT:Q13572:T116:PRGE","score":0.0773586188048445,"id":3,"start":1117,"end":1120,"text":"ins","terms":[]},{"ids":"UNIPROT:P01308:T116:PRGE|UNIPROT:Q13572:T116:PRGE","score":0.0773586188048445,"id":4,"start":1210,"end":1225,"text":"ins-D haplotype","terms":[]}]},{"id":6,"start":1228,"end":1443,"text":"Furthermore, the number of the CASP8 -652 6N del (but not 302H) variant allele tended to correlate with increased levels of camptothecin-induced p53-mediated apoptosis in T lymphocytes from 170 cancer-free controls.","terms":[{"ids":"UNIPROT:P01719:T116:PRGE","score":0.8378153542950895,"id":1,"start":1259,"end":1276,"text":"CASP8 -652 6N del","terms":[]},{"ids":"UNIPROT:P42771:T116:PRGE","score":0.8378153542950895,"id":2,"start":1373,"end":1376,"text":"p53","terms":[]}]},{"id":7,"start":1444,"end":1580,"text":"We concluded that the CASP8 -652 6N del variant allele may contribute to the risk of developing SCCHN in non-Hispanic white populations.","terms":[{"ids":"UNIPROT:P01719:T116:PRGE","score":0.6553125003037977,"id":1,"start":1466,"end":1498,"text":"CASP8 -652 6N del variant allele","terms":[]}]},{"id":8,"start":1581,"end":1688,"text":"Further validation by population-based case-control studies and rigorous mechanistic studies is warranted..","terms":[]}]