[{"id":0,"start":0,"end":132,"text":"Large deletion involving exon 5 of the arylsulfatase B gene caused apparent homozygosity in a mucopolysaccharidosis type VI patient.","terms":[{"ids":"UNIPROT:P15289:T116:PRGE|UNIPROT:P15848:T116:PRGE","score":0.8736210825240581,"id":1,"start":39,"end":59,"text":"arylsulfatase B gene","terms":[]},{"ids":"UMLS:C0026709:T047:DISO","score":1.0,"id":2,"start":94,"end":123,"text":"mucopolysaccharidosis type VI","terms":[]}]},{"id":1,"start":133,"end":342,"text":"Apparent homozygosity for the mutation p.R315X present on exon 5 of the arylsulfatase B (ARSB) gene in a mucopolysaccharidosis type VI patient was solved in this study by further testing for a second mutation.","terms":[{"ids":"UNIPROT:P15289:T116:PRGE|UNIPROT:P15848:T116:PRGE","score":0.9440001581241229,"id":1,"start":205,"end":220,"text":"arylsulfatase B","terms":[]},{"ids":"UNIPROT:P55000:T116:PRGE|UNIPROT:P15848:T116:PRGE","score":0.9440001581241229,"id":2,"start":222,"end":226,"text":"ARSB","terms":[]},{"ids":"UMLS:C0026709:T047:DISO","score":1.0,"id":3,"start":238,"end":267,"text":"mucopolysaccharidosis type VI","terms":[]}]},{"id":2,"start":343,"end":477,"text":"Patient cDNA analysis revealed that the entire exon 5 of the ARSB gene was lacking; this new mutation was identified as c.899-1142del.","terms":[{"ids":"UNIPROT:P55000:T116:PRGE|UNIPROT:P15848:T116:PRGE","score":0.8150499156658622,"id":1,"start":404,"end":413,"text":"ARSB gene","terms":[]}]},{"id":3,"start":478,"end":670,"text":"As the genomic DNA sequencing excluded the presence of splicing mutations, polymerase chain reaction analysis was performed for polymorphisms listed in the NCBI SNP database for the ARSB gene.","terms":[{"ids":"UNIPROT:P55000:T116:PRGE|UNIPROT:P15848:T116:PRGE","score":0.7193249682691312,"id":1,"start":660,"end":669,"text":"ARSB gene","terms":[]}]},{"id":4,"start":671,"end":979,"text":"This allowed the mutation at the genomic DNA level to be identified as g.99367-102002del; this gross deletion, involving the entire exon 5 of the gene and parts of introns 4 and 5 led to a frameshift starting at amino acid 300 and resulting in a protein with 39% amino acids different from the normal enzyme.","terms":[]},{"id":5,"start":980,"end":1122,"text":"We stress that extensive DNA analysis needs to be performed in case of apparent homozygosity to avoid potential errors in genetic counseling..","terms":[]}]