[{"id":0,"start":0,"end":53,"text":"Molecular diversity of hemoglobin H disease in India.","terms":[{"ids":"UMLS:C3161174:T047:DISO|UMLS:C0002312:T047:DISO","score":1.0,"id":1,"start":23,"end":43,"text":"hemoglobin H disease","terms":[]}]},{"id":1,"start":54,"end":163,"text":"This study was undertaken to evaluate the variable clinical expression of hemoglobin (Hb) H disease in India.","terms":[{"ids":"UNIPROT:P09488:T116:PRGE","score":0.9993578125324961,"id":1,"start":140,"end":142,"text":"Hb","terms":[]},{"ids":"UMLS:C0018609:T047:DISO","score":1.0,"id":2,"start":144,"end":153,"text":"H disease","terms":[]}]},{"id":2,"start":164,"end":298,"text":"For the study, alpha genotyping was done in 8 patients with Hb H disease using multiplex polymerase chain reaction and DNA sequencing.","terms":[{"ids":"UNIPROT:P09488:T116:PRGE","score":0.4205869465689936,"id":1,"start":224,"end":236,"text":"Hb H disease","terms":[{"ids":"UMLS:C0018609:T047:DISO","score":1.0,"id":1,"start":227,"end":236,"text":"H disease","terms":[]}]},{"ids":"UNIPROT:Q9H1D9:T116:PRGE|UNIPROT:P53803:T116:PRGE|UNIPROT:O14802:T116:PRGE|UNIPROT:Q9BUI4:T116:PRGE|UNIPROT:Q9BXR3:T116:PRGE|UNIPROT:Q9NVU0:T116:PRGE|UNIPROT:P52435:T116:PRGE|UNIPROT:P62487:T116:PRGE|UNIPROT:P30876:T116:PRGE|UNIPROT:O15514:T116:PRGE|UNIPROT:O15314:T116:PRGE|UNIPROT:P36954:T116:PRGE|UNIPROT:P52434:T116:PRGE|UNIPROT:P24928:T116:PRGE|UNIPROT:P05423:T116:PRGE|UNIPROT:Q9NW08:T116:PRGE|UNIPROT:P19387:T116:PRGE|UNIPROT:Q9NRF9:T116:PRGE|UNIPROT:Q9Y535:T116:PRGE|UNIPROT:Q9WJR5:T116:PRGE|UNIPROT:Q9GZM3:T116:PRGE|UNIPROT:P61218:T116:PRGE|UNIPROT:Q9Y2Y1:T116:PRGE|UNIPROT:O15318:T116:PRGE|UNIPROT:P19388:T116:PRGE|UNIPROT:Q9NR33:T116:PRGE|UNIPROT:Q9UQG0:T116:PRGE|UNIPROT:P62875:T116:PRGE","score":0.4205869465689936,"id":2,"start":243,"end":269,"text":"multiplex polymerase chain","terms":[]}]},{"id":3,"start":299,"end":570,"text":"The study revealed that 4 genotypes (- -(SEA)/ -alpha(3.7), - -(SA)/-alpha(3.7), - -(SEA)/-alpha(3.7 Sallanches), - -alpha(3.7)/-alpha(3.7 Sallanches)) were responsible for Hb H disease, the alpha+ thalassemia mutation (-alpha(3.7) deletion) being the most common defect.","terms":[{"ids":"","score":1.0,"id":1,"start":472,"end":484,"text":"Hb H disease","terms":[{"ids":"UNIPROT:P09488:T116:PRGE","score":0.4606676489568886,"id":1,"start":472,"end":476,"text":"Hb H","terms":[]},{"ids":"UMLS:C0018609:T047:DISO","score":1.0,"id":2,"start":475,"end":484,"text":"H disease","terms":[]}]},{"ids":"UMLS:C0039730:T047:DISO","score":1.0,"id":2,"start":497,"end":508,"text":"thalassemia","terms":[]},{"ids":"UMLS:C1861101:T047:DISO","score":1.0,"id":3,"start":563,"end":569,"text":"defect","terms":[]}]},{"id":4,"start":571,"end":660,"text":"The nondeletional mutation Hb Sallanches (alpha 2 codon 104 G --\u003e A) was seen in 3 cases.","terms":[]},{"id":5,"start":661,"end":808,"text":"Two unique and novel genotypes leading to Hb H disease were characterized (- -(SEA)/-alpha(3.7 Sallanches) and -alpha(3.7)/-alpha(3.7 Sallanches)).","terms":[{"ids":"","score":1.0,"id":1,"start":703,"end":715,"text":"Hb H disease","terms":[{"ids":"UNIPROT:P09488:T116:PRGE","score":0.5305254275456125,"id":1,"start":703,"end":707,"text":"Hb H","terms":[]},{"ids":"UMLS:C0018609:T047:DISO","score":1.0,"id":2,"start":706,"end":715,"text":"H disease","terms":[]}]}]},{"id":6,"start":809,"end":945,"text":"Because a majority of patients with Hb H disease do not have severe manifestations, prenatal diagnosis is usually unwarranted in India..","terms":[{"ids":"UNIPROT:P09488:T116:PRGE","score":0.6780571257216639,"id":1,"start":845,"end":857,"text":"Hb H disease","terms":[{"ids":"UMLS:C0018609:T047:DISO","score":1.0,"id":1,"start":848,"end":857,"text":"H disease","terms":[]}]}]}]