[{"id":0,"start":0,"end":111,"text":"A functional polymorphism in the disrupted-in schizophrenia 1 gene is associated with chronic fatigue syndrome.","terms":[{"ids":"UMLS:C0220702:T047:DISO","score":1.0,"id":1,"start":46,"end":61,"text":"schizophrenia 1","terms":[]},{"ids":"UMLS:C0015674:T047:DISO","score":1.0,"id":2,"start":86,"end":110,"text":"chronic fatigue syndrome","terms":[]}]},{"id":1,"start":112,"end":355,"text":"AIMS: Disrupted-in schizophrenia 1 (DISC1), identified in a pedigree with a familial psychosis with the chromosome translocation (1:11), is a putative susceptibility gene for psychoses such as schizophrenia and major depressive disorder (MDD).","terms":[{"ids":"UMLS:C0220702:T047:DISO|UNIPROT:P35462:T116:PRGE","score":1.0,"id":1,"start":131,"end":146,"text":"schizophrenia 1","terms":[]},{"ids":"UNIPROT:Q99598:T116:PRGE","score":0.5463957344780583,"id":2,"start":148,"end":153,"text":"DISC1","terms":[]}]},{"id":2,"start":356,"end":553,"text":"Patients with chronic fatigue syndrome (CFS) report having continuous severe fatigue and many overlapping symptoms with MDD; however, the mechanism and effective treatment of CFS are still unclear.","terms":[{"ids":"UMLS:C0015674:T047:DISO","score":1.0,"id":1,"start":370,"end":394,"text":"chronic fatigue syndrome","terms":[]},{"ids":"UMLS:C0015674:T047:DISO","score":1.0,"id":2,"start":396,"end":399,"text":"CFS","terms":[]},{"ids":"UMLS:C0015674:T047:DISO","score":1.0,"id":3,"start":531,"end":534,"text":"CFS","terms":[]}]},{"id":3,"start":554,"end":730,"text":"We focused on the overlapping symptoms between CFS and MDD and performed an association study of the functional single-nucleotide polymorphism (SNP) in the DISC1 gene with CFS.","terms":[{"ids":"UMLS:C0015674:T047:DISO","score":1.0,"id":1,"start":601,"end":604,"text":"CFS","terms":[]},{"ids":"UNIPROT:Q99598:T116:PRGE","score":0.7209921659100494,"id":2,"start":710,"end":720,"text":"DISC1 gene","terms":[]},{"ids":"UMLS:C0015674:T047:DISO","score":1.0,"id":3,"start":726,"end":729,"text":"CFS","terms":[]}]},{"id":4,"start":731,"end":883,"text":"MAIN METHODS: Venous blood was drawn from CFS patients and controls and genomic DNA was extracted from the whole blood according to standard procedures.","terms":[{"ids":"UMLS:C0042449:T023:ANAT","score":1.0,"id":1,"start":745,"end":751,"text":"Venous","terms":[]},{"ids":"UMLS:C0015674:T047:DISO","score":1.0,"id":2,"start":773,"end":776,"text":"CFS","terms":[]}]},{"id":5,"start":884,"end":979,"text":"Ser704Cys DISC1 SNP was genotyped using the TaqMan 5\u0027-exonuclease allelic discrimination assay.","terms":[{"ids":"UNIPROT:P22413:T116:PRGE|UNIPROT:O14638:T116:PRGE","score":0.5965359527976946,"id":1,"start":928,"end":949,"text":"TaqMan 5\u0027-exonuclease","terms":[]}]},{"id":6,"start":980,"end":1132,"text":"KEY FINDINGS: We found that the Cys704 allele of Ser704Cys SNP was associated with an increased risk of CFS development compared with the Ser704 allele.","terms":[{"ids":"UMLS:C0015674:T047:DISO","score":1.0,"id":1,"start":1084,"end":1087,"text":"CFS","terms":[]}]},{"id":7,"start":1133,"end":1261,"text":"SIGNIFICANCE: DISC1 Ser704Cys might be a functional variant that affects one of the mechanisms implicated in the biology of CFS.","terms":[{"ids":"UNIPROT:Q99598:T116:PRGE","score":0.8521508210798828,"id":1,"start":1147,"end":1152,"text":"DISC1","terms":[]},{"ids":"UMLS:C0015674:T047:DISO","score":1.0,"id":2,"start":1257,"end":1260,"text":"CFS","terms":[]}]},{"id":8,"start":1262,"end":1463,"text":"Some patients with CFS showed a phenotype similar to that of patients with MDD, but further studies are needed to clarify the biological mechanism, because this study is of a rather preliminary nature.","terms":[{"ids":"UMLS:C0015674:T047:DISO","score":1.0,"id":1,"start":1281,"end":1284,"text":"CFS","terms":[]}]},{"id":9,"start":1464,"end":1656,"text":"Despite the variety of patients with CFS, DISC1 Ser704Cys has an association with CFS, which may also suggest that DISC1 plays a central role in the induction of various psychiatric diseases..","terms":[{"ids":"UMLS:C0015674:T047:DISO","score":1.0,"id":1,"start":1501,"end":1504,"text":"CFS","terms":[]},{"ids":"UMLS:C0015674:T047:DISO","score":1.0,"id":2,"start":1546,"end":1549,"text":"CFS","terms":[]},{"ids":"UNIPROT:Q99598:T116:PRGE","score":0.28525186088095666,"id":3,"start":1579,"end":1584,"text":"DISC1","terms":[]}]}]