[{"id":0,"start":0,"end":56,"text":"Mutation analysis of the LCE3B/LCE3C genes in Psoriasis.","terms":[{"ids":"UNIPROT:Q5TA77:T116:PRGE","score":0.5351426335297276,"id":1,"start":25,"end":30,"text":"LCE3B","terms":[]},{"ids":"UNIPROT:Q5T5A8:T116:PRGE","score":0.5351426335297276,"id":2,"start":31,"end":42,"text":"LCE3C genes","terms":[]},{"ids":"UMLS:C0033860:T047:DISO","score":1.0,"id":3,"start":46,"end":55,"text":"Psoriasis","terms":[]}]},{"id":1,"start":57,"end":226,"text":"BACKGROUND: An association between a common deletion comprising the late cornified envelope LCE3B and LCE3C genes (LCE3C_LCE3B-del) and Psoriasis (Ps) has been reported.","terms":[{"ids":"UNIPROT:Q69384:T116:PRGE","score":0.32871361771589597,"id":1,"start":125,"end":154,"text":"late cornified envelope LCE3B","terms":[]},{"ids":"UNIPROT:Q5T5A8:T116:PRGE","score":0.32871361771589597,"id":2,"start":159,"end":170,"text":"LCE3C genes","terms":[]},{"ids":"UNIPROT:P01719:T116:PRGE","score":0.32871361771589597,"id":3,"start":172,"end":187,"text":"LCE3C_LCE3B-del","terms":[]},{"ids":"UMLS:C0033860:T047:DISO","score":1.0,"id":4,"start":193,"end":202,"text":"Psoriasis","terms":[]}]},{"id":2,"start":227,"end":344,"text":"The expression of these LCE genes was induced after skin barrier disruption and was also strong in psoriatic lesions.","terms":[{"ids":"UNIPROT:Q9H5J4:T116:PRGE","score":0.6512572241019227,"id":1,"start":251,"end":260,"text":"LCE genes","terms":[]}]},{"id":3,"start":345,"end":492,"text":"The damage to the skin barrier could trigger an epidermal response that includes the expression of genes involved in the formation of skin barrier.","terms":[]},{"id":4,"start":493,"end":629,"text":"METHODS: We determined the LCE3C_LCE3B-del genotype in 405 Ps patients and 400 healthy controls from a Northern Spain region (Asturias).","terms":[{"ids":"UNIPROT:P01719:T116:PRGE","score":0.5297521814635815,"id":1,"start":520,"end":544,"text":"LCE3C_LCE3B-del genotype","terms":[]}]},{"id":5,"start":630,"end":786,"text":"These patients and controls were also genotyped for the rs4112788 single nucleotide polymorphism, in strong linkage disequilibrium with the LCE3C_B cluster.","terms":[]},{"id":6,"start":787,"end":894,"text":"The LCE3B and LCE3C gene variant was determined in the patients through SSCA, DHPLC, and direct sequencing.","terms":[{"ids":"UNIPROT:Q5TA77:T116:PRGE","score":0.7939234214248662,"id":1,"start":791,"end":796,"text":"LCE3B","terms":[]},{"ids":"UNIPROT:Q5T5A8:T116:PRGE","score":0.7939234214248662,"id":2,"start":801,"end":811,"text":"LCE3C gene","terms":[]}]},{"id":7,"start":895,"end":1033,"text":"RESULTS: Allele and genotype frequencies did not differ between patients and controls for the rs4112788 and LCE3C_LCE3B-del polymorphisms.","terms":[]},{"id":8,"start":1034,"end":1202,"text":"However, del/del homozygotes were significantly higher among patients with chronic plaque type Ps who did not develop arthritis (p \u003d 0.03; OR \u003d 1.4; 95%CI \u003d 1.03-1.92).","terms":[{"ids":"UMLS:C0011389:T047:DISO","score":1.0,"id":1,"start":1117,"end":1123,"text":"plaque","terms":[]},{"ids":"UMLS:C0003864:T047:DISO","score":1.0,"id":2,"start":1152,"end":1161,"text":"arthritis","terms":[]}]},{"id":9,"start":1203,"end":1387,"text":"The analysis of the coding sequence of LCE3B and LCE3C in the patients who had at least one copy of this showed that only one patient has a no previously reported LCE3B variant (R68C).","terms":[{"ids":"UNIPROT:Q5TA77:T116:PRGE","score":0.5225952109572282,"id":1,"start":1242,"end":1247,"text":"LCE3B","terms":[]},{"ids":"UNIPROT:Q5T5A8:T116:PRGE","score":0.5225952109572282,"id":2,"start":1252,"end":1257,"text":"LCE3C","terms":[]},{"ids":"UNIPROT:Q5TA77:T116:PRGE","score":0.5225952109572282,"id":3,"start":1366,"end":1379,"text":"LCE3B variant","terms":[]}]},{"id":10,"start":1388,"end":1560,"text":"CONCLUSION: Our work suggested that homozygosity for a common LCE3C_LCE3B deletion contributes to the risk of developing chronic plaque type Ps without psoriatic arthritis.","terms":[{"ids":"UMLS:C0011389:T047:DISO","score":1.0,"id":1,"start":1517,"end":1523,"text":"plaque","terms":[]},{"ids":"UMLS:C0003872:T047:DISO","score":1.0,"id":2,"start":1540,"end":1559,"text":"psoriatic arthritis","terms":[]}]},{"id":11,"start":1561,"end":1773,"text":"Our work confirmed previous reports that described an association of this marker with only skin manifestations, and supported the concept of different genetic risk factors contributing to skin and joint disease..","terms":[{"ids":"UMLS:C0022408:T047:DISO","score":1.0,"id":1,"start":1758,"end":1771,"text":"joint disease","terms":[]}]}]