[{"id":0,"start":0,"end":174,"text":"A novel point mutation in helix 10 of the human glucocorticoid receptor causes generalized glucocorticoid resistance by disrupting the structure of the ligand-binding domain.","terms":[{"ids":"UMLS:C0229304:T023:ANAT","score":1.0,"id":1,"start":26,"end":31,"text":"helix","terms":[]},{"ids":"UNIPROT:P04150:T116:PRGE","score":0.9746641780947831,"id":2,"start":42,"end":71,"text":"human glucocorticoid receptor","terms":[]},{"ids":"UMLS:C1841971:T047:DISO","score":1.0,"id":3,"start":91,"end":116,"text":"glucocorticoid resistance","terms":[]}]},{"id":1,"start":175,"end":392,"text":"CONTEXT: Generalized glucocorticoid resistance syndrome is a rare familial or sporadic condition characterized by partial insensitivity to glucocorticoids, caused by mutations in the glucocorticoid receptor (GR) gene.","terms":[{"ids":"UMLS:C1841971:T047:DISO","score":1.0,"id":1,"start":196,"end":221,"text":"glucocorticoid resistance","terms":[]},{"ids":"UMLS:C0039082:T047:DISO","score":1.0,"id":2,"start":222,"end":230,"text":"syndrome","terms":[]},{"ids":"UMLS:C0012634:T047:DISO","score":1.0,"id":3,"start":262,"end":271,"text":"condition","terms":[]},{"ids":"UNIPROT:P04150:T116:PRGE","score":0.9897296771225474,"id":4,"start":358,"end":381,"text":"glucocorticoid receptor","terms":[]},{"ids":"UNIPROT:P00390:T116:PRGE","score":0.9897296771225474,"id":5,"start":383,"end":385,"text":"GR","terms":[]}]},{"id":2,"start":393,"end":600,"text":"Most of the reported cases are adults, demonstrating symptoms associated with mineralocorticoid and/or adrenal androgen excess caused by compensatively increased secretion of the adrenocorticotropic hormone.","terms":[{"ids":"UMLS:C0235461:T047:DISO","score":1.0,"id":1,"start":504,"end":519,"text":"androgen excess","terms":[]},{"ids":"UNIPROT:P01189:T116:PRGE|UNIPROT:Q01718:T116:PRGE","score":0.9910549677276964,"id":2,"start":572,"end":599,"text":"adrenocorticotropic hormone","terms":[]}]},{"id":3,"start":601,"end":701,"text":"PATIENT: We identified a new 2-yr-old female case of generalized glucocorticoid resistance syndrome.","terms":[{"ids":"UMLS:C1841971:T047:DISO","score":1.0,"id":1,"start":666,"end":691,"text":"glucocorticoid resistance","terms":[]},{"ids":"UMLS:C0039082:T047:DISO","score":1.0,"id":2,"start":692,"end":700,"text":"syndrome","terms":[]}]},{"id":4,"start":702,"end":801,"text":"The patient (TJ) presented with a generalized seizure associated with hypoglycemia and hypokalemia.","terms":[{"ids":"UMLS:C0234533:T047:DISO","score":1.0,"id":1,"start":736,"end":755,"text":"generalized seizure","terms":[]},{"ids":"UMLS:C0020615:T047:DISO","score":1.0,"id":2,"start":772,"end":784,"text":"hypoglycemia","terms":[]}]},{"id":5,"start":802,"end":927,"text":"She also had hypertension and premature pubarche, whereas dexamethasone effectively suppressed these clinical manifestations.","terms":[{"ids":"UMLS:C0020538:T047:DISO","score":1.0,"id":1,"start":815,"end":827,"text":"hypertension","terms":[]}]},{"id":6,"start":928,"end":1168,"text":"RESULTS: The patient\u0027s GR gene had a heterozygotic mutation (G--\u003eA) at nucleotide position 2141 (exon 8), which resulted in substitution of arginine by glutamine at amino acid position 714 in the ligand-binding domain (LBD) of the GR alpha.","terms":[{"ids":"UMLS:C0751783:T047:DISO","score":1.0,"id":1,"start":1147,"end":1150,"text":"LBD","terms":[]},{"ids":"UNIPROT:P00390:T116:PRGE","score":0.7471629563118165,"id":2,"start":1159,"end":1167,"text":"GR alpha","terms":[]}]},{"id":7,"start":1169,"end":1320,"text":"Molecular analysis revealed that the mutant receptor had significantly impaired transactivation activity with a 2-fold reduction in affinity to ligand.","terms":[]},{"id":8,"start":1321,"end":1451,"text":"It showed attenuated transactivation of the activation function (AF)-2 and reduced binding to a p160 nuclear receptor coactivator.","terms":[{"ids":"UNIPROT:Q9BQG0:T116:PRGE|UNIPROT:P52701:T116:PRGE|UNIPROT:Q8IZL8:T116:PRGE","score":0.9458790951604177,"id":1,"start":1417,"end":1450,"text":"p160 nuclear receptor coactivator","terms":[]}]},{"id":9,"start":1452,"end":1726,"text":"Computer-based structural analysis revealed that replacement of arginine by glutamine at position 714 transmitted a conformational change to the LBD and the AF-2 transactivation surface, resulting in a decreased binding affinity to ligand and to the LXXLL coactivator motif.","terms":[{"ids":"UMLS:C0751783:T047:DISO","score":1.0,"id":1,"start":1597,"end":1600,"text":"LBD","terms":[]}]},{"id":10,"start":1727,"end":2013,"text":"CONCLUSIONS: Dexamethasone treatment is effective in controlling the premature pubarche, hypoglycemia, hypertension, and hypokalemia in this child case, wherein arginine 714 plays a key role in the proper formation of the ligand-binding pocket and the AF-2 surface of the GR alpha LBD..","terms":[{"ids":"UMLS:C0020615:T047:DISO","score":1.0,"id":1,"start":1816,"end":1828,"text":"hypoglycemia","terms":[]},{"ids":"UMLS:C0020538:T047:DISO","score":1.0,"id":2,"start":1830,"end":1842,"text":"hypertension","terms":[]},{"ids":"UNIPROT:P00390:T116:PRGE","score":0.5940507290852898,"id":3,"start":1999,"end":2011,"text":"GR alpha LBD","terms":[{"ids":"UMLS:C0751783:T047:DISO","score":1.0,"id":1,"start":2008,"end":2011,"text":"LBD","terms":[]}]}]}]