[{"id":0,"start":0,"end":79,"text":"Mutation analysis in a Chinese family with multiple endocrine neoplasia type 1.","terms":[]},{"id":1,"start":80,"end":248,"text":"BACKGROUND: Multiple endocrine neoplasia type 1 (MEN1) is an autosomal dominant cancer syndrome which is caused by germline mutations of the tumor suppressor gene MEN1.","terms":[{"ids":"UNIPROT:Q13326:T116:PRGE|UNIPROT:P38405:T116:PRGE","score":0.0,"id":1,"start":92,"end":127,"text":"Multiple endocrine neoplasia type 1","terms":[]},{"ids":"UNIPROT:O00255:T116:PRGE","score":0.5840700032310527,"id":2,"start":129,"end":133,"text":"MEN1","terms":[]},{"ids":"UMLS:C0039082:T047:DISO","score":1.0,"id":3,"start":167,"end":175,"text":"syndrome","terms":[]},{"ids":"UNIPROT:P25054:T116:PRGE|UNIPROT:O60858:T116:PRGE|UNIPROT:Q92574:T116:PRGE","score":0.5840700032310527,"id":4,"start":221,"end":247,"text":"tumor suppressor gene MEN1","terms":[]}]},{"id":2,"start":249,"end":320,"text":"This study aimed to identify mutations in a Chinese pedigree with MEN1.","terms":[{"ids":"UNIPROT:O00255:T116:PRGE","score":0.8894256796506809,"id":1,"start":315,"end":319,"text":"MEN1","terms":[]}]},{"id":3,"start":321,"end":377,"text":"METHODS: A large Chinese family with MEN1 was collected.","terms":[{"ids":"UNIPROT:O00255:T116:PRGE","score":0.9822324351157496,"id":1,"start":358,"end":362,"text":"MEN1","terms":[]}]},{"id":4,"start":378,"end":478,"text":"All of the coded regions and their adjacent sequences of the MEN1 gene were amplified and sequenced.","terms":[{"ids":"UNIPROT:O00255:T116:PRGE","score":0.9190054898170331,"id":1,"start":439,"end":448,"text":"MEN1 gene","terms":[]}]},{"id":5,"start":479,"end":682,"text":"RESULTS: In this family, a heterozygous cytosine insertion in exon 10 (c.1546_1547insC) inducing a frame shift mutation of MEN1 was found in the proband and the other two suffering members of his family.","terms":[{"ids":"UNIPROT:O00255:T116:PRGE","score":0.4681062579973834,"id":1,"start":602,"end":606,"text":"MEN1","terms":[]}]},{"id":6,"start":683,"end":785,"text":"This mutation was linked to a novel single nucleotide polymorphism (SNP) in intron 3 (IVS3 + 18C \u003e T).","terms":[]},{"id":7,"start":786,"end":945,"text":"CONCLUSIONS: The mutation in exon 10 of MEN1 gene might induce development of parathyroid hyperplasia and pituitary adenoma and cosegregate with MEN1 syndrome.","terms":[{"ids":"UNIPROT:O00255:T116:PRGE","score":0.48990083497728293,"id":1,"start":826,"end":835,"text":"MEN1 gene","terms":[]},{"ids":"UMLS:C0271844:T047:DISO","score":1.0,"id":2,"start":864,"end":887,"text":"parathyroid hyperplasia","terms":[{"ids":"UMLS:C0030518:T023:ANAT","score":1.0,"id":1,"start":864,"end":875,"text":"parathyroid","terms":[]}]},{"ids":"UMLS:C0032005:T023:ANAT","score":1.0,"id":3,"start":892,"end":901,"text":"pituitary","terms":[]},{"ids":"UNIPROT:O00255:T116:PRGE","score":0.48990083497728293,"id":4,"start":931,"end":935,"text":"MEN1","terms":[]},{"ids":"UMLS:C0039082:T047:DISO","score":1.0,"id":5,"start":936,"end":944,"text":"syndrome","terms":[]}]},{"id":8,"start":946,"end":1034,"text":"The significance of the new found IVS3 + 18C \u003e T of MEN1 needs a further investigation..","terms":[{"ids":"UNIPROT:O00255:T116:PRGE","score":0.6712614077668803,"id":1,"start":998,"end":1002,"text":"MEN1","terms":[]}]}]