[{"id":0,"start":0,"end":106,"text":"Identification and characterization of a novel TACSTD2 mutation in gelatinous drop-like corneal dystrophy.","terms":[{"ids":"UNIPROT:P09758:T116:PRGE","score":0.5339844337758459,"id":1,"start":47,"end":54,"text":"TACSTD2","terms":[]},{"ids":"UMLS:C0339273:T047:DISO","score":1.0,"id":2,"start":67,"end":105,"text":"gelatinous drop-like corneal dystrophy","terms":[]}]},{"id":1,"start":107,"end":285,"text":"PURPOSE: To study the clinical, histological, in vivo confocal microscopic, and molecular profile in a family with gelatinous drop-like corneal dystrophy (GDLD) from north India.","terms":[{"ids":"UMLS:C0339273:T047:DISO","score":1.0,"id":1,"start":222,"end":260,"text":"gelatinous drop-like corneal dystrophy","terms":[]},{"ids":"UMLS:C0339273:T047:DISO","score":1.0,"id":2,"start":262,"end":266,"text":"GDLD","terms":[]}]},{"id":2,"start":286,"end":388,"text":"METHODS: Two siblings from a consanguineous family presented with clinical features analogous to GDLD.","terms":[{"ids":"UMLS:C0339273:T047:DISO","score":1.0,"id":1,"start":383,"end":387,"text":"GDLD","terms":[]}]},{"id":3,"start":389,"end":503,"text":"Detailed clinical evaluations were performed for all the available affected and unaffected members of this family.","terms":[]},{"id":4,"start":504,"end":574,"text":"In vivo confocal microscopy and histology was done wherever necessary.","terms":[]},{"id":5,"start":575,"end":784,"text":"DNA isolated from peripheral blood samples was subjected to polymerase chain reaction (PCR) followed by direct sequencing to detect mutations in the tumor-associated calcium signal transducer 2 (TACSTD2) gene.","terms":[{"ids":"UNIPROT:P09758:T116:PRGE","score":0.42470721222992497,"id":1,"start":770,"end":777,"text":"TACSTD2","terms":[]}]},{"id":6,"start":785,"end":881,"text":"Protein modeling studies were done to asses the effect of the mutation on the protein structure.","terms":[]},{"id":7,"start":882,"end":1114,"text":"RESULTS: The diagnosis of GDLD was established in the patient and the affected sibling on slit-lamp examinations, which revealed mulberry-like opacities in the subepithelium and anterior stroma that were confirmed on histopathology.","terms":[{"ids":"UMLS:C0339273:T047:DISO","score":1.0,"id":1,"start":908,"end":912,"text":"GDLD","terms":[]},{"ids":"UMLS:C0927195:T023:ANAT","score":1.0,"id":2,"start":1069,"end":1075,"text":"stroma","terms":[]}]},{"id":8,"start":1115,"end":1219,"text":"The findings of the in vivo confocal microscopy were consistent with those reported in previous reports.","terms":[]},{"id":9,"start":1220,"end":1365,"text":"Sequencing TACSTD2 revealed a novel homozygous missense mutation c.356G\u003eA, leading to amino acid substitution C119Y in the two affected siblings.","terms":[]},{"id":10,"start":1366,"end":1536,"text":"The mutation was found to be pathogenic on Sorting Intolerant From Tolerant (SIFT) analysis and was not found in normal controls and unaffected individuals of the family.","terms":[]},{"id":11,"start":1537,"end":1669,"text":"A synonymous, previously reported, single nucleotide polymorphism (SNP; rs13267) was also seen in all the individuals of the family.","terms":[]},{"id":12,"start":1670,"end":1794,"text":"Protein modeling studies involving wild-type and mutant protein indicated an exposed cysteine residue in the mutant protein.","terms":[]},{"id":13,"start":1795,"end":1929,"text":"CONCLUSIONS: A novel TACSTD2 C119Y mutation leading to an amino acid substitution was identified in two affected siblings of a family.","terms":[]},{"id":14,"start":1930,"end":2134,"text":"Protein modeling studies revealed an exposed cysteine residue, which might cause interchain disulfide bond formation and protein aggregation leading to disturbed cell junctions of the corneal epithelium..","terms":[]}]