[{"id":0,"start":0,"end":74,"text":"Mutation and association analysis of GEN1 in breast cancer susceptibility.","terms":[{"ids":"UNIPROT:Q17RS7:T116:PRGE","score":0.9223591949256956,"id":1,"start":37,"end":41,"text":"GEN1","terms":[]},{"ids":"UNIPROT:Q14CZ8:T116:PRGE","score":0.9223591949256956,"id":2,"start":45,"end":73,"text":"breast cancer susceptibility","terms":[{"ids":"UMLS:C0006141:T023:ANAT","score":1.0,"id":1,"start":45,"end":51,"text":"breast","terms":[]}]}]},{"id":1,"start":75,"end":178,"text":"GEN1 was recently identified as a key Holliday junction resolvase involved in homologous recombination.","terms":[{"ids":"UNIPROT:Q17RS7:T116:PRGE","score":0.48360420853672365,"id":1,"start":75,"end":79,"text":"GEN1","terms":[]}]},{"id":2,"start":179,"end":254,"text":"Somatic truncating GEN1 mutations have been reported in two breast cancers.","terms":[{"ids":"UNIPROT:Q17RS7:T116:PRGE","score":0.58183540783912,"id":1,"start":179,"end":212,"text":"Somatic truncating GEN1 mutations","terms":[]},{"ids":"UMLS:C0006141:T023:ANAT","score":1.0,"id":2,"start":239,"end":245,"text":"breast","terms":[]}]},{"id":3,"start":255,"end":347,"text":"Together these data led to the proposition that GEN1 is a breast cancer predisposition gene.","terms":[{"ids":"UNIPROT:Q17RS7:T116:PRGE","score":0.9155139687942271,"id":1,"start":303,"end":307,"text":"GEN1","terms":[]},{"ids":"UMLS:C0006141:T023:ANAT","score":1.0,"id":2,"start":313,"end":319,"text":"breast","terms":[]}]},{"id":4,"start":348,"end":410,"text":"In this article we have formally investigated this hypothesis.","terms":[]},{"id":5,"start":411,"end":534,"text":"We performed full-gene mutational analysis of GEN1 in 176 BRCA1/2-negative familial breast cancer samples and 159 controls.","terms":[{"ids":"UNIPROT:Q17RS7:T116:PRGE","score":0.47724851085348985,"id":1,"start":457,"end":461,"text":"GEN1","terms":[]},{"ids":"UMLS:C0006141:T023:ANAT","score":1.0,"id":2,"start":495,"end":501,"text":"breast","terms":[]}]},{"id":6,"start":535,"end":670,"text":"We genotyped six SNPs tagging the 30 common variants in the transcribed region of GEN1 in 3,750 breast cancer cases and 4,907 controls.","terms":[{"ids":"UNIPROT:Q17RS7:T116:PRGE","score":0.7375279693891338,"id":1,"start":617,"end":621,"text":"GEN1","terms":[]},{"ids":"UMLS:C0006141:T023:ANAT","score":1.0,"id":2,"start":631,"end":637,"text":"breast","terms":[]}]},{"id":7,"start":671,"end":795,"text":"Mutation analysis revealed one truncating variant, c.2515_2519delAAGTT, which was present in 4% of cases and 4% of controls.","terms":[]},{"id":8,"start":796,"end":943,"text":"We identified control individuals homozygous for the deletion, demonstrating that the last 69 amino acids of GEN1 are dispensable for its function.","terms":[{"ids":"UNIPROT:Q17RS7:T116:PRGE","score":0.9973325839764784,"id":1,"start":905,"end":909,"text":"GEN1","terms":[]}]},{"id":9,"start":944,"end":1053,"text":"We identified 17 other variants, but their frequency did not significantly differ between cases and controls.","terms":[]},{"id":10,"start":1054,"end":1231,"text":"Analysis of 3,750 breast cancer cases and 4,907 controls demonstrated no evidence of significant association with breast cancer for six SNPs tagging the 30 common GEN1 variants.","terms":[{"ids":"UMLS:C0006141:T023:ANAT","score":1.0,"id":1,"start":1072,"end":1078,"text":"breast","terms":[]},{"ids":"UMLS:C0006141:T023:ANAT","score":1.0,"id":2,"start":1168,"end":1174,"text":"breast","terms":[]},{"ids":"UNIPROT:Q17RS7:T116:PRGE","score":0.7254066321083821,"id":3,"start":1207,"end":1230,"text":"30 common GEN1 variants","terms":[]}]},{"id":11,"start":1232,"end":1643,"text":"These data indicate that although it also plays a key role in double-strand DNA break repair, GEN1 does not make an appreciable contribution to breast cancer susceptibility by acting as a high- or intermediate-penetrance breast cancer predisposition gene like BRCA1, BRCA2, CHEK2, ATM, BRIP1 and PALB2 and that common GEN1 variants do not act as low-penetrance susceptibility alleles analogous to SNPs in FGFR2.","terms":[{"ids":"UNIPROT:Q17RS7:T116:PRGE","score":0.1583164788311024,"id":1,"start":1326,"end":1330,"text":"GEN1","terms":[]},{"ids":"UNIPROT:Q14CZ8:T116:PRGE","score":0.1583164788311024,"id":2,"start":1376,"end":1404,"text":"breast cancer susceptibility","terms":[{"ids":"UMLS:C0006141:T023:ANAT","score":1.0,"id":1,"start":1376,"end":1382,"text":"breast","terms":[]}]},{"ids":"UMLS:C0006141:T023:ANAT","score":1.0,"id":3,"start":1453,"end":1459,"text":"breast","terms":[]},{"ids":"UNIPROT:P38398:T116:PRGE","score":0.1583164788311024,"id":4,"start":1492,"end":1497,"text":"BRCA1","terms":[]},{"ids":"UNIPROT:P51587:T116:PRGE","score":0.1583164788311024,"id":5,"start":1499,"end":1504,"text":"BRCA2","terms":[]},{"ids":"UNIPROT:Q13315:T116:PRGE|UNIPROT:Q14134:T116:PRGE","score":0.1583164788311024,"id":6,"start":1513,"end":1516,"text":"ATM","terms":[]},{"ids":"UNIPROT:Q9BX63:T116:PRGE|UNIPROT:Q9P0J6:T116:PRGE","score":0.1583164788311024,"id":7,"start":1518,"end":1523,"text":"BRIP1","terms":[]},{"ids":"UNIPROT:Q86YC2:T116:PRGE","score":0.1583164788311024,"id":8,"start":1528,"end":1533,"text":"PALB2","terms":[]},{"ids":"UNIPROT:Q17RS7:T116:PRGE","score":0.1583164788311024,"id":9,"start":1550,"end":1563,"text":"GEN1 variants","terms":[]}]},{"id":12,"start":1644,"end":1925,"text":"Furthermore, our analyses demonstrate the importance of undertaking appropriate genetic investigations, typically full gene screening in cases and controls together with large-scale case-control association analyses, to evaluate the contribution of genes to cancer susceptibility..","terms":[]}]