[{"id":0,"start":0,"end":123,"text":"Association study of complement factor H, C2, CFB, and C3 and age-related macular degeneration in a Han Chinese population.","terms":[{"ids":"UNIPROT:P06681:T116:PRGE","score":0.44262659541464006,"id":1,"start":42,"end":44,"text":"C2","terms":[]},{"ids":"UMLS:C0242383:T047:DISO","score":1.0,"id":2,"start":62,"end":94,"text":"age-related macular degeneration","terms":[]}]},{"id":1,"start":124,"end":298,"text":"PURPOSE: Genes in the complement pathway, including complement factor H (CFH), C2/BF, and C3, have been reported to be associated with age-related macular degeneration (AMD).","terms":[{"ids":"UNIPROT:P06681:T116:PRGE","score":0.6210181120294704,"id":1,"start":203,"end":205,"text":"C2","terms":[]},{"ids":"UNIPROT:P0CG05:T116:PRGE|UNIPROT:P78543:T116:PRGE|UNIPROT:P01024:T116:PRGE","score":0.6210181120294704,"id":2,"start":214,"end":216,"text":"C3","terms":[]},{"ids":"UMLS:C0242383:T047:DISO","score":1.0,"id":3,"start":259,"end":291,"text":"age-related macular degeneration","terms":[]},{"ids":"UMLS:C0242383:T047:DISO","score":1.0,"id":4,"start":293,"end":296,"text":"AMD","terms":[]}]},{"id":2,"start":299,"end":462,"text":"Genetic variants, single-nucleotide polymorphisms (SNPs), in these genes were geno-typed for a case-control association study in a mainland Han Chinese population.","terms":[]},{"id":3,"start":463,"end":637,"text":"METHODS: One hundred and fifty-eight patients with wet AMD, 80 patients with soft drusen, and 220 matched control subjects were recruited among Han Chinese in mainland China.","terms":[{"ids":"UMLS:C0242383:T047:DISO|UMLS:C0017921:T047:DISO","score":1.0,"id":1,"start":518,"end":521,"text":"AMD","terms":[]}]},{"id":4,"start":638,"end":734,"text":"Seven SNPs in CFH and two SNPs in C2, CFB\u0027, and C3 were genotyped using the ABI SNaPshot method.","terms":[{"ids":"UNIPROT:P0CG05:T116:PRGE|UNIPROT:P78543:T116:PRGE|UNIPROT:P01024:T116:PRGE","score":0.47212767978104697,"id":1,"start":686,"end":688,"text":"C3","terms":[]}]},{"id":5,"start":735,"end":875,"text":"A deletion of 84,682 base pairs covering the CFHR1 and CFHR3 genes was detected by direct polymerase chain reaction and gel electrophoresis.","terms":[{"ids":"UNIPROT:Q03591:T116:PRGE","score":0.9557393370923206,"id":1,"start":780,"end":785,"text":"CFHR1","terms":[]},{"ids":"UNIPROT:Q02985:T116:PRGE","score":0.9557393370923206,"id":2,"start":790,"end":801,"text":"CFHR3 genes","terms":[]}]},{"id":6,"start":876,"end":1087,"text":"RESULTS: Four SNPs, including rs3753394 (P \u003d 0.0276), rs800292 (P \u003d 0.0266), rs1061170 (P \u003d 0.00514), and rs1329428 (P \u003d 0.0089), in CFH showed a significant association with wet AMD in the cohort of this study.","terms":[{"ids":"UMLS:C0242383:T047:DISO|UMLS:C0017921:T047:DISO","score":1.0,"id":1,"start":1055,"end":1058,"text":"AMD","terms":[]}]},{"id":7,"start":1088,"end":1268,"text":"A haplotype containing these four SNPs (CATA) significantly increased protection of wet AMD with a P value of 0.0005 and an odds ratio of 0.29 (95% confidence interval: 0.15-0.60).","terms":[{"ids":"UNIPROT:Q96RW7:T116:PRGE|UNIPROT:P17707:T116:PRGE|UNIPROT:P10253:T116:PRGE","score":0.5467797793147195,"id":1,"start":1172,"end":1179,"text":"wet AMD","terms":[{"ids":"UMLS:C0242383:T047:DISO|UMLS:C0017921:T047:DISO","score":1.0,"id":1,"start":1176,"end":1179,"text":"AMD","terms":[]}]}]},{"id":8,"start":1269,"end":1410,"text":"Unlike in other populations, rs2274700 and rs1410996 did not show a significant association with AMD in the Chinese population of this study.","terms":[{"ids":"UMLS:C0242383:T047:DISO|UMLS:C0017921:T047:DISO","score":1.0,"id":1,"start":1366,"end":1369,"text":"AMD","terms":[]}]},{"id":9,"start":1411,"end":1617,"text":"None of the SNPs in CFH showed a significant association with drusen, and none of the SNPs in CFH, C2, CFB, and C3 showed a significant association with either wet AMD or drusen in the cohort of this study.","terms":[{"ids":"UNIPROT:P06681:T116:PRGE","score":0.1949685186775047,"id":1,"start":1510,"end":1512,"text":"C2","terms":[]},{"ids":"UNIPROT:P0CG05:T116:PRGE|UNIPROT:P78543:T116:PRGE|UNIPROT:P01024:T116:PRGE","score":0.1949685186775047,"id":2,"start":1523,"end":1525,"text":"C3","terms":[]},{"ids":"UMLS:C0242383:T047:DISO|UMLS:C0017921:T047:DISO","score":1.0,"id":3,"start":1575,"end":1578,"text":"AMD","terms":[]}]},{"id":10,"start":1618,"end":1739,"text":"The CFHR1 and CFHR3 deletion was not polymorphic in the Chinese population and was not associated with wet AMD or drusen.","terms":[{"ids":"UNIPROT:Q03591:T116:PRGE","score":0.9571505143537996,"id":1,"start":1622,"end":1627,"text":"CFHR1","terms":[]},{"ids":"UNIPROT:Q02985:T116:PRGE","score":0.9571505143537996,"id":2,"start":1632,"end":1637,"text":"CFHR3","terms":[]},{"ids":"UMLS:C0242383:T047:DISO|UMLS:C0017921:T047:DISO","score":1.0,"id":3,"start":1725,"end":1728,"text":"AMD","terms":[]}]},{"id":11,"start":1740,"end":2011,"text":"CONCLUSION: This study showed that SNPs rs3753394 (P \u003d 0.0276), rs800292 (P \u003d 0.0266), rs1061170 (P \u003d 0.00514), and rs1329428 (P \u003d 0.0089), but not rs7535263, rs1410996, or rs2274700, in CFH were significantly associated with wet AMD in a mainland Han Chinese population.","terms":[{"ids":"UMLS:C0242383:T047:DISO|UMLS:C0017921:T047:DISO","score":1.0,"id":1,"start":1970,"end":1973,"text":"AMD","terms":[]}]},{"id":12,"start":2012,"end":2356,"text":"This study showed that CFH was more likely to be AMD susceptibility gene at Chr.1q31 based on the finding that the CFHR1 and CFHR3 deletion was not polymorphic in the cohort of this study, and none of the SNPs that were significantly associated with AMD in a white population in C2, CFB, and C3 genes showed a significant association with AMD..","terms":[{"ids":"UNIPROT:Q96RW7:T116:PRGE|UNIPROT:P17707:T116:PRGE|UNIPROT:P10253:T116:PRGE","score":0.2214606255219957,"id":1,"start":2061,"end":2084,"text":"AMD susceptibility gene","terms":[{"ids":"UMLS:C0242383:T047:DISO|UMLS:C0017921:T047:DISO","score":1.0,"id":1,"start":2061,"end":2064,"text":"AMD","terms":[]}]},{"ids":"UMLS:C1861559:T047:DISO","score":1.0,"id":2,"start":2088,"end":2091,"text":"Chr","terms":[]},{"ids":"UNIPROT:Q03591:T116:PRGE","score":0.2214606255219957,"id":3,"start":2127,"end":2132,"text":"CFHR1","terms":[]},{"ids":"UNIPROT:Q02985:T116:PRGE","score":0.2214606255219957,"id":4,"start":2137,"end":2142,"text":"CFHR3","terms":[]},{"ids":"UMLS:C0242383:T047:DISO|UMLS:C0017921:T047:DISO","score":1.0,"id":5,"start":2262,"end":2265,"text":"AMD","terms":[]},{"ids":"UNIPROT:P06681:T116:PRGE","score":0.2214606255219957,"id":6,"start":2291,"end":2293,"text":"C2","terms":[]},{"ids":"UNIPROT:P0CG05:T116:PRGE|UNIPROT:P78543:T116:PRGE|UNIPROT:P01024:T116:PRGE","score":0.2214606255219957,"id":7,"start":2304,"end":2312,"text":"C3 genes","terms":[]},{"ids":"UMLS:C0242383:T047:DISO|UMLS:C0017921:T047:DISO","score":1.0,"id":8,"start":2351,"end":2354,"text":"AMD","terms":[]}]}]