[{"id":0,"start":0,"end":90,"text":"A novel point mutation in CD18 causing leukocyte adhesion deficiency in a Chinese patient.","terms":[{"ids":"UNIPROT:P36941:T116:PRGE|UNIPROT:P05107:T116:PRGE","score":0.6456990890476125,"id":1,"start":26,"end":30,"text":"CD18","terms":[]},{"ids":"UMLS:C0272187:T047:DISO","score":1.0,"id":2,"start":39,"end":68,"text":"leukocyte adhesion deficiency","terms":[]}]},{"id":1,"start":91,"end":471,"text":"BACKGROUND: Leukocyte adhesion deficiency type 1 (LAD-1) is a rare, autosomal recessive inherited immunodeficiency disease characterized by recurrent severe bacterial infection, impaired pus formation, poor wound healing, associated with the mutation in the CD18 gene responsible for the ability of the leucocytes to migrate from the blood stream towards the site of inflammation.","terms":[{"ids":"UMLS:C0398738:T047:DISO|UNIPROT:Q13326:T116:PRGE|UNIPROT:P38405:T116:PRGE","score":1.0,"id":1,"start":103,"end":139,"text":"Leukocyte adhesion deficiency type 1","terms":[]},{"ids":"UNIPROT:O00515:T116:PRGE","score":0.4627190437585577,"id":2,"start":141,"end":146,"text":"LAD-1","terms":[{"ids":"UMLS:C0398738:T047:DISO|UMLS:C0226032:T023:ANAT","score":1.0,"id":1,"start":141,"end":144,"text":"LAD","terms":[]}]},{"ids":"UMLS:C0021051:T047:DISO","score":1.0,"id":3,"start":189,"end":213,"text":"immunodeficiency disease","terms":[]},{"ids":"UMLS:C0004623:T047:DISO","score":1.0,"id":4,"start":248,"end":267,"text":"bacterial infection","terms":[]},{"ids":"UNIPROT:P36941:T116:PRGE|UNIPROT:P05107:T116:PRGE","score":0.4627190437585577,"id":5,"start":349,"end":358,"text":"CD18 gene","terms":[]}]},{"id":2,"start":472,"end":586,"text":"Correct and early diagnosis of LAD-1 is vital to the success of treatment and prevention of aggressive infections.","terms":[{"ids":"UNIPROT:O00515:T116:PRGE","score":0.7297094034416897,"id":1,"start":503,"end":508,"text":"LAD-1","terms":[{"ids":"UMLS:C0398738:T047:DISO|UMLS:C0226032:T023:ANAT","score":1.0,"id":1,"start":503,"end":506,"text":"LAD","terms":[]}]},{"ids":"UMLS:C0021311:T047:DISO|UMLS:C0851162:T047:DISO","score":1.0,"id":2,"start":575,"end":585,"text":"infections","terms":[]}]},{"id":3,"start":587,"end":700,"text":"The purpose of this study was to collect the clinical findings of the disease and to identify the genetic entity.","terms":[]},{"id":4,"start":701,"end":843,"text":"METHODS: CD18 expression in the peripheral blood leukocytes from the patient, his parents and normal control was measured with flow cytometry.","terms":[{"ids":"UNIPROT:P36941:T116:PRGE|UNIPROT:P05107:T116:PRGE","score":0.9559441061339812,"id":1,"start":710,"end":714,"text":"CD18","terms":[]}]},{"id":5,"start":844,"end":936,"text":"The entire coding regions of the CD18 gene were screened with direct sequencing genomic DNA.","terms":[{"ids":"UNIPROT:P36941:T116:PRGE|UNIPROT:P05107:T116:PRGE","score":0.9991212064646343,"id":1,"start":877,"end":886,"text":"CD18 gene","terms":[]}]},{"id":6,"start":937,"end":1091,"text":"RESULTS: CD18 expression level on this patient\u0027s leukocyte surface was significantly decreased, with normal level in control group, his father and mother.","terms":[{"ids":"UNIPROT:P36941:T116:PRGE|UNIPROT:P05107:T116:PRGE","score":0.9982715022810709,"id":1,"start":946,"end":950,"text":"CD18","terms":[]}]},{"id":7,"start":1092,"end":1264,"text":"Gene analysis revealed that this patient had a homozygous c.899A \u003e T missense mutation in exon 8 of CD18 gene, causing the substitution of Asp to Val at the 300 amino acid.","terms":[{"ids":"UNIPROT:P36941:T116:PRGE|UNIPROT:P05107:T116:PRGE","score":0.7068233596448844,"id":1,"start":1192,"end":1201,"text":"CD18 gene","terms":[]}]},{"id":8,"start":1265,"end":1364,"text":"His parents were both heterozygous carriers while no such mutation was found in 50 normal controls.","terms":[]},{"id":9,"start":1365,"end":1655,"text":"CONCLUSION: This study disclosed a novel point mutation Asp 300 Val located in a highly conserved region (HCR) of CD18 and confirmed the heterogeneity of the mutations causing LAD-1, indicating it was quite beneficial to establish correct and early diagnosis in children with severe LAD-1..","terms":[{"ids":"UNIPROT:P36941:T116:PRGE|UNIPROT:P05107:T116:PRGE","score":0.7026085976511492,"id":1,"start":1479,"end":1483,"text":"CD18","terms":[]},{"ids":"UNIPROT:O00515:T116:PRGE","score":0.7026085976511492,"id":2,"start":1541,"end":1546,"text":"LAD-1","terms":[{"ids":"UMLS:C0398738:T047:DISO|UMLS:C0226032:T023:ANAT","score":1.0,"id":1,"start":1541,"end":1544,"text":"LAD","terms":[]}]},{"ids":"UNIPROT:O00515:T116:PRGE","score":0.7026085976511492,"id":3,"start":1648,"end":1653,"text":"LAD-1","terms":[{"ids":"UMLS:C0398738:T047:DISO|UMLS:C0226032:T023:ANAT","score":1.0,"id":1,"start":1648,"end":1651,"text":"LAD","terms":[]}]}]}]