[{"id":0,"start":0,"end":93,"text":"Association of obesity risk SNPs in PCSK1 with insulin sensitivity and proinsulin conversion.","terms":[{"ids":"UMLS:C0028754:T047:DISO","score":1.0,"id":1,"start":15,"end":22,"text":"obesity","terms":[]},{"ids":"UNIPROT:P29120:T116:PRGE","score":0.9640524266309533,"id":2,"start":36,"end":41,"text":"PCSK1","terms":[]},{"ids":"UNIPROT:P01308:T116:PRGE","score":0.9640524266309533,"id":3,"start":47,"end":54,"text":"insulin","terms":[]},{"ids":"UNIPROT:P01308:T116:PRGE","score":0.9640524266309533,"id":4,"start":71,"end":81,"text":"proinsulin","terms":[]}]},{"id":1,"start":94,"end":168,"text":"BACKGROUND: Prohormone convertase 1 is involved in maturation of peptides.","terms":[{"ids":"UNIPROT:P29120:T116:PRGE","score":0.9782238298347224,"id":1,"start":106,"end":129,"text":"Prohormone convertase 1","terms":[]}]},{"id":2,"start":169,"end":318,"text":"Rare mutations in gene PCSK1, encoding this enzyme, cause childhood obesity and abnormal glucose homeostasis with elevated proinsulin concentrations.","terms":[{"ids":"UNIPROT:Q9H3M7:T116:PRGE","score":0.7893209149295682,"id":1,"start":187,"end":197,"text":"gene PCSK1","terms":[]},{"ids":"UMLS:C2362324:T047:DISO","score":1.0,"id":2,"start":227,"end":244,"text":"childhood obesity","terms":[]},{"ids":"UNIPROT:P01308:T116:PRGE","score":0.7893209149295682,"id":3,"start":292,"end":302,"text":"proinsulin","terms":[]}]},{"id":3,"start":319,"end":430,"text":"Common single nucleotide polymorphisms (SNPs) within this gene, rs6232 and rs6235, are associated with obesity.","terms":[{"ids":"UMLS:C0028754:T047:DISO","score":1.0,"id":1,"start":422,"end":429,"text":"obesity","terms":[]}]},{"id":4,"start":431,"end":560,"text":"We studied whether these SNPs influence the prediabetic traits insulin resistance, beta-cell dysfunction, or glucose intolerance.","terms":[{"ids":"UNIPROT:P01308:T116:PRGE","score":0.9838613831958268,"id":1,"start":494,"end":501,"text":"insulin","terms":[]},{"ids":"UMLS:C0271650:T047:DISO","score":1.0,"id":2,"start":540,"end":559,"text":"glucose intolerance","terms":[]}]},{"id":5,"start":561,"end":644,"text":"METHODS: We genotyped 1498 German subjects for SNPs rs6232 and rs6235 within PCSK1.","terms":[{"ids":"UNIPROT:P29120:T116:PRGE","score":0.417113631176281,"id":1,"start":638,"end":643,"text":"PCSK1","terms":[]}]},{"id":6,"start":645,"end":784,"text":"The subjects were metabolically characterized by oral glucose tolerance test with glucose, insulin, proinsulin, and C-peptide measurements.","terms":[{"ids":"UNIPROT:P01308:T116:PRGE","score":0.9758711122755243,"id":1,"start":736,"end":743,"text":"insulin","terms":[]},{"ids":"UNIPROT:P01308:T116:PRGE","score":0.9758711122755243,"id":2,"start":745,"end":755,"text":"proinsulin","terms":[]}]},{"id":7,"start":785,"end":858,"text":"A subgroup of 512 subjects underwent a hyperinsulinemic-euglycemic clamp.","terms":[]},{"id":8,"start":859,"end":943,"text":"RESULTS: The minor allele frequencies were 25.8% for SNP rs6235 and 6.0% for rs6232.","terms":[]},{"id":9,"start":944,"end":1086,"text":"After adjustment for sex and age, we found no association of SNPs rs6235 and rs6232 with BMI or other weight-related traits (all p \u003eor\u003d 0.07).","terms":[]},{"id":10,"start":1087,"end":1345,"text":"Both minor alleles, adjusted for sex, age, BMI and insulin sensitivity were associated with elevated AUCproinsulin and AUCproinsulin/AUCinsulin (rs6235: p(additive) model \u003cor\u003d 0.009, effect sizes 8/8%, rs6232: pdominant model \u003cor\u003d 0.01, effect sizes 10/21%).","terms":[{"ids":"UNIPROT:P01308:T116:PRGE","score":0.5368437912616562,"id":1,"start":1138,"end":1145,"text":"insulin","terms":[]}]},{"id":11,"start":1346,"end":1447,"text":"Insulin secretion was not affected by the variants (different secretion parameters, all p \u003eor\u003d 0.08).","terms":[{"ids":"UNIPROT:P01308:T116:PRGE","score":0.990999621788413,"id":1,"start":1346,"end":1353,"text":"Insulin","terms":[]}]},{"id":12,"start":1448,"end":1731,"text":"The minor allele of SNP rs6232 was additionally associated with 15% higher OGTT-derived and 19% higher clamp-derived insulin sensitivity (pdom \u003cor\u003d 0.0047), 4.5% lower HOMAIR (pdom \u003d 0.02) and 3.5% lower 120-min glucose (pdom \u003d 0.0003) independently of BMI and proinsulin conversion.","terms":[{"ids":"UNIPROT:P01308:T116:PRGE","score":0.6468278414853257,"id":1,"start":1565,"end":1572,"text":"insulin","terms":[]},{"ids":"UNIPROT:P01308:T116:PRGE","score":0.6468278414853257,"id":2,"start":1709,"end":1719,"text":"proinsulin","terms":[]}]},{"id":13,"start":1732,"end":1800,"text":"SNP rs6235 was not associated with parameters of glucose metabolism.","terms":[]},{"id":14,"start":1801,"end":1954,"text":"CONCLUSIONS: Like rare mutations in PCSK1, the more common variants tested determine glucose-stimulated proinsulin conversion, but not insulin secretion.","terms":[{"ids":"UNIPROT:P29120:T116:PRGE","score":0.9216584334549834,"id":1,"start":1837,"end":1842,"text":"PCSK1","terms":[]},{"ids":"UNIPROT:P01308:T116:PRGE","score":0.9216584334549834,"id":2,"start":1905,"end":1915,"text":"proinsulin","terms":[]},{"ids":"UNIPROT:P01308:T116:PRGE","score":0.9216584334549834,"id":3,"start":1936,"end":1943,"text":"insulin","terms":[]}]},{"id":15,"start":1955,"end":2072,"text":"In addition, rs6232, encoding the amino acid exchange N221D, influences insulin sensitivity and glucose homeostasis..","terms":[{"ids":"UNIPROT:P01308:T116:PRGE","score":0.9359917070553887,"id":1,"start":2027,"end":2034,"text":"insulin","terms":[]}]}]