[{"id":0,"start":0,"end":133,"text":"Two novel mutations of the TSH-beta subunit gene underlying congenital central hypothyroidism undetectable in neonatal TSH screening.","terms":[{"ids":"UNIPROT:P01222:T116:PRGE","score":0.8671414492752019,"id":1,"start":27,"end":48,"text":"TSH-beta subunit gene","terms":[]},{"ids":"UMLS:C0271801:T047:DISO","score":1.0,"id":2,"start":71,"end":93,"text":"central hypothyroidism","terms":[]}]},{"id":1,"start":134,"end":255,"text":"CONTEXT: Patients with TSH-beta subunit defects and congenital hypothyroidism are missed by TSH-based neonatal screening.","terms":[{"ids":"UMLS:C0010308:T047:DISO|UMLS:C0342200:T047:DISO","score":1.0,"id":1,"start":186,"end":211,"text":"congenital hypothyroidism","terms":[]}]},{"id":2,"start":256,"end":522,"text":"OBJECTIVE: Our objective was to report the molecular consequences of a novel splice-junction mutation and a novel missense mutation in the TSH-beta subunit gene found in two patients with congenital central hypothyroidism and conventional treatment-resistant anemia.","terms":[{"ids":"UNIPROT:P01222:T116:PRGE","score":0.9952803085982183,"id":1,"start":395,"end":416,"text":"TSH-beta subunit gene","terms":[]},{"ids":"UMLS:C0271801:T047:DISO","score":1.0,"id":2,"start":455,"end":477,"text":"central hypothyroidism","terms":[]},{"ids":"UMLS:C0002871:T047:DISO","score":1.0,"id":3,"start":515,"end":521,"text":"anemia","terms":[]}]},{"id":3,"start":523,"end":629,"text":"RESULTS: Patient 1 had a homozygous G to A nucleotide change at the 5\u0027 donor splice site of exon/intron 2.","terms":[{"ids":"UNIPROT:P48775:T116:PRGE","score":0.710235229300059,"id":1,"start":559,"end":565,"text":"G to A","terms":[]}]},{"id":4,"start":630,"end":697,"text":"This resulted in a silent change at codon 34 of the mature protein.","terms":[]},{"id":5,"start":698,"end":838,"text":"In vitro splicing assays showed that the mutant minigene dramatically affected pre-mRNA processing, causing exon 2 to be completely skipped.","terms":[]},{"id":6,"start":839,"end":974,"text":"The putative product from a new out-of-frame translational start point in exon 3 is expected to yield a nonsense 25-amino-acid peptide.","terms":[]},{"id":7,"start":975,"end":1221,"text":"In patient 2, sequence analysis revealed a compound heterozygosis for the already reported 313delT (C105Vfs114X) mutation and for a second novel mutation in exon 3, substituting G for A at cDNA nucleotide position 323, resulting in a C88Y change.","terms":[]},{"id":8,"start":1222,"end":1334,"text":"This cysteine residue is conserved among all dimeric pituitary and placental glycoprotein hormone-beta subunits.","terms":[{"ids":"UNIPROT:Q9UQ10:T116:PRGE","score":0.9350636332762445,"id":1,"start":1267,"end":1333,"text":"dimeric pituitary and placental glycoprotein hormone-beta subunits","terms":[{"ids":"UMLS:C0032005:T023:ANAT","score":1.0,"id":1,"start":1275,"end":1284,"text":"pituitary","terms":[]}]}]},{"id":9,"start":1335,"end":1431,"text":"Data from in silico analysis confirmed that the C88Y mutation would affect subunit conformation.","terms":[]},{"id":10,"start":1432,"end":1554,"text":"Indeed, two different bioinformatics approaches, PolyPhen and SIFT analysis, predicted C88Y to be a damaging substitution.","terms":[]},{"id":11,"start":1555,"end":1736,"text":"CONCLUSIONS: In isolated TSH deficiency, the exact molecular diagnosis is mandatory for diagnosis of isolated pituitary deficiency, delineation of prognosis, and genetic counseling.","terms":[{"ids":"UMLS:C0271789:T047:DISO","score":1.0,"id":1,"start":1580,"end":1594,"text":"TSH deficiency","terms":[]},{"ids":"UMLS:C0032005:T023:ANAT","score":1.0,"id":2,"start":1665,"end":1674,"text":"pituitary","terms":[]}]},{"id":12,"start":1737,"end":1863,"text":"Moreover, diagnosis of central hypothyroidism should be considered in the face of severe infant anemia of uncertain etiology..","terms":[{"ids":"UMLS:C0271801:T047:DISO","score":1.0,"id":1,"start":1760,"end":1782,"text":"central hypothyroidism","terms":[]},{"ids":"UMLS:C3160739:T047:DISO","score":1.0,"id":2,"start":1811,"end":1815,"text":"face","terms":[]},{"ids":"UMLS:C0002871:T047:DISO","score":1.0,"id":3,"start":1833,"end":1839,"text":"anemia","terms":[]}]}]