[{"id":0,"start":0,"end":103,"text":"Identification of a frameshift mutation in Osterix in a patient with recessive osteogenesis imperfecta.","terms":[{"ids":"UMLS:C0029434:T047:DISO","score":1.0,"id":1,"start":79,"end":102,"text":"osteogenesis imperfecta","terms":[]}]},{"id":1,"start":104,"end":261,"text":"Osteogenesis imperfecta, or \"brittle bone disease,\" is a type I collagen-related condition associated with osteoporosis and increased risk of bone fractures.","terms":[{"ids":"UMLS:C0029434:T047:DISO","score":1.0,"id":1,"start":104,"end":127,"text":"Osteogenesis imperfecta","terms":[]},{"ids":"UMLS:C0029434:T047:DISO","score":1.0,"id":2,"start":133,"end":153,"text":"brittle bone disease","terms":[{"ids":"UMLS:C0262950:T023:ANAT","score":1.0,"id":1,"start":141,"end":145,"text":"bone","terms":[]}]},{"ids":"UNIPROT:Q13326:T116:PRGE|UNIPROT:P38405:T116:PRGE","score":0.6025993266519669,"id":3,"start":161,"end":176,"text":"type I collagen","terms":[]},{"ids":"UMLS:C0012634:T047:DISO","score":1.0,"id":4,"start":185,"end":194,"text":"condition","terms":[]},{"ids":"UMLS:C0029456:T047:DISO|UMLS:C2678504:T047:DISO","score":1.0,"id":5,"start":211,"end":223,"text":"osteoporosis","terms":[]},{"ids":"UMLS:C0262950:T023:ANAT","score":1.0,"id":6,"start":246,"end":250,"text":"bone","terms":[]}]},{"id":2,"start":262,"end":487,"text":"Using a combination of homozygosity mapping and candidate gene approach, we have identified a homozygous single base pair deletion (c.1052delA) in SP7/Osterix (OSX) in an Egyptian child with recessive osteogenesis imperfecta.","terms":[{"ids":"UNIPROT:Q8TDD2:T116:PRGE","score":0.4027392451200105,"id":1,"start":409,"end":412,"text":"SP7","terms":[]},{"ids":"UNIPROT:O15344:T116:PRGE|UNIPROT:Q8TDD2:T116:PRGE","score":0.4027392451200105,"id":2,"start":413,"end":420,"text":"Osterix","terms":[]},{"ids":"UMLS:C2936904:T047:DISO|UNIPROT:O15344:T116:PRGE|UNIPROT:Q8TDD2:T116:PRGE","score":1.0,"id":3,"start":422,"end":425,"text":"OSX","terms":[]},{"ids":"UMLS:C0029434:T047:DISO","score":1.0,"id":4,"start":463,"end":486,"text":"osteogenesis imperfecta","terms":[]}]},{"id":3,"start":488,"end":637,"text":"The clinical findings from this patient include recurrent fractures, mild bone deformities, delayed tooth eruption, normal hearing, and white sclera.","terms":[{"ids":"UMLS:C0262950:T023:ANAT","score":1.0,"id":1,"start":562,"end":566,"text":"bone","terms":[]},{"ids":"UMLS:C0040426:T023:ANAT","score":1.0,"id":2,"start":588,"end":593,"text":"tooth","terms":[]},{"ids":"UMLS:C0036410:T023:ANAT","score":1.0,"id":3,"start":630,"end":636,"text":"sclera","terms":[]}]},{"id":4,"start":638,"end":817,"text":"OSX encodes a transcription factor containing three Cys2-His2 zinc-finger DNA-binding domains at its C terminus, which, in mice, has been shown to be essential for bone formation.","terms":[{"ids":"UMLS:C2936904:T047:DISO|UNIPROT:O15344:T116:PRGE|UNIPROT:Q8TDD2:T116:PRGE","score":1.0,"id":1,"start":638,"end":641,"text":"OSX","terms":[]},{"ids":"UMLS:C0262950:T023:ANAT","score":1.0,"id":2,"start":802,"end":806,"text":"bone","terms":[]}]},{"id":5,"start":818,"end":953,"text":"The frameshift caused by the c.1052delA deletion removes the last 81 amino acids of the protein, including the third zinc-finger motif.","terms":[]},{"id":6,"start":954,"end":1125,"text":"This finding adds another locus to the spectrum of genes associated with osteogenesis imperfecta and reveals that SP7/OSX also plays a key role in human bone development..","terms":[{"ids":"UMLS:C0029434:T047:DISO","score":1.0,"id":1,"start":1027,"end":1050,"text":"osteogenesis imperfecta","terms":[]},{"ids":"UNIPROT:Q8TDD2:T116:PRGE","score":0.9922738365885427,"id":2,"start":1068,"end":1071,"text":"SP7","terms":[]},{"ids":"UMLS:C2936904:T047:DISO|UNIPROT:O15344:T116:PRGE|UNIPROT:Q8TDD2:T116:PRGE","score":1.0,"id":3,"start":1072,"end":1075,"text":"OSX","terms":[]},{"ids":"UMLS:C0277764:T023:ANAT","score":1.0,"id":4,"start":1101,"end":1111,"text":"human bone","terms":[]}]}]