[{"id":0,"start":0,"end":117,"text":"Novel and recurrent TRPV4 mutations and their association with distinct phenotypes within the TRPV4 dysplasia family.","terms":[]},{"id":1,"start":118,"end":391,"text":"BACKGROUND: Mutations in TRPV4, a gene that encodes a Ca(2+) permeable non-selective cation channel, have recently been found in a spectrum of skeletal dysplasias that includes brachyolmia, spondylometaphyseal dysplasia, Kozlowski type (SMDK) and metatropic dysplasia (MD).","terms":[{"ids":"UMLS:C0019564:T023:ANAT","score":1.0,"id":1,"start":172,"end":174,"text":"Ca","terms":[]},{"ids":"UMLS:C0432228:T047:DISO","score":1.0,"id":2,"start":295,"end":306,"text":"brachyolmia","terms":[]},{"ids":"UMLS:C0700635:T047:DISO","score":1.0,"id":3,"start":308,"end":337,"text":"spondylometaphyseal dysplasia","terms":[]},{"ids":"UMLS:C0026850:T047:DISO|UMLS:C0228329:T023:ANAT","score":1.0,"id":4,"start":387,"end":389,"text":"MD","terms":[]}]},{"id":2,"start":392,"end":456,"text":"Only a total of seven missense mutations were detected, however.","terms":[]},{"id":3,"start":457,"end":532,"text":"The full spectrum of TRPV4 mutations and their phenotypes remained unclear.","terms":[]},{"id":4,"start":533,"end":732,"text":"OBJECTIVES AND METHODS: To examine TRPV4 mutation spectrum and phenotype-genotype association, we searched for TRPV4 mutations by PCR-direct sequencing from genomic DNA in 22 MD and 20 SMDK probands.","terms":[{"ids":"UMLS:C0026850:T047:DISO|UMLS:C0228329:T023:ANAT","score":1.0,"id":1,"start":708,"end":710,"text":"MD","terms":[]}]},{"id":5,"start":733,"end":795,"text":"RESULTS: TRPV4 mutations were found in all but one MD subject.","terms":[{"ids":"UMLS:C0026850:T047:DISO|UMLS:C0228329:T023:ANAT","score":1.0,"id":1,"start":784,"end":786,"text":"MD","terms":[]}]},{"id":6,"start":796,"end":911,"text":"In total, 19 different heterozygous mutations were identified in 41 subjects; two were recurrent and 17 were novel.","terms":[]},{"id":7,"start":912,"end":1065,"text":"In MD, a recurrent P799L mutation was identified in nine subjects, as well as 10 novel mutations including F471del, the first deletion mutation of TRPV4.","terms":[{"ids":"UMLS:C0026850:T047:DISO|UMLS:C0228329:T023:ANAT","score":1.0,"id":1,"start":915,"end":917,"text":"MD","terms":[]}]},{"id":8,"start":1066,"end":1158,"text":"In SMDK, a recurrent R594H mutation was identified in 12 subjects and seven novel mutations.","terms":[]},{"id":9,"start":1159,"end":1252,"text":"An association between the position of mutations and the disease phenotype was also observed.","terms":[]},{"id":10,"start":1253,"end":1439,"text":"Thus, P799 in exon 15 is a hot codon for MD mutations, as four different amino acid substitutions have been observed at this codon; while R594 in exon 11 is a hotspot for SMDK mutations.","terms":[{"ids":"UMLS:C0026850:T047:DISO|UMLS:C0228329:T023:ANAT","score":1.0,"id":1,"start":1294,"end":1296,"text":"MD","terms":[]}]},{"id":11,"start":1440,"end":1668,"text":"CONCLUSION: The TRPV4 mutation spectrum in MD and SMDK, which showed genotype-phenotype correlation and potential functional significance of mutations that are non-randomly distributed over the gene, was presented in this study.","terms":[{"ids":"UMLS:C0026850:T047:DISO|UMLS:C0228329:T023:ANAT","score":1.0,"id":1,"start":1483,"end":1485,"text":"MD","terms":[]}]},{"id":12,"start":1669,"end":1819,"text":"The results would help diagnostic laboratories establish efficient screening strategies for genetic diagnosis of the TRPV4 dysplasia family diseases..","terms":[]}]