[{"id":0,"start":0,"end":114,"text":"Molecular diagnosis of 46,XY DSD and identification of a novel 8 nucleotide deletion in exon 1 of the SRD5A2 gene.","terms":[{"ids":"UMLS:C2751824:T047:DISO","score":1.0,"id":1,"start":23,"end":32,"text":"46,XY DSD","terms":[]},{"ids":"UNIPROT:P31213:T116:PRGE","score":0.9323384511376819,"id":2,"start":102,"end":113,"text":"SRD5A2 gene","terms":[]}]},{"id":1,"start":115,"end":186,"text":"Phenotypic presentation of 46,XY DSD depends on the underlying defects.","terms":[{"ids":"UMLS:C2751824:T047:DISO","score":1.0,"id":1,"start":142,"end":151,"text":"46,XY DSD","terms":[]}]},{"id":2,"start":187,"end":306,"text":"Defect in androgen action on the target tissues or production of active metabolite share common morphological features.","terms":[{"ids":"UMLS:C1861101:T047:DISO","score":1.0,"id":1,"start":187,"end":193,"text":"Defect","terms":[]}]},{"id":3,"start":307,"end":383,"text":"Molecular study may help differentiating these abnormalities with precision.","terms":[]},{"id":4,"start":384,"end":504,"text":"Mutational analysis of androgen receptor (AR) and SRD5A2 genes was performed in 29 patients with 46,XY DSD, by PCR-SSCP.","terms":[{"ids":"UNIPROT:P10275:T116:PRGE","score":0.8353586266222214,"id":1,"start":407,"end":424,"text":"androgen receptor","terms":[]},{"ids":"UMLS:C0003504:T047:DISO|UNIPROT:P01721:T116:PRGE|UNIPROT:Q9NZJ4:T116:PRGE|UNIPROT:P10275:T116:PRGE","score":1.0,"id":2,"start":426,"end":428,"text":"AR","terms":[]},{"ids":"UNIPROT:P31213:T116:PRGE","score":0.8353586266222214,"id":3,"start":434,"end":446,"text":"SRD5A2 genes","terms":[]},{"ids":"UMLS:C2751824:T047:DISO","score":1.0,"id":4,"start":481,"end":490,"text":"46,XY DSD","terms":[]}]},{"id":5,"start":505,"end":590,"text":"The amplicons that showed an aberrant migration in SSCP were subjected to sequencing.","terms":[]},{"id":6,"start":591,"end":745,"text":"Interestingly, six patients from 4 unrelated families (a pair of sibs, uncle/nephew and other two isolated) were identified with mutations in SRD5A2 gene.","terms":[{"ids":"UNIPROT:P31213:T116:PRGE","score":0.9837598650096545,"id":1,"start":733,"end":744,"text":"SRD5A2 gene","terms":[]}]},{"id":7,"start":746,"end":914,"text":"In five patients p.R246Q missense mutation was detected, of which four were homozygous and one was compound heterozygous: g.80_87delT CGCGAAG (p.A27fsX132) and p.R246Q.","terms":[]},{"id":8,"start":915,"end":1006,"text":"Another patient with isolated micropenis harbored a heterozygous p.G196S missense mutation.","terms":[]},{"id":9,"start":1007,"end":1040,"text":"No AR gene mutation was detected.","terms":[{"ids":"UNIPROT:P01721:T116:PRGE|UNIPROT:Q9NZJ4:T116:PRGE|UNIPROT:P10275:T116:PRGE","score":0.7281580925770176,"id":1,"start":1010,"end":1017,"text":"AR gene","terms":[{"ids":"UMLS:C0003504:T047:DISO","score":1.0,"id":1,"start":1010,"end":1012,"text":"AR","terms":[]}]}]},{"id":10,"start":1041,"end":1182,"text":"In conclusion, our study suggests that p.R246Q mutation is common amongst patients with SRD5A2 gene defect from the Northern states of India.","terms":[{"ids":"UMLS:C1861101:T047:DISO","score":1.0,"id":1,"start":1141,"end":1147,"text":"defect","terms":[]}]},{"id":11,"start":1183,"end":1280,"text":"Also, it records a novel deletion in exon 1 of SRD5A2 gene in a patient with severe hypospadias..","terms":[{"ids":"UNIPROT:P31213:T116:PRGE","score":0.9641628766545738,"id":1,"start":1230,"end":1241,"text":"SRD5A2 gene","terms":[]}]}]