[{"id":0,"start":0,"end":226,"text":"Atypical GH insensitivity syndrome and severe insulin-like growth factor-I deficiency resulting from compound heterozygous mutations of the GH receptor, including a novel frameshift mutation affecting the intracellular domain.","terms":[{"ids":"UMLS:C0039082:T047:DISO","score":1.0,"id":1,"start":26,"end":34,"text":"syndrome","terms":[]},{"ids":"UNIPROT:P01308:T116:PRGE","score":0.8286074867715092,"id":2,"start":46,"end":74,"text":"insulin-like growth factor-I","terms":[]},{"ids":"UNIPROT:P10912:T116:PRGE","score":0.8286074867715092,"id":3,"start":140,"end":151,"text":"GH receptor","terms":[]}]},{"id":1,"start":227,"end":333,"text":"BACKGROUND/AIMS: GH insensitivity and IGF deficiency may result from aberrations of the GH receptor (GHR).","terms":[{"ids":"UNIPROT:Q92820:T116:PRGE|UNIPROT:P01241:T116:PRGE","score":0.5582019133442053,"id":1,"start":244,"end":246,"text":"GH","terms":[]},{"ids":"UNIPROT:P10912:T116:PRGE","score":0.5582019133442053,"id":2,"start":315,"end":326,"text":"GH receptor","terms":[]},{"ids":"UNIPROT:P10912:T116:PRGE","score":0.5582019133442053,"id":3,"start":328,"end":331,"text":"GHR","terms":[]}]},{"id":2,"start":334,"end":496,"text":"We describe a 4-year-old child with modest growth failure and normal serum concentrations of GH-binding protein (GHBP), but clinical evidence of GH insensitivity.","terms":[{"ids":"UMLS:C0015544:T047:DISO|UMLS:C0878787:T047:DISO","score":1.0,"id":1,"start":377,"end":391,"text":"growth failure","terms":[]},{"ids":"UNIPROT:P10912:T116:PRGE","score":0.9927849816367659,"id":2,"start":427,"end":445,"text":"GH-binding protein","terms":[]},{"ids":"UNIPROT:P10912:T116:PRGE|UNIPROT:P30043:T116:PRGE","score":0.9927849816367659,"id":3,"start":447,"end":451,"text":"GHBP","terms":[]},{"ids":"UNIPROT:Q92820:T116:PRGE|UNIPROT:P01241:T116:PRGE","score":0.9927849816367659,"id":4,"start":479,"end":481,"text":"GH","terms":[]}]},{"id":3,"start":497,"end":574,"text":"METHOD: Serum and DNA samples from the proband and his parents were analyzed.","terms":[]},{"id":4,"start":575,"end":736,"text":"RESULTS: The child had a height of -4 SD, elevated serum GH concentrations, abnormally low serum IGF-I and IGFBP-3 concentrations and normal GHBP concentrations.","terms":[{"ids":"UMLS:C1096903:T047:DISO","score":1.0,"id":1,"start":613,"end":615,"text":"SD","terms":[]},{"ids":"UNIPROT:Q92820:T116:PRGE|UNIPROT:P01241:T116:PRGE","score":0.49253284715519247,"id":2,"start":626,"end":634,"text":"serum GH","terms":[]},{"ids":"UNIPROT:P05019:T116:PRGE|UNIPROT:P01343:T116:PRGE","score":0.49253284715519247,"id":3,"start":672,"end":677,"text":"IGF-I","terms":[]},{"ids":"UNIPROT:P10912:T116:PRGE|UNIPROT:P30043:T116:PRGE","score":0.49253284715519247,"id":4,"start":716,"end":720,"text":"GHBP","terms":[]}]},{"id":5,"start":737,"end":977,"text":"DNA analysis revealed compound heterozygosity for mutations of GHR, including a previously reported R211H mutation and a novel duplication of a nucleotide in exon 9 (899dupC), the latter resulting in a frameshift and a premature stop codon.","terms":[{"ids":"UNIPROT:P10912:T116:PRGE","score":0.9395641187479427,"id":1,"start":800,"end":803,"text":"GHR","terms":[]}]},{"id":6,"start":978,"end":1055,"text":"Treatment with recombinant DNA-derived IGF-I resulted in growth acceleration.","terms":[{"ids":"UNIPROT:P05019:T116:PRGE|UNIPROT:P01343:T116:PRGE","score":0.9998739122246383,"id":1,"start":1017,"end":1022,"text":"IGF-I","terms":[]}]},{"id":7,"start":1056,"end":1219,"text":"CONCLUSION: Mutations affecting the intracellular domain of the GHR can result in GH insensitivity and IGF deficiency, despite normal serum concentrations of GHBP.","terms":[{"ids":"UNIPROT:P10912:T116:PRGE","score":0.6533762401484691,"id":1,"start":1120,"end":1123,"text":"GHR","terms":[]},{"ids":"UNIPROT:Q92820:T116:PRGE|UNIPROT:P01241:T116:PRGE","score":0.6533762401484691,"id":2,"start":1138,"end":1140,"text":"GH","terms":[]},{"ids":"UNIPROT:P10912:T116:PRGE|UNIPROT:P30043:T116:PRGE","score":0.6533762401484691,"id":3,"start":1214,"end":1218,"text":"GHBP","terms":[]}]},{"id":8,"start":1220,"end":1414,"text":"The presence of clinical and biochemical evidence of GH resistance is sufficient to consider the possibility of aberrations of the GHR, even in the presence of normal serum GHBP concentrations..","terms":[{"ids":"UNIPROT:Q92820:T116:PRGE|UNIPROT:P01241:T116:PRGE","score":0.3387241797355187,"id":1,"start":1273,"end":1275,"text":"GH","terms":[]},{"ids":"UNIPROT:P10912:T116:PRGE","score":0.3387241797355187,"id":2,"start":1351,"end":1354,"text":"GHR","terms":[]},{"ids":"UNIPROT:P10912:T116:PRGE|UNIPROT:P30043:T116:PRGE","score":0.3387241797355187,"id":3,"start":1387,"end":1397,"text":"serum GHBP","terms":[]}]}]