[{"id":0,"start":0,"end":133,"text":"Bikunin and a1-microglobulin/bikunin precursor (AMBP) gene mutational screening in patients with kidney stones: a case-control study.","terms":[{"ids":"UNIPROT:P02760:T116:PRGE|UNIPROT:O43291:T116:PRGE","score":0.7146526180269709,"id":1,"start":0,"end":7,"text":"Bikunin","terms":[]},{"ids":"UNIPROT:P30542:T116:PRGE|UNIPROT:P35251:T116:PRGE|UNIPROT:P35249:T116:PRGE|UNIPROT:P35250:T116:PRGE|UNIPROT:Q9UIG0:T116:PRGE|UNIPROT:P12314:T116:PRGE|UNIPROT:Q93050:T116:PRGE","score":0.7146526180269709,"id":2,"start":12,"end":28,"text":"a1-microglobulin","terms":[{"ids":"UMLS:C0933653:T023:ANAT","score":1.0,"id":1,"start":12,"end":14,"text":"a1","terms":[]}]},{"ids":"UNIPROT:P02760:T116:PRGE|UNIPROT:O43291:T116:PRGE","score":0.7146526180269709,"id":3,"start":29,"end":46,"text":"bikunin precursor","terms":[]},{"ids":"UNIPROT:P02760:T116:PRGE","score":0.7146526180269709,"id":4,"start":48,"end":52,"text":"AMBP","terms":[]},{"ids":"UMLS:C1833683:T047:DISO","score":1.0,"id":5,"start":97,"end":110,"text":"kidney stones","terms":[{"ids":"UMLS:C0022646:T023:ANAT|UMLS:C0227665:T023:ANAT","score":1.0,"id":1,"start":97,"end":103,"text":"kidney","terms":[]}]}]},{"id":1,"start":134,"end":311,"text":"OBJECTIVE: Bikunin is an inhibitor of kidney stone formation synthesized in the liver together with a(1)-microglobulin from the a(1)-microglobulin/bikunin precursor (AMBP) gene.","terms":[{"ids":"UNIPROT:P02760:T116:PRGE|UNIPROT:O43291:T116:PRGE","score":0.5678930551360568,"id":1,"start":145,"end":152,"text":"Bikunin","terms":[]},{"ids":"UMLS:C0022646:T023:ANAT|UMLS:C0227665:T023:ANAT","score":1.0,"id":2,"start":172,"end":178,"text":"kidney","terms":[]},{"ids":"UMLS:C0023884:T023:ANAT","score":1.0,"id":3,"start":214,"end":219,"text":"liver","terms":[]},{"ids":"UNIPROT:P02760:T116:PRGE","score":0.5678930551360568,"id":4,"start":281,"end":310,"text":"bikunin precursor (AMBP) gene","terms":[]}]},{"id":2,"start":312,"end":446,"text":"The aim of this study was to investigate the possible association between bikunin/AMBP gene polymorphisms and urinary stone formation.","terms":[{"ids":"UNIPROT:P02760:T116:PRGE|UNIPROT:O43291:T116:PRGE","score":0.8629177130847631,"id":1,"start":386,"end":393,"text":"bikunin","terms":[]},{"ids":"UNIPROT:P02760:T116:PRGE","score":0.8629177130847631,"id":2,"start":394,"end":403,"text":"AMBP gene","terms":[]}]},{"id":3,"start":447,"end":631,"text":"MATERIAL AND METHODS: To analyse the DNA, blood samples were taken from 75 kidney stone formers who had a familial stone history, 35 sporadic stone formers and 101 healthy individuals.","terms":[{"ids":"UMLS:C0022646:T023:ANAT|UMLS:C0227665:T023:ANAT","score":1.0,"id":1,"start":522,"end":528,"text":"kidney","terms":[]}]},{"id":4,"start":632,"end":807,"text":"Four exons of bikunin gene and five parts of the promoter region of the AMBP gene were screened using single-strand conformation polymorphism and nucleotide sequence analysis.","terms":[{"ids":"UNIPROT:P02760:T116:PRGE|UNIPROT:O43291:T116:PRGE","score":0.8994595048982201,"id":1,"start":646,"end":658,"text":"bikunin gene","terms":[]},{"ids":"UNIPROT:P02760:T116:PRGE","score":0.8994595048982201,"id":2,"start":704,"end":713,"text":"AMBP gene","terms":[]}]},{"id":5,"start":808,"end":1056,"text":"RESULTS: The Init-2 region of the promoter of AMBP gene had polymorphisms at positions -218 and -189 nt giving three different genotypes having 1,3, 2,4 and 1,2,3,4 alleles with frequencies of 17.06%, 60.19% and 22.75%, respectively, in all groups.","terms":[{"ids":"UNIPROT:P02760:T116:PRGE","score":0.9474175859900559,"id":1,"start":854,"end":863,"text":"AMBP gene","terms":[]}]},{"id":6,"start":1057,"end":1112,"text":"Therefore, the Init-2 region appears to be polymorphic.","terms":[]},{"id":7,"start":1113,"end":1339,"text":"As a result, the 1,3 allele has -218G and -189T complying with the reference database sequence, the 2,4 allele has -218G and T-189C substitution and the allele 1,2,3,4 genotype has substitutions at positions G-218C and T-189C.","terms":[]},{"id":8,"start":1340,"end":1444,"text":"CONCLUSIONS: There were no significant differences in allele distribution between patients and controls.","terms":[]},{"id":9,"start":1445,"end":1529,"text":"These common alleles exist in the Turkish population independent of stone formation.","terms":[]},{"id":10,"start":1530,"end":1629,"text":"These results are the first to demonstrate the existence of bikunin and AMBP promoter polymorphism.","terms":[{"ids":"UNIPROT:P02760:T116:PRGE|UNIPROT:O43291:T116:PRGE","score":0.9735311834904029,"id":1,"start":1590,"end":1597,"text":"bikunin","terms":[]},{"ids":"UNIPROT:P02760:T116:PRGE","score":0.9735311834904029,"id":2,"start":1602,"end":1615,"text":"AMBP promoter","terms":[]}]},{"id":11,"start":1630,"end":1826,"text":"Although the Init-2 region of the AMBP gene is the binding site for various transcription factors, the results showed no association between these observed genotypes and stone-forming phenotypes..","terms":[{"ids":"UNIPROT:P02760:T116:PRGE","score":0.8384321652203913,"id":1,"start":1664,"end":1673,"text":"AMBP gene","terms":[]}]}]