[{"id":0,"start":0,"end":109,"text":"High frequency of lamivudine resistance mutations in Brazilian patients co-infected with HIV and hepatitis B.","terms":[{"ids":"UMLS:C0019693:T047:DISO","score":1.0,"id":1,"start":89,"end":92,"text":"HIV","terms":[]},{"ids":"UMLS:C0019163:T047:DISO","score":1.0,"id":2,"start":97,"end":108,"text":"hepatitis B","terms":[]}]},{"id":1,"start":110,"end":303,"text":"This study analyzed the genotype distribution and frequency of lamivudine (LAM) and tenofovir (TDF) resistance mutations in a group of patients co-infected with HIV and hepatitis B virus (HBV).","terms":[{"ids":"UMLS:C0019693:T047:DISO","score":1.0,"id":1,"start":271,"end":274,"text":"HIV","terms":[]},{"ids":"UMLS:C0019163:T047:DISO","score":1.0,"id":2,"start":279,"end":290,"text":"hepatitis B","terms":[]},{"ids":"UMLS:C0019163:T047:DISO","score":1.0,"id":3,"start":298,"end":301,"text":"HBV","terms":[]}]},{"id":2,"start":304,"end":367,"text":"A cross-sectional study of 847 patients with HIV was conducted.","terms":[{"ids":"UMLS:C0019693:T047:DISO","score":1.0,"id":1,"start":349,"end":352,"text":"HIV","terms":[]}]},{"id":3,"start":368,"end":420,"text":"Patients provided blood samples for HBsAg detection.","terms":[]},{"id":4,"start":421,"end":508,"text":"The load of HBV was determined using an \"in-house\" real-time polymerase chain reaction.","terms":[{"ids":"UMLS:C0019163:T047:DISO","score":1.0,"id":1,"start":433,"end":436,"text":"HBV","terms":[]}]},{"id":5,"start":509,"end":640,"text":"HBV genotypes/subgenotypes, antiviral resistance, basal core promoter (BCP), and precore mutations were detected by DNA sequencing.","terms":[{"ids":"UMLS:C0019163:T047:DISO","score":1.0,"id":1,"start":509,"end":512,"text":"HBV","terms":[]},{"ids":"UNIPROT:P03999:T116:PRGE","score":0.9460601546802366,"id":2,"start":580,"end":583,"text":"BCP","terms":[]}]},{"id":6,"start":641,"end":697,"text":"Twenty-eight patients with co-infection were identified.","terms":[{"ids":"UMLS:C0275524:T047:DISO","score":1.0,"id":1,"start":668,"end":680,"text":"co-infection","terms":[]}]},{"id":7,"start":698,"end":830,"text":"The distribution of HBV genotypes among these patients was A (n \u003d 9; 50%), D (n \u003d 4; 22.2%), G (n \u003d 3; 16.7%), and F (n \u003d 2; 11.1%).","terms":[{"ids":"UMLS:C0019163:T047:DISO","score":1.0,"id":1,"start":718,"end":721,"text":"HBV","terms":[]}]},{"id":8,"start":831,"end":919,"text":"Eighteen patients were treated with LAM and six patients were treated with LAM plus TDF.","terms":[]},{"id":9,"start":920,"end":986,"text":"The length of exposure to LAM and TDF varied from 4 to 216 months.","terms":[]},{"id":10,"start":987,"end":1094,"text":"LAM resistance substitutions (rtL180M + rtM204V) were detected in 10 (50%) of the 20 patients with viremia.","terms":[{"ids":"UMLS:C0042749:T047:DISO","score":1.0,"id":1,"start":1086,"end":1093,"text":"viremia","terms":[]}]},{"id":11,"start":1095,"end":1172,"text":"This pattern and an accompanying rtV173L mutation was found in four patients.","terms":[]},{"id":12,"start":1173,"end":1328,"text":"Three patients with the triple polymerase substitution pattern (rtV173L + rtL180M + rtM204V) had associated changes in the envelope gene (sE164D + sI195M).","terms":[{"ids":"UNIPROT:Q9H1D9:T116:PRGE|UNIPROT:P53803:T116:PRGE|UNIPROT:O14802:T116:PRGE|UNIPROT:Q9BUI4:T116:PRGE|UNIPROT:Q9BXR3:T116:PRGE|UNIPROT:Q9NVU0:T116:PRGE|UNIPROT:P52435:T116:PRGE|UNIPROT:P62487:T116:PRGE|UNIPROT:P30876:T116:PRGE|UNIPROT:O15514:T116:PRGE|UNIPROT:O15314:T116:PRGE|UNIPROT:P36954:T116:PRGE|UNIPROT:P52434:T116:PRGE|UNIPROT:P24928:T116:PRGE|UNIPROT:P05423:T116:PRGE|UNIPROT:Q9NW08:T116:PRGE|UNIPROT:P19387:T116:PRGE|UNIPROT:Q9NRF9:T116:PRGE|UNIPROT:Q9Y535:T116:PRGE|UNIPROT:Q9WJR5:T116:PRGE|UNIPROT:Q9GZM3:T116:PRGE|UNIPROT:P61218:T116:PRGE|UNIPROT:Q9Y2Y1:T116:PRGE|UNIPROT:O15318:T116:PRGE|UNIPROT:P19388:T116:PRGE|UNIPROT:Q9NR33:T116:PRGE|UNIPROT:Q9UQG0:T116:PRGE|UNIPROT:P62875:T116:PRGE","score":0.5119372607304563,"id":1,"start":1197,"end":1214,"text":"triple polymerase","terms":[]}]},{"id":13,"start":1329,"end":1433,"text":"Mutations in the BCP region (A1762T, G1764A) and in the precore region (G1896A, G1899A) were also found.","terms":[]},{"id":14,"start":1434,"end":1487,"text":"No putative TDF resistance substitution was detected.","terms":[]},{"id":15,"start":1488,"end":1669,"text":"The data suggest that prolonged LAM use is associated with the emergence of particular changes in the HBV genome, including substitutions that may elicit a vaccine escape phenotype.","terms":[{"ids":"UMLS:C0019163:T047:DISO","score":1.0,"id":1,"start":1590,"end":1593,"text":"HBV","terms":[]}]},{"id":16,"start":1670,"end":1745,"text":"No putative TDF resistance change was detected after prolonged use of TDF..","terms":[]}]