[{"id":0,"start":0,"end":94,"text":"The fibrinogen gamma 10034C\u003eT polymorphism is not associated with Peripheral Arterial Disease.","terms":[{"ids":"UNIPROT:P41439:T116:PRGE|UNIPROT:Q92569:T116:PRGE|UNIPROT:Q13185:T116:PRGE|UNIPROT:P49368:T116:PRGE|UNIPROT:O94864:T116:PRGE|UNIPROT:Q9UEY8:T116:PRGE","score":0.6172135751097165,"id":1,"start":4,"end":20,"text":"fibrinogen gamma","terms":[]},{"ids":"UMLS:C1704436:T047:DISO|UMLS:C0085096:T047:DISO","score":1.0,"id":2,"start":66,"end":93,"text":"Peripheral Arterial Disease","terms":[{"ids":"UMLS:C0003842:T023:ANAT","score":1.0,"id":1,"start":77,"end":85,"text":"Arterial","terms":[]}]}]},{"id":1,"start":95,"end":216,"text":"Conversion of fibrinogen to fibrin plays an essential role in hemostasis and results in stabilization of the fibrin clot.","terms":[]},{"id":2,"start":217,"end":391,"text":"Fibrinogen consists of three pairs of non-identical polypeptide chains, encoded by different genes (fibrinogen alpha [FGA], fibrinogen beta [FGB] and fibrinogen gamma [FGG]).","terms":[{"ids":"UNIPROT:P35611:T116:PRGE|UNIPROT:P27986:T116:PRGE|UNIPROT:Q13131:T116:PRGE|UNIPROT:P07225:T116:PRGE|UNIPROT:Q96RQ3:T116:PRGE","score":0.09219541538365325,"id":1,"start":317,"end":333,"text":"fibrinogen alpha","terms":[]},{"ids":"UNIPROT:P78371:T116:PRGE|UNIPROT:P07951:T116:PRGE|UNIPROT:Q9HCC0:T116:PRGE|UNIPROT:O00459:T116:PRGE","score":0.09219541538365325,"id":2,"start":341,"end":356,"text":"fibrinogen beta","terms":[]},{"ids":"UNIPROT:P41439:T116:PRGE|UNIPROT:Q92569:T116:PRGE|UNIPROT:Q13185:T116:PRGE|UNIPROT:P49368:T116:PRGE|UNIPROT:O94864:T116:PRGE|UNIPROT:Q9UEY8:T116:PRGE","score":0.09219541538365325,"id":3,"start":367,"end":389,"text":"fibrinogen gamma [FGG]","terms":[]}]},{"id":3,"start":392,"end":588,"text":"A functional single nucleotide polymorphism (SNP) in the 3\u0027 untranslated region of the FGG gene (FGG 10034C\u003eT, rs2066865) has been associated with deep venous thrombosis and myocardial infarction.","terms":[{"ids":"UNIPROT:Q9H3M7:T116:PRGE","score":0.7585426859553298,"id":1,"start":479,"end":487,"text":"FGG gene","terms":[]},{"ids":"UMLS:C0149871:T047:DISO","score":1.0,"id":2,"start":539,"end":561,"text":"deep venous thrombosis","terms":[{"ids":"UMLS:C0042449:T023:ANAT","score":1.0,"id":1,"start":544,"end":550,"text":"venous","terms":[]}]},{"ids":"UMLS:C0027051:T047:DISO","score":1.0,"id":3,"start":566,"end":587,"text":"myocardial infarction","terms":[]}]},{"id":4,"start":589,"end":696,"text":"Aim of the present study was to analyze the role of this polymorphism in peripheral arterial disease (PAD).","terms":[{"ids":"UNIPROT:O43866:T116:PRGE|UNIPROT:Q07108:T116:PRGE|UNIPROT:P26358:T116:PRGE","score":0.49309802581096274,"id":1,"start":589,"end":592,"text":"Aim","terms":[]},{"ids":"UMLS:C1704436:T047:DISO","score":1.0,"id":2,"start":662,"end":689,"text":"peripheral arterial disease","terms":[{"ids":"UMLS:C0003842:T023:ANAT","score":1.0,"id":1,"start":673,"end":681,"text":"arterial","terms":[]}]},{"ids":"UMLS:C1704436:T047:DISO","score":1.0,"id":3,"start":691,"end":694,"text":"PAD","terms":[]}]},{"id":5,"start":697,"end":810,"text":"The study was designed as case-control study including 891 patients with documented PAD and 777 control subjects.","terms":[{"ids":"UMLS:C1704436:T047:DISO","score":1.0,"id":1,"start":781,"end":784,"text":"PAD","terms":[]}]},{"id":6,"start":811,"end":872,"text":"FGG genotypes were determined by exonuclease (TaqMan) assays.","terms":[]},{"id":7,"start":873,"end":1046,"text":"FGG genotype frequencies were not significantly different between PAD patients (CC: 57.3%, CT: 36.7%, TT: 5.8%) and control subjects (CC: 60.9%, CT: 33.5%, TT 5.6%; p\u003d0.35).","terms":[{"ids":"UMLS:C1704436:T047:DISO","score":1.0,"id":1,"start":939,"end":942,"text":"PAD","terms":[]}]},{"id":8,"start":1047,"end":1328,"text":"In a multivariate logistic regression analysis including age, sex, smoking, diabetes, arterial hypertension and hypercholesterolemia, the FGG 10034 T variant was not significantly associated with the presence of PAD (Odds ratio 1.07, 95% confidence interval 0.84 - 1.37; p \u003d 0.60).","terms":[{"ids":"UMLS:C0011847:T047:DISO|UMLS:C0011849:T047:DISO","score":1.0,"id":1,"start":1123,"end":1131,"text":"diabetes","terms":[]},{"ids":"UMLS:C0020538:T047:DISO","score":1.0,"id":2,"start":1133,"end":1154,"text":"arterial hypertension","terms":[{"ids":"UMLS:C0003842:T023:ANAT","score":1.0,"id":1,"start":1133,"end":1141,"text":"arterial","terms":[]}]},{"ids":"UMLS:C0020443:T047:DISO","score":1.0,"id":3,"start":1159,"end":1179,"text":"hypercholesterolemia","terms":[]},{"ids":"UMLS:C1704436:T047:DISO","score":1.0,"id":4,"start":1259,"end":1262,"text":"PAD","terms":[]}]},{"id":9,"start":1329,"end":1415,"text":"The FGG 10034C\u003eT polymorphism was furthermore not associated with age at onset of PAD.","terms":[{"ids":"UMLS:C1704436:T047:DISO|UNIPROT:Q8IX18:T116:PRGE|UNIPROT:Q9UM07:T116:PRGE","score":1.0,"id":1,"start":1411,"end":1414,"text":"PAD","terms":[]}]},{"id":10,"start":1416,"end":1534,"text":"We conclude that the thrombophilic FGG 10034 T gene variant does not contribute to the genetic susceptibility to PAD..","terms":[{"ids":"UNIPROT:Q9H3M7:T116:PRGE","score":0.6432271957716753,"id":1,"start":1437,"end":1467,"text":"thrombophilic FGG 10034 T gene","terms":[]},{"ids":"UMLS:C1704436:T047:DISO|UNIPROT:Q8IX18:T116:PRGE|UNIPROT:Q9UM07:T116:PRGE","score":1.0,"id":2,"start":1529,"end":1532,"text":"PAD","terms":[]}]}]