[{"id":0,"start":0,"end":154,"text":"Association of DNA polymorphisms within the CYP11B2/CYP11B1 locus and postoperative hypertension risk in the patients with aldosterone-producing adenomas.","terms":[{"ids":"UNIPROT:P19099:T116:PRGE","score":0.8787318361242692,"id":1,"start":44,"end":51,"text":"CYP11B2","terms":[]},{"ids":"UNIPROT:P15538:T116:PRGE","score":0.8787318361242692,"id":2,"start":52,"end":59,"text":"CYP11B1","terms":[]},{"ids":"UMLS:C0020538:T047:DISO","score":1.0,"id":3,"start":84,"end":96,"text":"hypertension","terms":[]}]},{"id":1,"start":155,"end":241,"text":"OBJECTIVES: Hypertension often persists after adrenalectomy for primary aldosteronism.","terms":[{"ids":"UMLS:C0020538:T047:DISO","score":1.0,"id":1,"start":167,"end":179,"text":"Hypertension","terms":[]},{"ids":"UMLS:C1384514:T047:DISO","score":1.0,"id":2,"start":219,"end":240,"text":"primary aldosteronism","terms":[]}]},{"id":2,"start":242,"end":394,"text":"Traditional factors associated with postoperative hypertension were evaluated, but whether genetic determinants were involved remains poorly understood.","terms":[{"ids":"UMLS:C0020538:T047:DISO","score":1.0,"id":1,"start":292,"end":304,"text":"hypertension","terms":[]}]},{"id":3,"start":395,"end":658,"text":"The aim of this study was to investigate the association of DNA polymorphisms within steroid synthesis genes (CYP11B2, CYP11B1) and the postoperative resolution of hypertension in Chinese patients undergoing adrenalectomy for aldosterone-producing adenomas (APA).","terms":[{"ids":"UNIPROT:P19099:T116:PRGE","score":0.5600667497771133,"id":1,"start":505,"end":512,"text":"CYP11B2","terms":[]},{"ids":"UNIPROT:P15538:T116:PRGE","score":0.5600667497771133,"id":2,"start":514,"end":521,"text":"CYP11B1","terms":[]},{"ids":"UMLS:C0020538:T047:DISO","score":1.0,"id":3,"start":559,"end":571,"text":"hypertension","terms":[]}]},{"id":4,"start":659,"end":758,"text":"METHODS: Ninety-three patients with APA were assessed for postoperative resolution of hypertension.","terms":[{"ids":"UMLS:C0020538:T047:DISO","score":1.0,"id":1,"start":745,"end":757,"text":"hypertension","terms":[]}]},{"id":5,"start":759,"end":916,"text":"All patients were genotyped for rs1799998 (C-344 T), intron 2 conversion, rs4539 (A2718G) within CYP11B2 and rs6410 (G22 5A), rs6387 (A2803G) within CYP11B1.","terms":[{"ids":"UNIPROT:P19099:T116:PRGE","score":0.7465158048213356,"id":1,"start":856,"end":863,"text":"CYP11B2","terms":[]},{"ids":"UNIPROT:P15538:T116:PRGE","score":0.7465158048213356,"id":2,"start":908,"end":915,"text":"CYP11B1","terms":[]}]},{"id":6,"start":917,"end":1054,"text":"The associations between CYPB11B2/CYP11B1 polymorphisms and persistent postoperative hypertension were assessed by multivariate analysis.","terms":[{"ids":"UNIPROT:P15538:T116:PRGE","score":0.9976965774226366,"id":1,"start":951,"end":958,"text":"CYP11B1","terms":[]},{"ids":"UMLS:C0020538:T047:DISO","score":1.0,"id":2,"start":1002,"end":1014,"text":"hypertension","terms":[]}]},{"id":7,"start":1055,"end":1213,"text":"RESULTS: CYP11B2-CYP11B1 haplotype was associated with persistent postoperative hypertension in Chinese patients undergoing adrenalectomy with APA (P \u003d .006).","terms":[{"ids":"UNIPROT:P19099:T116:PRGE","score":0.6149284288846404,"id":1,"start":1064,"end":1071,"text":"CYP11B2","terms":[]},{"ids":"UNIPROT:P15538:T116:PRGE","score":0.6149284288846404,"id":2,"start":1072,"end":1079,"text":"CYP11B1","terms":[]},{"ids":"UMLS:C0020538:T047:DISO","score":1.0,"id":3,"start":1135,"end":1147,"text":"hypertension","terms":[]}]},{"id":8,"start":1214,"end":1326,"text":"Specifically, the rs4539 (AA) polymorphism was associated with persistent postoperative hypertension (P \u003d .002).","terms":[{"ids":"UMLS:C1862382:T047:DISO","score":1.0,"id":1,"start":1240,"end":1242,"text":"AA","terms":[]},{"ids":"UMLS:C0020538:T047:DISO","score":1.0,"id":2,"start":1302,"end":1314,"text":"hypertension","terms":[]}]},{"id":9,"start":1327,"end":1544,"text":"Multivariate logistic regression revealed the common haplotypes H1 (AGACT), H2 (AGAWT), and H3 (AGAWC) were associated with the persistent postoperative hypertension (P \u003d .01, 0.03, 0.005 after Bonferroni correction).","terms":[{"ids":"UMLS:C0020538:T047:DISO","score":1.0,"id":1,"start":1480,"end":1492,"text":"hypertension","terms":[]}]},{"id":10,"start":1545,"end":1745,"text":"Additional predictors of persistent postoperative hypertension included duration of hypertension (P \u003c.0005), family history of hypertension (P \u003d .001), and elevated systolic blood pressure (P \u003d .015).","terms":[{"ids":"UMLS:C0020538:T047:DISO","score":1.0,"id":1,"start":1595,"end":1607,"text":"hypertension","terms":[]},{"ids":"UMLS:C0020538:T047:DISO","score":1.0,"id":2,"start":1629,"end":1641,"text":"hypertension","terms":[]},{"ids":"UMLS:C0020538:T047:DISO","score":1.0,"id":3,"start":1672,"end":1684,"text":"hypertension","terms":[]}]},{"id":11,"start":1746,"end":1915,"text":"CONCLUSIONS: The rs4539 (AA), H1, H2, and H3 are genetic predictors for postoperative persistence of hypertension for Chinese patients treated by adrenalectomy with APA.","terms":[{"ids":"UMLS:C1862382:T047:DISO","score":1.0,"id":1,"start":1771,"end":1773,"text":"AA","terms":[]},{"ids":"UNIPROT:Q9Y696:T116:PRGE|UNIPROT:P16401:T116:PRGE|UNIPROT:P04808:T116:PRGE|UNIPROT:Q9NRW7:T116:PRGE","score":0.6627694467745195,"id":2,"start":1776,"end":1778,"text":"H1","terms":[]},{"ids":"UMLS:C0020538:T047:DISO","score":1.0,"id":3,"start":1847,"end":1859,"text":"hypertension","terms":[]}]},{"id":12,"start":1916,"end":2032,"text":"DNA polymorphisms at CYP11B2/B1 locus may confer susceptibility to postoperative hypertension of patients with APA..","terms":[{"ids":"UNIPROT:P19099:T116:PRGE","score":0.729520859767873,"id":1,"start":1937,"end":1944,"text":"CYP11B2","terms":[]},{"ids":"UNIPROT:Q92637:T116:PRGE|UNIPROT:Q9NS25:T116:PRGE|UNIPROT:P11836:T116:PRGE","score":0.729520859767873,"id":2,"start":1945,"end":1953,"text":"B1 locus","terms":[{"ids":"UMLS:C0507112:T023:ANAT","score":1.0,"id":1,"start":1945,"end":1947,"text":"B1","terms":[]}]},{"ids":"UMLS:C0020538:T047:DISO","score":1.0,"id":3,"start":1997,"end":2009,"text":"hypertension","terms":[]}]}]