[{"id":0,"start":0,"end":123,"text":"Ankyloblepharon-ectodermal dysplasia-clefting syndrome: a novel p63 mutation associated with generalized neonatal erosions.","terms":[{"ids":"UMLS:C0013575:T047:DISO","score":1.0,"id":1,"start":16,"end":36,"text":"ectodermal dysplasia","terms":[]},{"ids":"UMLS:C0039082:T047:DISO","score":1.0,"id":2,"start":46,"end":54,"text":"syndrome","terms":[]},{"ids":"UNIPROT:Q07065:T116:PRGE|UNIPROT:Q16518:T116:PRGE|UNIPROT:Q9P2Y5:T116:PRGE","score":0.6058204822120257,"id":3,"start":64,"end":67,"text":"p63","terms":[]}]},{"id":1,"start":124,"end":319,"text":"Ankyloblepharon-ectodermal dysplasia-clefting (AEC) syndrome is a rare disorder characterized by ankyloblepharon (congenital adhesions of the eyelids), ectodermal dysplasia, and orofacial clefts.","terms":[{"ids":"UMLS:C0013575:T047:DISO","score":1.0,"id":1,"start":140,"end":160,"text":"ectodermal dysplasia","terms":[]},{"ids":"UMLS:C0039082:T047:DISO","score":1.0,"id":2,"start":176,"end":184,"text":"syndrome","terms":[]},{"ids":"UMLS:C0678236:T047:DISO","score":1.0,"id":3,"start":190,"end":203,"text":"rare disorder","terms":[]},{"ids":"UMLS:C0015426:T023:ANAT","score":1.0,"id":4,"start":266,"end":273,"text":"eyelids","terms":[]},{"ids":"UMLS:C0013575:T047:DISO","score":1.0,"id":5,"start":276,"end":296,"text":"ectodermal dysplasia","terms":[]}]},{"id":2,"start":320,"end":512,"text":"Here, we report the case of an infant born with severe ectodermal dysplasia including generalized neonatal erosions with scalp involvement, facial clefting but notably without ankyloblepharon.","terms":[{"ids":"UMLS:C0013575:T047:DISO","score":1.0,"id":1,"start":375,"end":395,"text":"ectodermal dysplasia","terms":[]},{"ids":"UMLS:C0036270:T023:ANAT","score":1.0,"id":2,"start":441,"end":446,"text":"scalp","terms":[]}]},{"id":3,"start":513,"end":624,"text":"Mutational analysis of the p63 gene showed a novel heterozygous T\u003eC nucleotide substitution on exon 14 (I597T).","terms":[{"ids":"UNIPROT:Q07065:T116:PRGE|UNIPROT:Q16518:T116:PRGE|UNIPROT:Q9P2Y5:T116:PRGE","score":0.930627346984842,"id":1,"start":540,"end":548,"text":"p63 gene","terms":[]}]},{"id":4,"start":625,"end":765,"text":"To our knowledge, this is a novel mutation that has not previously been reported in the pathogenesis of AEC, or other p63-related syndromes.","terms":[{"ids":"UMLS:C0039082:T047:DISO","score":1.0,"id":1,"start":755,"end":764,"text":"syndromes","terms":[]}]},{"id":5,"start":766,"end":852,"text":"This case further highlights the clinical and genetic heterogeneity of p63 syndromes..","terms":[{"ids":"UNIPROT:Q07065:T116:PRGE|UNIPROT:Q16518:T116:PRGE|UNIPROT:Q9P2Y5:T116:PRGE","score":0.612390554289184,"id":1,"start":837,"end":840,"text":"p63","terms":[]},{"ids":"UMLS:C0039082:T047:DISO","score":1.0,"id":2,"start":841,"end":850,"text":"syndromes","terms":[]}]}]