[{"id":0,"start":0,"end":119,"text":"Association study of polymorphisms in the promoter region of DRD4 with schizophrenia, depression, and heroin addiction.","terms":[{"ids":"UNIPROT:P21917:T116:PRGE","score":0.9970070696642493,"id":1,"start":61,"end":65,"text":"DRD4","terms":[]}]},{"id":1,"start":120,"end":323,"text":"This study investigated the possible association between three functional polymorphisms in the promoter region of the dopamine D4 receptor (DRD4) gene and schizophrenia, depression, and heroin addiction.","terms":[{"ids":"UNIPROT:P21917:T116:PRGE","score":0.9969033234253833,"id":1,"start":238,"end":258,"text":"dopamine D4 receptor","terms":[]},{"ids":"UNIPROT:P21917:T116:PRGE","score":0.9969033234253833,"id":2,"start":260,"end":264,"text":"DRD4","terms":[]}]},{"id":2,"start":324,"end":532,"text":"Genomic DNA was isolated from the venous blood leukocytes of 322 unrelated patients with schizophrenia, 156 patients with depression, 300 patients with heroin addiction, and 300 healthy unrelated individuals.","terms":[{"ids":"UMLS:C0042449:T023:ANAT","score":1.0,"id":1,"start":358,"end":364,"text":"venous","terms":[]}]},{"id":3,"start":533,"end":694,"text":"Polymorphisms in the promoter region of DRD4 (-120 bp duplication, -616C/G, and -521C/T) were genotyped using allele-specific polymerase chain reaction analysis.","terms":[{"ids":"UNIPROT:P21917:T116:PRGE","score":0.6854782445288372,"id":1,"start":573,"end":577,"text":"DRD4","terms":[]}]},{"id":4,"start":695,"end":754,"text":"Genotype and allele were analyzed using SPSS 11.5 software.","terms":[]},{"id":5,"start":755,"end":965,"text":"Results of this analysis indicated that there is a strong finding of -120 bp duplication allele frequencies with schizophrenia (p\u003d0.008) and weak finding with -1240 L/S and for paranoid schizophrenia (p\u003d0.022).","terms":[]},{"id":6,"start":966,"end":1076,"text":"Interestingly, there is a stronger finding with -521 C/T allele frequencies with heroin dependence (p\u003d0.0002).","terms":[]},{"id":7,"start":1077,"end":1268,"text":"These observations strongly suggest that the -120-bp duplication polymorphism of DRD4 is associated with schizophrenia and that the -521 C/T polymorphism is associated with heroin addiction..","terms":[{"ids":"UNIPROT:P21917:T116:PRGE","score":0.9963359529233418,"id":1,"start":1158,"end":1162,"text":"DRD4","terms":[]}]}]