[{"id":0,"start":0,"end":96,"text":"A novel mutation in GJA8 causing congenital cataract-microcornea syndrome in a Chinese pedigree.","terms":[{"ids":"UNIPROT:P48165:T116:PRGE","score":0.988922211364698,"id":1,"start":20,"end":24,"text":"GJA8","terms":[]},{"ids":"UMLS:C1861829:T047:DISO","score":1.0,"id":2,"start":44,"end":73,"text":"cataract-microcornea syndrome","terms":[]}]},{"id":1,"start":97,"end":266,"text":"PURPOSE: To identify the underlying genetic defect in a four-generation family of Chinese origin with autosomal dominant congenital cataract-microcornea syndrome (CCMC).","terms":[{"ids":"UMLS:C1861101:T047:DISO","score":1.0,"id":1,"start":141,"end":147,"text":"defect","terms":[]},{"ids":"UMLS:C1861829:T047:DISO","score":1.0,"id":2,"start":229,"end":258,"text":"cataract-microcornea syndrome","terms":[]}]},{"id":2,"start":267,"end":385,"text":"METHODS: All individuals in the study underwent a full clinical examination and the details of history were collected.","terms":[]},{"id":3,"start":386,"end":538,"text":"Genomic DNA extracted from peripheral blood was amplified by polymerase chain reaction (PCR) method and the exons of all candidate genes were sequenced.","terms":[]},{"id":4,"start":539,"end":716,"text":"RESULTS: Direct sequencing of the encoding regions of the candidate genes revealed a heterozygous mutation c.592C--\u003eT in exon 2 of the gap junction protein, alpha 8 (GJA8) gene.","terms":[{"ids":"UNIPROT:Q12979:T116:PRGE|UNIPROT:P52757:T116:PRGE|UNIPROT:Q3KRB8:T116:PRGE|UNIPROT:Q6P4F7:T116:PRGE","score":0.8084003319068944,"id":1,"start":674,"end":694,"text":"gap junction protein","terms":[]},{"ids":"UNIPROT:P35611:T116:PRGE|UNIPROT:P27986:T116:PRGE|UNIPROT:Q13131:T116:PRGE|UNIPROT:P07225:T116:PRGE|UNIPROT:Q96RQ3:T116:PRGE","score":0.8084003319068944,"id":2,"start":696,"end":703,"text":"alpha 8","terms":[]},{"ids":"UNIPROT:P48165:T116:PRGE","score":0.8084003319068944,"id":3,"start":705,"end":709,"text":"GJA8","terms":[]}]},{"id":5,"start":717,"end":866,"text":"This mutation was responsible for the familial disorder through the substitution of a highly conserved arginine to tryptophan at codon 198 (p.R198W).","terms":[{"ids":"UMLS:C0277558:T047:DISO","score":1.0,"id":1,"start":755,"end":772,"text":"familial disorder","terms":[]}]},{"id":6,"start":867,"end":1021,"text":"This change co-segregated with all affected members of the family, but was not detected either in the non-carrier relatives or in the 100 normal controls.","terms":[]},{"id":7,"start":1022,"end":1105,"text":"CONCLUSIONS: This report is the first to relate p.R198W mutation in GJA8 with CCMC.","terms":[{"ids":"UNIPROT:P48165:T116:PRGE","score":0.9446441628700395,"id":1,"start":1090,"end":1094,"text":"GJA8","terms":[]}]},{"id":8,"start":1106,"end":1344,"text":"The result expands the mutation spectrum of GJA8 in associated with congenital cataract and microcornea, and implies that this gene has direct involvement with the development of the lens as well as the other anterior segment of the eye..","terms":[{"ids":"UNIPROT:P48165:T116:PRGE","score":0.9968550810175854,"id":1,"start":1150,"end":1154,"text":"GJA8","terms":[]},{"ids":"UMLS:C0023317:T023:ANAT","score":1.0,"id":2,"start":1289,"end":1293,"text":"lens","terms":[]},{"ids":"UMLS:C1517082:T023:ANAT","score":1.0,"id":3,"start":1324,"end":1342,"text":"segment of the eye","terms":[]}]}]