[{"id":0,"start":0,"end":113,"text":"Hepatic but not brain iron is rapidly chelated by deferasirox in aceruloplasminemia due to a novel gene mutation.","terms":[{"ids":"UMLS:C0006104:T023:ANAT","score":1.0,"id":1,"start":16,"end":21,"text":"brain","terms":[]},{"ids":"UMLS:C0878682:T047:DISO","score":1.0,"id":2,"start":65,"end":83,"text":"aceruloplasminemia","terms":[]}]},{"id":1,"start":114,"end":356,"text":"BACKGROUND _#38; AIMS: Aceruloplasminemia is a rare autosomal recessive neurodegenerative disease associated with brain and liver iron accumulation which typically presents with movement disorders, retinal degeneration, and diabetes mellitus.","terms":[{"ids":"UMLS:C0878682:T047:DISO","score":1.0,"id":1,"start":137,"end":155,"text":"Aceruloplasminemia","terms":[]},{"ids":"UMLS:C0524851:T047:DISO","score":1.0,"id":2,"start":186,"end":211,"text":"neurodegenerative disease","terms":[]},{"ids":"UMLS:C0006104:T023:ANAT","score":1.0,"id":3,"start":228,"end":233,"text":"brain","terms":[]},{"ids":"UMLS:C0023884:T023:ANAT","score":1.0,"id":4,"start":238,"end":243,"text":"liver","terms":[]},{"ids":"UMLS:C0026650:T047:DISO","score":1.0,"id":5,"start":292,"end":310,"text":"movement disorders","terms":[]},{"ids":"UMLS:C0035304:T047:DISO","score":1.0,"id":6,"start":312,"end":332,"text":"retinal degeneration","terms":[{"ids":"UMLS:C0035298:T023:ANAT","score":1.0,"id":1,"start":312,"end":319,"text":"retinal","terms":[]}]},{"ids":"UMLS:C0011849:T047:DISO","score":1.0,"id":7,"start":338,"end":355,"text":"diabetes mellitus","terms":[]}]},{"id":2,"start":357,"end":499,"text":"Ceruloplasmin is a multi-copper ferroxidase that is secreted into plasma and facilitates cellular iron export and iron binding to transferrin.","terms":[{"ids":"UNIPROT:P00450:T116:PRGE","score":0.9838114970515935,"id":1,"start":357,"end":370,"text":"Ceruloplasmin","terms":[]},{"ids":"UNIPROT:Q8N4E7:T116:PRGE|UNIPROT:P02794:T116:PRGE|UNIPROT:P00450:T116:PRGE","score":0.9838114970515935,"id":2,"start":389,"end":400,"text":"ferroxidase","terms":[]},{"ids":"UNIPROT:P02787:T116:PRGE","score":0.9838114970515935,"id":3,"start":487,"end":498,"text":"transferrin","terms":[]}]},{"id":3,"start":500,"end":647,"text":"RESULTS: A novel homozygous ceruloplasmin gene mutation, c.2554+1G\u003eT, was identified as the cause of aceruloplasminemia in three affected siblings.","terms":[{"ids":"UNIPROT:P00450:T116:PRGE","score":0.6670574844730088,"id":1,"start":528,"end":546,"text":"ceruloplasmin gene","terms":[]},{"ids":"UMLS:C0878682:T047:DISO","score":1.0,"id":2,"start":601,"end":619,"text":"aceruloplasminemia","terms":[]}]},{"id":4,"start":648,"end":708,"text":"Two siblings presented with movement disorders and diabetes.","terms":[{"ids":"UMLS:C0026650:T047:DISO","score":1.0,"id":1,"start":676,"end":694,"text":"movement disorders","terms":[]},{"ids":"UMLS:C0011847:T047:DISO|UMLS:C0011849:T047:DISO","score":1.0,"id":2,"start":699,"end":707,"text":"diabetes","terms":[]}]},{"id":5,"start":709,"end":867,"text":"Complementary DNA sequencing showed that this mutation causes skipping of exon 14 and deletion of amino acids 809-852 while preserving the open reading frame.","terms":[]},{"id":6,"start":868,"end":987,"text":"Western blotting of liver extracts and sera of affected patients showed retention of the abnormal protein in the liver.","terms":[{"ids":"UMLS:C0023884:T023:ANAT","score":1.0,"id":1,"start":888,"end":893,"text":"liver","terms":[]},{"ids":"UMLS:C0023884:T023:ANAT","score":1.0,"id":2,"start":981,"end":986,"text":"liver","terms":[]}]},{"id":7,"start":988,"end":1184,"text":"Aceruloplasminemia was associated with severe brain and liver iron overload, where hepatic mRNA expression of the iron hormone hepcidin was increased, corresponding to the degree of iron overload.","terms":[{"ids":"UMLS:C0878682:T047:DISO","score":1.0,"id":1,"start":988,"end":1006,"text":"Aceruloplasminemia","terms":[]},{"ids":"UMLS:C0006104:T023:ANAT","score":1.0,"id":2,"start":1034,"end":1039,"text":"brain","terms":[]},{"ids":"UMLS:C0023884:T023:ANAT","score":1.0,"id":3,"start":1044,"end":1049,"text":"liver","terms":[]},{"ids":"UMLS:C0282193:T047:DISO","score":1.0,"id":4,"start":1050,"end":1063,"text":"iron overload","terms":[]},{"ids":"UMLS:C0282193:T047:DISO","score":1.0,"id":5,"start":1170,"end":1183,"text":"iron overload","terms":[]}]},{"id":8,"start":1185,"end":1342,"text":"Hepatic iron concentration normalized after 3 and 5months of iron chelation therapy with deferasirox, which was also associated with reduced insulin demands.","terms":[{"ids":"UNIPROT:P01308:T116:PRGE","score":0.9953824429027289,"id":1,"start":1326,"end":1333,"text":"insulin","terms":[]}]},{"id":9,"start":1343,"end":1460,"text":"During short term treatment there was no clinical or imaging evidence for significant effects on brain iron overload.","terms":[{"ids":"UMLS:C0006104:T023:ANAT","score":1.0,"id":1,"start":1440,"end":1445,"text":"brain","terms":[]},{"ids":"UMLS:C0282193:T047:DISO","score":1.0,"id":2,"start":1446,"end":1459,"text":"iron overload","terms":[]}]},{"id":10,"start":1461,"end":1618,"text":"CONCLUSIONS: Aceruloplasminemia can show an incomplete clinical penetrance but is invariably associated with iron accumulation in the liver and in the brain.","terms":[{"ids":"UMLS:C0878682:T047:DISO","score":1.0,"id":1,"start":1474,"end":1492,"text":"Aceruloplasminemia","terms":[]},{"ids":"UMLS:C0023884:T023:ANAT","score":1.0,"id":2,"start":1595,"end":1600,"text":"liver","terms":[]},{"ids":"UMLS:C0006104:T023:ANAT","score":1.0,"id":3,"start":1612,"end":1617,"text":"brain","terms":[]}]},{"id":11,"start":1619,"end":1779,"text":"Iron accumulation in aceruloplasminemia is a result of defective cellular iron export, where hepcidin regulation is appropriate for the degree of iron overload.","terms":[{"ids":"UMLS:C0878682:T047:DISO","score":1.0,"id":1,"start":1640,"end":1658,"text":"aceruloplasminemia","terms":[]},{"ids":"UMLS:C0282193:T047:DISO","score":1.0,"id":2,"start":1765,"end":1778,"text":"iron overload","terms":[]}]},{"id":12,"start":1780,"end":1886,"text":"Iron chelation with deferasirox was effective in mobilizing hepatic iron but has no effect on brain iron..","terms":[{"ids":"UMLS:C0006104:T023:ANAT","score":1.0,"id":1,"start":1874,"end":1879,"text":"brain","terms":[]}]}]