[{"id":0,"start":0,"end":147,"text":"A novel mutation in the connexin 26 gene (GJB2) in a child with clinical and histological features of keratitis-ichthyosis-deafness (KID) syndrome.","terms":[{"ids":"UNIPROT:Q9BXZ2:T116:PRGE","score":0.9988350903236529,"id":1,"start":24,"end":40,"text":"connexin 26 gene","terms":[]},{"ids":"UMLS:C0022568:T047:DISO","score":1.0,"id":2,"start":102,"end":111,"text":"keratitis","terms":[]},{"ids":"UMLS:C0020758:T047:DISO|UMLS:C0020757:T047:DISO","score":1.0,"id":3,"start":112,"end":122,"text":"ichthyosis","terms":[]},{"ids":"UMLS:C0581883:T047:DISO|UMLS:C0011053:T047:DISO","score":1.0,"id":4,"start":123,"end":131,"text":"deafness","terms":[]},{"ids":"UMLS:C0039082:T047:DISO","score":1.0,"id":5,"start":138,"end":146,"text":"syndrome","terms":[]}]},{"id":1,"start":148,"end":343,"text":"BACKGROUND: Keratitis-ichthyosis-deafness (KID) syndrome is a rare congenital ectodermal disorder, caused by heterozygous missense mutation in GJB2, encoding the gap junction protein connexin 26.","terms":[{"ids":"UMLS:C0022568:T047:DISO","score":1.0,"id":1,"start":160,"end":169,"text":"Keratitis","terms":[]},{"ids":"UMLS:C0020758:T047:DISO|UMLS:C0020757:T047:DISO","score":1.0,"id":2,"start":170,"end":180,"text":"ichthyosis","terms":[]},{"ids":"UMLS:C0581883:T047:DISO|UMLS:C0011053:T047:DISO","score":1.0,"id":3,"start":181,"end":189,"text":"deafness","terms":[]},{"ids":"UMLS:C0039082:T047:DISO","score":1.0,"id":4,"start":196,"end":204,"text":"syndrome","terms":[]},{"ids":"UNIPROT:Q12979:T116:PRGE|UNIPROT:P52757:T116:PRGE|UNIPROT:Q3KRB8:T116:PRGE|UNIPROT:Q6P4F7:T116:PRGE","score":0.8680922355379379,"id":5,"start":310,"end":342,"text":"gap junction protein connexin 26","terms":[]}]},{"id":2,"start":344,"end":454,"text":"The commonest mutation is the p.Asp50Asn mutation, and only a few other mutations have been described to date.","terms":[]},{"id":3,"start":455,"end":624,"text":"AIM: To report the fatal clinical course and characterize the genetic background of a premature male neonate with the clinical and histological features of KID syndrome.","terms":[{"ids":"UMLS:C0265336:T047:DISO","score":1.0,"id":1,"start":611,"end":623,"text":"KID syndrome","terms":[]}]},{"id":4,"start":625,"end":730,"text":"METHODS: Genomic DNA was extracted from peripheral blood and used for PCR amplification of the GJB2 gene.","terms":[{"ids":"UNIPROT:Q9H3M7:T116:PRGE","score":0.9938990049734364,"id":1,"start":720,"end":729,"text":"GJB2 gene","terms":[]}]},{"id":5,"start":731,"end":780,"text":"Direct sequencing was used for mutation analysis.","terms":[]},{"id":6,"start":781,"end":1014,"text":"RESULTS: The clinical features included hearing impairment, ichthyosiform erythroderma with hyperkeratotic plaques, palmoplantar keratoderma, alopecia of the scalp and eyelashes, and a thick vernix caseosa-like covering of the scalp.","terms":[{"ids":"UMLS:C0079583:T047:DISO","score":1.0,"id":1,"start":841,"end":867,"text":"ichthyosiform erythroderma","terms":[]},{"ids":"UMLS:C0022596:T047:DISO","score":1.0,"id":2,"start":897,"end":921,"text":"palmoplantar keratoderma","terms":[]},{"ids":"UMLS:C0036270:T023:ANAT","score":1.0,"id":3,"start":939,"end":944,"text":"scalp","terms":[]},{"ids":"UMLS:C0015422:T023:ANAT","score":1.0,"id":4,"start":949,"end":958,"text":"eyelashes","terms":[]},{"ids":"UMLS:C0036270:T023:ANAT","score":1.0,"id":5,"start":1008,"end":1013,"text":"scalp","terms":[]}]},{"id":7,"start":1015,"end":1181,"text":"On histological analysis, features characteristic of KID syndrome, such as acanthosis and papillomatosis of the epidermis with basket-weave hyperkeratosis, were seen.","terms":[{"ids":"UMLS:C0265336:T047:DISO","score":1.0,"id":1,"start":1068,"end":1080,"text":"KID syndrome","terms":[]},{"ids":"UMLS:C0870082:T047:DISO","score":1.0,"id":2,"start":1155,"end":1169,"text":"hyperkeratosis","terms":[]}]},{"id":8,"start":1182,"end":1251,"text":"The skin symptoms were treated successfully with acitretin 0.5 mg/kg.","terms":[]},{"id":9,"start":1252,"end":1343,"text":"The boy developed intraventricular and intracerebral haemorrhage, leading to hydrocephalus.","terms":[{"ids":"UMLS:C0020255:T047:DISO","score":1.0,"id":1,"start":1329,"end":1342,"text":"hydrocephalus","terms":[]}]},{"id":10,"start":1344,"end":1502,"text":"His condition was further complicated by septicaemia and meningitis caused by infection with extended-spectrum beta-lactamase-producing Klebsiella pneumoniae.","terms":[{"ids":"UMLS:C0012634:T047:DISO","score":1.0,"id":1,"start":1348,"end":1357,"text":"condition","terms":[]},{"ids":"UMLS:C0036690:T047:DISO","score":1.0,"id":2,"start":1385,"end":1396,"text":"septicaemia","terms":[]},{"ids":"UMLS:C0025289:T047:DISO","score":1.0,"id":3,"start":1401,"end":1411,"text":"meningitis","terms":[]},{"ids":"UMLS:C0021311:T047:DISO|UMLS:C0009450:T047:DISO","score":1.0,"id":4,"start":1422,"end":1431,"text":"infection","terms":[]},{"ids":"UNIPROT:P78371:T116:PRGE|UNIPROT:P07951:T116:PRGE|UNIPROT:Q9HCC0:T116:PRGE|UNIPROT:O00459:T116:PRGE","score":0.9336863900104285,"id":5,"start":1455,"end":1501,"text":"beta-lactamase-producing Klebsiella pneumoniae","terms":[{"ids":"UMLS:C0032285:T047:DISO","score":1.0,"id":1,"start":1491,"end":1501,"text":"pneumoniae","terms":[]}]}]},{"id":11,"start":1503,"end":1613,"text":"Severe respiratory failure followed, and the child died at 46 weeks of gestational age (13 weeks postnatally).","terms":[{"ids":"UMLS:C1145670:T047:DISO","score":1.0,"id":1,"start":1510,"end":1529,"text":"respiratory failure","terms":[]}]},{"id":12,"start":1614,"end":1809,"text":"Sequencing of the GJB2 gene showed that the child was heterozygous for a novel nucleotide change, c.263C\u003eT, in exon 2, leading to a substitution of alanine for valine at position 88 (p.Ala88Val).","terms":[{"ids":"UNIPROT:Q9H3M7:T116:PRGE","score":0.9841633263989183,"id":1,"start":1632,"end":1641,"text":"GJB2 gene","terms":[]}]},{"id":13,"start":1810,"end":1950,"text":"CONCLUSIONS: This study has identified a new heterozygous de novo mutation in the Cx26 gene (c.263C\u003eT; p.Ala88Val) leading to KID syndrome..","terms":[{"ids":"UNIPROT:Q9H3M7:T116:PRGE","score":0.5267161084243348,"id":1,"start":1892,"end":1901,"text":"Cx26 gene","terms":[]},{"ids":"UMLS:C0265336:T047:DISO","score":1.0,"id":2,"start":1936,"end":1948,"text":"KID syndrome","terms":[]}]}]