[{"id":0,"start":0,"end":74,"text":"SLURP1 mutation-impaired T-cell activation in a family with mal de Meleda.","terms":[{"ids":"UNIPROT:P55000:T116:PRGE","score":0.978856871408724,"id":1,"start":0,"end":6,"text":"SLURP1","terms":[]},{"ids":"UMLS:C0025221:T047:DISO","score":1.0,"id":2,"start":60,"end":73,"text":"mal de Meleda","terms":[]}]},{"id":1,"start":75,"end":326,"text":"BACKGROUND: Mal de Meleda (MDM) is palmoplantar erythrokeratoderma with an autosomal recessive inheritance and is caused by a mutation in the gene encoding SLURP-1 (lymphocyte antigen 6/urokinase-type plasminogen activator receptor related protein-1).","terms":[{"ids":"UMLS:C0025221:T047:DISO","score":1.0,"id":1,"start":87,"end":100,"text":"Mal de Meleda","terms":[]},{"ids":"UMLS:C0025221:T047:DISO","score":1.0,"id":2,"start":102,"end":105,"text":"MDM","terms":[]},{"ids":"UNIPROT:P55000:T116:PRGE","score":0.30865562569305166,"id":3,"start":231,"end":238,"text":"SLURP-1","terms":[]},{"ids":"UNIPROT:P30505:T116:PRGE|UNIPROT:P33241:T116:PRGE|UNIPROT:Q29963:T116:PRGE|UNIPROT:Q09160:T116:PRGE|UNIPROT:P30504:T116:PRGE|UNIPROT:P30499:T116:PRGE|UNIPROT:P30486:T116:PRGE|UNIPROT:P10319:T116:PRGE|UNIPROT:P13747:T116:PRGE","score":0.30865562569305166,"id":4,"start":240,"end":260,"text":"lymphocyte antigen 6","terms":[]},{"ids":"UNIPROT:P00747:T116:PRGE","score":0.30865562569305166,"id":5,"start":261,"end":324,"text":"urokinase-type plasminogen activator receptor related protein-1","terms":[]}]},{"id":2,"start":327,"end":447,"text":"SLURP-1 is an allosteric agonist to the nicotinic acetylcholine receptor (nAchR) and it regulates epidermal homeostasis.","terms":[{"ids":"UNIPROT:P55000:T116:PRGE","score":0.8610924112672351,"id":1,"start":327,"end":334,"text":"SLURP-1","terms":[]},{"ids":"UNIPROT:P43681:T116:PRGE","score":0.8610924112672351,"id":2,"start":367,"end":399,"text":"nicotinic acetylcholine receptor","terms":[]},{"ids":"UNIPROT:P43681:T116:PRGE","score":0.8610924112672351,"id":3,"start":401,"end":406,"text":"nAchR","terms":[]}]},{"id":3,"start":448,"end":560,"text":"In addition, murine studies have shown that nAchR signalling is important for the regulation of T-cell function.","terms":[{"ids":"UNIPROT:P43681:T116:PRGE","score":0.8339485419556434,"id":1,"start":492,"end":497,"text":"nAchR","terms":[]}]},{"id":4,"start":561,"end":809,"text":"Among the family members, patients with the homozygous SLURP1 (previously known as ARS component B) mutation are prone to melanoma and viral infection, which might link to defective T-cell function as well as a derangement of epidermal homeostasis.","terms":[{"ids":"UNIPROT:P55000:T116:PRGE","score":0.8440394143157616,"id":1,"start":616,"end":622,"text":"SLURP1","terms":[]},{"ids":"UNIPROT:P55000:T116:PRGE","score":0.8440394143157616,"id":2,"start":644,"end":659,"text":"ARS component B","terms":[]},{"ids":"UMLS:C0042769:T047:DISO","score":1.0,"id":3,"start":696,"end":711,"text":"viral infection","terms":[]}]},{"id":5,"start":810,"end":935,"text":"OBJECTIVES: To investigate the association of the SLURP1 gene mutation with T-cell activation in a Taiwanese family with MDM.","terms":[{"ids":"UNIPROT:P55000:T116:PRGE","score":0.6892312350284003,"id":1,"start":860,"end":871,"text":"SLURP1 gene","terms":[]},{"ids":"UMLS:C0025221:T047:DISO","score":1.0,"id":2,"start":931,"end":934,"text":"MDM","terms":[]}]},{"id":6,"start":936,"end":992,"text":"To test that SLURP-1 is essential for T-cell activation.","terms":[{"ids":"UNIPROT:P55000:T116:PRGE","score":0.9784658811855105,"id":1,"start":949,"end":956,"text":"SLURP-1","terms":[]}]},{"id":7,"start":993,"end":1262,"text":"METHODS: Human peripheral blood mononuclear cells (PBMCs) were isolated from a Taiwanese MDM family bearing the G to A substitution in nucleotide 256 in the SLURP1 gene, corresponding to a glycine to arginine substitution at amino acid 86 (G86R) in the SLURP-1 protein.","terms":[{"ids":"UMLS:C0025221:T047:DISO","score":1.0,"id":1,"start":1082,"end":1085,"text":"MDM","terms":[]},{"ids":"UNIPROT:P55000:T116:PRGE","score":0.9050516266623139,"id":2,"start":1150,"end":1161,"text":"SLURP1 gene","terms":[]},{"ids":"UNIPROT:P55000:T116:PRGE","score":0.9050516266623139,"id":3,"start":1246,"end":1261,"text":"SLURP-1 protein","terms":[]}]},{"id":8,"start":1263,"end":1435,"text":"PBMCs from homozygotes and wild-type controls were stimulated with anti-CD3/anti-CD28 antibodies and the level of T-cell activation was determined by the stimulation index.","terms":[{"ids":"UNIPROT:P33681:T116:PRGE|UNIPROT:P16410:T116:PRGE","score":0.9296190399065525,"id":1,"start":1339,"end":1359,"text":"anti-CD28 antibodies","terms":[]}]},{"id":9,"start":1436,"end":1542,"text":"RESULTS: PBMCs with the heterozygous and homozygous SLURP-1 G86R mutation had defective T-cell activation.","terms":[{"ids":"UNIPROT:P55000:T116:PRGE","score":0.6414776233087627,"id":1,"start":1488,"end":1509,"text":"SLURP-1 G86R mutation","terms":[]}]},{"id":10,"start":1543,"end":1629,"text":"This was restored by the addition of 0  5 ug mL(-1) recombinant human SLURP-1 protein.","terms":[{"ids":"UNIPROT:P55000:T116:PRGE","score":0.774475945262069,"id":1,"start":1595,"end":1628,"text":"recombinant human SLURP-1 protein","terms":[]}]},{"id":11,"start":1630,"end":1742,"text":"CONCLUSIONS: Patients with MDM with the homozygous SLURP-1 G86R mutation may have an impaired T-cell activation.","terms":[{"ids":"UMLS:C0025221:T047:DISO","score":1.0,"id":1,"start":1657,"end":1660,"text":"MDM","terms":[]},{"ids":"UNIPROT:P55000:T116:PRGE","score":0.5980859791843124,"id":2,"start":1681,"end":1693,"text":"SLURP-1 G86R","terms":[]}]},{"id":12,"start":1743,"end":1820,"text":"The presence of wild-type SLURP-1 is essential for normal T-cell activation..","terms":[{"ids":"UNIPROT:P55000:T116:PRGE","score":0.9875094347792805,"id":1,"start":1759,"end":1776,"text":"wild-type SLURP-1","terms":[]}]}]