[{"id":0,"start":0,"end":92,"text":"Impact of 5,10-methylenetetrahydrofolate reductase gene polymorphism on neural tube defects.","terms":[{"ids":"UNIPROT:P42898:T116:PRGE","score":0.7574301526114341,"id":1,"start":12,"end":55,"text":"10-methylenetetrahydrofolate reductase gene","terms":[]}]},{"id":1,"start":93,"end":189,"text":"OBJECT: Neural tube defects (NTDs) are among the most common congenital malformations worldwide.","terms":[]},{"id":2,"start":190,"end":269,"text":"Their etiology and exact mechanisms of development are incompletely understood.","terms":[]},{"id":3,"start":270,"end":400,"text":"Many enzymes involved in folate metabolism and the genes encoding these enzymes have been studied as candidates in their etiology.","terms":[]},{"id":4,"start":401,"end":525,"text":"A mutation in the methylenetetrahydrofolate reductase (MTHFR) gene--a C--\u003eT transition at nucleotide 677--is one among them.","terms":[{"ids":"UNIPROT:P42898:T116:PRGE","score":0.7185124101435617,"id":1,"start":419,"end":454,"text":"methylenetetrahydrofolate reductase","terms":[]},{"ids":"UMLS:C0268615:T047:DISO|UNIPROT:P42898:T116:PRGE","score":1.0,"id":2,"start":456,"end":461,"text":"MTHFR","terms":[]}]},{"id":5,"start":526,"end":631,"text":"The mutation results in substitution of alanine by valine at a functionally important site in the enzyme.","terms":[]},{"id":6,"start":632,"end":717,"text":"It has been shown to be a risk factor for development of NTDs in certain populations.","terms":[]},{"id":7,"start":718,"end":950,"text":"The present study was conducted to evaluate the role of MTHFR 677 C--\u003eT mutation as a risk factor for NTD in the South Indian population and to determine the relative importance of the genotypes in the affected child and its mother.","terms":[{"ids":"UNIPROT:P42898:T116:PRGE","score":0.4950977121043928,"id":1,"start":774,"end":785,"text":"MTHFR 677 C","terms":[{"ids":"UMLS:C0268615:T047:DISO","score":1.0,"id":1,"start":774,"end":779,"text":"MTHFR","terms":[]}]}]},{"id":8,"start":951,"end":1026,"text":"METHODS: Blood samples were collected from the test and the control groups.","terms":[]},{"id":9,"start":1027,"end":1158,"text":"The test group consisted of children with NTDs and their mothers, while the control group consisted of apparently healthy controls.","terms":[]},{"id":10,"start":1159,"end":1297,"text":"MTHFR C677T polymorphism in the 3 groups was determined by polymerase chain reaction and restriction fragment length polymorphism studies.","terms":[{"ids":"UNIPROT:P42898:T116:PRGE","score":0.7239767794766274,"id":1,"start":1159,"end":1170,"text":"MTHFR C677T","terms":[{"ids":"UMLS:C0268615:T047:DISO","score":1.0,"id":1,"start":1159,"end":1164,"text":"MTHFR","terms":[]}]}]},{"id":11,"start":1298,"end":1371,"text":"Comparison of polymorphism in the 3 groups was using the chi-square test.","terms":[]},{"id":12,"start":1372,"end":1493,"text":"RESULTS: There was a significant difference in the prevalence of MTHFR 677 C--\u003eT mutation among the 3 groups (p \u003d 0.002).","terms":[{"ids":"UMLS:C0268615:T047:DISO","score":1.0,"id":1,"start":1437,"end":1442,"text":"MTHFR","terms":[]}]},{"id":13,"start":1494,"end":1609,"text":"The risk conferred by the TT genotype in the child was statistically significant (OR 12.625, 95% CI 1.430-111.465).","terms":[]},{"id":14,"start":1610,"end":1794,"text":"In the mothers, however, although there was an increased prevalence of the mutation compared with the control individuals, the difference was not statistically significant (p \u003d 0.152).","terms":[]},{"id":15,"start":1795,"end":1900,"text":"CONCLUSIONS: The MTHFR 677TT genotype is considered to be a definite risk factor for development of NTDs.","terms":[{"ids":"UNIPROT:P42898:T116:PRGE","score":0.3561533949808867,"id":1,"start":1812,"end":1832,"text":"MTHFR 677TT genotype","terms":[{"ids":"UMLS:C0268615:T047:DISO","score":1.0,"id":1,"start":1812,"end":1817,"text":"MTHFR","terms":[]}]}]},{"id":16,"start":1901,"end":2074,"text":"It is the TT genotype status of the developing embryo, rather than the TT genotype status of its mother, that is the critical genetic determinant of MTHFR-related NTD risk..","terms":[{"ids":"UNIPROT:P42898:T116:PRGE","score":0.31639158954231555,"id":1,"start":2050,"end":2067,"text":"MTHFR-related NTD","terms":[{"ids":"UMLS:C0268615:T047:DISO","score":1.0,"id":1,"start":2050,"end":2055,"text":"MTHFR","terms":[]}]}]}]