[{"id":0,"start":0,"end":77,"text":"Alternative splicing at a NAGNAG acceptor site as a novel phenotype modifier.","terms":[]},{"id":1,"start":78,"end":231,"text":"Approximately 30% of alleles causing genetic disorders generate premature termination codons (PTCs), which are usually associated with severe phenotypes.","terms":[{"ids":"UMLS:C0019247:T047:DISO","score":1.0,"id":1,"start":115,"end":132,"text":"genetic disorders","terms":[]}]},{"id":2,"start":232,"end":313,"text":"However, bypassing the deleterious stop codon can lead to a mild disease outcome.","terms":[]},{"id":3,"start":314,"end":435,"text":"Splicing at NAGNAG tandem splice sites has been reported to result in insertion or deletion (indel) of three nucleotides.","terms":[]},{"id":4,"start":436,"end":617,"text":"We identified such a mechanism as the origin of the mild to asymptomatic phenotype observed in cystic fibrosis patients homozygous for the E831X mutation (2623G\u003eT) in the CFTR gene.","terms":[{"ids":"UMLS:C0010674:T047:DISO","score":1.0,"id":1,"start":531,"end":546,"text":"cystic fibrosis","terms":[]},{"ids":"UNIPROT:P13569:T116:PRGE","score":0.9641937326481409,"id":2,"start":607,"end":616,"text":"CFTR gene","terms":[]}]},{"id":5,"start":618,"end":790,"text":"Analyses performed on nasal epithelial cell mRNA detected three distinct isoforms, a considerably more complex situation than expected for a single nucleotide substitution.","terms":[{"ids":"UMLS:C0028429:T023:ANAT","score":1.0,"id":1,"start":640,"end":645,"text":"nasal","terms":[]}]},{"id":6,"start":791,"end":960,"text":"Structure-function studies and in silico analyses provided the first experimental evidence of an indel of a stop codon by alternative splicing at a NAGNAG acceptor site.","terms":[]},{"id":7,"start":961,"end":1107,"text":"In addition to contributing to proteome plasticity, alternative splicing at a NAGNAG tandem site can thus remove a disease-causing UAG stop codon.","terms":[]},{"id":8,"start":1108,"end":1252,"text":"This molecular study reveals a naturally occurring mechanism where the effect of either modifier genes or epigenetic factors could be suspected.","terms":[]},{"id":9,"start":1253,"end":1366,"text":"This finding is of importance for genetic counseling as well as for deciding appropriate therapeutic strategies..","terms":[]}]