[{"id":0,"start":0,"end":144,"text":"Familial glucocorticoid receptor haploinsufficiency by non-sense mediated mRNA decay, adrenal hyperplasia and apparent mineralocorticoid excess.","terms":[{"ids":"UNIPROT:P04150:T116:PRGE","score":0.5589709029320247,"id":1,"start":0,"end":32,"text":"Familial glucocorticoid receptor","terms":[]},{"ids":"UMLS:C1621895:T047:DISO|UMLS:C0001627:T047:DISO|UMLS:C0342492:T047:DISO","score":1.0,"id":2,"start":86,"end":105,"text":"adrenal hyperplasia","terms":[]},{"ids":"UMLS:C2936861:T047:DISO","score":1.0,"id":3,"start":110,"end":143,"text":"apparent mineralocorticoid excess","terms":[]}]},{"id":1,"start":145,"end":359,"text":"Primary glucocorticoid resistance (OMIM 138040) is a rare hereditary disease that causes a generalized partial insensitivity to glucocorticoid action, due to genetic alterations of the glucocorticoid receptor (GR).","terms":[{"ids":"UMLS:C1841971:T047:DISO","score":1.0,"id":1,"start":153,"end":178,"text":"glucocorticoid resistance","terms":[]},{"ids":"UMLS:C0019247:T047:DISO","score":1.0,"id":2,"start":203,"end":221,"text":"hereditary disease","terms":[]},{"ids":"UNIPROT:P04150:T116:PRGE","score":0.9588535888562494,"id":3,"start":330,"end":353,"text":"glucocorticoid receptor","terms":[]},{"ids":"UNIPROT:P00390:T116:PRGE","score":0.9588535888562494,"id":4,"start":355,"end":357,"text":"GR","terms":[]}]},{"id":2,"start":360,"end":589,"text":"Investigation of adrenal incidentalomas led to the discovery of a family (eight affected individuals spanning three generations), prone to cortisol resistance, bilateral adrenal hyperplasia, arterial hypertension and hypokalemia.","terms":[{"ids":"UMLS:C1621895:T047:DISO|UMLS:C0001627:T047:DISO|UMLS:C0342492:T047:DISO","score":1.0,"id":1,"start":530,"end":549,"text":"adrenal hyperplasia","terms":[]},{"ids":"UMLS:C0020538:T047:DISO","score":1.0,"id":2,"start":551,"end":572,"text":"arterial hypertension","terms":[{"ids":"UMLS:C0003842:T023:ANAT","score":1.0,"id":1,"start":551,"end":559,"text":"arterial","terms":[]}]}]},{"id":3,"start":590,"end":858,"text":"This phenotype exacerbated over time, cosegregates with the first heterozygous nonsense mutation p.R469[R,X] reported to date for the GR, replacing an arginine (CGA) by a stop (TGA) at amino-acid 469 in the second zinc finger of the DNA-binding domain of the receptor.","terms":[{"ids":"UNIPROT:P00390:T116:PRGE","score":0.9715793751605484,"id":1,"start":724,"end":726,"text":"GR","terms":[]}]},{"id":4,"start":859,"end":1037,"text":"In vitro, this mutation leads to a truncated 50-kDa GR lacking hormone and DNA binding capacity, devoid of hormone-dependent nuclear translocation and transactivation properties.","terms":[{"ids":"UNIPROT:P00390:T116:PRGE","score":0.6633056289132963,"id":1,"start":911,"end":913,"text":"GR","terms":[]}]},{"id":5,"start":1038,"end":1148,"text":"In the proband\u0027s fibroblasts, we provided evidence for the lack of expression of the defective allele in vivo.","terms":[]},{"id":6,"start":1149,"end":1265,"text":"The absence of detectable mutated GR mRNA was accompanied by a 50% reduction in wild type GR transcript and protein.","terms":[{"ids":"UNIPROT:P00390:T116:PRGE","score":0.25543077302015754,"id":1,"start":1183,"end":1190,"text":"GR mRNA","terms":[]}]},{"id":7,"start":1266,"end":1402,"text":"This reduced GR expression leads to a significantly below-normal induction of glucocorticoid-induced target genes, FKBP5 in fibroblasts.","terms":[{"ids":"UNIPROT:P00390:T116:PRGE","score":0.9833053690072658,"id":1,"start":1279,"end":1281,"text":"GR","terms":[]},{"ids":"UNIPROT:Q13451:T116:PRGE","score":0.9833053690072658,"id":2,"start":1381,"end":1386,"text":"FKBP5","terms":[]}]},{"id":8,"start":1403,"end":1698,"text":"We demonstrated that the molecular mechanisms of glucocorticoid signaling dysfunction involved GR haploinsufficiency due to the selective degradation of the mutated GR transcript through a nonsense-mediated mRNA Decay that was experimentally validated on emetine-treated propositus\u0027 fibroblasts.","terms":[{"ids":"UNIPROT:P00390:T116:PRGE","score":0.7819073677668933,"id":1,"start":1498,"end":1500,"text":"GR","terms":[]},{"ids":"UNIPROT:P00390:T116:PRGE","score":0.7819073677668933,"id":2,"start":1568,"end":1581,"text":"GR transcript","terms":[]}]},{"id":9,"start":1699,"end":1926,"text":"GR haploinsufficiency leads to hypertension due to illicit occupation of renal mineralocorticoid receptor by elevated cortisol rather than to increased mineralocorticoid production reported in primary glucocorticoid resistance.","terms":[{"ids":"UNIPROT:P00390:T116:PRGE","score":0.688563617275716,"id":1,"start":1699,"end":1701,"text":"GR","terms":[]},{"ids":"UMLS:C0020538:T047:DISO","score":1.0,"id":2,"start":1730,"end":1742,"text":"hypertension","terms":[]},{"ids":"UNIPROT:Q9UGB7:T116:PRGE|UNIPROT:P16444:T116:PRGE","score":0.688563617275716,"id":3,"start":1772,"end":1804,"text":"renal mineralocorticoid receptor","terms":[{"ids":"UMLS:C0022646:T023:ANAT","score":1.0,"id":1,"start":1772,"end":1777,"text":"renal","terms":[]}]},{"ids":"UMLS:C1841971:T047:DISO","score":1.0,"id":4,"start":1900,"end":1925,"text":"glucocorticoid resistance","terms":[]}]},{"id":10,"start":1927,"end":2209,"text":"Indeed, apparent mineralocorticoid excess was demonstrated by a decrease in urinary tetrahydrocortisone-tetrahydrocortisol ratio in affected patients, revealing reduced glucocorticoid degradation by renal activity of the 11b-hydroxysteroid dehydrogenase type 2, a GR regulated gene.","terms":[{"ids":"UMLS:C2936861:T047:DISO","score":1.0,"id":1,"start":1935,"end":1968,"text":"apparent mineralocorticoid excess","terms":[]},{"ids":"UMLS:C0022646:T023:ANAT","score":1.0,"id":2,"start":2126,"end":2131,"text":"renal","terms":[]},{"ids":"UNIPROT:P14060:T116:PRGE","score":0.639206340882219,"id":3,"start":2148,"end":2187,"text":"11b-hydroxysteroid dehydrogenase type 2","terms":[]},{"ids":"UNIPROT:P00390:T116:PRGE","score":0.639206340882219,"id":4,"start":2191,"end":2193,"text":"GR","terms":[]}]},{"id":11,"start":2210,"end":2465,"text":"We propose thus that GR haploinsufficiency compromises glucocorticoid sensitivity and may represent a novel genetic cause of subclinical hypercortisolism, incidentally revealed bilateral adrenal hyperplasia and mineralocorticoid-independent hypertension..","terms":[{"ids":"UNIPROT:P00390:T116:PRGE","score":0.9929845077512578,"id":1,"start":2231,"end":2233,"text":"GR","terms":[]},{"ids":"UMLS:C0001622:T047:DISO|UMLS:C0010481:T047:DISO","score":1.0,"id":2,"start":2347,"end":2363,"text":"hypercortisolism","terms":[]},{"ids":"UMLS:C1621895:T047:DISO|UMLS:C0001627:T047:DISO|UMLS:C0342492:T047:DISO","score":1.0,"id":3,"start":2397,"end":2416,"text":"adrenal hyperplasia","terms":[]},{"ids":"UMLS:C0020538:T047:DISO","score":1.0,"id":4,"start":2451,"end":2463,"text":"hypertension","terms":[]}]}]