[{"id":0,"start":0,"end":111,"text":"Mutational analysis of CYP2C8 in hypertensive patients using denaturing high performance liquid chromatography.","terms":[{"ids":"UNIPROT:P10632:T116:PRGE","score":0.9064920403271269,"id":1,"start":23,"end":29,"text":"CYP2C8","terms":[]}]},{"id":1,"start":112,"end":209,"text":"WHAT IS KNOWN AND OBJECTIVE: CYP2C8 is involved in the cytochrome P450 (CYP) epoxygenase pathway.","terms":[{"ids":"UNIPROT:P10632:T116:PRGE","score":0.6899531171349118,"id":1,"start":141,"end":147,"text":"CYP2C8","terms":[]},{"ids":"UNIPROT:Q9HCS2:T116:PRGE|UNIPROT:P05177:T116:PRGE|UNIPROT:Q8N1L4:T116:PRGE|UNIPROT:P13584:T116:PRGE|UNIPROT:P24462:T116:PRGE|UNIPROT:Q7Z449:T116:PRGE|UNIPROT:P20815:T116:PRGE|UNIPROT:P20853:T116:PRGE|UNIPROT:P10635:T116:PRGE|UNIPROT:P04798:T116:PRGE|UNIPROT:Q96SQ9:T116:PRGE|UNIPROT:P33261:T116:PRGE|UNIPROT:P20813:T116:PRGE|UNIPROT:Q02928:T116:PRGE|UNIPROT:P11511:T116:PRGE|UNIPROT:Q86W10:T116:PRGE|UNIPROT:Q16696:T116:PRGE|UNIPROT:Q6V0L0:T116:PRGE|UNIPROT:Q9HBI6:T116:PRGE|UNIPROT:P24903:T116:PRGE|UNIPROT:P10632:T116:PRGE|UNIPROT:P51589:T116:PRGE|UNIPROT:Q8N118:T116:PRGE|UNIPROT:P98187:T116:PRGE|UNIPROT:Q16678:T116:PRGE|UNIPROT:P33260:T116:PRGE|UNIPROT:Q9HB55:T116:PRGE","score":0.0,"id":2,"start":167,"end":182,"text":"cytochrome P450","terms":[]}]},{"id":2,"start":210,"end":350,"text":"Arachidonic acid metabolites such as epoxyeicosatrienenoic acids and hydroxyeicosatetrenoic acids, produced may have a role in hypertension.","terms":[{"ids":"UMLS:C0020538:T047:DISO","score":1.0,"id":1,"start":337,"end":349,"text":"hypertension","terms":[]}]},{"id":3,"start":351,"end":522,"text":"We aimed to develop a medium through-put method for screening samples of known and new mutations of CYP2C8 using denaturing high performance liquid chromatography (DHPLC).","terms":[{"ids":"UNIPROT:P10632:T116:PRGE","score":0.9712216063915817,"id":1,"start":451,"end":457,"text":"CYP2C8","terms":[]}]},{"id":4,"start":523,"end":652,"text":"METHODS: DNA samples from 200 subjects (hypertensive patients and healthy controls) were screened for SNPs in CYP2C8 using DHPLC.","terms":[{"ids":"UNIPROT:P10632:T116:PRGE","score":0.34003801736242195,"id":1,"start":633,"end":651,"text":"CYP2C8 using DHPLC","terms":[]}]},{"id":5,"start":653,"end":771,"text":"Genotypes and allelic frequencies of CYP2C8 between the healthy controls and patients with hypertension were compared.","terms":[{"ids":"UNIPROT:P10632:T116:PRGE","score":0.6448468386087761,"id":1,"start":690,"end":696,"text":"CYP2C8","terms":[]},{"ids":"UMLS:C0020538:T047:DISO","score":1.0,"id":2,"start":744,"end":756,"text":"hypertension","terms":[]}]},{"id":6,"start":772,"end":907,"text":"RESULTS AND DISCUSSIONS: Six variants were detected and two were new; T deletion at 5063 and substitution of C to T at 33468 in exon 8.","terms":[]},{"id":7,"start":908,"end":1004,"text":"Differences in variant frequencies were detected between the controls and hypertensive patients.","terms":[]},{"id":8,"start":1005,"end":1091,"text":"The controls have significantly higher prevalence of C35322C compared to the patients.","terms":[]},{"id":9,"start":1092,"end":1163,"text":"The functional significance of the SNP at 35322 requires further study.","terms":[]},{"id":10,"start":1164,"end":1236,"text":"Having homozygous C35322C could be a protective factor for hypertension.","terms":[{"ids":"UMLS:C0020538:T047:DISO","score":1.0,"id":1,"start":1223,"end":1235,"text":"hypertension","terms":[]}]},{"id":11,"start":1237,"end":1384,"text":"WHAT IS NEW AND CONCLUSION: Denaturing high performance liquid chromatography is useful for population screening to identify new and existing SNPs.","terms":[]},{"id":12,"start":1385,"end":1486,"text":"A higher frequency of the C35322T SNP was observed among hypertensive patients than control subjects.","terms":[]},{"id":13,"start":1487,"end":1588,"text":"This potentially important observation requires confirmation and the clinical significance assessed..","terms":[]}]