[{"id":0,"start":0,"end":125,"text":"The dopamine b-hydroxylase -1021C/T polymorphism is associated with the risk of Alzheimer\u0027s disease in the Epistasis Project.","terms":[{"ids":"UMLS:C0002395:T047:DISO","score":1.0,"id":1,"start":80,"end":99,"text":"Alzheimer\u0027s disease","terms":[]}]},{"id":1,"start":126,"end":243,"text":"BACKGROUND: The loss of noradrenergic neurones of the locus coeruleus is a major feature of Alzheimer\u0027s disease (AD).","terms":[{"ids":"UMLS:C0023951:T023:ANAT","score":1.0,"id":1,"start":180,"end":195,"text":"locus coeruleus","terms":[]},{"ids":"UMLS:C0002395:T047:DISO","score":1.0,"id":2,"start":218,"end":237,"text":"Alzheimer\u0027s disease","terms":[]},{"ids":"UMLS:C0002395:T047:DISO|UMLS:C0228318:T023:ANAT","score":1.0,"id":3,"start":239,"end":241,"text":"AD","terms":[]}]},{"id":2,"start":244,"end":327,"text":"Dopamine b-hydroxylase (DBH) catalyses the conversion of dopamine to noradrenaline.","terms":[{"ids":"UNIPROT:P09172:T116:PRGE","score":0.9817329038745707,"id":1,"start":268,"end":271,"text":"DBH","terms":[]}]},{"id":3,"start":328,"end":521,"text":"Interactions have been reported between the low-activity -1021T allele (rs1611115) of DBH and polymorphisms of the pro-inflammatory cytokine genes, IL1A and IL6, contributing to the risk of AD.","terms":[{"ids":"UNIPROT:P01584:T116:PRGE|UNIPROT:P01583:T116:PRGE","score":0.8564316145217552,"id":1,"start":476,"end":480,"text":"IL1A","terms":[]},{"ids":"UNIPROT:P05231:T116:PRGE|UNIPROT:P40189:T116:PRGE","score":0.8564316145217552,"id":2,"start":485,"end":488,"text":"IL6","terms":[]},{"ids":"UMLS:C0002395:T047:DISO|UMLS:C0228318:T023:ANAT","score":1.0,"id":3,"start":518,"end":520,"text":"AD","terms":[]}]},{"id":4,"start":522,"end":698,"text":"We therefore examined the associations with AD of the DBH -1021T allele and of the above interactions in the Epistasis Project, with 1757 cases of AD and 6294 elderly controls.","terms":[{"ids":"UMLS:C0002395:T047:DISO|UMLS:C0228318:T023:ANAT","score":1.0,"id":1,"start":566,"end":568,"text":"AD","terms":[]},{"ids":"UNIPROT:P09172:T116:PRGE","score":0.9719627214262033,"id":2,"start":576,"end":593,"text":"DBH -1021T allele","terms":[]},{"ids":"UMLS:C0002395:T047:DISO|UMLS:C0228318:T023:ANAT","score":1.0,"id":3,"start":669,"end":671,"text":"AD","terms":[]}]},{"id":5,"start":699,"end":804,"text":"METHODS: We genotyped eight single nucleotide polymorphisms (SNPs) in the three genes, DBH, IL1A and IL6.","terms":[{"ids":"UNIPROT:P09172:T116:PRGE","score":0.991017732343325,"id":1,"start":786,"end":789,"text":"DBH","terms":[]},{"ids":"UNIPROT:P01584:T116:PRGE|UNIPROT:P01583:T116:PRGE","score":0.991017732343325,"id":2,"start":791,"end":795,"text":"IL1A","terms":[]},{"ids":"UNIPROT:P05231:T116:PRGE|UNIPROT:P40189:T116:PRGE","score":0.991017732343325,"id":3,"start":800,"end":803,"text":"IL6","terms":[]}]},{"id":6,"start":805,"end":927,"text":"We used logistic regression models and synergy factor analysis to examine potential interactions and associations with AD.","terms":[{"ids":"UMLS:C0002395:T047:DISO|UMLS:C0228318:T023:ANAT","score":1.0,"id":1,"start":924,"end":926,"text":"AD","terms":[]}]},{"id":7,"start":928,"end":1073,"text":"RESULTS: We found that the presence of the -1021T allele was associated with AD: odds ratio \u003d 1.2 (95% confidence interval: 1.06-1.4, p \u003d 0.005).","terms":[{"ids":"UMLS:C0002395:T047:DISO|UMLS:C0228318:T023:ANAT","score":1.0,"id":1,"start":1005,"end":1007,"text":"AD","terms":[]}]},{"id":8,"start":1074,"end":1171,"text":"This association was nearly restricted to men \u003c 75 years old: odds ratio \u003d 2.2 (1.4-3.3, 0.0004).","terms":[]},{"id":9,"start":1172,"end":1319,"text":"We also found an interaction between the presence of DBH -1021T and the -889TT genotype (rs1800587) of IL1A: synergy factor \u003d 1.9 (1.2-3.1, 0.005).","terms":[{"ids":"UNIPROT:P09172:T116:PRGE","score":0.49533496291487084,"id":1,"start":1225,"end":1235,"text":"DBH -1021T","terms":[]},{"ids":"UNIPROT:P01584:T116:PRGE|UNIPROT:P01583:T116:PRGE","score":0.49533496291487084,"id":2,"start":1275,"end":1279,"text":"IL1A","terms":[]}]},{"id":10,"start":1320,"end":1391,"text":"All these results were consistent between North Europe and North Spain.","terms":[]},{"id":11,"start":1392,"end":1540,"text":"CONCLUSIONS: Extensive, previous evidence (reviewed here) indicates an important role for noradrenaline in the control of inflammation in the brain.","terms":[{"ids":"UMLS:C0006104:T023:ANAT","score":1.0,"id":1,"start":1534,"end":1539,"text":"brain","terms":[]}]},{"id":12,"start":1541,"end":1688,"text":"Thus, the -1021T allele with presumed low activity may be associated with misregulation of inflammation, which could contribute to the onset of AD.","terms":[{"ids":"UMLS:C0002395:T047:DISO|UMLS:C0228318:T023:ANAT","score":1.0,"id":1,"start":1685,"end":1687,"text":"AD","terms":[]}]},{"id":13,"start":1689,"end":1788,"text":"We suggest that such misregulation is the predominant mechanism of the association we report here..","terms":[]}]