[{"id":0,"start":0,"end":76,"text":"Novel CRELD1 gene mutations in patients with atrioventricular septal defect.","terms":[{"ids":"UNIPROT:Q96HD1:T116:PRGE","score":0.8550809922643308,"id":1,"start":6,"end":17,"text":"CRELD1 gene","terms":[]},{"ids":"UMLS:C0018816:T047:DISO","score":1.0,"id":2,"start":62,"end":75,"text":"septal defect","terms":[]}]},{"id":1,"start":77,"end":262,"text":"BACKGROUND: Atrioventricular septal defects (AVSDs) occur as clinical defects of several different syndromes, as autosomal dominant defects, and as sporadically occurring malformations.","terms":[{"ids":"UMLS:C0018816:T047:DISO","score":1.0,"id":1,"start":106,"end":120,"text":"septal defects","terms":[]},{"ids":"UMLS:C0039082:T047:DISO","score":1.0,"id":2,"start":176,"end":185,"text":"syndromes","terms":[]}]},{"id":2,"start":263,"end":399,"text":"Consequently, there is genetic heterogeneity, but until recently, little is known about the genes involving in the pathogenesis of AVSD.","terms":[]},{"id":3,"start":400,"end":474,"text":"CRELD1 gene, a novel cell adhesion molecule, is a candidate gene for AVSD.","terms":[{"ids":"UNIPROT:Q96HD1:T116:PRGE","score":0.5655881658702147,"id":1,"start":400,"end":411,"text":"CRELD1 gene","terms":[]}]},{"id":4,"start":475,"end":552,"text":"METHODS: This study included 133 patients with AVSD and 200 healthy controls.","terms":[]},{"id":5,"start":553,"end":643,"text":"Peripheral blood samples were collected and genomic DNA was extracted from the leukocytes.","terms":[]},{"id":6,"start":644,"end":722,"text":"CRELD1 was amplified by polymerase chain reaction (PCR) with specific primers.","terms":[{"ids":"UNIPROT:Q96HD1:T116:PRGE","score":0.20543886247936077,"id":1,"start":644,"end":650,"text":"CRELD1","terms":[]}]},{"id":7,"start":723,"end":801,"text":"The sequences of PCR products were compared between the patients and controls.","terms":[]},{"id":8,"start":802,"end":1001,"text":"RESULTS: In a patient, a C-to-G transition was identified at nucleotide 857 in exon 8 that resulted in a substitution of alanine for proline at amino acid 286 in the first calcium-binding EGF domain.","terms":[{"ids":"UNIPROT:P01133:T116:PRGE","score":0.8447996044151653,"id":1,"start":990,"end":1000,"text":"EGF domain","terms":[]}]},{"id":9,"start":1002,"end":1091,"text":"This patient had an isolated partial AVSD and the mutation was inherited from her mother.","terms":[]},{"id":10,"start":1092,"end":1185,"text":"Another mutation was detected in a patient with a partial AVSD and evidence of Down syndrome.","terms":[{"ids":"UMLS:C0013080:T047:DISO","score":1.0,"id":1,"start":1171,"end":1184,"text":"Down syndrome","terms":[]}]},{"id":11,"start":1186,"end":1355,"text":"The heterozygous c.973G\u003eA transition in exon 9 resulted in a substitution of lysine for glutamic acid at amino acid 325 (E325K) in the second calcium-binding EGF domain.","terms":[{"ids":"UNIPROT:P01133:T116:PRGE","score":0.8215412667933106,"id":1,"start":1344,"end":1354,"text":"EGF domain","terms":[]}]},{"id":12,"start":1356,"end":1468,"text":"CONCLUSIONS: Two novel CRELD1 mutations were identified in the calcium-binding EGF domain in patients with AVSD.","terms":[{"ids":"UNIPROT:Q96HD1:T116:PRGE","score":0.7100285526525422,"id":1,"start":1379,"end":1385,"text":"CRELD1","terms":[]},{"ids":"UNIPROT:P01133:T116:PRGE","score":0.7100285526525422,"id":2,"start":1435,"end":1445,"text":"EGF domain","terms":[]}]},{"id":13,"start":1469,"end":1639,"text":"CRELD1 is likely to be an AVSD-susceptibility gene and CRELD1 mutations may increase the risk of developing a heart defect rather than being a direct causative mutation..","terms":[{"ids":"UNIPROT:Q96HD1:T116:PRGE","score":0.22632972530639048,"id":1,"start":1469,"end":1475,"text":"CRELD1","terms":[]},{"ids":"UNIPROT:Q96HD1:T116:PRGE","score":0.22632972530639048,"id":2,"start":1524,"end":1530,"text":"CRELD1","terms":[]},{"ids":"UMLS:C0018787:T023:ANAT","score":1.0,"id":3,"start":1579,"end":1584,"text":"heart","terms":[]},{"ids":"UMLS:C1861101:T047:DISO","score":1.0,"id":4,"start":1585,"end":1591,"text":"defect","terms":[]}]}]