[{"id":0,"start":0,"end":92,"text":"Familial pycnodysostosis: identification of a novel mutation in the CTSK gene (cathepsin K).","terms":[{"ids":"UMLS:C0238402:T047:DISO","score":1.0,"id":1,"start":9,"end":24,"text":"pycnodysostosis","terms":[]},{"ids":"UNIPROT:P43235:T116:PRGE","score":0.9368099195619045,"id":2,"start":68,"end":77,"text":"CTSK gene","terms":[]},{"ids":"UNIPROT:P43235:T116:PRGE","score":0.9368099195619045,"id":3,"start":79,"end":90,"text":"cathepsin K","terms":[]}]},{"id":1,"start":93,"end":330,"text":"BACKGROUND: Pycnodysostosis, an autosomal recessive skeletal dysplasia, is characterized by short stature, osteosclerosis, delayed cranial suture closure, hypoplastic mandible, acro-osteolysis, hypoplastic clavicle, and dental anomalies.","terms":[{"ids":"UMLS:C0238402:T047:DISO","score":1.0,"id":1,"start":105,"end":120,"text":"Pycnodysostosis","terms":[]},{"ids":"UMLS:C0410528:T047:DISO","score":1.0,"id":2,"start":145,"end":163,"text":"skeletal dysplasia","terms":[]},{"ids":"UMLS:C0013336:T047:DISO","score":1.0,"id":3,"start":185,"end":198,"text":"short stature","terms":[]},{"ids":"UMLS:C0029464:T047:DISO","score":1.0,"id":4,"start":200,"end":214,"text":"osteosclerosis","terms":[]},{"ids":"UMLS:C0037303:T023:ANAT","score":1.0,"id":5,"start":224,"end":231,"text":"cranial","terms":[]},{"ids":"UMLS:C0024687:T023:ANAT","score":1.0,"id":6,"start":260,"end":268,"text":"mandible","terms":[]},{"ids":"UMLS:C0917990:T047:DISO","score":1.0,"id":7,"start":270,"end":285,"text":"acro-osteolysis","terms":[]},{"ids":"UMLS:C0008913:T023:ANAT","score":1.0,"id":8,"start":299,"end":307,"text":"clavicle","terms":[]}]},{"id":2,"start":331,"end":401,"text":"The disorder is caused by CTSK gene defects, a gene localized on 1q21.","terms":[]},{"id":3,"start":402,"end":507,"text":"PURPOSE: To describe the clinical, radiological, and molecular findings in a family with pycnodysostosis.","terms":[{"ids":"UMLS:C0238402:T047:DISO","score":1.0,"id":1,"start":491,"end":506,"text":"pycnodysostosis","terms":[]}]},{"id":4,"start":508,"end":668,"text":"METHODS: The CTSK gene was analyzed from genomic DNA in a nonconsanguinity Mexican family with 3 affected members with pycnodysostosis and 100 healthy controls.","terms":[{"ids":"UNIPROT:P43235:T116:PRGE","score":0.9865530189927396,"id":1,"start":521,"end":530,"text":"CTSK gene","terms":[]},{"ids":"UMLS:C0238402:T047:DISO","score":1.0,"id":2,"start":627,"end":642,"text":"pycnodysostosis","terms":[]}]},{"id":5,"start":669,"end":781,"text":"RESULTS AND INTERPRETATION: We identified the novel homozygous mutation c.908G\u003eA within exon 8 of the CTSK gene.","terms":[{"ids":"UNIPROT:P43235:T116:PRGE","score":0.8924914571822593,"id":1,"start":771,"end":780,"text":"CTSK gene","terms":[]}]},{"id":6,"start":782,"end":922,"text":"This missense mutation leads to the substitution of the amino acid glycine at position 303 by glutamic acid (G303E) in cathepsin K protease.","terms":[{"ids":"UNIPROT:P43235:T116:PRGE","score":0.9767701145482321,"id":1,"start":901,"end":921,"text":"cathepsin K protease","terms":[]}]},{"id":7,"start":923,"end":1025,"text":"No genotype/phenotype correlation was present in affected members of the family with pycnodysostosis..","terms":[{"ids":"UMLS:C0238402:T047:DISO","score":1.0,"id":1,"start":1008,"end":1023,"text":"pycnodysostosis","terms":[]}]}]