[{"id":0,"start":0,"end":136,"text":"PAX2 gene mutations in pediatric and young adult transplant recipients: kidney and urinary tract malformations without ocular anomalies.","terms":[{"ids":"UNIPROT:Q02962:T116:PRGE","score":0.8926502651130591,"id":1,"start":0,"end":9,"text":"PAX2 gene","terms":[]},{"ids":"UMLS:C0022646:T023:ANAT|UMLS:C0227665:T023:ANAT","score":1.0,"id":2,"start":72,"end":78,"text":"kidney","terms":[]},{"ids":"UMLS:C0042027:T023:ANAT","score":1.0,"id":3,"start":83,"end":96,"text":"urinary tract","terms":[]},{"ids":"UMLS:C0015392:T023:ANAT","score":1.0,"id":4,"start":119,"end":125,"text":"ocular","terms":[]}]},{"id":1,"start":137,"end":325,"text":"Heterozygous humans for PAX2 mutations show autosomal dominant papillorenal syndrome (PRS), consisting of ocular colobomas, renal hypo/dysplasia and progressive renal failure in childhood.","terms":[{"ids":"UNIPROT:Q02962:T116:PRGE","score":0.30523029969951276,"id":1,"start":150,"end":165,"text":"humans for PAX2","terms":[]},{"ids":"UMLS:C1852759:T047:DISO","score":1.0,"id":2,"start":200,"end":221,"text":"papillorenal syndrome","terms":[]},{"ids":"UMLS:C1839730:T047:DISO","score":1.0,"id":3,"start":223,"end":226,"text":"PRS","terms":[]},{"ids":"UMLS:C0015392:T023:ANAT","score":1.0,"id":4,"start":243,"end":249,"text":"ocular","terms":[]},{"ids":"UMLS:C0022646:T023:ANAT","score":1.0,"id":5,"start":261,"end":266,"text":"renal","terms":[]},{"ids":"UMLS:C0341697:T047:DISO|UMLS:C0035078:T047:DISO","score":1.0,"id":6,"start":298,"end":311,"text":"renal failure","terms":[{"ids":"UMLS:C0022646:T023:ANAT","score":1.0,"id":1,"start":298,"end":303,"text":"renal","terms":[]}]}]},{"id":2,"start":326,"end":414,"text":"PAX2 mutations have also been identified in patients with isolated renal hypo/dysplasia.","terms":[{"ids":"UNIPROT:Q02962:T116:PRGE","score":0.9492375567176962,"id":1,"start":326,"end":330,"text":"PAX2","terms":[]},{"ids":"UMLS:C0022646:T023:ANAT","score":1.0,"id":2,"start":393,"end":398,"text":"renal","terms":[]}]},{"id":3,"start":415,"end":590,"text":"Twenty unrelated children and young adults with kidney and urinary tract malformations and no ocular abnormalities were retrospectively recruited for PAX2 mutational analysis.","terms":[{"ids":"UMLS:C0022646:T023:ANAT|UMLS:C0227665:T023:ANAT","score":1.0,"id":1,"start":463,"end":469,"text":"kidney","terms":[]},{"ids":"UMLS:C0042027:T023:ANAT","score":1.0,"id":2,"start":474,"end":487,"text":"urinary tract","terms":[]},{"ids":"UMLS:C0015392:T023:ANAT","score":1.0,"id":3,"start":509,"end":515,"text":"ocular","terms":[]},{"ids":"UNIPROT:Q02962:T116:PRGE","score":0.9981152929482618,"id":4,"start":565,"end":569,"text":"PAX2","terms":[]}]},{"id":4,"start":591,"end":670,"text":"All patients had undergone renal transplantation after end-stage renal disease.","terms":[{"ids":"UMLS:C0022646:T023:ANAT","score":1.0,"id":1,"start":618,"end":623,"text":"renal","terms":[]},{"ids":"UMLS:C2316810:T047:DISO|UMLS:C0022661:T047:DISO","score":1.0,"id":2,"start":646,"end":669,"text":"end-stage renal disease","terms":[{"ids":"UMLS:C0022646:T023:ANAT","score":1.0,"id":1,"start":656,"end":661,"text":"renal","terms":[]}]}]},{"id":5,"start":671,"end":868,"text":"We identified two new sequence variations: (i) a deletion causing a frameshift (c.69delC) and (ii) a nucleotide substitution determining a splice site mutation (c.410+5 G/A) by predictive analysis.","terms":[]},{"id":6,"start":869,"end":1013,"text":"Therefore, we suggest PAX2 molecular analysis to be extended to all patients with congenital malformations of kidney and urinary tract (CAKUT)..","terms":[{"ids":"UNIPROT:Q02962:T116:PRGE","score":0.9766924045263017,"id":1,"start":891,"end":895,"text":"PAX2","terms":[]},{"ids":"UMLS:C0022646:T023:ANAT|UMLS:C0227665:T023:ANAT","score":1.0,"id":2,"start":979,"end":985,"text":"kidney","terms":[]},{"ids":"UMLS:C0042027:T023:ANAT","score":1.0,"id":3,"start":990,"end":1003,"text":"urinary tract","terms":[]},{"ids":"UMLS:C1968949:T047:DISO","score":1.0,"id":4,"start":1005,"end":1010,"text":"CAKUT","terms":[]}]}]