[{"id":0,"start":0,"end":115,"text":"A Taiwanese boy with congenital generalized lipodystrophy caused by homozygous Ile262fs mutation in the BSCL2 gene.","terms":[{"ids":"UMLS:C0221032:T047:DISO","score":1.0,"id":1,"start":21,"end":57,"text":"congenital generalized lipodystrophy","terms":[]},{"ids":"UNIPROT:Q96G97:T116:PRGE","score":0.8010124641531994,"id":2,"start":104,"end":114,"text":"BSCL2 gene","terms":[]}]},{"id":1,"start":116,"end":292,"text":"Congenital generalized lipodystrophy (CGL) is a rare autosomal recessive disease that is characterized by a near-complete absence of adipose tissue from birth or early infancy.","terms":[{"ids":"UMLS:C0221032:T047:DISO","score":1.0,"id":1,"start":116,"end":152,"text":"Congenital generalized lipodystrophy","terms":[]}]},{"id":2,"start":293,"end":522,"text":"Mutations in the BSCL2 gene are known to result in CGL2, a more severe phenotype than CGL1, with earlier onset, more extensive fat loss and biochemical changes, more severe intellectual impairment, and more severe cardiomyopathy.","terms":[{"ids":"UNIPROT:Q96G97:T116:PRGE","score":0.7855912160826313,"id":1,"start":310,"end":320,"text":"BSCL2 gene","terms":[]},{"ids":"UMLS:C1720863:T047:DISO|UNIPROT:P20718:T116:PRGE|UNIPROT:Q96G97:T116:PRGE","score":1.0,"id":2,"start":344,"end":348,"text":"CGL2","terms":[]},{"ids":"UMLS:C1720862:T047:DISO|UNIPROT:O15120:T116:PRGE|UNIPROT:P10144:T116:PRGE","score":1.0,"id":3,"start":379,"end":383,"text":"CGL1","terms":[]},{"ids":"UMLS:C0878544:T047:DISO","score":1.0,"id":4,"start":507,"end":521,"text":"cardiomyopathy","terms":[]}]},{"id":3,"start":523,"end":706,"text":"We report a 3-month-old Taiwanese boy with initial presentation of a lack of subcutaneous fat, prominent musculature, generalized eruptive xanthomas, and extreme hypertriglyceridemia.","terms":[{"ids":"UMLS:C1995013:T023:ANAT","score":1.0,"id":1,"start":628,"end":639,"text":"musculature","terms":[]},{"ids":"UMLS:C0221252:T047:DISO|UMLS:C1279645:T047:DISO","score":1.0,"id":2,"start":653,"end":671,"text":"eruptive xanthomas","terms":[]}]},{"id":4,"start":707,"end":816,"text":"Absence of mechanical adipose tissue in the orbits and scalp was revealed by head magnetic resonance imaging.","terms":[{"ids":"UMLS:C0036270:T023:ANAT","score":1.0,"id":1,"start":762,"end":767,"text":"scalp","terms":[]}]},{"id":5,"start":817,"end":958,"text":"Hepatomegaly was noticed, and histological examination of a liver biopsy specimen suggested severe hepatic steatosis and periportal necrosis.","terms":[{"ids":"UMLS:C0023884:T023:ANAT","score":1.0,"id":1,"start":877,"end":882,"text":"liver","terms":[]},{"ids":"UMLS:C2711227:T047:DISO|UMLS:C0015695:T047:DISO","score":1.0,"id":2,"start":916,"end":933,"text":"hepatic steatosis","terms":[]}]},{"id":6,"start":959,"end":1103,"text":"However, echocardiography indicated no sign of cardiomyopathy and he showed no distinct intellectual impairment that interfered with daily life.","terms":[{"ids":"UMLS:C0878544:T047:DISO","score":1.0,"id":1,"start":1006,"end":1020,"text":"cardiomyopathy","terms":[]}]},{"id":7,"start":1104,"end":1186,"text":"About 1 year later, abdominal computed tomography revealed enlargement of kidneys.","terms":[{"ids":"UMLS:C0022646:T023:ANAT|UMLS:C0227665:T023:ANAT","score":1.0,"id":1,"start":1178,"end":1185,"text":"kidneys","terms":[]}]},{"id":8,"start":1187,"end":1291,"text":"He had a homozygous insertion of a nucleotide, 783insG (Ile262fs mutation), in exon 7 of the BSCL2 gene.","terms":[{"ids":"UNIPROT:Q96G97:T116:PRGE","score":0.9872149080521311,"id":1,"start":1280,"end":1290,"text":"BSCL2 gene","terms":[]}]},{"id":9,"start":1292,"end":1432,"text":"We reviewed the genotype of CGL cases from Japan, India, China and Taiwan, and found that BSCL2 is a major causative gene for CGL in Asian..","terms":[{"ids":"UNIPROT:Q96G97:T116:PRGE","score":0.6493250255084473,"id":1,"start":1382,"end":1387,"text":"BSCL2","terms":[]}]}]