[{"id":0,"start":0,"end":167,"text":"Detection of EGFR mutations in plasma DNA from lung cancer patients by mass spectrometry genotyping is predictive of tumor EGFR status and response to EGFR inhibitors.","terms":[{"ids":"UMLS:C0024109:T023:ANAT","score":1.0,"id":1,"start":47,"end":51,"text":"lung","terms":[]}]},{"id":1,"start":168,"end":256,"text":"AIMS: EGFR mutations now guide the clinical use of EGFR-targeted therapy in lung cancer.","terms":[{"ids":"UMLS:C0024109:T023:ANAT","score":1.0,"id":1,"start":244,"end":248,"text":"lung","terms":[]}]},{"id":2,"start":257,"end":390,"text":"However, standard EGFR mutation analysis requires a minimum amount of tumor tissue, which may not be available in certain situations.","terms":[]},{"id":3,"start":391,"end":577,"text":"In this study, we combined a mass spectrometry genotyping assay (Sequenom) with a mutant-enriched PCR (ME-PCR) to detect EGFR mutations in free plasma DNA from patients with lung cancer.","terms":[{"ids":"UMLS:C0024109:T023:ANAT","score":1.0,"id":1,"start":565,"end":569,"text":"lung","terms":[]}]},{"id":4,"start":578,"end":725,"text":"METHOD: DNAs were extracted from 31 plasma samples from 31 patients and analyzed by both methods for EGFR Exon 19 deletion and EGFR L858R mutation.","terms":[]},{"id":5,"start":726,"end":838,"text":"Results in plasma DNA samples were compared with EGFR mutation status obtained in tumor DNA (18/31 EGFR mutant).","terms":[]},{"id":6,"start":839,"end":944,"text":"The relationship of EGFR mutation status in tumor and/or plasma samples to overall survival was assessed.","terms":[]},{"id":7,"start":945,"end":1055,"text":"RESULTS: The EGFR mutation status in plasma DNA was identical to the primary tumor in 61% of patients (19/31).","terms":[]},{"id":8,"start":1056,"end":1246,"text":"By mass spectrometry genotyping, the plasma samples contained mutant DNA corresponding to 5/14 EGFR Exon 19 deletions and 3/4 EGFR L858R mutations previously diagnosed in the matched tumors.","terms":[]},{"id":9,"start":1247,"end":1324,"text":"Two samples were positive in plasma DNA but negative in primary tumor tissue.","terms":[]},{"id":10,"start":1325,"end":1376,"text":"Results were similar for samples studied by ME-PCR.","terms":[]},{"id":11,"start":1377,"end":1613,"text":"For patients treated with erlotinib, overall survival was correlated with the presence of EGFR mutation in plasma and/or tumor tissue (p\u003d0.002), with the two patients positive only in plasma DNA showing responses and favorable outcomes.","terms":[]},{"id":12,"start":1614,"end":1735,"text":"CONCLUSION: The detection of EGFR mutations in plasma DNA samples by mass spectrometry genotyping and ME-PCR is feasible.","terms":[]},{"id":13,"start":1736,"end":2004,"text":"A positive EGFR result in plasma DNA has a high predictive value for tumor EGFR status and for favorable clinical course on EGFR-targeted therapy and could therefore be useful in guiding clinical decisions in patients with insufficient or unavailable tumor specimens..","terms":[]}]