[{"id":0,"start":0,"end":183,"text":"Impact of CCR5delta32 host genetic background and disease progression on HIV-1 intrahost evolutionary processes: efficient hypothesis testing through hierarchical phylogenetic models.","terms":[{"ids":"UMLS:C0019693:T047:DISO","score":1.0,"id":1,"start":73,"end":76,"text":"HIV","terms":[]}]},{"id":1,"start":184,"end":499,"text":"The interplay between C-C chemokine receptor type 5 (CCR5) host genetic background, disease progression, and intrahost HIV-1 evolutionary dynamics remains unclear because differences in viral evolution between hosts limit the ability to draw conclusions across hosts stratified into clinically relevant populations.","terms":[{"ids":"UNIPROT:P51677:T116:PRGE|UNIPROT:P61073:T116:PRGE|UNIPROT:Q9NPB9:T116:PRGE|UNIPROT:O00421:T116:PRGE","score":0.0,"id":1,"start":210,"end":235,"text":"chemokine receptor type 5","terms":[]},{"ids":"UNIPROT:P32302:T116:PRGE","score":0.9275537948189376,"id":2,"start":237,"end":241,"text":"CCR5","terms":[]},{"ids":"UMLS:C0019693:T047:DISO","score":1.0,"id":3,"start":303,"end":306,"text":"HIV","terms":[]}]},{"id":2,"start":500,"end":646,"text":"Similar inference problems are proliferating across many measurably evolving pathogens for which intrahost sequence samples are readily available.","terms":[]},{"id":3,"start":647,"end":909,"text":"To this end, we propose novel hierarchical phylogenetic models (HPMs) that incorporate fixed effects to test for differences in dynamics across host populations in a formal statistical framework employing stochastic search variable selection and model averaging.","terms":[]},{"id":4,"start":910,"end":1250,"text":"To clarify the role of CCR5 host genetic background and disease progression on viral evolutionary patterns, we obtain gp120 envelope sequences from clonal HIV-1 variants isolated at multiple time points in the course of infection from populations of HIV-1-infected individuals who only harbored CCR5-using HIV-1 variants at all time points.","terms":[{"ids":"UNIPROT:P32302:T116:PRGE","score":0.14478943553728343,"id":1,"start":933,"end":950,"text":"CCR5 host genetic","terms":[]},{"ids":"UNIPROT:Q14624:T116:PRGE","score":0.14478943553728343,"id":2,"start":1028,"end":1052,"text":"gp120 envelope sequences","terms":[]},{"ids":"UMLS:C0019693:T047:DISO","score":1.0,"id":3,"start":1065,"end":1068,"text":"HIV","terms":[]},{"ids":"UMLS:C0021311:T047:DISO|UMLS:C0009450:T047:DISO","score":1.0,"id":4,"start":1130,"end":1139,"text":"infection","terms":[]},{"ids":"UMLS:C0019693:T047:DISO","score":1.0,"id":5,"start":1160,"end":1163,"text":"HIV","terms":[]},{"ids":"UNIPROT:P32302:T116:PRGE","score":0.14478943553728343,"id":6,"start":1205,"end":1221,"text":"CCR5-using HIV-1","terms":[{"ids":"UMLS:C0019693:T047:DISO","score":1.0,"id":1,"start":1216,"end":1219,"text":"HIV","terms":[]}]}]},{"id":5,"start":1251,"end":1416,"text":"Presence or absence of a CCR5 wt//\\32 genotype and progressive or long-term nonprogressive course of infection stratify the clinical populations in a two-way design.","terms":[{"ids":"UNIPROT:P32302:T116:PRGE","score":0.7221884309375901,"id":1,"start":1276,"end":1297,"text":"CCR5 wt//\\32 genotype","terms":[]},{"ids":"UMLS:C0021311:T047:DISO|UMLS:C0009450:T047:DISO","score":1.0,"id":2,"start":1352,"end":1361,"text":"infection","terms":[]}]},{"id":6,"start":1417,"end":1707,"text":"As compared with the standard approach of analyzing sequences from each patient independently, the HPM provides more efficient estimation of evolutionary parameters such as nucleotide substitution rates and d(N)/d(S) rate ratios, as shown by significant shrinkage of the estimator variance.","terms":[]},{"id":7,"start":1708,"end":1857,"text":"The fixed effects also correct for nonindependence of data between populations and results in even further shrinkage of individual patient estimates.","terms":[]},{"id":8,"start":1858,"end":2005,"text":"Model selection suggests an association between nucleotide substitution rate and disease progression, but a role for CCR5 genotype remains elusive.","terms":[{"ids":"UNIPROT:P32302:T116:PRGE","score":0.9243811167172195,"id":1,"start":1975,"end":1988,"text":"CCR5 genotype","terms":[]}]},{"id":9,"start":2006,"end":2243,"text":"Given the absence of clear d(N)/d(S) differences between patient groups, delayed onset of AIDS symptoms appears to be solely associated with lower viral replication rates rather than with differences in selection on amino acid fixation..","terms":[{"ids":"UMLS:C0001175:T047:DISO","score":1.0,"id":1,"start":2096,"end":2100,"text":"AIDS","terms":[]}]}]