[{"id":0,"start":0,"end":107,"text":"The M235T polymorphism of the angiotensinogen gene in South Indian patients of hypertrophic cardiomyopathy.","terms":[{"ids":"UNIPROT:P01019:T116:PRGE","score":0.9966391610765643,"id":1,"start":30,"end":50,"text":"angiotensinogen gene","terms":[]},{"ids":"UMLS:C0007194:T047:DISO","score":1.0,"id":2,"start":79,"end":106,"text":"hypertrophic cardiomyopathy","terms":[]}]},{"id":1,"start":108,"end":253,"text":"INTRODUCTION: Hypertrophic cardiomyopathy (HCM) is a complex disorder and genetically transmitted cardiac disease with a diverse clinical course.","terms":[{"ids":"UMLS:C0007194:T047:DISO","score":1.0,"id":1,"start":122,"end":149,"text":"Hypertrophic cardiomyopathy","terms":[]},{"ids":"UMLS:C0018799:T047:DISO","score":1.0,"id":2,"start":206,"end":221,"text":"cardiac disease","terms":[{"ids":"UMLS:C0018787:T023:ANAT","score":1.0,"id":1,"start":206,"end":213,"text":"cardiac","terms":[]}]}]},{"id":2,"start":254,"end":448,"text":"The objective of the present study was to examine the association of the T704C polymorphism of exon 2 of the angiotensinogen (AGT) gene with HCM in a South Indian population from Andhra Pradesh.","terms":[{"ids":"UNIPROT:P01019:T116:PRGE","score":0.0,"id":1,"start":363,"end":378,"text":"angiotensinogen","terms":[]}]},{"id":3,"start":449,"end":470,"text":"Subjects and methods.","terms":[]},{"id":4,"start":471,"end":746,"text":"One-hundred and fifty HCM (90 sporadic hypertrophic cardiomyopathy [SHCM] and 60 familial hypertrophic cardiomyopathy [FHCM]) patients and 165 age- and sex-matched normal healthy controls without known hypertension and left ventricular hypertrophy were included in the study.","terms":[{"ids":"UMLS:C0007194:T047:DISO","score":1.0,"id":1,"start":510,"end":537,"text":"hypertrophic cardiomyopathy","terms":[]},{"ids":"UMLS:C0949658:T047:DISO","score":1.0,"id":2,"start":552,"end":588,"text":"familial hypertrophic cardiomyopathy","terms":[]},{"ids":"UMLS:C0020538:T047:DISO","score":1.0,"id":3,"start":673,"end":685,"text":"hypertension","terms":[]},{"ids":"UMLS:C0149721:T047:DISO","score":1.0,"id":4,"start":690,"end":718,"text":"left ventricular hypertrophy","terms":[{"ids":"UMLS:C0018827:T023:ANAT","score":1.0,"id":1,"start":695,"end":706,"text":"ventricular","terms":[]}]}]},{"id":5,"start":747,"end":980,"text":"DNA was isolated from peripheral leukocytes and the region of interest in the AGT gene bearing a missense mutation methionine to threonine substitution at codon 235 (M235T) of exon 2, was amplified by polymerase chain reaction (PCR).","terms":[{"ids":"UNIPROT:P21549:T116:PRGE|UNIPROT:P01019:T116:PRGE|UNIPROT:Q9BYV1:T116:PRGE","score":0.6249056644384863,"id":1,"start":825,"end":833,"text":"AGT gene","terms":[]}]},{"id":6,"start":981,"end":1060,"text":"The PCR products were subjected to restriction digestion with the enzyme SfaNI.","terms":[]},{"id":7,"start":1061,"end":1229,"text":"RESULTS: Significant differences were detected in genotypic distribution (p \u003d 0.04) as well as the allelic frequency (p \u003d 0.003) between the SHCM patients and controls.","terms":[]},{"id":8,"start":1230,"end":1286,"text":"The polymorphism did not show any association with FHCM.","terms":[]},{"id":9,"start":1287,"end":1440,"text":"CONCLUSION: Our results suggest that the T allele of the AGT gene is significantly associated with SHCM in a South Indian population from Andhra Pradesh.","terms":[{"ids":"UNIPROT:P21549:T116:PRGE|UNIPROT:P01019:T116:PRGE|UNIPROT:Q9BYV1:T116:PRGE","score":0.4936832852219942,"id":1,"start":1344,"end":1352,"text":"AGT gene","terms":[]}]},{"id":10,"start":1441,"end":1522,"text":"However, we did not find significant association of this polymorphism with FHCM..","terms":[]}]