[{"id":0,"start":0,"end":154,"text":"A novel homozygous splice site mutation in COL7A1 in a Chinese patient with severe recessive dystrophic epidermolysis bullosa and squamous cell carcinoma.","terms":[{"ids":"UNIPROT:Q02388:T116:PRGE","score":0.6256863218134112,"id":1,"start":43,"end":49,"text":"COL7A1","terms":[]},{"ids":"UMLS:C0079294:T047:DISO","score":1.0,"id":2,"start":93,"end":125,"text":"dystrophic epidermolysis bullosa","terms":[]}]},{"id":1,"start":155,"end":394,"text":"BACKGROUND: Recessive dystrophic epidermolysis bullosa (RDEB) is an inherited blistering skin disorder caused by mutations in COL7A1 gene encoding type VII collagen, the major component of anchoring fibrils in the dermo-epidermal junction.","terms":[{"ids":"UMLS:C0079294:T047:DISO","score":1.0,"id":1,"start":177,"end":209,"text":"dystrophic epidermolysis bullosa","terms":[]},{"ids":"UMLS:C0079474:T047:DISO","score":1.0,"id":2,"start":211,"end":215,"text":"RDEB","terms":[]},{"ids":"UMLS:C0344311:T047:DISO","score":1.0,"id":3,"start":233,"end":243,"text":"blistering","terms":[]},{"ids":"UMLS:C0037274:T047:DISO","score":1.0,"id":4,"start":244,"end":257,"text":"skin disorder","terms":[]},{"ids":"UNIPROT:Q02388:T116:PRGE","score":0.8487196805550418,"id":5,"start":281,"end":292,"text":"COL7A1 gene","terms":[]},{"ids":"UNIPROT:Q02388:T116:PRGE","score":0.8487196805550418,"id":6,"start":302,"end":319,"text":"type VII collagen","terms":[]}]},{"id":2,"start":395,"end":511,"text":"The development of cutaneous squamous cell carcinoma (SCC) is one of the most serious complications of this disease.","terms":[]},{"id":3,"start":512,"end":625,"text":"We report herein a Chinese patient with the severe generalized subtype of RDEB (RDEB-sev gen) complicated by SCC.","terms":[{"ids":"UMLS:C0079474:T047:DISO|UNIPROT:Q02388:T116:PRGE","score":1.0,"id":1,"start":586,"end":590,"text":"RDEB","terms":[]},{"ids":"UNIPROT:Q02388:T116:PRGE","score":0.8390407006100401,"id":2,"start":592,"end":604,"text":"RDEB-sev gen","terms":[{"ids":"UMLS:C0079474:T047:DISO","score":1.0,"id":1,"start":592,"end":596,"text":"RDEB","terms":[]}]}]},{"id":4,"start":626,"end":745,"text":"METHODS: Skin biopsies were examined for histology, basement membrane ultrastructure, and type VII collagen expression.","terms":[{"ids":"UNIPROT:Q02388:T116:PRGE","score":0.997525713115703,"id":1,"start":716,"end":733,"text":"type VII collagen","terms":[]}]},{"id":5,"start":746,"end":899,"text":"Genomic DNA was extracted from the peripheral blood samples and subjected to polymerase chain reaction amplification and direct automated DNA sequencing.","terms":[]},{"id":6,"start":900,"end":1061,"text":"RESULTS: Histopathological examination of the patient\u0027s skin revealed an undetectable expression of type VII collagen polypeptides in the basement membrane zone.","terms":[{"ids":"UNIPROT:Q02388:T116:PRGE","score":0.8456497820731471,"id":1,"start":1000,"end":1030,"text":"type VII collagen polypeptides","terms":[]}]},{"id":7,"start":1062,"end":1229,"text":"Mutation analysis identified a novel splice site mutation in intron 64 (IVS64+5g-\u003ea) of COL7A1 gene, which resulted in an in-frame deletion of exon 64 in both alleles.","terms":[{"ids":"UNIPROT:Q02388:T116:PRGE","score":0.9854655825799375,"id":1,"start":1150,"end":1161,"text":"COL7A1 gene","terms":[]}]},{"id":8,"start":1230,"end":1449,"text":"CONCLUSIONS: This report contributes to the expanding database of COL7A1 mutations and emphasizes the need to elucidate the underlying genetic mechanisms associated with the increased incidence of SCC in RDEB patients..","terms":[{"ids":"UNIPROT:Q02388:T116:PRGE","score":0.45536256548943244,"id":1,"start":1296,"end":1312,"text":"COL7A1 mutations","terms":[]},{"ids":"UMLS:C0079474:T047:DISO","score":1.0,"id":2,"start":1434,"end":1438,"text":"RDEB","terms":[]}]}]