[{"id":0,"start":0,"end":182,"text":"A novel mutation screening system for Ehlers-Danlos Syndrome, vascular type by high-resolution melting curve analysis in combination with small amplicon genotyping using genomic DNA.","terms":[{"ids":"UMLS:C0268338:T047:DISO","score":1.0,"id":1,"start":38,"end":75,"text":"Ehlers-Danlos Syndrome, vascular type","terms":[{"ids":"UMLS:C0005847:T023:ANAT","score":1.0,"id":1,"start":62,"end":70,"text":"vascular","terms":[]}]}]},{"id":1,"start":183,"end":331,"text":"Ehlers-Danlos syndrome, vascular type (vEDS) (MIM #130050) is an autosomal dominant disorder caused by type III procollagen gene (COL3A1) mutations.","terms":[{"ids":"UMLS:C0268338:T047:DISO","score":1.0,"id":1,"start":183,"end":220,"text":"Ehlers-Danlos syndrome, vascular type","terms":[{"ids":"UMLS:C0005847:T023:ANAT","score":1.0,"id":1,"start":207,"end":215,"text":"vascular","terms":[]}]},{"ids":"UNIPROT:Q13326:T116:PRGE|UNIPROT:P38405:T116:PRGE","score":0.9471708065745212,"id":2,"start":286,"end":311,"text":"type III procollagen gene","terms":[]}]},{"id":2,"start":332,"end":459,"text":"Most COL3A1 mutations are detected by using total RNA from patient-derived fibroblasts, which requires an invasive skin biopsy.","terms":[]},{"id":3,"start":460,"end":674,"text":"High-resolution melting curve analysis (hrMCA) has recently been developed as a post-PCR mutation scanning method which enables simple, rapid, cost-effective, and highly sensitive mutation screening of large genes.","terms":[]},{"id":4,"start":675,"end":754,"text":"We established a hrMCA method to screen for COL3A1 mutations using genomic DNA.","terms":[]},{"id":5,"start":755,"end":887,"text":"PCR primers pairs for COL3A1 (52 amplicons) were designed to cover all coding regions of the 52 exons, including the splicing sites.","terms":[]},{"id":6,"start":888,"end":1000,"text":"We used 15 DNA samples (8 validation samples and 7 samples of clinically suspected vEDS patients) in this study.","terms":[]},{"id":7,"start":1001,"end":1100,"text":"The eight known COL3A1 mutations in validation samples were all successfully detected by the hrMCA.","terms":[]},{"id":8,"start":1101,"end":1297,"text":"In addition, we identified five novel COL3A1 mutations, including one deletion (c.2187delA) and one nonsense mutation (c.2992C\u003eT) that could not be determined by the conventional total RNA method.","terms":[]},{"id":9,"start":1298,"end":1526,"text":"Furthermore, we established a small amplicon genotyping (SAG) method for detecting three high frequency coding-region SNPs (rs1800255:G\u003eA, rs1801184:T\u003eC, and rs2271683:A\u003eG) in COL3A1 to differentiate mutations before sequencing.","terms":[]},{"id":10,"start":1527,"end":1666,"text":"The use of hrMCA in combination with SAG from genomic DNA enables rapid detection of COL3A1 mutations with high efficiency and specificity.","terms":[]},{"id":11,"start":1667,"end":1805,"text":"A better understanding of the genotype-phenotype correlation in COL3A1 using this method will lead to improve in diagnosis and treatment..","terms":[]}]