[{"id":0,"start":0,"end":118,"text":"A novel apolipoprotein E mutation, ApoE Osaka (Arg158 Pro), in a dyslipidemic patient with lipoprotein glomerulopathy.","terms":[{"ids":"UNIPROT:P02649:T116:PRGE","score":0.36525229929604747,"id":1,"start":8,"end":33,"text":"apolipoprotein E mutation","terms":[]},{"ids":"UNIPROT:P02649:T116:PRGE","score":0.36525229929604747,"id":2,"start":35,"end":45,"text":"ApoE Osaka","terms":[]},{"ids":"UMLS:C2673196:T047:DISO","score":1.0,"id":3,"start":91,"end":117,"text":"lipoprotein glomerulopathy","terms":[]}]},{"id":1,"start":119,"end":347,"text":"Lipoprotein glomerulopathy (LPG) is a rare disease characterized by the presence of thrombuslike deposition in markedly dilated glomerular capillaries and is often accompanied by an increased serum apolipoprotein E (apoE) level.","terms":[{"ids":"UMLS:C2673196:T047:DISO","score":1.0,"id":1,"start":119,"end":145,"text":"Lipoprotein glomerulopathy","terms":[]},{"ids":"UMLS:C2673196:T047:DISO","score":1.0,"id":2,"start":147,"end":150,"text":"LPG","terms":[]},{"ids":"UMLS:C0678236:T047:DISO","score":1.0,"id":3,"start":157,"end":169,"text":"rare disease","terms":[]},{"ids":"UMLS:C0022663:T023:ANAT","score":1.0,"id":4,"start":247,"end":257,"text":"glomerular","terms":[]},{"ids":"UMLS:C0006901:T023:ANAT","score":1.0,"id":5,"start":258,"end":269,"text":"capillaries","terms":[]},{"ids":"UNIPROT:P02649:T116:PRGE","score":0.0,"id":6,"start":317,"end":333,"text":"apolipoprotein E","terms":[]},{"ids":"UNIPROT:P02649:T116:PRGE","score":0.6431259724272982,"id":7,"start":335,"end":339,"text":"apoE","terms":[]}]},{"id":2,"start":348,"end":424,"text":"Several gene mutations of apoE have been reported to be associated with LPG.","terms":[{"ids":"UNIPROT:P02649:T116:PRGE","score":0.9032725722436891,"id":1,"start":374,"end":378,"text":"apoE","terms":[]},{"ids":"UMLS:C2673196:T047:DISO","score":1.0,"id":2,"start":420,"end":423,"text":"LPG","terms":[]}]},{"id":3,"start":425,"end":511,"text":"In the current study, we report an LPG patient with a novel apoE mutation, apoE Osaka.","terms":[{"ids":"UMLS:C2673196:T047:DISO","score":1.0,"id":1,"start":460,"end":463,"text":"LPG","terms":[]},{"ids":"UNIPROT:P02649:T116:PRGE","score":0.5056211084273105,"id":2,"start":485,"end":489,"text":"apoE","terms":[]},{"ids":"UNIPROT:P02649:T116:PRGE","score":0.5056211084273105,"id":3,"start":500,"end":504,"text":"apoE","terms":[]}]},{"id":4,"start":512,"end":593,"text":"The patient was a 45-year-old man who was hospitalized due to nephrotic syndrome.","terms":[{"ids":"UMLS:C0027726:T047:DISO","score":1.0,"id":1,"start":574,"end":592,"text":"nephrotic syndrome","terms":[]}]},{"id":5,"start":594,"end":776,"text":"Light and electron microscopic observations of renal biopsy clearly showed characteristic findings of LPG, including lamellate thrombi in the lumen of dilated glomerular capillaries.","terms":[{"ids":"UMLS:C0022646:T023:ANAT","score":1.0,"id":1,"start":641,"end":646,"text":"renal","terms":[]},{"ids":"UMLS:C2673196:T047:DISO","score":1.0,"id":2,"start":696,"end":699,"text":"LPG","terms":[]},{"ids":"UMLS:C0022663:T023:ANAT","score":1.0,"id":3,"start":753,"end":763,"text":"glomerular","terms":[]},{"ids":"UMLS:C0006901:T023:ANAT","score":1.0,"id":4,"start":764,"end":775,"text":"capillaries","terms":[]}]},{"id":6,"start":777,"end":891,"text":"His apoE phenotype was apoE3/2 and he had mild dyslipidemia with a mid-band on polyacrylamide gel electrophoresis.","terms":[{"ids":"UNIPROT:P02649:T116:PRGE","score":0.7871889490739361,"id":1,"start":781,"end":785,"text":"apoE","terms":[]},{"ids":"UMLS:C0242339:T047:DISO","score":1.0,"id":2,"start":824,"end":836,"text":"dyslipidemia","terms":[]}]},{"id":7,"start":892,"end":960,"text":"It is intriguing that the serum apoE level was within normal limits.","terms":[{"ids":"UNIPROT:P02649:T116:PRGE","score":0.9835491583412002,"id":1,"start":924,"end":928,"text":"apoE","terms":[]}]},{"id":8,"start":961,"end":1077,"text":"We determined the sequence of the apoE gene using direct sequencing of the polymerase chain reaction (PCR) products.","terms":[{"ids":"UNIPROT:P02649:T116:PRGE","score":0.995674387031922,"id":1,"start":995,"end":1004,"text":"apoE gene","terms":[]}]},{"id":9,"start":1078,"end":1163,"text":"ApoE gene analysis showed a nucleotide substitution of G to C at codon 158 of exon 4.","terms":[{"ids":"UNIPROT:P02649:T116:PRGE","score":0.884392169974203,"id":1,"start":1078,"end":1087,"text":"ApoE gene","terms":[]}]},{"id":10,"start":1164,"end":1281,"text":"This mutation denoted an amino acid substitution of arginine residue for the proline residue at position 158 of apoE.","terms":[{"ids":"UNIPROT:P02649:T116:PRGE","score":0.9918967934368796,"id":1,"start":1276,"end":1280,"text":"apoE","terms":[]}]},{"id":11,"start":1282,"end":1416,"text":"The result of PCR associated with restriction fragment length polymorphism analysis also suggested that this mutation is heterozygous.","terms":[]},{"id":12,"start":1417,"end":1630,"text":"It is possible that apoE Osaka mutation causes a conformational change of apoE protein and affects the interaction between abnormal apoE-containing lipoproteins and the endothelial cells of glomerular capillaries.","terms":[{"ids":"UNIPROT:P02649:T116:PRGE","score":0.8294117852081312,"id":1,"start":1437,"end":1456,"text":"apoE Osaka mutation","terms":[]},{"ids":"UNIPROT:P02649:T116:PRGE","score":0.8294117852081312,"id":2,"start":1491,"end":1503,"text":"apoE protein","terms":[]},{"ids":"UNIPROT:P02649:T116:PRGE","score":0.8294117852081312,"id":3,"start":1549,"end":1577,"text":"apoE-containing lipoproteins","terms":[]},{"ids":"UMLS:C0022663:T023:ANAT","score":1.0,"id":4,"start":1607,"end":1617,"text":"glomerular","terms":[]},{"ids":"UMLS:C0006901:T023:ANAT","score":1.0,"id":5,"start":1618,"end":1629,"text":"capillaries","terms":[]}]},{"id":13,"start":1631,"end":1720,"text":"The precise mechanism of LPG related with apoE Osaka, however, remains to be elucidated..","terms":[{"ids":"UMLS:C2673196:T047:DISO","score":1.0,"id":1,"start":1656,"end":1659,"text":"LPG","terms":[]},{"ids":"UNIPROT:P02649:T116:PRGE","score":0.39786443794632464,"id":2,"start":1673,"end":1677,"text":"apoE","terms":[]}]}]