[{"id":0,"start":0,"end":129,"text":"Monoallelic thyroid peroxidase gene mutation in a patient with congenital hypothyroidism with total iodide organification defect.","terms":[{"ids":"UNIPROT:P40225:T116:PRGE","score":0.6638412704461775,"id":1,"start":12,"end":35,"text":"thyroid peroxidase gene","terms":[{"ids":"UMLS:C0040132:T023:ANAT","score":1.0,"id":1,"start":12,"end":19,"text":"thyroid","terms":[]}]},{"ids":"UMLS:C0010308:T047:DISO|UMLS:C0342200:T047:DISO","score":1.0,"id":2,"start":63,"end":88,"text":"congenital hypothyroidism","terms":[]},{"ids":"UMLS:C1861101:T047:DISO","score":1.0,"id":3,"start":122,"end":128,"text":"defect","terms":[]}]},{"id":1,"start":130,"end":302,"text":"The aim of this study was to identify the genetic defect of a patient with dyshormonogenetic congenital hypothyroidisms (CH) with total iodide organification defect (TIOD).","terms":[{"ids":"UMLS:C1861101:T047:DISO","score":1.0,"id":1,"start":180,"end":186,"text":"defect","terms":[]},{"ids":"UMLS:C0020676:T047:DISO","score":1.0,"id":2,"start":234,"end":249,"text":"hypothyroidisms","terms":[]},{"ids":"UMLS:C1861101:T047:DISO","score":1.0,"id":3,"start":288,"end":294,"text":"defect","terms":[]}]},{"id":2,"start":303,"end":360,"text":"A male child diagnosed with CH during neonatal screening.","terms":[]},{"id":3,"start":361,"end":452,"text":"Laboratory tests confirmed the permanent and severe CH with TIOD (99% perchlorate release).","terms":[]},{"id":4,"start":453,"end":565,"text":"The coding sequence of TPO, DUOX2, and DUOXA2 genes and 2957 base pairs (bp) of the TPO promoter were sequenced.","terms":[{"ids":"UNIPROT:P48047:T116:PRGE|UNIPROT:P40225:T116:PRGE","score":0.691869262054204,"id":1,"start":476,"end":479,"text":"TPO","terms":[]},{"ids":"UNIPROT:Q9NRD8:T116:PRGE","score":0.691869262054204,"id":2,"start":481,"end":486,"text":"DUOX2","terms":[]},{"ids":"UNIPROT:Q1HG44:T116:PRGE","score":0.691869262054204,"id":3,"start":492,"end":504,"text":"DUOXA2 genes","terms":[]},{"ids":"UNIPROT:P48047:T116:PRGE|UNIPROT:P40225:T116:PRGE","score":0.691869262054204,"id":4,"start":537,"end":549,"text":"TPO promoter","terms":[]}]},{"id":5,"start":566,"end":694,"text":"Molecular analysis of patient\u0027s DNA identified the heterozygous duplication GGCC (c.1186_1187insGGCC) in exon 8 of the TPO gene.","terms":[{"ids":"UNIPROT:P48047:T116:PRGE|UNIPROT:P40225:T116:PRGE","score":0.7671560799067512,"id":1,"start":685,"end":693,"text":"TPO gene","terms":[]}]},{"id":6,"start":695,"end":791,"text":"No additional mutation was detected either in the TPO gene, TPO promoter, DUOX2 or DUOXA2 genes.","terms":[{"ids":"UNIPROT:P48047:T116:PRGE|UNIPROT:P40225:T116:PRGE","score":0.7766119677665896,"id":1,"start":745,"end":753,"text":"TPO gene","terms":[]},{"ids":"UNIPROT:P48047:T116:PRGE|UNIPROT:P40225:T116:PRGE","score":0.7766119677665896,"id":2,"start":755,"end":767,"text":"TPO promoter","terms":[]},{"ids":"UNIPROT:Q9NRD8:T116:PRGE","score":0.7766119677665896,"id":3,"start":769,"end":774,"text":"DUOX2","terms":[]},{"ids":"UNIPROT:Q1HG44:T116:PRGE","score":0.7766119677665896,"id":4,"start":778,"end":790,"text":"DUOXA2 genes","terms":[]}]},{"id":7,"start":792,"end":899,"text":"We have described a patient with a clear TIOD causing severe goitrous CH due to a monoallelic TPO mutation.","terms":[{"ids":"UNIPROT:P48047:T116:PRGE|UNIPROT:P40225:T116:PRGE","score":0.7608352190996033,"id":1,"start":886,"end":889,"text":"TPO","terms":[]}]},{"id":8,"start":900,"end":1064,"text":"A plausible explanation for the association between an autosomal recessive disorder with a single TPO-mutated allele is the presence of monoallelic TPO expression..","terms":[{"ids":"UNIPROT:P48047:T116:PRGE|UNIPROT:P40225:T116:PRGE","score":0.5569986498608975,"id":1,"start":998,"end":1016,"text":"TPO-mutated allele","terms":[]},{"ids":"UNIPROT:P48047:T116:PRGE|UNIPROT:P40225:T116:PRGE","score":0.5569986498608975,"id":2,"start":1048,"end":1051,"text":"TPO","terms":[]}]}]