[{"id":0,"start":0,"end":102,"text":"Mutation screening of the GUCA1B gene in patients with autosomal dominant cone and cone rod dystrophy.","terms":[{"ids":"UNIPROT:Q9UMX6:T116:PRGE","score":0.977016069056343,"id":1,"start":26,"end":37,"text":"GUCA1B gene","terms":[]},{"ids":"UMLS:C0035334:T047:DISO","score":1.0,"id":2,"start":83,"end":101,"text":"cone rod dystrophy","terms":[]}]},{"id":1,"start":103,"end":281,"text":"Background: Heterozygous mutations in GUCA1A (MIM # 600364) have been identified to cause autosomal dominantly inherited cone dystrophy, cone rod dystrophy and macular dystrophy.","terms":[{"ids":"UNIPROT:P43080:T116:PRGE","score":0.5476981689139291,"id":1,"start":141,"end":147,"text":"GUCA1A","terms":[]},{"ids":"UNIPROT:O43312:T116:PRGE","score":0.5476981689139291,"id":2,"start":149,"end":152,"text":"MIM","terms":[]},{"ids":"UMLS:C0730290:T047:DISO","score":1.0,"id":3,"start":224,"end":238,"text":"cone dystrophy","terms":[]},{"ids":"UMLS:C0035334:T047:DISO","score":1.0,"id":4,"start":240,"end":258,"text":"cone rod dystrophy","terms":[]},{"ids":"UMLS:C0242383:T047:DISO|UMLS:C0730292:T047:DISO","score":1.0,"id":5,"start":263,"end":280,"text":"macular dystrophy","terms":[]}]},{"id":2,"start":282,"end":377,"text":"However, the role of GUCA1B gene mutations in inherited retinal disease has been controversial.","terms":[{"ids":"UNIPROT:Q9UMX6:T116:PRGE","score":0.7641508749860112,"id":1,"start":303,"end":314,"text":"GUCA1B gene","terms":[]},{"ids":"UMLS:C0035309:T047:DISO","score":1.0,"id":2,"start":338,"end":353,"text":"retinal disease","terms":[{"ids":"UMLS:C0035298:T023:ANAT","score":1.0,"id":1,"start":338,"end":345,"text":"retinal","terms":[]}]}]},{"id":3,"start":378,"end":618,"text":"We therefore performed a mutation analysis of the GUCA1B gene in a clinically well characterized group of patients of European and North-American geographical origin with autosomal dominantly inherited cone dystrophy and cone rod dystrophy.","terms":[{"ids":"UNIPROT:Q9UMX6:T116:PRGE","score":0.9673892064462708,"id":1,"start":428,"end":439,"text":"GUCA1B gene","terms":[]},{"ids":"UMLS:C0730290:T047:DISO","score":1.0,"id":2,"start":580,"end":594,"text":"cone dystrophy","terms":[]},{"ids":"UMLS:C0035334:T047:DISO","score":1.0,"id":3,"start":599,"end":617,"text":"cone rod dystrophy","terms":[]}]},{"id":4,"start":619,"end":872,"text":"Material and Methods: Twenty-four unrelated patients diagnosed with cone dystrophy or cone rod dystrophy according to standard diagnostic criteria and a family history consistent with an autosomal dominant mode of inheritance were included in the study.","terms":[{"ids":"UMLS:C0730290:T047:DISO","score":1.0,"id":1,"start":687,"end":701,"text":"cone dystrophy","terms":[]},{"ids":"UMLS:C0035334:T047:DISO","score":1.0,"id":2,"start":705,"end":723,"text":"cone rod dystrophy","terms":[]}]},{"id":5,"start":873,"end":1032,"text":"Mutation analysis of all coding exons of the GUCA1B gene was performed by polymerase chain reaction amplification of genomic DNA and subsequent DNA sequencing.","terms":[{"ids":"UNIPROT:Q9UMX6:T116:PRGE","score":0.8754948537984747,"id":1,"start":918,"end":929,"text":"GUCA1B gene","terms":[]}]},{"id":6,"start":1033,"end":1122,"text":"Results: Three different sequence variants, c.-17T\u003eC, c.171T\u003eC, c.465G\u003eT were identified.","terms":[]},{"id":7,"start":1123,"end":1278,"text":"The sequence variant c.465G\u003eT encodes a conservative amino acid substitution, p.Glu155Asp, located in EF-hand 4, the calcium binding site of GCAP2 protein.","terms":[{"ids":"UMLS:C0018563:T023:ANAT","score":1.0,"id":1,"start":1228,"end":1232,"text":"hand","terms":[]},{"ids":"UNIPROT:Q9UMX6:T116:PRGE","score":0.5427739235376995,"id":2,"start":1264,"end":1277,"text":"GCAP2 protein","terms":[]}]},{"id":8,"start":1279,"end":1346,"text":"All sequence variants were previously reported in healthy subjects.","terms":[]},{"id":9,"start":1347,"end":1539,"text":"Conclusion: The absence of clearly pathogenic mutations in the selected patient group suggests that the GUCA1B gene is a minor cause for retinal degenerations in Europeans or North-Americans..","terms":[{"ids":"UNIPROT:Q9UMX6:T116:PRGE","score":0.9544089566451637,"id":1,"start":1451,"end":1462,"text":"GUCA1B gene","terms":[]},{"ids":"UMLS:C0035304:T047:DISO","score":1.0,"id":2,"start":1484,"end":1505,"text":"retinal degenerations","terms":[{"ids":"UMLS:C0035298:T023:ANAT","score":1.0,"id":1,"start":1484,"end":1491,"text":"retinal","terms":[]}]}]}]