[{"id":0,"start":0,"end":135,"text":"Alteration in the gene encoding protein tyrosine phosphatase nonreceptor type 6 (PTPN6/SHP1) may contribute to neutrophilic dermatoses.","terms":[{"ids":"UNIPROT:P35236:T116:PRGE|UNIPROT:P60484:T116:PRGE|UNIPROT:P26045:T116:PRGE|UNIPROT:P24666:T116:PRGE|UNIPROT:Q05209:T116:PRGE|UNIPROT:Q16827:T116:PRGE|UNIPROT:P17706:T116:PRGE|UNIPROT:Q15262:T116:PRGE|UNIPROT:Q05923:T116:PRGE|UNIPROT:Q12974:T116:PRGE|UNIPROT:A2A3K4:T116:PRGE|UNIPROT:Q16690:T116:PRGE","score":0.43038213143795456,"id":1,"start":32,"end":60,"text":"protein tyrosine phosphatase","terms":[]},{"ids":"UNIPROT:Q13326:T116:PRGE|UNIPROT:P38405:T116:PRGE","score":0.43038213143795456,"id":2,"start":61,"end":79,"text":"nonreceptor type 6","terms":[]},{"ids":"UNIPROT:P29350:T116:PRGE","score":0.43038213143795456,"id":3,"start":81,"end":86,"text":"PTPN6","terms":[]},{"ids":"UNIPROT:P29350:T116:PRGE|UNIPROT:Q15466:T116:PRGE","score":0.43038213143795456,"id":4,"start":87,"end":91,"text":"SHP1","terms":[]},{"ids":"UMLS:C0037274:T047:DISO","score":1.0,"id":5,"start":124,"end":134,"text":"dermatoses","terms":[]}]},{"id":1,"start":136,"end":391,"text":"We have found a B2 repeat insertion in the gene encoding protein tyrosine phosphatase nonreceptor type 6 (PTPN6) in a mouse that developed a skin disorder with clinical and histopathological features resembling those seen in human neutrophilic dermatoses.","terms":[{"ids":"UMLS:C0507114:T023:ANAT","score":1.0,"id":1,"start":152,"end":154,"text":"B2","terms":[]},{"ids":"UNIPROT:P35236:T116:PRGE|UNIPROT:P60484:T116:PRGE|UNIPROT:P26045:T116:PRGE|UNIPROT:P24666:T116:PRGE|UNIPROT:Q05209:T116:PRGE|UNIPROT:Q16827:T116:PRGE|UNIPROT:P17706:T116:PRGE|UNIPROT:Q15262:T116:PRGE|UNIPROT:Q05923:T116:PRGE|UNIPROT:Q12974:T116:PRGE|UNIPROT:A2A3K4:T116:PRGE|UNIPROT:Q16690:T116:PRGE","score":0.0,"id":2,"start":193,"end":240,"text":"protein tyrosine phosphatase nonreceptor type 6","terms":[{"ids":"UNIPROT:Q13326:T116:PRGE|UNIPROT:P38405:T116:PRGE","score":0.419652626998019,"id":1,"start":222,"end":240,"text":"nonreceptor type 6","terms":[]}]},{"ids":"UNIPROT:P29350:T116:PRGE","score":0.419652626998019,"id":3,"start":242,"end":247,"text":"PTPN6","terms":[]},{"ids":"UMLS:C0037274:T047:DISO","score":1.0,"id":4,"start":277,"end":290,"text":"skin disorder","terms":[]},{"ids":"UMLS:C0037274:T047:DISO","score":1.0,"id":5,"start":380,"end":390,"text":"dermatoses","terms":[]}]},{"id":2,"start":392,"end":546,"text":"Neutrophilic dermatoses are a group of complex heterogeneous autoinflammatory diseases that all demonstrate excessive neutrophil infiltration of the skin.","terms":[{"ids":"UMLS:C0037274:T047:DISO","score":1.0,"id":1,"start":405,"end":415,"text":"dermatoses","terms":[]}]},{"id":3,"start":547,"end":745,"text":"Therefore, we tested the cDNA and genomic DNA sequences of PTPN6 from patients with Sweet\u0027s syndrome (SW) and pyoderma gangrenosum and found numerous novel splice variants in different combinations.","terms":[{"ids":"UNIPROT:P29350:T116:PRGE","score":0.9192167495313757,"id":1,"start":606,"end":611,"text":"PTPN6","terms":[]},{"ids":"UMLS:C0085077:T047:DISO","score":1.0,"id":2,"start":631,"end":647,"text":"Sweet\u0027s syndrome","terms":[]},{"ids":"UMLS:C0085652:T047:DISO","score":1.0,"id":3,"start":657,"end":677,"text":"pyoderma gangrenosum","terms":[]}]},{"id":4,"start":746,"end":1012,"text":"Isoforms resulting from deletions of exons 2, 5, 11, and 15 and retention of intron 1 or 5 were the most common in a patients with a familial case of SW, who had a neonatal onset of an inflammatory disorder with skin lesions and a biopsy specimen consistent with SW.","terms":[{"ids":"UMLS:C1290884:T047:DISO","score":1.0,"id":1,"start":931,"end":952,"text":"inflammatory disorder","terms":[]}]},{"id":5,"start":1013,"end":1156,"text":"These isoforms were associated with a heterozygous E441G mutation and a heterozygous 1.7-kbp deletion in the promoter region of the PTPN6 gene.","terms":[{"ids":"UNIPROT:P29350:T116:PRGE","score":0.727068939120887,"id":1,"start":1145,"end":1155,"text":"PTPN6 gene","terms":[]}]},{"id":6,"start":1157,"end":1428,"text":"Although full-length PTPN6 was detected in all other patients with either pyoderma gangrenosum or SW, it was always associated with splice variants: a partial deletion of exon 4 with the complete deletion of exon 5, alterations that were not detected in healthy controls.","terms":[{"ids":"UNIPROT:P29350:T116:PRGE","score":0.7814979005435327,"id":1,"start":1166,"end":1183,"text":"full-length PTPN6","terms":[]},{"ids":"UMLS:C0085652:T047:DISO","score":1.0,"id":2,"start":1231,"end":1251,"text":"pyoderma gangrenosum","terms":[]}]},{"id":7,"start":1429,"end":1614,"text":"The defect in transcriptional regulation of the hematopoietic PTPN6 appears to be involved in the pathogenesis of certain subsets of the heterogeneous group of neutrophilic dermatoses..","terms":[{"ids":"UMLS:C1861101:T047:DISO","score":1.0,"id":1,"start":1433,"end":1439,"text":"defect","terms":[]},{"ids":"UNIPROT:P29350:T116:PRGE","score":0.8680930216710173,"id":2,"start":1477,"end":1496,"text":"hematopoietic PTPN6","terms":[]},{"ids":"UMLS:C0037274:T047:DISO","score":1.0,"id":3,"start":1602,"end":1612,"text":"dermatoses","terms":[]}]}]