[{"id":0,"start":0,"end":144,"text":"Multilocus association of genetic variants in MLL, CREBBP, EP300, and TOP2A with childhood acute lymphoblastic leukemia in Hispanics from Texas.","terms":[{"ids":"UNIPROT:O60861:T116:PRGE|UNIPROT:Q03164:T116:PRGE","score":0.508656978254653,"id":1,"start":46,"end":49,"text":"MLL","terms":[]},{"ids":"UNIPROT:Q92793:T116:PRGE","score":0.508656978254653,"id":2,"start":51,"end":57,"text":"CREBBP","terms":[]},{"ids":"UNIPROT:Q09472:T116:PRGE","score":0.508656978254653,"id":3,"start":59,"end":64,"text":"EP300","terms":[]},{"ids":"UNIPROT:Q02880:T116:PRGE","score":0.508656978254653,"id":4,"start":70,"end":75,"text":"TOP2A","terms":[]}]},{"id":1,"start":145,"end":263,"text":"BACKGROUND: Hispanic children have both a higher incidence and a poorer outcome in acute lymphoblastic leukemia (ALL).","terms":[]},{"id":2,"start":264,"end":469,"text":"Moreover, a higher incidence for therapy-related acute myeloid leukemia with 11q23 translocations after treatment with topoisomerase II (topo II) inhibitors has been observed in Hispanic children with ALL.","terms":[{"ids":"UNIPROT:Q06430:T116:PRGE|UNIPROT:P20062:T116:PRGE|UNIPROT:Q8NFS9:T116:PRGE|UNIPROT:P32241:T116:PRGE|UNIPROT:P04233:T116:PRGE|UNIPROT:Q10469:T116:PRGE|UNIPROT:Q7Z7C8:T116:PRGE|UNIPROT:Q8N0V5:T116:PRGE","score":0.7125050924989484,"id":1,"start":383,"end":399,"text":"topoisomerase II","terms":[]},{"ids":"UNIPROT:Q06430:T116:PRGE|UNIPROT:P20062:T116:PRGE|UNIPROT:Q8NFS9:T116:PRGE|UNIPROT:P32241:T116:PRGE|UNIPROT:P04233:T116:PRGE|UNIPROT:Q10469:T116:PRGE|UNIPROT:Q7Z7C8:T116:PRGE|UNIPROT:Q8N0V5:T116:PRGE","score":0.7125050924989484,"id":2,"start":401,"end":408,"text":"topo II","terms":[]}]},{"id":3,"start":470,"end":835,"text":"We sought to determine the potential role of genetic variants within the topoisomerase IIa gene (TOP2A), within the mixed lineage leukemia gene (MLL) and two of its translocation partners, cyclin AMP response element-binding protein gene (CREBBP) and E1A binding protein gene (EP300) in the increased sensitivity of Hispanic children with ALL to topo II inhibitors.","terms":[{"ids":"UNIPROT:Q9H3M7:T116:PRGE","score":0.6666599476319016,"id":1,"start":543,"end":565,"text":"topoisomerase IIa gene","terms":[]},{"ids":"UNIPROT:Q02880:T116:PRGE","score":0.6666599476319016,"id":2,"start":567,"end":572,"text":"TOP2A","terms":[]},{"ids":"UNIPROT:Q03164:T116:PRGE","score":0.0,"id":3,"start":586,"end":613,"text":"mixed lineage leukemia gene","terms":[]},{"ids":"UNIPROT:O60861:T116:PRGE|UNIPROT:Q03164:T116:PRGE","score":0.6666599476319016,"id":4,"start":615,"end":618,"text":"MLL","terms":[]},{"ids":"UNIPROT:P12004:T116:PRGE|UNIPROT:P24385:T116:PRGE","score":0.6666599476319016,"id":5,"start":659,"end":707,"text":"cyclin AMP response element-binding protein gene","terms":[]},{"ids":"UNIPROT:Q92793:T116:PRGE","score":0.6666599476319016,"id":6,"start":709,"end":715,"text":"CREBBP","terms":[]},{"ids":"UNIPROT:Q06481:T116:PRGE","score":0.6666599476319016,"id":7,"start":721,"end":745,"text":"E1A binding protein gene","terms":[]},{"ids":"UNIPROT:Q09472:T116:PRGE","score":0.6666599476319016,"id":8,"start":747,"end":752,"text":"EP300","terms":[]}]},{"id":4,"start":836,"end":1041,"text":"METHODS: Fifty-two tagged single nucleotide polymorphisms (SNP) covering the four genes were genotyped in 241 samples (66 children with ALL and 175 age matched controls) of self-identified Hispanic origin.","terms":[]},{"id":5,"start":1042,"end":1216,"text":"RESULTS: Two SNPs within MLL (rs525549 and rs6589664) and three SNPs within EP300 (rs5758222, rs7286979, and rs20551) were significantly associated with ALL (P \u003d 0.001-0.04).","terms":[{"ids":"UNIPROT:O60861:T116:PRGE|UNIPROT:Q03164:T116:PRGE","score":0.4610046107509227,"id":1,"start":1067,"end":1070,"text":"MLL","terms":[]}]},{"id":6,"start":1217,"end":1430,"text":"A significant gene-dosage effect for increasing numbers of potential high-risk genotypes (OR \u003d 16.66; P \u003d 2   10(-5)) and a major haplotype significantly associated with ALL (OR \u003d 5.68; P \u003d 2   10(-6)) were found.","terms":[]},{"id":7,"start":1431,"end":1586,"text":"Replication in a sample of 137 affected White children and 239 controls showed that only rs6589664 (MLL) was significantly associated in this ethnic group.","terms":[{"ids":"UNIPROT:O60861:T116:PRGE|UNIPROT:Q03164:T116:PRGE","score":0.6713928559134292,"id":1,"start":1520,"end":1535,"text":"rs6589664 (MLL)","terms":[]}]},{"id":8,"start":1587,"end":1727,"text":"CONCLUSIONS: Our findings indicate that the association between ALL and common genetic variants within MLL and EP300 is population specific.","terms":[{"ids":"UNIPROT:O60861:T116:PRGE|UNIPROT:Q03164:T116:PRGE","score":0.3830614948788572,"id":1,"start":1690,"end":1693,"text":"MLL","terms":[]}]},{"id":9,"start":1728,"end":1951,"text":"IMPACT: Replication of our findings in independent Hispanic populations is warranted to elucidate the role of these variants in ALL susceptibility and define their importance in the ethnic specific differences in ALL risk..","terms":[{"ids":"UNIPROT:P11274:T116:PRGE|UNIPROT:P78363:T116:PRGE","score":0.9962233331728848,"id":1,"start":1856,"end":1874,"text":"ALL susceptibility","terms":[]}]}]