[{"id":0,"start":0,"end":95,"text":"Screening and cell-based assessment of mutations in the Aristaless-related homeobox (ARX) gene.","terms":[{"ids":"UNIPROT:Q96QS3:T116:PRGE","score":0.5271974783688467,"id":1,"start":56,"end":94,"text":"Aristaless-related homeobox (ARX) gene","terms":[]}]},{"id":1,"start":96,"end":253,"text":"ARX mutations cause a diverse spectrum of human disorders, ranging from severe brain and genital malformations to non-syndromic intellectual disability (ID).","terms":[{"ids":"UNIPROT:Q9UBT2:T116:PRGE|UNIPROT:Q96QS3:T116:PRGE","score":0.4325245838813061,"id":1,"start":96,"end":99,"text":"ARX","terms":[]},{"ids":"UMLS:C0006104:T023:ANAT","score":1.0,"id":2,"start":175,"end":180,"text":"brain","terms":[]}]},{"id":2,"start":254,"end":409,"text":"ARX is a transcription factor with multiple domains that include four polyalanine (pA) tracts, the first two of which are frequently expanded by mutations.","terms":[{"ids":"UNIPROT:Q9UBT2:T116:PRGE|UNIPROT:Q96QS3:T116:PRGE","score":0.5980234983603039,"id":1,"start":254,"end":257,"text":"ARX","terms":[]},{"ids":"UMLS:C1185740:T023:ANAT","score":1.0,"id":2,"start":341,"end":347,"text":"tracts","terms":[]}]},{"id":3,"start":410,"end":594,"text":"We progressively screened DNA samples from 613 individuals with ID initially for the most frequent ARX mutations (c.304ins(GCG)(7)\u0027expansion\u0027 of pA1 and c.429_452dup \u0027dup24bp\u0027 of pA2).","terms":[{"ids":"UNIPROT:P01275:T116:PRGE","score":0.33977105938962243,"id":1,"start":533,"end":536,"text":"GCG","terms":[]},{"ids":"UNIPROT:Q9BTK6:T116:PRGE","score":0.33977105938962243,"id":2,"start":555,"end":558,"text":"pA1","terms":[]}]},{"id":4,"start":595,"end":800,"text":"Five hundred samples without pA1 or pA2 mutations had the entire ARX ORF screened by single stranded polymorphism conformation (SSCP) and/or denaturing high pressure liquid chromatography (dHPLC) analysis.","terms":[{"ids":"UNIPROT:Q9UBT2:T116:PRGE|UNIPROT:Q96QS3:T116:PRGE","score":0.7984654050210109,"id":1,"start":660,"end":667,"text":"ARX ORF","terms":[{"ids":"UMLS:C0013570:T047:DISO","score":1.0,"id":1,"start":664,"end":667,"text":"ORF","terms":[]}]}]},{"id":5,"start":801,"end":1158,"text":"Overall, eight families with six mutations in ARX were identified (1.31%): five duplication mutations in pA2 (0.82%) with three new clinical reports of families with the dup24bp and two duplications larger than the dup24bp mutation discovered (dup27bp, dup33bp); and three point mutations (0.6%), including one novel mutation in the homeodomain (c.1074G\u003eT).","terms":[{"ids":"UNIPROT:Q9UBT2:T116:PRGE|UNIPROT:Q96QS3:T116:PRGE","score":0.10071684684201257,"id":1,"start":847,"end":850,"text":"ARX","terms":[]}]},{"id":6,"start":1159,"end":1330,"text":"Four ultraconserved regions distal to ARX (uc466-469) were also screened in a subset of 94 patients, with three unique nucleotide changes identified in two (uc466, uc467).","terms":[]},{"id":7,"start":1331,"end":1417,"text":"The subcellular localization of full length ARX proteins was assessed for 11 variants.","terms":[]},{"id":8,"start":1418,"end":1552,"text":"Protein mislocalization increased as a function of pA2 tract length and phenotypic severity, as has been previously suggested for pA1.","terms":[{"ids":"UMLS:C1185740:T023:ANAT","score":1.0,"id":1,"start":1473,"end":1478,"text":"tract","terms":[]},{"ids":"UNIPROT:Q9BTK6:T116:PRGE","score":0.5270952062927431,"id":2,"start":1548,"end":1551,"text":"pA1","terms":[]}]},{"id":9,"start":1553,"end":1724,"text":"Similarly, protein mislocalization of the homeodomain mutations also correlated with clinical severity, suggesting an emerging genotype vs cellular phenotype correlation..","terms":[]}]