[{"id":0,"start":0,"end":159,"text":"C10ORF97 is a novel tumor-suppressor gene of non-small-cell lung cancer and a functional variant of this gene increases the risk of non-small-cell lung cancer.","terms":[{"ids":"UMLS:C0024109:T023:ANAT","score":1.0,"id":1,"start":60,"end":64,"text":"lung","terms":[]},{"ids":"UMLS:C0024109:T023:ANAT","score":1.0,"id":2,"start":147,"end":151,"text":"lung","terms":[]}]},{"id":1,"start":160,"end":423,"text":"In an earlier study we showed that C10ORF97 (chromosome-10, open reading frame-97) was expressed in almost all of the tissues and cell lines tested, and that it inhibited the growth of seven tumor cell lines, including two lung carcinoma cell lines (A549 and PG).","terms":[{"ids":"UMLS:C0024109:T023:ANAT","score":1.0,"id":1,"start":383,"end":387,"text":"lung","terms":[]}]},{"id":2,"start":424,"end":547,"text":"Here, we show that C10ORF97 is downregulated in non-small-cell lung cancer (NSCLC) tissue compared with normal lung tissue.","terms":[{"ids":"UMLS:C0024109:T023:ANAT","score":1.0,"id":1,"start":487,"end":491,"text":"lung","terms":[]},{"ids":"UMLS:C0024109:T023:ANAT","score":1.0,"id":2,"start":535,"end":539,"text":"lung","terms":[]}]},{"id":3,"start":548,"end":738,"text":"Overexpression of C10ORF97 significantly suppressed human lung carcinoma A549 cell growth (proliferation and anchorage-independent growth in soft agar) and motility (migration and adhesion).","terms":[{"ids":"UMLS:C0024109:T023:ANAT","score":1.0,"id":1,"start":606,"end":610,"text":"lung","terms":[]}]},{"id":4,"start":739,"end":809,"text":"This tumor-suppressive function of C10ORF97 was also verified in vivo.","terms":[]},{"id":5,"start":810,"end":975,"text":"We further found that C10ORF97 caused G(1) arrest of A549 cells and modulated the expression level of several cell-cycle regulators (such as CDK2, cyclin-E and p27).","terms":[{"ids":"UNIPROT:P24941:T116:PRGE","score":0.9824151592723198,"id":1,"start":951,"end":955,"text":"CDK2","terms":[]},{"ids":"UNIPROT:P12004:T116:PRGE|UNIPROT:P24385:T116:PRGE","score":0.9824151592723198,"id":2,"start":957,"end":965,"text":"cyclin-E","terms":[]},{"ids":"UNIPROT:P40305:T116:PRGE","score":0.9824151592723198,"id":3,"start":970,"end":973,"text":"p27","terms":[]}]},{"id":6,"start":976,"end":1194,"text":"These effects of C10ORF97 were mediated by physical association between C10ORF97 and Jun-activating domain-binding protein-1 (JAB1), and blocking of JAB1-mediated translocation of p27 from the nucleus to the cytoplasm.","terms":[{"ids":"UNIPROT:P05412:T116:PRGE","score":0.5404364638321387,"id":1,"start":1061,"end":1100,"text":"Jun-activating domain-binding protein-1","terms":[]},{"ids":"UNIPROT:Q92905:T116:PRGE","score":0.5404364638321387,"id":2,"start":1102,"end":1106,"text":"JAB1","terms":[]},{"ids":"UNIPROT:Q92905:T116:PRGE","score":0.5404364638321387,"id":3,"start":1125,"end":1129,"text":"JAB1","terms":[]},{"ids":"UNIPROT:P40305:T116:PRGE","score":0.5404364638321387,"id":4,"start":1156,"end":1159,"text":"p27","terms":[]}]},{"id":7,"start":1195,"end":1359,"text":"Together, these results indicated that C10ORF97 functions as a novel tumor suppressor by modulating several key G(1)/S-regulatory proteins by interacting with JAB1.","terms":[{"ids":"UNIPROT:Q92905:T116:PRGE","score":0.7194312741074231,"id":1,"start":1354,"end":1358,"text":"JAB1","terms":[]}]},{"id":8,"start":1360,"end":1539,"text":"These findings led us to hypothesize that a single-nucleotide polymorphism (SNP) in the C10ORF97 gene that affects its expression might be associated with susceptibility to NSCLC.","terms":[]},{"id":9,"start":1540,"end":1685,"text":"SNP216 C\u003eT (rs2297882) in the C10ORF97 Kozak sequence was identified, and allele T of SNP216 suppressed C10ORF97 expression in vitro and in vivo.","terms":[]},{"id":10,"start":1686,"end":1852,"text":"Furthermore, the TT genotype of SNP216 was associated with an increased risk of NSCLC (adjusted odds ratio\u003d1.73 (95% confidence interval: 1.33-2.25), P\u003d4.6   10(-5)).","terms":[]},{"id":11,"start":1853,"end":1986,"text":"These data indicated that C10ORF97 is a tumor suppressor of NSCLC progression and C10ORF97-SNP216 may serve as a predictor of NSCLC..","terms":[]}]