[{"id":0,"start":0,"end":103,"text":"Chasing the ubiquitous RET proto-oncogene in South African MEN2 families--implications for the surgeon.","terms":[{"ids":"UNIPROT:P07949:T116:PRGE","score":0.6303585160803129,"id":1,"start":23,"end":41,"text":"RET proto-oncogene","terms":[]}]},{"id":1,"start":104,"end":230,"text":"The RET proto-oncogene (REarranged during Transfection; RET) plays an important role in the causation of many thyroid tumours.","terms":[{"ids":"UNIPROT:P07949:T116:PRGE","score":0.9356063490072426,"id":1,"start":108,"end":126,"text":"RET proto-oncogene","terms":[]},{"ids":"UMLS:C0040132:T023:ANAT","score":1.0,"id":2,"start":214,"end":221,"text":"thyroid","terms":[]}]},{"id":2,"start":231,"end":425,"text":"Germline RET proto-oncogene missense mutations have been clearly linked to medullary thyroid carcinoma (MTC) and the inherited cancer syndrome multiple endocrine neoplasia type 2 (MEN2A, MEN2B).","terms":[{"ids":"UNIPROT:P07949:T116:PRGE","score":0.6008268729487947,"id":1,"start":240,"end":258,"text":"RET proto-oncogene","terms":[]},{"ids":"UMLS:C0001629:T023:ANAT|UMLS:C0025148:T023:ANAT","score":1.0,"id":2,"start":306,"end":315,"text":"medullary","terms":[]},{"ids":"UMLS:C0040132:T023:ANAT","score":1.0,"id":3,"start":316,"end":323,"text":"thyroid","terms":[]},{"ids":"UMLS:C0039082:T047:DISO","score":1.0,"id":4,"start":365,"end":373,"text":"syndrome","terms":[]},{"ids":"UNIPROT:Q13326:T116:PRGE|UNIPROT:P38405:T116:PRGE","score":0.6008268729487947,"id":5,"start":383,"end":409,"text":"endocrine neoplasia type 2","terms":[]},{"ids":"UNIPROT:P07949:T116:PRGE|UNIPROT:Q16204:T116:PRGE","score":0.6008268729487947,"id":6,"start":411,"end":416,"text":"MEN2A","terms":[]},{"ids":"UNIPROT:P07949:T116:PRGE|UNIPROT:Q16204:T116:PRGE","score":0.6008268729487947,"id":7,"start":418,"end":423,"text":"MEN2B","terms":[]}]},{"id":3,"start":426,"end":536,"text":"METHODS: We investigated a cohort of MEN2-related patients referred to Tygerberg Hospital, W Cape (2003-2009).","terms":[]},{"id":4,"start":537,"end":608,"text":"The study cohort was divided into three groups based on pathology (viz.","terms":[]},{"id":5,"start":609,"end":683,"text":"MEN/MTC, phaeochromocytoma, and a miscellaneous group of MEN pathologies).","terms":[]},{"id":6,"start":684,"end":741,"text":"Families with identified high-risk factors were recalled.","terms":[]},{"id":7,"start":742,"end":797,"text":"Serum calcitonin levels were monitored where indicated.","terms":[{"ids":"UNIPROT:P01258:T116:PRGE|UNIPROT:P06881:T116:PRGE","score":0.7031294840447507,"id":1,"start":748,"end":758,"text":"calcitonin","terms":[]}]},{"id":8,"start":798,"end":1154,"text":"DNA was extracted from whole blood by standard techniques and polymerase chain reaction (PCR) products screened for RET gene variations by heteroduplex single-strand duplication techniques (heteroduplex single-strand conformation polymorphism analysis) being validated with automated sequencing techniques showing conformational variants in acrylamide gel.","terms":[{"ids":"UNIPROT:P07949:T116:PRGE","score":0.8349214526052676,"id":1,"start":914,"end":922,"text":"RET gene","terms":[]}]},{"id":9,"start":1155,"end":1212,"text":"RESULTS: We screened 40 persons, male/female ratio 1:1.5.","terms":[]},{"id":10,"start":1213,"end":1295,"text":"Three ethnic groups were represented (white (12), black (11) and mixed race (17)).","terms":[]},{"id":11,"start":1296,"end":1495,"text":"Nine were index MTC cases, 5 phaeochromocytoma, 3 Hirschsprung\u0027s disease-MEN associations and 2 miscellaneous (1 neuroblastoma, 1 intestinal neuronal dysplasia), while 1 fell into the MEN2B category.","terms":[{"ids":"UMLS:C0019569:T047:DISO","score":1.0,"id":1,"start":1346,"end":1368,"text":"Hirschsprung\u0027s disease","terms":[]},{"ids":"UMLS:C0345244:T047:DISO","score":1.0,"id":2,"start":1426,"end":1455,"text":"intestinal neuronal dysplasia","terms":[{"ids":"UMLS:C0021853:T023:ANAT","score":1.0,"id":1,"start":1426,"end":1436,"text":"intestinal","terms":[]}]}]},{"id":12,"start":1496,"end":1618,"text":"The remaining 19 were unaffected relatives screened for carrier status, among whom afamilial recurrence was observed in 7.","terms":[]},{"id":13,"start":1619,"end":1725,"text":"On genetic testing, an RET point mutation at the high-risk 634 cysteine allele was identified in 11 cases.","terms":[{"ids":"UNIPROT:P07949:T116:PRGE","score":0.42125846022317764,"id":1,"start":1642,"end":1645,"text":"RET","terms":[]}]},{"id":14,"start":1726,"end":1860,"text":"A further cysteine radical mutation at the 620 position was related to MEN2 in 3 families plus 1 other family referred from elsewhere.","terms":[]},{"id":15,"start":1861,"end":2158,"text":"Other less-recognised gene variations were detected throughout the RET gene in 70% of cases and included the 691 position on codon 11 (11 cases); the 432 position (4 cases, 1 homozygous) intronic mutations on exon 4 (1 case); and an IVS19-37G/C and a D1017N variation in exon 19 in 2 MEN families.","terms":[{"ids":"UNIPROT:P07949:T116:PRGE","score":0.8561157588194955,"id":1,"start":1928,"end":1936,"text":"RET gene","terms":[]}]},{"id":16,"start":2159,"end":2274,"text":"Fifteen MTC patients have had thyroidectomies, of which 2 were prophylactic (C-cell hyperplasia; early occult MTC).","terms":[]},{"id":17,"start":2275,"end":2321,"text":"A further 3 are awaiting prophylactic surgery.","terms":[]},{"id":18,"start":2322,"end":2420,"text":"CONCLUSION: RET gene mutation carries a risk of MEN2 and MTC in all ethnic groups in South Africa.","terms":[{"ids":"UNIPROT:P07949:T116:PRGE","score":0.3062305308512323,"id":1,"start":2334,"end":2342,"text":"RET gene","terms":[]}]},{"id":19,"start":2421,"end":2535,"text":"Prophylactic surgery may prevent MTC, so genetic screening is important to identify and treat high-risk patients..","terms":[]}]