[{"id":0,"start":0,"end":113,"text":"A complete deficiency of Hyaluronoglucosaminidase 1 (HYAL1) presenting as familial juvenile idiopathic arthritis.","terms":[{"ids":"UNIPROT:P38567:T116:PRGE","score":0.9945575899280813,"id":1,"start":25,"end":51,"text":"Hyaluronoglucosaminidase 1","terms":[]},{"ids":"UNIPROT:P38567:T116:PRGE","score":0.9945575899280813,"id":2,"start":53,"end":58,"text":"HYAL1","terms":[]},{"ids":"UMLS:C0553662:T047:DISO","score":1.0,"id":3,"start":83,"end":112,"text":"juvenile idiopathic arthritis","terms":[]}]},{"id":1,"start":114,"end":243,"text":"We describe a single consanguineous family with three affected children exhibiting knee and/or hip pain associated with swelling.","terms":[{"ids":"UMLS:C0022742:T023:ANAT","score":1.0,"id":1,"start":197,"end":201,"text":"knee","terms":[]},{"ids":"UMLS:C0019552:T023:ANAT|UMLS:C0022122:T023:ANAT","score":1.0,"id":2,"start":209,"end":212,"text":"hip","terms":[]}]},{"id":2,"start":244,"end":359,"text":"Detailed clinical evaluation demonstrated diffuse joint involvement with an unusual proliferative synovitis on MRI.","terms":[{"ids":"UMLS:C0039103:T047:DISO","score":1.0,"id":1,"start":342,"end":351,"text":"synovitis","terms":[]}]},{"id":3,"start":360,"end":490,"text":"Synovial biopsies were notable for an infiltration of macrophages with abundant cytoplasm filled with faintly basophilic vacuoles.","terms":[]},{"id":4,"start":491,"end":708,"text":"We used homozygosity mapping with a panel of 262,000 single nucleotide polymorphism markers to identify a homozygous stretch of 40.52  Mb on chromosome 3p22.3 - 3p13 that segregated with the arthropathy in the family.","terms":[{"ids":"UMLS:C0022408:T047:DISO","score":1.0,"id":1,"start":682,"end":693,"text":"arthropathy","terms":[]}]},{"id":5,"start":709,"end":839,"text":"Of the 378 genes in the interval, the three hyaluronoglucosaminidase genes were considered good candidates based on the phenotype.","terms":[{"ids":"UNIPROT:P38567:T116:PRGE","score":0.9396729865887026,"id":1,"start":747,"end":783,"text":"three hyaluronoglucosaminidase genes","terms":[]}]},{"id":6,"start":840,"end":1011,"text":"Dideoxy sequencing identified a homozygous deletion in HYAL1, c.104delT, resulting in a premature termination codon, p.Val35AlafsX25, found in all three affected children.","terms":[{"ids":"UNIPROT:P38567:T116:PRGE","score":0.8922557358098415,"id":1,"start":895,"end":900,"text":"HYAL1","terms":[]}]},{"id":7,"start":1012,"end":1095,"text":"Enzymatic analysis confirmed total HYAL1 deficiency in the three affected children.","terms":[{"ids":"UNIPROT:P38567:T116:PRGE","score":0.9999114442046799,"id":1,"start":1047,"end":1052,"text":"HYAL1","terms":[]}]},{"id":8,"start":1096,"end":1219,"text":"This confirms the diagnosis of Mucopolysaccharidosis IX (MPS IX) which has only been described in a single patient to date.","terms":[{"ids":"UMLS:C0026703:T047:DISO","score":1.0,"id":1,"start":1127,"end":1148,"text":"Mucopolysaccharidosis","terms":[]},{"ids":"UMLS:C1291490:T047:DISO","score":1.0,"id":2,"start":1153,"end":1159,"text":"MPS IX","terms":[]}]},{"id":9,"start":1220,"end":1409,"text":"In contrast to the previously described MPS IX patient, our three patients display a phenotype limited to the joints, suggesting that this is the primary manifestation of HYAL1 deficiency..","terms":[{"ids":"UMLS:C1291490:T047:DISO","score":1.0,"id":1,"start":1260,"end":1266,"text":"MPS IX","terms":[]},{"ids":"UNIPROT:P38567:T116:PRGE","score":0.9952760883586848,"id":2,"start":1391,"end":1396,"text":"HYAL1","terms":[]}]}]