[{"id":0,"start":0,"end":83,"text":"Interleukin-17F gene polymorphism in patients with chronic immune thrombocytopenia.","terms":[{"ids":"UNIPROT:Q96PD4:T116:PRGE","score":0.7805845313420847,"id":1,"start":0,"end":20,"text":"Interleukin-17F gene","terms":[]},{"ids":"UMLS:C0040034:T047:DISO","score":1.0,"id":2,"start":66,"end":82,"text":"thrombocytopenia","terms":[]}]},{"id":1,"start":84,"end":194,"text":"INTRODUCTION: IL-17F is a novel inflammatory cytokine and plays an important role in some autoimmune diseases.","terms":[{"ids":"UMLS:C0004364:T047:DISO","score":1.0,"id":1,"start":174,"end":193,"text":"autoimmune diseases","terms":[]}]},{"id":2,"start":195,"end":380,"text":"We investigated the association between chronic ITP and the frequency of the single-nucleotide polymorphism rs763780 (7488T/C), which causes a His-to-Arg substitution at amino acid 161.","terms":[{"ids":"UMLS:C0043117:T047:DISO","score":1.0,"id":1,"start":243,"end":246,"text":"ITP","terms":[]}]},{"id":3,"start":381,"end":551,"text":"PATIENTS AND METHODS: We examined 102 patients (men/women, 40/62; median age, 42) diagnosed with chronic ITP and 188 healthy controls (men/women, 78/110; median age, 38).","terms":[{"ids":"UMLS:C0043117:T047:DISO","score":1.0,"id":1,"start":486,"end":489,"text":"ITP","terms":[]}]},{"id":4,"start":552,"end":673,"text":"Genotyping was determined by the polymerase chain reaction-restriction fragment length polymorphism (PCR-RFLP) technique.","terms":[]},{"id":5,"start":674,"end":815,"text":"RESULTS: Compared with the control group, patients with chronic ITP had a significantly lower frequency of the IL-17F 7488CC genotype (0% vs.","terms":[{"ids":"UMLS:C0043117:T047:DISO","score":1.0,"id":1,"start":738,"end":741,"text":"ITP","terms":[]}]},{"id":6,"start":816,"end":830,"text":"4.8%, P\u003c0.05).","terms":[]},{"id":7,"start":831,"end":966,"text":"The number of IL-17F 7488C alleles among the patients with chronic ITP was also significantly lower than in the control group (8.7% vs.","terms":[{"ids":"UMLS:C0043117:T047:DISO","score":1.0,"id":1,"start":898,"end":901,"text":"ITP","terms":[]}]},{"id":8,"start":967,"end":1008,"text":"15.2% OR\u003d0.48, 95%CI\u003d0.27-0.84, P\u003d0.016).","terms":[]},{"id":9,"start":1009,"end":1197,"text":"Furthermore, patients with the IL-17F 7488TT genotype showed a severe thrombocytopenic state (platelet count\u003c10 10(9) /L) at diagnosis than those with the IL-17F 7488TC genotype (20.9% vs.","terms":[]},{"id":10,"start":1198,"end":1210,"text":"0%, P\u003d0.04).","terms":[]},{"id":11,"start":1211,"end":1406,"text":"CONCLUSION: These findings suggest that the IL-17F 7488 T allele is significantly associated with the development of chronic ITP, suggesting a role for IL-17F in the pathogenesis of chronic ITP..","terms":[{"ids":"UMLS:C0043117:T047:DISO","score":1.0,"id":1,"start":1336,"end":1339,"text":"ITP","terms":[]},{"ids":"UMLS:C0043117:T047:DISO","score":1.0,"id":2,"start":1401,"end":1404,"text":"ITP","terms":[]}]}]