[{"id":0,"start":0,"end":128,"text":"Roles of G1359A polymorphism of the cannabinoid receptor gene (CNR1) on weight loss and adipocytokines after a hypocaloric diet.","terms":[{"ids":"UNIPROT:Q08357:T116:PRGE","score":0.9826919729504618,"id":1,"start":36,"end":61,"text":"cannabinoid receptor gene","terms":[]},{"ids":"UNIPROT:Q9UN74:T116:PRGE","score":0.9826919729504618,"id":2,"start":63,"end":67,"text":"CNR1","terms":[]}]},{"id":1,"start":129,"end":359,"text":"BACKGROUND: A intragenic biallelic polymorphism (1359 G/A) of the CB1 gene resulting in the substitution of the G to A at nucleotide position 1359 in codon 435 (Thr), was reported as a common polymorphism in Caucasian populations.","terms":[{"ids":"UNIPROT:Q9H3M7:T116:PRGE","score":0.9114908087818122,"id":1,"start":195,"end":203,"text":"CB1 gene","terms":[]}]},{"id":2,"start":360,"end":427,"text":"Intervention studies with this polymorphism have not been realized.","terms":[]},{"id":3,"start":428,"end":669,"text":"OBJECTIVE: We decided to investigate the role of the polymorphism (G1359A) of CB1 receptor gene on adipocytokines response and weight loss secondary to a lifestyle modification (Mediterranean hypocaloric diet and exercise) in obese patients.","terms":[{"ids":"UNIPROT:Q08357:T116:PRGE","score":0.5382863878044372,"id":1,"start":506,"end":523,"text":"CB1 receptor gene","terms":[]},{"ids":"UMLS:C0028754:T047:DISO","score":1.0,"id":2,"start":654,"end":659,"text":"obese","terms":[]}]},{"id":4,"start":670,"end":732,"text":"DESIGN: A population of 94 patients with obesity was analyzed.","terms":[{"ids":"UMLS:C0028754:T047:DISO","score":1.0,"id":1,"start":711,"end":718,"text":"obesity","terms":[]}]},{"id":5,"start":733,"end":890,"text":"Before and after 3 months on a hypocaloric diet, an anthropometric evaluation, an assessment of nutritional intake and a biochemical analysis were performed.","terms":[]},{"id":6,"start":891,"end":1036,"text":"The statistical analysis was performed for the combined G1359A and A1359A as a group and wild type G1359G as second group, with a dominant model.","terms":[]},{"id":7,"start":1037,"end":1231,"text":"Results: Forty seven patients (50%) had the genotype G1359G (wild type group) and 47 (50%) patients G1359A (41 patients, 43.6%) or A1359A (6 patients, 6.4%) (mutant type group) had the genotype.","terms":[]},{"id":8,"start":1232,"end":1357,"text":"In wild and mutant type groups, weight, body mass index, fat mass, waist circumference and systolic blood pressure decreased.","terms":[]},{"id":9,"start":1358,"end":1411,"text":"In mutant type group, resistin (4.15    1.7 ng/ml vs.","terms":[]},{"id":10,"start":1412,"end":1599,"text":"3.90    2.1 ng/ml: P \u003c 0.05), leptin (78.4    69 ng/ml vs 66.2    32 ng/ml: P \u003c 0.05) and IL-6 (1.40    1.9 pg/ml vs 0.81    1.5 pg/ml: P \u003c 0.05) levels decreased after dietary treatment.","terms":[{"ids":"UNIPROT:P41159:T116:PRGE","score":0.9648824099537868,"id":1,"start":1442,"end":1448,"text":"leptin","terms":[]}]},{"id":11,"start":1600,"end":1772,"text":"CONCLUSION: The novel finding of this study is the association of the mutant allele (A1359) with a decrease of resistin, leptin and interleukin-6 secondary to weight loss..","terms":[{"ids":"UNIPROT:Q9HD89:T116:PRGE","score":0.47063179264779365,"id":1,"start":1711,"end":1719,"text":"resistin","terms":[]},{"ids":"UNIPROT:P41159:T116:PRGE","score":0.47063179264779365,"id":2,"start":1721,"end":1727,"text":"leptin","terms":[]},{"ids":"UNIPROT:P05231:T116:PRGE","score":0.47063179264779365,"id":3,"start":1732,"end":1745,"text":"interleukin-6","terms":[]}]}]