[{"id":0,"start":0,"end":61,"text":"Large contiguous gene deletions in Sj  gren-Larsson syndrome.","terms":[{"ids":"UMLS:C0039082:T047:DISO","score":1.0,"id":1,"start":52,"end":60,"text":"syndrome","terms":[]}]},{"id":1,"start":62,"end":328,"text":"Sj  gren-Larsson syndrome (SLS) is an autosomal recessive disorder characterized by ichthyosis, mental retardation, spasticity and mutations in the ALDH3A2 gene for fatty aldehyde dehydrogenase, an enzyme that catalyzes the oxidation of fatty aldehyde to fatty acid.","terms":[{"ids":"UMLS:C0039082:T047:DISO","score":1.0,"id":1,"start":79,"end":87,"text":"syndrome","terms":[]},{"ids":"UMLS:C0037231:T047:DISO|UMLS:C0275814:T047:DISO","score":1.0,"id":2,"start":89,"end":92,"text":"SLS","terms":[]},{"ids":"UMLS:C0020758:T047:DISO|UMLS:C0020757:T047:DISO","score":1.0,"id":3,"start":146,"end":156,"text":"ichthyosis","terms":[]},{"ids":"UNIPROT:P51648:T116:PRGE","score":0.8211834794142608,"id":4,"start":210,"end":222,"text":"ALDH3A2 gene","terms":[]},{"ids":"UNIPROT:P51648:T116:PRGE","score":0.8211834794142608,"id":5,"start":227,"end":255,"text":"fatty aldehyde dehydrogenase","terms":[]}]},{"id":2,"start":329,"end":499,"text":"More than 70 mutations have been identified in SLS patients, including small deletions or insertions, missense mutations, splicing defects and complex nucleotide changes.","terms":[{"ids":"UMLS:C0037231:T047:DISO|UMLS:C0275814:T047:DISO","score":1.0,"id":1,"start":376,"end":379,"text":"SLS","terms":[]}]},{"id":3,"start":500,"end":622,"text":"We now describe 2 SLS patients whose disease is caused by large contiguous gene deletions of the ALDH3A2 locus on 17p11.2.","terms":[{"ids":"UMLS:C0037231:T047:DISO|UMLS:C0275814:T047:DISO","score":1.0,"id":1,"start":518,"end":521,"text":"SLS","terms":[]},{"ids":"UNIPROT:P51648:T116:PRGE","score":0.9871581797150211,"id":2,"start":597,"end":610,"text":"ALDH3A2 locus","terms":[]}]},{"id":4,"start":623,"end":737,"text":"The deletions were defined using long distance inverse PCR and microarray-based comparative genomic hybridization.","terms":[]},{"id":5,"start":738,"end":912,"text":"A 24-year-old SLS female was homozygous for a 352-kb deletion involving ALDH3A2 and 4 contiguous genes including ALDH3A1, which codes for the major soluble protein in cornea.","terms":[{"ids":"UMLS:C0037231:T047:DISO|UMLS:C0275814:T047:DISO","score":1.0,"id":1,"start":752,"end":755,"text":"SLS","terms":[]},{"ids":"UNIPROT:P51648:T116:PRGE","score":0.9137208884442487,"id":2,"start":810,"end":817,"text":"ALDH3A2","terms":[]},{"ids":"UNIPROT:P30838:T116:PRGE","score":0.9137208884442487,"id":3,"start":851,"end":858,"text":"ALDH3A1","terms":[]},{"ids":"UMLS:C0010031:T023:ANAT","score":1.0,"id":4,"start":905,"end":911,"text":"cornea","terms":[]}]},{"id":6,"start":913,"end":1055,"text":"Although lacking corneal disease, she showed severe symptoms of SLS with uncommon deterioration in oral motor function and loss of ambulation.","terms":[{"ids":"UMLS:C0010034:T047:DISO","score":1.0,"id":1,"start":930,"end":945,"text":"corneal disease","terms":[]},{"ids":"UMLS:C0037231:T047:DISO|UMLS:C0275814:T047:DISO","score":1.0,"id":2,"start":977,"end":980,"text":"SLS","terms":[]}]},{"id":7,"start":1056,"end":1214,"text":"The other 19-month-old female patient was a compound heterozygote for a 1.44-Mb contiguous gene deletion and a missense mutation (c.407C\u003eT, P136L) in ALDH3A2.","terms":[{"ids":"UNIPROT:P51648:T116:PRGE","score":0.9214059651320708,"id":1,"start":1206,"end":1213,"text":"ALDH3A2","terms":[]}]},{"id":8,"start":1215,"end":1317,"text":"These studies suggest that large gene deletions may account for up to 5% of the mutant alleles in SLS.","terms":[{"ids":"UMLS:C0037231:T047:DISO|UMLS:C0275814:T047:DISO","score":1.0,"id":1,"start":1313,"end":1316,"text":"SLS","terms":[]}]},{"id":9,"start":1318,"end":1536,"text":"Geneticists should consider the possibility of compound heterozygosity for large deletions in patients with SLS and other inborn errors of metabolism, which has implications for carrier testing and prenatal diagnosis..","terms":[{"ids":"UMLS:C0037231:T047:DISO|UMLS:C0275814:T047:DISO","score":1.0,"id":1,"start":1426,"end":1429,"text":"SLS","terms":[]},{"ids":"UMLS:C0025521:T047:DISO","score":1.0,"id":2,"start":1440,"end":1467,"text":"inborn errors of metabolism","terms":[]}]}]