[{"id":0,"start":0,"end":104,"text":"XRCC1 Arg399Gln gene polymorphism and the risk of systemic lupus erythematosus in the Polish population.","terms":[{"ids":"UNIPROT:P18887:T116:PRGE","score":0.45454756926479956,"id":1,"start":0,"end":5,"text":"XRCC1","terms":[]},{"ids":"UMLS:C0024141:T047:DISO","score":1.0,"id":2,"start":50,"end":78,"text":"systemic lupus erythematosus","terms":[]}]},{"id":1,"start":105,"end":318,"text":"It has been shown that DNA repair is reduced in patients with systemic lupus erythematosus (SLE) and that the X-ray repair cross-complementing (XRCC1) Arg399Gln (rs25487) polymorphism may contribute to DNA repair.","terms":[{"ids":"UMLS:C0024141:T047:DISO","score":1.0,"id":1,"start":167,"end":195,"text":"systemic lupus erythematosus","terms":[]},{"ids":"UMLS:C0024141:T047:DISO","score":1.0,"id":2,"start":197,"end":200,"text":"SLE","terms":[]},{"ids":"UNIPROT:P18887:T116:PRGE","score":0.7379896362864349,"id":3,"start":249,"end":254,"text":"XRCC1","terms":[]}]},{"id":2,"start":319,"end":469,"text":"We evaluated the frequency of the XRCC1 Arg399Gln substitution in patients with SLE (n\u003d265) and controls (n\u003d360) in a sample of the Polish population.","terms":[{"ids":"UNIPROT:P18887:T116:PRGE","score":0.7248272517284796,"id":1,"start":353,"end":358,"text":"XRCC1","terms":[]},{"ids":"UMLS:C0024141:T047:DISO|UMLS:C0014060:T047:DISO","score":1.0,"id":2,"start":399,"end":402,"text":"SLE","terms":[]}]},{"id":3,"start":470,"end":624,"text":"The odds ratio (OR) for SLE patients with the Gln/Gln versus Gln/Arg or Arg/Arg genotypes was 1.553 (95% confidence interval [CI]\u003d0.9573-2.520; p\u003d0.0729).","terms":[{"ids":"UMLS:C0024141:T047:DISO|UMLS:C0014060:T047:DISO","score":1.0,"id":1,"start":494,"end":497,"text":"SLE","terms":[]}]},{"id":4,"start":625,"end":720,"text":"OR for the Gln/Gln or Gln/Arg versus Arg/Arg genotype was 1.551 (95% CI\u003d1.122-2.144, p\u003d0.0077).","terms":[]},{"id":5,"start":721,"end":813,"text":"The OR for the 399 Gln allele in patients with SLE was 1.406 (95% CI\u003d1.111-1.779, p\u003d0.0045).","terms":[{"ids":"UMLS:C0024141:T047:DISO|UMLS:C0014060:T047:DISO","score":1.0,"id":1,"start":768,"end":771,"text":"SLE","terms":[]}]},{"id":6,"start":814,"end":958,"text":"There was also a statistically significant p-value of the   (2) test for the trend observed in the XRCC1 Arg399Gln polymorphism (ptrend\u003d0.0048).","terms":[{"ids":"UNIPROT:P18887:T116:PRGE","score":0.7066289826445717,"id":1,"start":913,"end":918,"text":"XRCC1","terms":[]}]},{"id":7,"start":959,"end":1180,"text":"We also found a significant contribution of the Gln/Gln or Arg/Gln versus Arg/Arg genotype to the presence of either the malar rash or photosensitivity manifestations of SLE OR\u003d2.241 (1.328-3.781, p\u003d0.0023, pcorr\u003d0.0414).","terms":[{"ids":"UMLS:C0043539:T023:ANAT","score":1.0,"id":1,"start":1080,"end":1085,"text":"malar","terms":[]},{"ids":"UMLS:C0015230:T047:DISO","score":1.0,"id":2,"start":1086,"end":1090,"text":"rash","terms":[]},{"ids":"UMLS:C0393720:T047:DISO","score":1.0,"id":3,"start":1094,"end":1110,"text":"photosensitivity","terms":[]},{"ids":"UMLS:C0024141:T047:DISO|UMLS:C0014060:T047:DISO","score":1.0,"id":4,"start":1129,"end":1132,"text":"SLE","terms":[]}]},{"id":8,"start":1181,"end":1363,"text":"Moreover, the meta-analysis of Taiwanese Han Chinese, Brazilian, and Polish populations showed that the Gln/Gln or Gln/Arg genotype and Gln allele were associated with SLE incidence.","terms":[{"ids":"UNIPROT:P22466:T116:PRGE","score":0.5085768021177199,"id":1,"start":1317,"end":1327,"text":"Gln allele","terms":[]},{"ids":"UMLS:C0024141:T047:DISO|UMLS:C0014060:T047:DISO","score":1.0,"id":2,"start":1349,"end":1352,"text":"SLE","terms":[]}]},{"id":9,"start":1364,"end":1521,"text":"OR for the Gln/Gln or Gln/Arg versus Arg/Arg genotype was 1.440 (95% CI\u003d1.15-1.80, p\u003d0.0019) and OR for the Gln allele was 1.27 (95% CI\u003d1.08-1.51, p\u003d0.0051).","terms":[]},{"id":10,"start":1522,"end":1673,"text":"Our studies may confirm that the XRCC1 Arg399Gln polymorphism may increase the risk of incidence of SLE and the occurrence of some SLE manifestations..","terms":[{"ids":"UNIPROT:P18887:T116:PRGE","score":0.8711144781022107,"id":1,"start":1555,"end":1560,"text":"XRCC1","terms":[]},{"ids":"UMLS:C0024141:T047:DISO|UMLS:C0014060:T047:DISO","score":1.0,"id":2,"start":1622,"end":1625,"text":"SLE","terms":[]},{"ids":"UMLS:C0024141:T047:DISO|UMLS:C0014060:T047:DISO","score":1.0,"id":3,"start":1653,"end":1656,"text":"SLE","terms":[]}]}]