[{"id":0,"start":0,"end":138,"text":"PTCH1 gene mutations in exon 17 and loss of heterozygosity on D9S180 microsatellite in sporadic and inherited human basal cell carcinomas.","terms":[{"ids":"UNIPROT:Q13635:T116:PRGE","score":0.9337440640334599,"id":1,"start":0,"end":10,"text":"PTCH1 gene","terms":[]}]},{"id":1,"start":139,"end":290,"text":"BACKGROUND: Basal cell carcinomas (BCCs) are the most frequent human cancer that results from malignant transformation of basal cells in the epidermis.","terms":[]},{"id":2,"start":291,"end":414,"text":"Gorlin syndrome is a rare inherited autosomal dominant disease that predisposes with multiple BCCs and other birth defects.","terms":[{"ids":"UMLS:C0812437:T047:DISO","score":1.0,"id":1,"start":291,"end":306,"text":"Gorlin syndrome","terms":[]}]},{"id":3,"start":415,"end":578,"text":"Both sporadic and inherited BCCs are associated with mutations in the tumor suppressor gene PTCH1, but there is still uncertainty on the role of its homolog PTCH2.","terms":[{"ids":"UNIPROT:Q13635:T116:PRGE","score":0.42645488673508586,"id":1,"start":507,"end":512,"text":"PTCH1","terms":[]},{"ids":"UNIPROT:Q9Y6C5:T116:PRGE","score":0.42645488673508586,"id":2,"start":572,"end":577,"text":"PTCH2","terms":[]}]},{"id":4,"start":579,"end":670,"text":"OBJECTIVES: To search for mutations and genomic instability in sporadic and inherited BCCs.","terms":[]},{"id":5,"start":671,"end":840,"text":"METHODS: DNA obtained from leukocytes and tumor cells was amplified by polymerase chain reaction regarding five exons of PTCH1 and PTCH2 and neighboring microsatellites.","terms":[{"ids":"UNIPROT:Q13635:T116:PRGE","score":0.9850854282232727,"id":1,"start":792,"end":797,"text":"PTCH1","terms":[]},{"ids":"UNIPROT:Q9Y6C5:T116:PRGE","score":0.9850854282232727,"id":2,"start":802,"end":807,"text":"PTCH2","terms":[]}]},{"id":6,"start":841,"end":901,"text":"Exons were sequenced and compared with the GenBank database.","terms":[]},{"id":7,"start":902,"end":1025,"text":"RESULTS: Only D9S180, of six microsatellites, showed loss of heterozygosity in three BCCs (two sporadic and one inherited).","terms":[]},{"id":8,"start":1026,"end":1174,"text":"One sporadic BCC presented the mutation g.2885G\u003eC in exon 17 of PTCH1, which predicts the substitution p.R962T in an external domain of the protein.","terms":[{"ids":"UNIPROT:Q13635:T116:PRGE","score":0.9651637653570979,"id":1,"start":1090,"end":1095,"text":"PTCH1","terms":[]}]},{"id":9,"start":1175,"end":1362,"text":"In addition, the leukocytes and tumor cells of one patient with Gorlin syndrome showed the mutation g.2839T\u003eG in the same exon and gene, which predicts a p.E947stop and truncated protein.","terms":[{"ids":"UMLS:C0812437:T047:DISO","score":1.0,"id":1,"start":1239,"end":1254,"text":"Gorlin syndrome","terms":[]}]},{"id":10,"start":1363,"end":1436,"text":"All control and tumor samples presented IVS9 + 217T in intron 9 of PTCH1.","terms":[{"ids":"UNIPROT:Q13635:T116:PRGE","score":0.8106141483327537,"id":1,"start":1430,"end":1435,"text":"PTCH1","terms":[]}]},{"id":11,"start":1437,"end":1581,"text":"CONCLUSION: Mutations found in the PTCH1 gene and neighboring repetitive sequences may have contributed to the development of the studied BCCs..","terms":[{"ids":"UNIPROT:Q13635:T116:PRGE","score":0.9997346919379687,"id":1,"start":1472,"end":1482,"text":"PTCH1 gene","terms":[]}]}]