[{"id":0,"start":0,"end":78,"text":"MHC region and risk of systemic lupus erythematosus in African American women.","terms":[{"ids":"UNIPROT:P13747:T116:PRGE","score":0.6460785988096948,"id":1,"start":0,"end":3,"text":"MHC","terms":[]},{"ids":"UMLS:C0024141:T047:DISO","score":1.0,"id":2,"start":23,"end":51,"text":"systemic lupus erythematosus","terms":[]}]},{"id":1,"start":79,"end":221,"text":"The major histocompatibility complex (MHC) on chromosome 6p21 is a key contributor to the genetic basis of systemic lupus erythematosus (SLE).","terms":[{"ids":"UNIPROT:P18464:T116:PRGE","score":0.9637656938806537,"id":1,"start":83,"end":115,"text":"major histocompatibility complex","terms":[]},{"ids":"UNIPROT:P13747:T116:PRGE","score":0.9637656938806537,"id":2,"start":117,"end":120,"text":"MHC","terms":[]},{"ids":"UMLS:C0024141:T047:DISO","score":1.0,"id":3,"start":186,"end":214,"text":"systemic lupus erythematosus","terms":[]},{"ids":"UMLS:C0024141:T047:DISO","score":1.0,"id":4,"start":216,"end":219,"text":"SLE","terms":[]}]},{"id":2,"start":222,"end":415,"text":"Although SLE affects African Americans disproportionately compared to European Americans, there has been no comprehensive analysis of the MHC region in relationship to SLE in African Americans.","terms":[{"ids":"UMLS:C0024141:T047:DISO|UMLS:C0014060:T047:DISO","score":1.0,"id":1,"start":231,"end":234,"text":"SLE","terms":[]},{"ids":"UNIPROT:P13747:T116:PRGE","score":0.5751710301476035,"id":2,"start":360,"end":370,"text":"MHC region","terms":[]},{"ids":"UMLS:C0024141:T047:DISO|UMLS:C0014060:T047:DISO","score":1.0,"id":3,"start":390,"end":393,"text":"SLE","terms":[]}]},{"id":3,"start":416,"end":664,"text":"We conducted a screening of the MHC region for 1,536 single nucleotide polymorphisms (SNPs) and the deletion of the C4A gene in a SLE case-control study (380 cases, 765 age-matched controls) nested within the prospective Black Women\u0027s Health Study.","terms":[{"ids":"UNIPROT:P13747:T116:PRGE","score":0.8205695399014218,"id":1,"start":448,"end":458,"text":"MHC region","terms":[]},{"ids":"UNIPROT:Q9H3M7:T116:PRGE","score":0.8205695399014218,"id":2,"start":532,"end":540,"text":"C4A gene","terms":[]},{"ids":"UMLS:C0024141:T047:DISO|UMLS:C0014060:T047:DISO","score":1.0,"id":3,"start":546,"end":549,"text":"SLE","terms":[]}]},{"id":4,"start":665,"end":840,"text":"We also genotyped 1,509 ancestral informative markers throughout the genome to estimate European ancestry to control for population stratification due to population admixture.","terms":[]},{"id":5,"start":841,"end":966,"text":"The most strongly associated SNP with SLE was the rs9271366 (odds ratio, OR \u003d 1.70, p \u003d 5.6   10(-5)) near the HLA-DRB1 gene.","terms":[{"ids":"UMLS:C0024141:T047:DISO|UMLS:C0014060:T047:DISO","score":1.0,"id":1,"start":879,"end":882,"text":"SLE","terms":[]},{"ids":"UNIPROT:P20039:T116:PRGE|UNIPROT:Q30167:T116:PRGE|UNIPROT:P01912:T116:PRGE|UNIPROT:Q9TQE0:T116:PRGE|UNIPROT:P13761:T116:PRGE","score":0.4904785187456705,"id":2,"start":952,"end":965,"text":"HLA-DRB1 gene","terms":[]}]},{"id":6,"start":967,"end":1210,"text":"Conditional haplotype analysis revealed three other SNPs, rs204890 (OR \u003d 1.86, p \u003d 1.2   10(-4)), rs2071349 (OR \u003d 1.53, p \u003d 1.0   10(-3)), and rs2844580 (OR \u003d 1.43, p \u003d 1.3   10(-3)), to be associated with SLE independent of the rs9271366 SNP.","terms":[{"ids":"UMLS:C0024141:T047:DISO|UMLS:C0014060:T047:DISO","score":1.0,"id":1,"start":1173,"end":1176,"text":"SLE","terms":[]}]},{"id":7,"start":1211,"end":1376,"text":"In univariate analysis, the OR for the C4A deletion was 1.38, p \u003d 0.075, but after simultaneous adjustment for the other four SNPs the odds ratio was 1.01, p \u003d 0.98.","terms":[]},{"id":8,"start":1377,"end":1549,"text":"A genotype score combining the four newly identified SNPs showed an additive risk according to the number of high-risk alleles (OR \u003d 1.67 per high-risk allele, p \u003c 0.0001).","terms":[]},{"id":9,"start":1550,"end":1694,"text":"Our strongest signal, the rs9271366 SNP, was also associated with higher risk of SLE in a previous Chinese genome-wide association study (GWAS).","terms":[{"ids":"UMLS:C0024141:T047:DISO|UMLS:C0014060:T047:DISO","score":1.0,"id":1,"start":1631,"end":1634,"text":"SLE","terms":[]}]},{"id":10,"start":1695,"end":1898,"text":"In addition, two SNPs found in a GWAS of European ancestry women were confirmed in our study, indicating that African Americans share some genetic risk factors for SLE with European and Chinese subjects.","terms":[{"ids":"UMLS:C0024141:T047:DISO|UMLS:C0014060:T047:DISO","score":1.0,"id":1,"start":1859,"end":1862,"text":"SLE","terms":[]}]},{"id":11,"start":1899,"end":2018,"text":"In summary, we found four independent signals in the MHC region associated with risk of SLE in African American women..","terms":[{"ids":"UNIPROT:P13747:T116:PRGE","score":0.6257276548555912,"id":1,"start":1952,"end":1962,"text":"MHC region","terms":[]},{"ids":"UMLS:C0024141:T047:DISO|UMLS:C0014060:T047:DISO","score":1.0,"id":2,"start":1987,"end":1990,"text":"SLE","terms":[]}]}]