[{"id":0,"start":0,"end":142,"text":"A novel DFNB31 mutation associated with Usher type 2 syndrome showing variable degrees of auditory loss in a consanguineous Portuguese family.","terms":[{"ids":"UMLS:C1846839:T047:DISO|UNIPROT:Q9P202:T116:PRGE","score":1.0,"id":1,"start":8,"end":14,"text":"DFNB31","terms":[]},{"ids":"UMLS:C0039082:T047:DISO","score":1.0,"id":2,"start":53,"end":61,"text":"syndrome","terms":[]}]},{"id":1,"start":143,"end":287,"text":"PURPOSE: To identify the genetic defect of a consanguineous Portuguese family with rod-cone dystrophy and varying degrees of decreased audition.","terms":[{"ids":"UMLS:C1861101:T047:DISO","score":1.0,"id":1,"start":176,"end":182,"text":"defect","terms":[]},{"ids":"UMLS:C0035334:T047:DISO","score":1.0,"id":2,"start":226,"end":244,"text":"rod-cone dystrophy","terms":[]}]},{"id":2,"start":288,"end":433,"text":"METHODS: A detailed ophthalmic and auditory examination was performed on a Portuguese patient with severe autosomal recessive rod-cone dystrophy.","terms":[{"ids":"UMLS:C0015392:T023:ANAT","score":1.0,"id":1,"start":308,"end":318,"text":"ophthalmic","terms":[]},{"ids":"UMLS:C0035334:T047:DISO","score":1.0,"id":2,"start":414,"end":432,"text":"rod-cone dystrophy","terms":[]}]},{"id":3,"start":434,"end":725,"text":"Known genetic defects were excluded by performing autosomal recessive retinitis pigmentosa (arRP) genotyping microarray analysis and by Sanger sequencing of the coding exons and flanking intronic regions of eyes shut homolog-drosophila (EYS) and chromosome 2 open reading frame 71 (C2orf71).","terms":[{"ids":"UMLS:C0035334:T047:DISO","score":1.0,"id":1,"start":504,"end":524,"text":"retinitis pigmentosa","terms":[]},{"ids":"UMLS:C0015392:T023:ANAT","score":1.0,"id":2,"start":641,"end":645,"text":"eyes","terms":[]}]},{"id":4,"start":726,"end":893,"text":"Subsequently, genome-wide homozygosity mapping was performed in DNA samples from available family members using a 700K single nucleotide polymorphism (SNP) microarray.","terms":[]},{"id":5,"start":894,"end":1016,"text":"Candidate genes present in the significantly large homozygous regions were screened for mutations using Sanger sequencing.","terms":[]},{"id":6,"start":1017,"end":1230,"text":"RESULTS: The largest homozygous region (~11 Mb) in the affected family members was mapped to chromosome 9, which harbors deafness, autosomal recessive 31 (DFNB31; a gene previously associated with Usher syndrome).","terms":[{"ids":"UMLS:C1846839:T047:DISO","score":1.0,"id":1,"start":1138,"end":1170,"text":"deafness, autosomal recessive 31","terms":[]},{"ids":"UMLS:C1846839:T047:DISO","score":1.0,"id":2,"start":1172,"end":1178,"text":"DFNB31","terms":[]},{"ids":"UMLS:C0271097:T047:DISO","score":1.0,"id":3,"start":1214,"end":1228,"text":"Usher syndrome","terms":[]}]},{"id":7,"start":1231,"end":1453,"text":"Mutation analysis of DFNB31 in the index patient identified a novel one-base-pair deletion (c.737delC), which is predicted to lead to a truncated protein (p.Pro246HisfsX13) and co-segregated with the disease in the family.","terms":[{"ids":"UMLS:C1846839:T047:DISO|UNIPROT:Q9P202:T116:PRGE","score":1.0,"id":1,"start":1252,"end":1258,"text":"DFNB31","terms":[]}]},{"id":8,"start":1454,"end":1557,"text":"Ophthalmic examination of the index patient and the affected siblings showed severe rod-cone dystrophy.","terms":[{"ids":"UMLS:C0015392:T023:ANAT","score":1.0,"id":1,"start":1454,"end":1464,"text":"Ophthalmic","terms":[]},{"ids":"UMLS:C0035334:T047:DISO","score":1.0,"id":2,"start":1538,"end":1556,"text":"rod-cone dystrophy","terms":[]}]},{"id":9,"start":1558,"end":1732,"text":"Pure tone audiometry revealed a moderate hearing loss in the index patient, whereas the affected siblings were reported with more profound and early onset hearing impairment.","terms":[{"ids":"UMLS:C0011053:T047:DISO","score":1.0,"id":1,"start":1599,"end":1611,"text":"hearing loss","terms":[]}]},{"id":10,"start":1733,"end":1926,"text":"CONCLUSIONS: We report a novel truncating mutation in DFNB31 associated with severe rod-cone dystrophy and varying degrees of hearing impairment in a consanguineous family of Portuguese origin.","terms":[{"ids":"UMLS:C1846839:T047:DISO|UNIPROT:Q9P202:T116:PRGE","score":1.0,"id":1,"start":1787,"end":1793,"text":"DFNB31","terms":[]},{"ids":"UMLS:C0035334:T047:DISO","score":1.0,"id":2,"start":1817,"end":1835,"text":"rod-cone dystrophy","terms":[]}]},{"id":11,"start":1927,"end":1992,"text":"This is the second report of DFNB31 implication in Usher type 2..","terms":[{"ids":"UMLS:C1846839:T047:DISO","score":1.0,"id":1,"start":1956,"end":1962,"text":"DFNB31","terms":[]}]}]