[{"id":0,"start":0,"end":144,"text":"A 13-bp deletion in the 3\u0027 untranslated region of the b-globin gene causes b-thalassemia major in compound heterozygosity with IVSII-1 mutation.","terms":[{"ids":"UNIPROT:Q9H3M7:T116:PRGE","score":0.5657446181379194,"id":1,"start":54,"end":67,"text":"b-globin gene","terms":[]},{"ids":"UMLS:C0002875:T047:DISO","score":1.0,"id":2,"start":77,"end":94,"text":"thalassemia major","terms":[]}]},{"id":1,"start":145,"end":343,"text":"OBJECTIVE: To describe hematological and molecular features of a 13-bp deletion in the 3\u0027 untranslated region(3\u0027 UTR) of the b-globin gene in carrier individuals and a compound heterozygous patient.","terms":[{"ids":"UNIPROT:Q9H3M7:T116:PRGE","score":0.8478422870272545,"id":1,"start":270,"end":283,"text":"b-globin gene","terms":[]}]},{"id":2,"start":344,"end":438,"text":"SUBJECTS AND METHODS: Five members of an Iranian family of Persian ethnic origin were studied.","terms":[]},{"id":3,"start":439,"end":533,"text":"Red blood cell indices and hemoglobin analysis were carried out according to standard methods.","terms":[]},{"id":4,"start":534,"end":613,"text":"Genomic DNA was obtained from peripheral blood cells by salting-out procedures.","terms":[]},{"id":5,"start":614,"end":676,"text":"b-Globin gene amplification and DNA sequencing were performed.","terms":[{"ids":"UNIPROT:Q9H3M7:T116:PRGE","score":0.5786251009829412,"id":1,"start":614,"end":627,"text":"b-Globin gene","terms":[]}]},{"id":6,"start":677,"end":843,"text":"RESULTS: One patient had a 13-bp deletion in the 3\u0027 UTR of the b-globin gene that causes the b-thalassemia phenotype in combination with the IVSII-1 (G \u003e A) mutation.","terms":[{"ids":"UNIPROT:Q9H3M7:T116:PRGE","score":0.5043593173626785,"id":1,"start":740,"end":753,"text":"b-globin gene","terms":[]},{"ids":"UMLS:C0039730:T047:DISO","score":1.0,"id":2,"start":772,"end":783,"text":"thalassemia","terms":[]}]},{"id":7,"start":844,"end":1180,"text":"The patient had inherited the IVSII-1 (G \u003e A) mutation from his mother, while the second b-globin gene (inherited paternally) had a 13-bp deletion at nucleotide 90 downstream of the termination codon (CD +90 del 13 bp).The patient\u0027s father and paternal grandmother, who are carriers of this deletion, had no hematological abnormalities.","terms":[{"ids":"UNIPROT:Q9H3M7:T116:PRGE","score":0.33841180112571595,"id":1,"start":933,"end":946,"text":"b-globin gene","terms":[]},{"ids":"UMLS:C0007570:T047:DISO","score":1.0,"id":2,"start":1045,"end":1047,"text":"CD","terms":[]}]},{"id":8,"start":1181,"end":1399,"text":"CONCLUSION: This case showed a patient with a 13-bp deletion in the 3\u0027 UTR of b-globin gene that could cause a slight decrease in the stability of the mRNA, but did not have a hematological effect in the heterozygotes.","terms":[{"ids":"UNIPROT:Q9H3M7:T116:PRGE","score":0.8581530041670549,"id":1,"start":1259,"end":1272,"text":"b-globin gene","terms":[]}]},{"id":9,"start":1400,"end":1517,"text":"The 13-bp deletion could be clinically important only in situations where b-chain synthesis in trans is compromised..","terms":[]}]