[{"id":0,"start":0,"end":136,"text":"Strong association of 677 C\u003eT substitution in the MTHFR gene with male infertility--a study on an indian population and a meta-analysis.","terms":[{"ids":"UNIPROT:P42898:T116:PRGE","score":0.9814245155256087,"id":1,"start":50,"end":60,"text":"MTHFR gene","terms":[{"ids":"UMLS:C0268615:T047:DISO","score":1.0,"id":1,"start":50,"end":55,"text":"MTHFR","terms":[]}]},{"ids":"UMLS:C0021364:T047:DISO","score":1.0,"id":2,"start":66,"end":82,"text":"male infertility","terms":[]}]},{"id":1,"start":137,"end":305,"text":"BACKGROUND: Methylenetetrahydrofolate reductase (MTHFR) is an important enzyme of folate and methionine metabolism, making it crucial for DNA synthesis and methylation.","terms":[{"ids":"UNIPROT:P42898:T116:PRGE","score":0.6924284332115636,"id":1,"start":149,"end":184,"text":"Methylenetetrahydrofolate reductase","terms":[]},{"ids":"UMLS:C0268615:T047:DISO|UNIPROT:P42898:T116:PRGE","score":1.0,"id":2,"start":186,"end":191,"text":"MTHFR","terms":[]}]},{"id":2,"start":306,"end":490,"text":"The objective of this study was to analyze MTHFR gene 677C\u003eT polymorphism in infertile male individuals from North India, followed by a meta-analysis on our data and published studies.","terms":[{"ids":"UNIPROT:P42898:T116:PRGE","score":0.9089125065723023,"id":1,"start":349,"end":359,"text":"MTHFR gene","terms":[{"ids":"UMLS:C0268615:T047:DISO","score":1.0,"id":1,"start":349,"end":354,"text":"MTHFR","terms":[]}]},{"ids":"UMLS:C0021359:T047:DISO","score":1.0,"id":2,"start":383,"end":392,"text":"infertile","terms":[]}]},{"id":3,"start":491,"end":666,"text":"METHODOLOGY/PRINCIPAL FINDINGS: We undertook genotyping on a total of 837 individuals including well characterized infertile (N\u003d522) and confirmed fertile (N\u003d315) individuals.","terms":[{"ids":"UMLS:C0021359:T047:DISO","score":1.0,"id":1,"start":606,"end":615,"text":"infertile","terms":[]}]},{"id":4,"start":667,"end":710,"text":"The SNP was typed by direct DNA sequencing.","terms":[]},{"id":5,"start":711,"end":761,"text":"Chi square test was done for statistical analysis.","terms":[]},{"id":6,"start":762,"end":821,"text":"Published studies were searched using appropriate keywords.","terms":[]},{"id":7,"start":822,"end":913,"text":"Source of data collection for meta-analysis included \u0027Pubmed\u0027, \u0027Ovid\u0027 and \u0027Google Scholar\u0027.","terms":[]},{"id":8,"start":914,"end":1042,"text":"Those studies analyzing 677C\u003eT polymorphism in male infertility and presenting all relevant data were included in meta-analysis.","terms":[{"ids":"UMLS:C0021364:T047:DISO","score":1.0,"id":1,"start":961,"end":977,"text":"male infertility","terms":[]}]},{"id":9,"start":1043,"end":1135,"text":"The genotype data for infertile subjects and fertile controls was extracted from each study.","terms":[{"ids":"UMLS:C0021359:T047:DISO","score":1.0,"id":1,"start":1065,"end":1074,"text":"infertile","terms":[]}]},{"id":10,"start":1136,"end":1199,"text":"Chi square test was done to obtain odds ratio (OR) and p-value.","terms":[]},{"id":11,"start":1200,"end":1283,"text":"Meta-analysis was performed using Comprehensive Meta-analysis software (Version 2).","terms":[]},{"id":12,"start":1284,"end":1473,"text":"The frequency of mutant (T) allele (p\u003d0.0025) and genotypes (CT+TT) (p\u003d0.0187) was significantly higher in infertile individuals in comparison to fertile controls in our case-control study.","terms":[{"ids":"UMLS:C0021359:T047:DISO","score":1.0,"id":1,"start":1391,"end":1400,"text":"infertile","terms":[]}]},{"id":13,"start":1474,"end":1681,"text":"The overall summary estimate (OR) for allele and genotype meta-analysis were 1.304 (p\u003d0.000), 1.310 (p\u003d0.000), respectively, establishing significant association of 677C\u003eT polymorphism with male infertility.","terms":[{"ids":"UMLS:C0021364:T047:DISO","score":1.0,"id":1,"start":1664,"end":1680,"text":"male infertility","terms":[]}]},{"id":14,"start":1682,"end":1791,"text":"CONCLUSIONS/SIGNIFICANCE: 677C\u003eT substitution associated strongly with male infertility in Indian population.","terms":[{"ids":"UMLS:C0021364:T047:DISO","score":1.0,"id":1,"start":1753,"end":1769,"text":"male infertility","terms":[]}]},{"id":15,"start":1792,"end":1926,"text":"Allele and genotype meta-analysis also supported its strong correlation with male infertility, thus establishing it as a risk factor..","terms":[{"ids":"UMLS:C0021364:T047:DISO","score":1.0,"id":1,"start":1869,"end":1885,"text":"male infertility","terms":[]}]}]