[{"id":0,"start":0,"end":74,"text":"WT1 mutations and polymorphisms in Southeast Asian acute myeloid leukemia.","terms":[]},{"id":1,"start":75,"end":202,"text":"Genomic alterations of the Wilms\u0027 Tumor 1 (WT1) gene have been reported to occur in patients with acute myeloid leukemia (AML).","terms":[]},{"id":2,"start":203,"end":307,"text":"No data presently exists regarding the frequency of WT1 mutations in the Southeast Asian AML population.","terms":[]},{"id":3,"start":308,"end":436,"text":"This study focused on WT1 exons 7-10 mutations and their correlation with other molecular markers and patients\u0027 characteristics.","terms":[]},{"id":4,"start":437,"end":515,"text":"The zinc finger domain of WT1 gene covering exons 7-10 was directly sequenced.","terms":[{"ids":"UNIPROT:Q9H3M7:T116:PRGE","score":0.9563980678894881,"id":1,"start":463,"end":471,"text":"WT1 gene","terms":[]}]},{"id":5,"start":516,"end":618,"text":"Six types of mutations were identified among 49 cases (12.24%); 4 localized on exon 7 and 2 on exon 9.","terms":[]},{"id":6,"start":619,"end":710,"text":"Two novel mutations were identified including the insertion within codon 313 and codon 314.","terms":[]},{"id":7,"start":711,"end":1005,"text":"Patients harboring WT1 mutations seemed to have a younger age (29.5 vs 45.4 years), a higher white blood cell count (120.3 vs 19.8 10(9)/L), and a lower platelet count (54.2 vs 104.3 10(9)/L) as compared to those without the mutations although statistical differences could not be demonstrated.","terms":[]},{"id":8,"start":1006,"end":1148,"text":"All exon 7 mutations were frameshift mutations and had NRAS mutation while exon 9 mutations were base substitutions and had FLT3-ITD mutation.","terms":[{"ids":"UNIPROT:P36888:T116:PRGE","score":0.44856382538154527,"id":1,"start":1130,"end":1138,"text":"FLT3-ITD","terms":[{"ids":"UMLS:C0929370:T023:ANAT","score":1.0,"id":1,"start":1135,"end":1138,"text":"ITD","terms":[]}]}]},{"id":9,"start":1149,"end":1315,"text":"Interestingly, the major allele for rs16754 single nucleotide polymorphism was G (25-homozygous and 6-heterozygous) which was in contrast to A in the Western reports.","terms":[]},{"id":10,"start":1316,"end":1508,"text":"The frequency of WT1 mutation in the Southeast Asian AML was thus comparable to the figures reported from the West although the designated major allele for rs16754 polymorphism was different..","terms":[]}]