[{"id":0,"start":0,"end":199,"text":"Mutations in mitochondrially encoded complex I enzyme as the second common cause in a cohort of Chinese patients with mitochondrial myopathy, encephalopathy, lactic acidosis and stroke-like episodes.","terms":[{"ids":"UNIPROT:P03923:T116:PRGE|UNIPROT:P03897:T116:PRGE|UNIPROT:P03886:T116:PRGE|UNIPROT:P03901:T116:PRGE|UNIPROT:P03915:T116:PRGE|UNIPROT:P03905:T116:PRGE","score":0.7237158546132418,"id":1,"start":37,"end":53,"text":"complex I enzyme","terms":[]},{"ids":"UMLS:C0162670:T047:DISO","score":1.0,"id":2,"start":118,"end":140,"text":"mitochondrial myopathy","terms":[]},{"ids":"UMLS:C0085584:T047:DISO","score":1.0,"id":3,"start":142,"end":156,"text":"encephalopathy","terms":[]},{"ids":"UMLS:C0001125:T047:DISO","score":1.0,"id":4,"start":158,"end":173,"text":"lactic acidosis","terms":[]},{"ids":"UMLS:C0038454:T047:DISO","score":1.0,"id":5,"start":178,"end":184,"text":"stroke","terms":[]}]},{"id":1,"start":200,"end":527,"text":"The mutation pattern of mitochondrial DNA (mtDNA) in mainland Chinese patients with mitochondrial myopathy, encephalopathy, lactic acidosis and stroke-like episodes (MELAS) has been rarely reported, though previous data suggested that the mutation pattern of MELAS could be different among geographically localized populations.","terms":[{"ids":"UMLS:C0162670:T047:DISO","score":1.0,"id":1,"start":284,"end":306,"text":"mitochondrial myopathy","terms":[]},{"ids":"UMLS:C0085584:T047:DISO","score":1.0,"id":2,"start":308,"end":322,"text":"encephalopathy","terms":[]},{"ids":"UMLS:C0001125:T047:DISO","score":1.0,"id":3,"start":324,"end":339,"text":"lactic acidosis","terms":[]},{"ids":"UMLS:C0038454:T047:DISO","score":1.0,"id":4,"start":344,"end":350,"text":"stroke","terms":[]},{"ids":"UMLS:C0162671:T047:DISO","score":1.0,"id":5,"start":366,"end":371,"text":"MELAS","terms":[]},{"ids":"UMLS:C0162671:T047:DISO","score":1.0,"id":6,"start":459,"end":464,"text":"MELAS","terms":[]}]},{"id":2,"start":528,"end":716,"text":"We presented the results of comprehensive mtDNA mutation analysis in 92 unrelated Chinese patients with MELAS (85 with classic MELAS and 7 with MELAS/Leigh syndrome (LS) overlap syndrome).","terms":[{"ids":"UMLS:C0162671:T047:DISO","score":1.0,"id":1,"start":632,"end":637,"text":"MELAS","terms":[]},{"ids":"UMLS:C0162671:T047:DISO","score":1.0,"id":2,"start":655,"end":660,"text":"MELAS","terms":[]},{"ids":"UMLS:C0162671:T047:DISO","score":1.0,"id":3,"start":672,"end":677,"text":"MELAS","terms":[]},{"ids":"UMLS:C0023264:T047:DISO","score":1.0,"id":4,"start":678,"end":692,"text":"Leigh syndrome","terms":[]},{"ids":"UMLS:C0023264:T047:DISO","score":1.0,"id":5,"start":694,"end":696,"text":"LS","terms":[]},{"ids":"UMLS:C0410000:T047:DISO","score":1.0,"id":6,"start":698,"end":714,"text":"overlap syndrome","terms":[]}]},{"id":3,"start":717,"end":819,"text":"The mtDNA A3243G mutation was the most common causal genotype in this patient group (79/92 and 85.9%).","terms":[]},{"id":4,"start":820,"end":880,"text":"The second common gene mutation was G13513A (7/92 and 7.6%).","terms":[]},{"id":5,"start":881,"end":945,"text":"Additionally, we identified T10191C (p.S45P) in ND3, A11470C (p.","terms":[{"ids":"UNIPROT:P03897:T116:PRGE","score":0.6594783593984698,"id":1,"start":929,"end":932,"text":"ND3","terms":[]}]},{"id":6,"start":946,"end":1111,"text":"K237N) in ND4, T13046C (p.M237T) in ND5 and a large-scale deletion (13025-13033:14417-14425) involving partial ND5 and ND6 subunits of complex I in one patient each.","terms":[{"ids":"UNIPROT:P03905:T116:PRGE","score":0.2769143939352133,"id":1,"start":956,"end":959,"text":"ND4","terms":[]},{"ids":"UNIPROT:P03915:T116:PRGE","score":0.2769143939352133,"id":2,"start":1057,"end":1060,"text":"ND5","terms":[]},{"ids":"UNIPROT:P03923:T116:PRGE","score":0.2769143939352133,"id":3,"start":1065,"end":1077,"text":"ND6 subunits","terms":[]}]},{"id":7,"start":1112,"end":1186,"text":"Among them, A11470C, T13046C and the single deletion were novel mutations.","terms":[]},{"id":8,"start":1187,"end":1310,"text":"In summary, patients with mutations affecting mitochondrially encoded complex I (MTND) reached 12.0% (11/92) in this group.","terms":[]},{"id":9,"start":1311,"end":1419,"text":"It is noteworthy that all seven patients with MELAS/LS overlap syndrome were associated with MTND mutations.","terms":[{"ids":"UMLS:C0162671:T047:DISO","score":1.0,"id":1,"start":1357,"end":1362,"text":"MELAS","terms":[]},{"ids":"UMLS:C0023264:T047:DISO","score":1.0,"id":2,"start":1363,"end":1365,"text":"LS","terms":[]},{"ids":"UMLS:C0410000:T047:DISO","score":1.0,"id":3,"start":1366,"end":1382,"text":"overlap syndrome","terms":[]}]},{"id":10,"start":1420,"end":1545,"text":"Our data emphasize the important role of MTND mutations in the pathogenicity of MELAS, especially MELAS/LS overlap syndrome..","terms":[{"ids":"UMLS:C0162671:T047:DISO","score":1.0,"id":1,"start":1500,"end":1505,"text":"MELAS","terms":[]},{"ids":"UMLS:C0162671:T047:DISO","score":1.0,"id":2,"start":1518,"end":1523,"text":"MELAS","terms":[]},{"ids":"UMLS:C0023264:T047:DISO","score":1.0,"id":3,"start":1524,"end":1526,"text":"LS","terms":[]},{"ids":"UMLS:C0410000:T047:DISO","score":1.0,"id":4,"start":1527,"end":1543,"text":"overlap syndrome","terms":[]}]}]