[{"id":0,"start":0,"end":210,"text":"Genotype rs8099917 near the IL28B gene and amino acid substitution at position 70 in the core region of the hepatitis C virus are determinants of serum apolipoprotein B-100 concentration in chronic hepatitis C.","terms":[{"ids":"UNIPROT:Q8IZI9:T116:PRGE","score":0.7157083749631431,"id":1,"start":28,"end":38,"text":"IL28B gene","terms":[]},{"ids":"UMLS:C0019196:T047:DISO","score":1.0,"id":2,"start":108,"end":119,"text":"hepatitis C","terms":[]},{"ids":"UNIPROT:P02656:T116:PRGE|UNIPROT:P02652:T116:PRGE","score":0.7157083749631431,"id":3,"start":146,"end":172,"text":"serum apolipoprotein B-100","terms":[]},{"ids":"UMLS:C0524910:T047:DISO","score":1.0,"id":4,"start":190,"end":209,"text":"chronic hepatitis C","terms":[]}]},{"id":1,"start":211,"end":307,"text":"The life cycle of the hepatitis C virus (HCV) is closely related to host lipoprotein metabolism.","terms":[{"ids":"UMLS:C0019196:T047:DISO","score":1.0,"id":1,"start":233,"end":244,"text":"hepatitis C","terms":[]}]},{"id":2,"start":308,"end":698,"text":"Serum levels of lipid are associated with the response to pegylated interferon plus ribavirin (PEG-IFN/RBV) therapy, while single nucleotide polymorphisms (SNPs) around the human interleukin 28B (IL28B) gene locus and amino acid substitutions in the core region of the HCV have been reported to affect the efficacy of PEG-IFN/RBV therapy in chronic hepatitis with HCV genotype 1b infection.","terms":[{"ids":"UNIPROT:P01563:T116:PRGE|UNIPROT:P01569:T116:PRGE","score":0.10868935150083438,"id":1,"start":376,"end":401,"text":"interferon plus ribavirin","terms":[]},{"ids":"UNIPROT:P09466:T116:PRGE","score":0.10868935150083438,"id":2,"start":403,"end":406,"text":"PEG","terms":[]},{"ids":"UNIPROT:P01562:T116:PRGE","score":0.10868935150083438,"id":3,"start":407,"end":410,"text":"IFN","terms":[]},{"ids":"UNIPROT:Q8IZI9:T116:PRGE","score":0.10868935150083438,"id":4,"start":487,"end":502,"text":"interleukin 28B","terms":[]},{"ids":"UNIPROT:Q8IZI9:T116:PRGE","score":0.10868935150083438,"id":5,"start":504,"end":509,"text":"IL28B","terms":[]},{"ids":"UNIPROT:P09466:T116:PRGE","score":0.10868935150083438,"id":6,"start":626,"end":629,"text":"PEG","terms":[]},{"ids":"UNIPROT:P01562:T116:PRGE","score":0.10868935150083438,"id":7,"start":630,"end":633,"text":"IFN","terms":[]},{"ids":"UMLS:C0019189:T047:DISO","score":1.0,"id":8,"start":649,"end":666,"text":"chronic hepatitis","terms":[]},{"ids":"UMLS:C0021311:T047:DISO|UMLS:C0009450:T047:DISO","score":1.0,"id":9,"start":688,"end":697,"text":"infection","terms":[]}]},{"id":3,"start":699,"end":950,"text":"The aim of this study was to elucidate the relationship between serum lipid and factors that are able to predict the efficacy of PEG-IFN/RB therapy, with specific focus on apolipoprotein B-100 (apoB-100) in 148 subjects with chronic HCV G1b infection.","terms":[{"ids":"UNIPROT:P09466:T116:PRGE","score":0.7874781100335282,"id":1,"start":828,"end":831,"text":"PEG","terms":[]},{"ids":"UNIPROT:P01562:T116:PRGE","score":0.7874781100335282,"id":2,"start":832,"end":835,"text":"IFN","terms":[]},{"ids":"UNIPROT:P27986:T116:PRGE|UNIPROT:P22607:T116:PRGE|UNIPROT:P06400:T116:PRGE","score":0.7874781100335282,"id":3,"start":836,"end":838,"text":"RB","terms":[]},{"ids":"UNIPROT:P02656:T116:PRGE|UNIPROT:P02652:T116:PRGE","score":0.7874781100335282,"id":4,"start":871,"end":891,"text":"apolipoprotein B-100","terms":[]},{"ids":"UMLS:C0021311:T047:DISO|UMLS:C0009450:T047:DISO","score":1.0,"id":5,"start":940,"end":949,"text":"infection","terms":[]}]},{"id":4,"start":951,"end":1199,"text":"Our results demonstrated that both the aa 70 substitution in the core region of the HCV and the rs8099917 SNP located proximal to the IL28B were independent factors in determining serum apoB-100 and low-density lipoprotein (LDL) cholesterol levels.","terms":[{"ids":"UMLS:C1862382:T047:DISO","score":1.0,"id":1,"start":990,"end":992,"text":"aa","terms":[]},{"ids":"UNIPROT:Q8IZI9:T116:PRGE","score":0.6745898796833786,"id":2,"start":1085,"end":1090,"text":"IL28B","terms":[]}]},{"id":5,"start":1200,"end":1350,"text":"A significant association was noted between higher levels of apoB-100 (P \u003d 1.1   10(-3)) and LDL cholesterol (P \u003d 0.02) and the subjects having Arg70.","terms":[]},{"id":6,"start":1351,"end":1545,"text":"A significant association was also observed between subjects carrying the rs8099917 TT responder genotype and higher levels of apoB-100 (P \u003d 6.4   10(-3)) and LDL cholesterol (P \u003d 4.2   10(-3)).","terms":[]},{"id":7,"start":1546,"end":1729,"text":"Our results suggest that apoB-100 and LDL cholesterol are markers of impaired cellular lipoprotein pathways and/or host endogenous interferon response to HCV in chronic HCV infection.","terms":[{"ids":"UNIPROT:P01563:T116:PRGE|UNIPROT:P01569:T116:PRGE","score":0.9288639718427555,"id":1,"start":1677,"end":1687,"text":"interferon","terms":[]},{"ids":"UMLS:C0021311:T047:DISO|UMLS:C0009450:T047:DISO","score":1.0,"id":2,"start":1719,"end":1728,"text":"infection","terms":[]}]},{"id":8,"start":1730,"end":1935,"text":"In particular, serum apoB-100 concentration might be an informative marker for judging changes in HCV-associated intracellular lipoprotein metabolism in patients carrying the rs8099917 responder genotype..","terms":[]}]