[{"id":0,"start":0,"end":107,"text":"A recurrent missense mutation in GJA3 associated with autosomal dominant cataract linked to chromosome 13q.","terms":[{"ids":"UNIPROT:Q9Y6H8:T116:PRGE","score":0.9946208763050187,"id":1,"start":33,"end":37,"text":"GJA3","terms":[]},{"ids":"UMLS:C1858679:T047:DISO","score":1.0,"id":2,"start":54,"end":81,"text":"autosomal dominant cataract","terms":[]}]},{"id":1,"start":108,"end":251,"text":"PURPOSE: To map and identify the genetic defect underlying autosomal dominant cataract segregating in a 5-generation Caucasian American family.","terms":[{"ids":"UMLS:C1861101:T047:DISO","score":1.0,"id":1,"start":149,"end":155,"text":"defect","terms":[]},{"ids":"UMLS:C1858679:T047:DISO","score":1.0,"id":2,"start":167,"end":194,"text":"autosomal dominant cataract","terms":[]}]},{"id":2,"start":252,"end":446,"text":"METHODS: Genomic DNA was prepared from blood leukocytes, genotyping was performed using microsatellite markers, and logarithm of the odds (LOD) scores were calculated using the LINKAGE programs.","terms":[]},{"id":3,"start":447,"end":549,"text":"Mutation profiling was performed using direct exon cycle-sequencing and restriction fragment analysis.","terms":[]},{"id":4,"start":550,"end":628,"text":"Protein function effects were evaluated using in silico prediction algorithms.","terms":[]},{"id":5,"start":629,"end":822,"text":"RESULTS: Significant evidence of linkage was obtained at marker D13S175 (maximum LOD score [Z(max)]\u003d3.67; maximum recombination fraction [  (max)]\u003d0.04) and D13S1316 (Z(max)\u003d2.80,   (max)\u003d0.0).","terms":[]},{"id":6,"start":823,"end":1009,"text":"Haplotyping indicated that the disease lay in the ~170 Kb physical interval between D13S1316 and D13S175, which contained the gene for gap-junction protein alpha-3 (GJA3) or connexin-46.","terms":[{"ids":"UNIPROT:Q12979:T116:PRGE|UNIPROT:P52757:T116:PRGE|UNIPROT:Q3KRB8:T116:PRGE|UNIPROT:Q6P4F7:T116:PRGE","score":0.6843969269636753,"id":1,"start":958,"end":986,"text":"gap-junction protein alpha-3","terms":[]},{"ids":"UNIPROT:Q9Y6H8:T116:PRGE","score":0.6843969269636753,"id":2,"start":988,"end":992,"text":"GJA3","terms":[]},{"ids":"UNIPROT:Q9Y6H8:T116:PRGE","score":0.6843969269636753,"id":3,"start":997,"end":1008,"text":"connexin-46","terms":[]}]},{"id":7,"start":1010,"end":1139,"text":"Sequencing of GJA3 detected a heterozygous transition (c.130G\u003eA) in exon-2 that resulted in gain of an Hsp92 II restriction site.","terms":[{"ids":"UNIPROT:Q9Y6H8:T116:PRGE","score":0.5640085594496769,"id":1,"start":1024,"end":1028,"text":"GJA3","terms":[]},{"ids":"UNIPROT:Q06430:T116:PRGE|UNIPROT:P20062:T116:PRGE|UNIPROT:Q8NFS9:T116:PRGE|UNIPROT:P32241:T116:PRGE|UNIPROT:P04233:T116:PRGE|UNIPROT:Q10469:T116:PRGE|UNIPROT:Q7Z7C8:T116:PRGE|UNIPROT:Q8N0V5:T116:PRGE","score":0.5640085594496769,"id":2,"start":1113,"end":1121,"text":"Hsp92 II","terms":[]}]},{"id":8,"start":1140,"end":1337,"text":"Allele-specific PCR amplification and restriction analysis confirmed that the novel Hsp92 II site co-segregated with cataract in the family but was not detected in 192 normal unrelated individuals.","terms":[{"ids":"UNIPROT:Q06430:T116:PRGE|UNIPROT:P20062:T116:PRGE|UNIPROT:Q8NFS9:T116:PRGE|UNIPROT:P32241:T116:PRGE|UNIPROT:P04233:T116:PRGE|UNIPROT:Q10469:T116:PRGE|UNIPROT:Q7Z7C8:T116:PRGE|UNIPROT:Q8N0V5:T116:PRGE","score":0.5776187500233141,"id":1,"start":1224,"end":1237,"text":"Hsp92 II site","terms":[]}]},{"id":9,"start":1338,"end":1508,"text":"The c.130G\u003eA transition was predicted to result in a non-conservative substitution of valine-to-methionine at codon 44 (p.V44M) with damaging effects on protein function.","terms":[]},{"id":10,"start":1509,"end":1735,"text":"CONCLUSIONS: These data confirm GJA3 as one of the most frequently mutated genes that underlie autosomal dominant cataract in humans, and further emphasize the importance of connexin function in maintaining lens transparency..","terms":[{"ids":"UNIPROT:Q9Y6H8:T116:PRGE","score":0.5764475277092562,"id":1,"start":1541,"end":1545,"text":"GJA3","terms":[]},{"ids":"UMLS:C1858679:T047:DISO","score":1.0,"id":2,"start":1604,"end":1631,"text":"autosomal dominant cataract","terms":[]},{"ids":"UMLS:C0023317:T023:ANAT","score":1.0,"id":3,"start":1716,"end":1720,"text":"lens","terms":[]}]}]