[{"id":0,"start":0,"end":108,"text":"Autosomal dominant mutation in the signal peptide of renin in a kindred with anemia, hyperuricemia, and CKD.","terms":[{"ids":"UNIPROT:P00797:T116:PRGE","score":0.48548811111182777,"id":1,"start":53,"end":58,"text":"renin","terms":[]},{"ids":"UMLS:C0002871:T047:DISO","score":1.0,"id":2,"start":77,"end":83,"text":"anemia","terms":[]},{"ids":"UMLS:C0740394:T047:DISO","score":1.0,"id":3,"start":85,"end":98,"text":"hyperuricemia","terms":[]},{"ids":"UMLS:C1561643:T047:DISO","score":1.0,"id":4,"start":104,"end":107,"text":"CKD","terms":[]}]},{"id":1,"start":109,"end":290,"text":"Homozygous or compound heterozygous mutations in renin (REN) cause renal tubular dysgenesis, which is characterized by death in utero due to kidney failure and pulmonary hypoplasia.","terms":[{"ids":"UNIPROT:P00797:T116:PRGE","score":0.0,"id":1,"start":158,"end":163,"text":"renin","terms":[]},{"ids":"UMLS:C0022646:T023:ANAT|UNIPROT:Q693B1:T116:PRGE|UNIPROT:P00797:T116:PRGE","score":1.0,"id":2,"start":165,"end":168,"text":"REN","terms":[]},{"ids":"UMLS:C0022646:T023:ANAT","score":1.0,"id":3,"start":176,"end":181,"text":"renal","terms":[]},{"ids":"UMLS:C0042149:T023:ANAT","score":1.0,"id":4,"start":237,"end":242,"text":"utero","terms":[]},{"ids":"UMLS:C0341697:T047:DISO|UMLS:C0035078:T047:DISO","score":1.0,"id":5,"start":250,"end":264,"text":"kidney failure","terms":[{"ids":"UMLS:C0022646:T023:ANAT","score":1.0,"id":1,"start":250,"end":256,"text":"kidney","terms":[]}]},{"ids":"UMLS:C0024109:T023:ANAT","score":1.0,"id":6,"start":269,"end":278,"text":"pulmonary","terms":[]}]},{"id":2,"start":291,"end":435,"text":"The phenotype resembles the fetopathy caused by angiotensin-converting enzyme inhibitor or angiotensin receptor blocker intake during pregnancy.","terms":[{"ids":"UNIPROT:P12821:T116:PRGE","score":0.7451983845413952,"id":1,"start":339,"end":368,"text":"angiotensin-converting enzyme","terms":[]},{"ids":"UNIPROT:P04201:T116:PRGE","score":0.7451983845413952,"id":2,"start":382,"end":402,"text":"angiotensin receptor","terms":[]}]},{"id":3,"start":436,"end":565,"text":"Recently, heterozygous REN mutations were shown to result in early-onset hyperuricemia, anemia, and chronic kidney disease (CKD).","terms":[{"ids":"UNIPROT:Q693B1:T116:PRGE|UNIPROT:P00797:T116:PRGE","score":0.7300313290250303,"id":1,"start":459,"end":472,"text":"REN mutations","terms":[{"ids":"UMLS:C0022646:T023:ANAT","score":1.0,"id":1,"start":459,"end":462,"text":"REN","terms":[]}]},{"ids":"UMLS:C0740394:T047:DISO","score":1.0,"id":2,"start":509,"end":522,"text":"hyperuricemia","terms":[]},{"ids":"UMLS:C0002871:T047:DISO","score":1.0,"id":3,"start":524,"end":530,"text":"anemia","terms":[]},{"ids":"UMLS:C0022661:T047:DISO","score":1.0,"id":4,"start":536,"end":558,"text":"chronic kidney disease","terms":[{"ids":"UMLS:C0022646:T023:ANAT","score":1.0,"id":1,"start":544,"end":550,"text":"kidney","terms":[]}]},{"ids":"UMLS:C1561643:T047:DISO","score":1.0,"id":5,"start":560,"end":563,"text":"CKD","terms":[]}]},{"id":4,"start":566,"end":639,"text":"To date, only 3 different heterozygous REN mutations have been published.","terms":[{"ids":"UNIPROT:Q693B1:T116:PRGE|UNIPROT:P00797:T116:PRGE","score":0.8986493588025606,"id":1,"start":605,"end":618,"text":"REN mutations","terms":[{"ids":"UMLS:C0022646:T023:ANAT","score":1.0,"id":1,"start":605,"end":608,"text":"REN","terms":[]}]}]},{"id":5,"start":640,"end":843,"text":"We report mutation analysis of the REN gene in 39 kindreds with hyperuricemia and CKD who previously tested negative for mutations in the UMOD (uromodulin) and HNF1B (hepatocyte nuclear factor 1b) genes.","terms":[{"ids":"UNIPROT:Q693B1:T116:PRGE|UNIPROT:P00797:T116:PRGE","score":0.2594889904724786,"id":1,"start":675,"end":683,"text":"REN gene","terms":[{"ids":"UMLS:C0022646:T023:ANAT","score":1.0,"id":1,"start":675,"end":678,"text":"REN","terms":[]}]},{"ids":"UMLS:C0740394:T047:DISO","score":1.0,"id":2,"start":704,"end":717,"text":"hyperuricemia","terms":[]},{"ids":"UMLS:C1561643:T047:DISO","score":1.0,"id":3,"start":722,"end":725,"text":"CKD","terms":[]},{"ids":"UNIPROT:P07911:T116:PRGE","score":0.2594889904724786,"id":4,"start":778,"end":782,"text":"UMOD","terms":[]},{"ids":"UNIPROT:P07911:T116:PRGE","score":0.2594889904724786,"id":5,"start":784,"end":794,"text":"uromodulin","terms":[]},{"ids":"UNIPROT:P35680:T116:PRGE","score":0.2594889904724786,"id":6,"start":800,"end":805,"text":"HNF1B","terms":[]},{"ids":"UNIPROT:P48552:T116:PRGE","score":0.2594889904724786,"id":7,"start":807,"end":835,"text":"hepatocyte nuclear factor 1b","terms":[]}]},{"id":6,"start":844,"end":1092,"text":"We identified one kindred with a novel thymidine to cytosine mutation at position 28 in the REN complementary DNA, corresponding to a tryptophan to arginine substitution at amino acid 10, which is found within the signal sequence (c.28T\u003eC; p.W10R).","terms":[{"ids":"UMLS:C0022646:T023:ANAT","score":1.0,"id":1,"start":936,"end":939,"text":"REN","terms":[]}]},{"id":7,"start":1093,"end":1176,"text":"On this basis, we conclude that REN mutations are rare events in patients with CKD.","terms":[{"ids":"UMLS:C0022646:T023:ANAT","score":1.0,"id":1,"start":1125,"end":1128,"text":"REN","terms":[]},{"ids":"UMLS:C1561643:T047:DISO","score":1.0,"id":2,"start":1172,"end":1175,"text":"CKD","terms":[]}]},{"id":8,"start":1177,"end":1350,"text":"Within the kindred, we found affected individuals over 4 generations who carried the novel REN mutation and were characterized by significant anemia, hyperuricemia, and CKD.","terms":[{"ids":"UMLS:C0022646:T023:ANAT","score":1.0,"id":1,"start":1268,"end":1271,"text":"REN","terms":[]},{"ids":"UMLS:C0002871:T047:DISO","score":1.0,"id":2,"start":1319,"end":1325,"text":"anemia","terms":[]},{"ids":"UMLS:C0740394:T047:DISO","score":1.0,"id":3,"start":1327,"end":1340,"text":"hyperuricemia","terms":[]},{"ids":"UMLS:C1561643:T047:DISO","score":1.0,"id":4,"start":1346,"end":1349,"text":"CKD","terms":[]}]},{"id":9,"start":1351,"end":1432,"text":"Anemia was severe and disproportional to the degree of decreased kidney function.","terms":[{"ids":"UMLS:C0002871:T047:DISO","score":1.0,"id":1,"start":1351,"end":1357,"text":"Anemia","terms":[]},{"ids":"UMLS:C0022646:T023:ANAT|UMLS:C0227665:T023:ANAT","score":1.0,"id":2,"start":1416,"end":1422,"text":"kidney","terms":[]}]},{"id":10,"start":1433,"end":1692,"text":"Because all heterozygous REN mutations that have been described are localized in the signal sequence, screening of the REN gene for patients with CKD with hyperuricemia and anemia may best be focused on sequencing of exon 1, which encodes the signal peptide..","terms":[{"ids":"UNIPROT:Q693B1:T116:PRGE|UNIPROT:P00797:T116:PRGE","score":0.3898403059756145,"id":1,"start":1458,"end":1471,"text":"REN mutations","terms":[{"ids":"UMLS:C0022646:T023:ANAT","score":1.0,"id":1,"start":1458,"end":1461,"text":"REN","terms":[]}]},{"ids":"UNIPROT:Q693B1:T116:PRGE|UNIPROT:P00797:T116:PRGE","score":0.3898403059756145,"id":2,"start":1552,"end":1560,"text":"REN gene","terms":[{"ids":"UMLS:C0022646:T023:ANAT","score":1.0,"id":1,"start":1552,"end":1555,"text":"REN","terms":[]}]},{"ids":"UMLS:C1561643:T047:DISO","score":1.0,"id":3,"start":1579,"end":1582,"text":"CKD","terms":[]},{"ids":"UMLS:C0740394:T047:DISO","score":1.0,"id":4,"start":1588,"end":1601,"text":"hyperuricemia","terms":[]},{"ids":"UMLS:C0002871:T047:DISO","score":1.0,"id":5,"start":1606,"end":1612,"text":"anemia","terms":[]}]}]