[{"id":0,"start":0,"end":97,"text":"Two novel mutations of the PAX6 gene causing different phenotype in a cohort of Chinese patients.","terms":[{"ids":"UNIPROT:P26367:T116:PRGE","score":0.9989984103385082,"id":1,"start":27,"end":36,"text":"PAX6 gene","terms":[]}]},{"id":1,"start":98,"end":230,"text":"PURPOSE: Aniridia (AN) is a rare congenital panocular disorder caused by the mutations of the paired box homeotic gene 6(PAX6) gene.","terms":[{"ids":"UNIPROT:Q9H3M7:T116:PRGE","score":0.9341524296399597,"id":1,"start":192,"end":218,"text":"paired box homeotic gene 6","terms":[]},{"ids":"UNIPROT:P26367:T116:PRGE","score":0.9341524296399597,"id":2,"start":219,"end":223,"text":"PAX6","terms":[]}]},{"id":2,"start":231,"end":326,"text":"The PAX6gene is also involved in other anterior segment malformations including Peters anomaly.","terms":[]},{"id":3,"start":327,"end":509,"text":"We studied the PAX6gene mutations in a cohort of affected individuals with different clinical phenotype including AN, coloboma of iris and choroid, or anterior segment malformations.","terms":[{"ids":"UMLS:C0022077:T023:ANAT","score":1.0,"id":1,"start":457,"end":461,"text":"iris","terms":[]},{"ids":"UMLS:C0008520:T023:ANAT","score":1.0,"id":2,"start":466,"end":473,"text":"choroid","terms":[]}]},{"id":4,"start":510,"end":605,"text":"PATIENTS AND METHODS: Six unrelated families and 10 sporadic patients were examined clinically.","terms":[]},{"id":5,"start":606,"end":711,"text":"After informed consent was obtained, genomic DNA was extracted from the venous blood of all participants.","terms":[{"ids":"UMLS:C0042449:T023:ANAT","score":1.0,"id":1,"start":678,"end":684,"text":"venous","terms":[]}]},{"id":6,"start":712,"end":826,"text":"Mutation screening of all exons of the PAX6gene was performed by direct sequencing of PCR-amplified DNA fragments.","terms":[]},{"id":7,"start":827,"end":923,"text":"Multiplex ligation-dependent probe amplification (MLPA) was performed to detect large deletions.","terms":[]},{"id":8,"start":924,"end":1134,"text":"RESULTS: By clinical examination, the patients and the pedigrees were divided into the following three groups: AN, coloboma of iris and choroids, and the anterior segment malformations including peters anomaly.","terms":[{"ids":"UMLS:C0022077:T023:ANAT","score":1.0,"id":1,"start":1051,"end":1055,"text":"iris","terms":[]},{"ids":"UMLS:C0008520:T023:ANAT","score":1.0,"id":2,"start":1060,"end":1068,"text":"choroids","terms":[]}]},{"id":9,"start":1135,"end":1318,"text":"Sequencing of the PAX6gene, three intragenic mutations including a novel heterozygous splicing-site mutations c.357-3C\u003eG (p.Ser119fsX) were identified in the patients of the AN group.","terms":[]},{"id":10,"start":1319,"end":1420,"text":"A novel missense mutation c.643T\u003eC (p.S216P) was detected in the anterior segment malformation group.","terms":[]},{"id":11,"start":1421,"end":1566,"text":"The mutation p.S216P located in the homeodomain region of the PAX6 caused the phenotype of Peters anomaly in family A6 with different expressing.","terms":[{"ids":"UNIPROT:P26367:T116:PRGE","score":0.3718426462739763,"id":1,"start":1483,"end":1487,"text":"PAX6","terms":[]},{"ids":"UMLS:C0933637:T023:ANAT","score":1.0,"id":2,"start":1537,"end":1539,"text":"A6","terms":[]}]},{"id":12,"start":1567,"end":1714,"text":"Through MLPA analysis, a large deletion including the whole PAX6gene and DKFZ p686k1684gene was detected in one sporadic patient from the AN group.","terms":[]},{"id":13,"start":1715,"end":1824,"text":"Neither intragenic mutation nor large deletion was identified in the group with coloboma of iris and choroid.","terms":[{"ids":"UMLS:C0022077:T023:ANAT","score":1.0,"id":1,"start":1807,"end":1811,"text":"iris","terms":[]},{"ids":"UMLS:C0008520:T023:ANAT","score":1.0,"id":2,"start":1816,"end":1823,"text":"choroid","terms":[]}]},{"id":14,"start":1825,"end":2047,"text":"CONCLUSION: Our findings further confirmed that different kind of mutations might cause different ocular phenotype, and clearly clinical phenotype classification might increase the mutation detection rate of the PAX6gene..","terms":[{"ids":"UMLS:C0015392:T023:ANAT","score":1.0,"id":1,"start":1923,"end":1929,"text":"ocular","terms":[]}]}]