[{"id":0,"start":0,"end":146,"text":"The TREX1 exonuclease R114H mutation in Aicardi-Gouti  res syndrome and lupus reveals dimeric structure requirements for DNA degradation activity.","terms":[{"ids":"UNIPROT:Q9NSU2:T116:PRGE","score":0.9722067006772938,"id":1,"start":4,"end":27,"text":"TREX1 exonuclease R114H","terms":[]},{"ids":"UMLS:C0039082:T047:DISO","score":1.0,"id":2,"start":59,"end":67,"text":"syndrome","terms":[]},{"ids":"UMLS:C0024141:T047:DISO|UMLS:C0024131:T047:DISO|UMLS:C0409974:T047:DISO|UMLS:C0024138:T047:DISO","score":1.0,"id":3,"start":72,"end":77,"text":"lupus","terms":[]}]},{"id":1,"start":147,"end":285,"text":"Mutations in the TREX1 gene cause Aicardi-Gouti  res syndrome (AGS) and are linked to the autoimmune disease systemic lupus erythematosus.","terms":[{"ids":"UNIPROT:Q9NSU2:T116:PRGE","score":0.9881232008824101,"id":1,"start":164,"end":174,"text":"TREX1 gene","terms":[]},{"ids":"UMLS:C0039082:T047:DISO","score":1.0,"id":2,"start":200,"end":208,"text":"syndrome","terms":[]},{"ids":"UMLS:C0796126:T047:DISO","score":1.0,"id":3,"start":210,"end":213,"text":"AGS","terms":[]},{"ids":"UMLS:C0004364:T047:DISO","score":1.0,"id":4,"start":237,"end":255,"text":"autoimmune disease","terms":[]},{"ids":"UMLS:C0024141:T047:DISO","score":1.0,"id":5,"start":256,"end":284,"text":"systemic lupus erythematosus","terms":[]}]},{"id":2,"start":286,"end":397,"text":"The TREX1 protein is a dimeric 3\u0027 DNA exonuclease that degrades DNA to prevent inappropriate immune activation.","terms":[{"ids":"UNIPROT:Q9NSU2:T116:PRGE","score":0.5579310891480848,"id":1,"start":290,"end":303,"text":"TREX1 protein","terms":[]}]},{"id":3,"start":398,"end":579,"text":"One of the most common TREX1 mutations, R114H, causes AGS as a homozygous and compound heterozygous mutation and is found as a heterozygous mutation in systemic lupus erythematosus.","terms":[{"ids":"UMLS:C0796126:T047:DISO","score":1.0,"id":1,"start":452,"end":455,"text":"AGS","terms":[]},{"ids":"UMLS:C0024141:T047:DISO","score":1.0,"id":2,"start":550,"end":578,"text":"systemic lupus erythematosus","terms":[]}]},{"id":4,"start":580,"end":827,"text":"The TREX1 proteins containing R114H and the insertion mutations aspartate at position 201 (D201ins) and alanine at position 124 (A124ins), found in compound heterozygous AGS with R114H, were prepared and the DNA degradation activities were tested.","terms":[{"ids":"UNIPROT:Q9NSU2:T116:PRGE","score":0.37318697560583186,"id":1,"start":584,"end":598,"text":"TREX1 proteins","terms":[]},{"ids":"UMLS:C0796126:T047:DISO|UNIPROT:Q8WW38:T116:PRGE|UNIPROT:Q9NSU2:T116:PRGE|UNIPROT:P78504:T116:PRGE","score":1.0,"id":2,"start":750,"end":753,"text":"AGS","terms":[]}]},{"id":5,"start":828,"end":959,"text":"The homodimer TREX1(R114H/R114H) exhibits a 23-fold reduced single-stranded DNA (ssDNA) exonuclease activity relative to TREX1(WT).","terms":[{"ids":"UNIPROT:Q9NSU2:T116:PRGE","score":0.5002473227851112,"id":1,"start":842,"end":847,"text":"TREX1","terms":[]},{"ids":"UNIPROT:Q9NSU2:T116:PRGE","score":0.5002473227851112,"id":2,"start":949,"end":954,"text":"TREX1","terms":[]}]},{"id":6,"start":960,"end":1081,"text":"The TREX1(D201ins/D201ins) and TREX1(A124ins/A124ins) exhibit more than 10,000-fold reduced ssDNA degradation activities.","terms":[{"ids":"UNIPROT:Q9NSU2:T116:PRGE","score":0.9913750354681505,"id":1,"start":964,"end":969,"text":"TREX1","terms":[]},{"ids":"UNIPROT:Q9NSU2:T116:PRGE","score":0.9913750354681505,"id":2,"start":991,"end":996,"text":"TREX1","terms":[]}]},{"id":7,"start":1082,"end":1293,"text":"However, the TREX1(R114H/D201ins) and TREX1(R114H/A124ins) compound heterodimers exhibit activities 10-fold greater than the TREX1(R114H/R114H) homodimer during ssDNA and double-stranded DNA (dsDNA) degradation.","terms":[{"ids":"UNIPROT:Q9NSU2:T116:PRGE","score":0.5845494309462194,"id":1,"start":1095,"end":1100,"text":"TREX1","terms":[]},{"ids":"UNIPROT:Q9NSU2:T116:PRGE","score":0.5845494309462194,"id":2,"start":1120,"end":1125,"text":"TREX1","terms":[]},{"ids":"UNIPROT:Q9NSU2:T116:PRGE","score":0.5845494309462194,"id":3,"start":1207,"end":1212,"text":"TREX1","terms":[]}]},{"id":8,"start":1294,"end":1589,"text":"These higher levels of activities measured in the TREX1(R114H/D201ins) and TREX1(R114H/A124ins) compound heterodimers are attributed to Arg-114 residues of TREX1(D201ins) and TREX1(A124ins) positioned at the dimer interface contributing to the active sites of the opposing TREX1(R114H) protomer.","terms":[{"ids":"UNIPROT:Q9NSU2:T116:PRGE","score":0.25693967111862465,"id":1,"start":1344,"end":1349,"text":"TREX1","terms":[]},{"ids":"UNIPROT:Q9NSU2:T116:PRGE","score":0.25693967111862465,"id":2,"start":1369,"end":1374,"text":"TREX1","terms":[]},{"ids":"UNIPROT:Q9NSU2:T116:PRGE","score":0.25693967111862465,"id":3,"start":1450,"end":1455,"text":"TREX1","terms":[]},{"ids":"UNIPROT:Q9NSU2:T116:PRGE","score":0.25693967111862465,"id":4,"start":1469,"end":1474,"text":"TREX1","terms":[]},{"ids":"UNIPROT:Q9NSU2:T116:PRGE","score":0.25693967111862465,"id":5,"start":1567,"end":1572,"text":"TREX1","terms":[]}]},{"id":9,"start":1590,"end":1721,"text":"This interpretation is further supported by exonuclease activities measured for TREX1 enzymes containing R114A and R114K mutations.","terms":[]},{"id":10,"start":1722,"end":1959,"text":"These biochemical data provide direct evidence for TREX1 residues in one protomer contributing to DNA degradation catalyzed in the opposing protomer and help to explain the dimeric TREX1 structure required for full catalytic competency..","terms":[{"ids":"UNIPROT:Q9NSU2:T116:PRGE","score":0.5041981393147984,"id":1,"start":1773,"end":1778,"text":"TREX1","terms":[]},{"ids":"UNIPROT:Q9NSU2:T116:PRGE","score":0.5041981393147984,"id":2,"start":1903,"end":1908,"text":"TREX1","terms":[]}]}]