[{"id":0,"start":0,"end":86,"text":"Identification of a novel FBN1 gene mutation in a Chinese family with Marfan syndrome.","terms":[{"ids":"UNIPROT:P35555:T116:PRGE","score":0.841938805077986,"id":1,"start":26,"end":35,"text":"FBN1 gene","terms":[]},{"ids":"UMLS:C0024796:T047:DISO","score":1.0,"id":2,"start":70,"end":85,"text":"Marfan syndrome","terms":[]}]},{"id":1,"start":87,"end":199,"text":"PURPOSE: To identify the mutation in the fibrillin-1 gene (FBN1) in a Chinese family with Marfan syndrome (MFS).","terms":[{"ids":"UNIPROT:P35555:T116:PRGE","score":0.9927980664903069,"id":1,"start":128,"end":144,"text":"fibrillin-1 gene","terms":[]},{"ids":"UNIPROT:P35555:T116:PRGE","score":0.9927980664903069,"id":2,"start":146,"end":150,"text":"FBN1","terms":[]},{"ids":"UMLS:C0024796:T047:DISO","score":1.0,"id":3,"start":177,"end":192,"text":"Marfan syndrome","terms":[]},{"ids":"UMLS:C0024796:T047:DISO","score":1.0,"id":4,"start":194,"end":197,"text":"MFS","terms":[]}]},{"id":2,"start":200,"end":311,"text":"METHODS: Patients and family members were given complete physical, ophthalmic, and cardiovascular examinations.","terms":[{"ids":"UMLS:C0015392:T023:ANAT","score":1.0,"id":1,"start":267,"end":277,"text":"ophthalmic","terms":[]}]},{"id":3,"start":312,"end":439,"text":"Genomic DNA was extracted from leukocytes of venous blood of six individuals in the family and 170 healthy Chinese individuals.","terms":[{"ids":"UMLS:C0042449:T023:ANAT","score":1.0,"id":1,"start":357,"end":363,"text":"venous","terms":[]}]},{"id":4,"start":440,"end":607,"text":"All of the 65 coding exons and their flanking intronic boundaries of FBN1 were amplified in the proband by polymerase chain reaction and followed by direct sequencing.","terms":[{"ids":"UNIPROT:P35555:T116:PRGE","score":0.9683841248966757,"id":1,"start":509,"end":513,"text":"FBN1","terms":[]}]},{"id":5,"start":608,"end":749,"text":"The mutation identified in the proband was screened in the other family members and the 170 healthy Chinese individuals by direct sequencing.","terms":[]},{"id":6,"start":750,"end":839,"text":"Protein conservation analysis was performed in six species using an online ClustalW tool.","terms":[]},{"id":7,"start":840,"end":987,"text":"Protein structure was modeled based on the Protein data bank and mutated in DeepView v4.0.1 to predict the functional consequences of the mutation.","terms":[]},{"id":8,"start":988,"end":1164,"text":"RESULTS: A novel heterozygous c.3703T\u003eC change in exon 29 of FBN1 was detected in the proband, which resulted in the substitution of serine by proline at codon 1235 (p.S1235P).","terms":[{"ids":"UNIPROT:P35555:T116:PRGE","score":0.815159620252921,"id":1,"start":1049,"end":1053,"text":"FBN1","terms":[]}]},{"id":9,"start":1165,"end":1309,"text":"This mutation was also present in two family members but absent in the other, unaffected family members and the 170 healthy Chinese individuals.","terms":[]},{"id":10,"start":1310,"end":1503,"text":"The mutant residue located in the calcium binding epidermal growth factor-like#15 domain is highly conserved among mammalian species and could probably induce conformation change of the domain.","terms":[{"ids":"UNIPROT:P01133:T116:PRGE","score":0.644497721045984,"id":1,"start":1360,"end":1398,"text":"epidermal growth factor-like#15 domain","terms":[]}]},{"id":11,"start":1504,"end":1622,"text":"CONCLUSIONS: We indentified a novel p.S1235P mutation in FBN1, which is the causative mutation for MFS in this family.","terms":[{"ids":"UNIPROT:P35555:T116:PRGE","score":0.4768767464584801,"id":1,"start":1561,"end":1565,"text":"FBN1","terms":[]},{"ids":"UMLS:C0024796:T047:DISO|UNIPROT:P35555:T116:PRGE","score":1.0,"id":2,"start":1603,"end":1606,"text":"MFS","terms":[]}]},{"id":12,"start":1623,"end":1751,"text":"Our result expands the mutation spectrum of FBN1 and contributes to the study of the molecular pathogenesis of Marfan syndrome..","terms":[{"ids":"UNIPROT:P35555:T116:PRGE","score":0.9897259815931345,"id":1,"start":1667,"end":1671,"text":"FBN1","terms":[]},{"ids":"UMLS:C0024796:T047:DISO","score":1.0,"id":2,"start":1734,"end":1749,"text":"Marfan syndrome","terms":[]}]}]