[{"id":0,"start":0,"end":126,"text":"A novel missense mutation Asp506Gly in Exon 13 of the F11 gene in an asymptomatic Korean woman with mild factor XI deficiency.","terms":[{"ids":"UNIPROT:Q9HCG1:T116:PRGE|UNIPROT:P03951:T116:PRGE","score":0.8738645876218802,"id":1,"start":54,"end":62,"text":"F11 gene","terms":[]},{"ids":"UMLS:C0015523:T047:DISO","score":1.0,"id":2,"start":105,"end":125,"text":"factor XI deficiency","terms":[{"ids":"UNIPROT:P03951:T116:PRGE","score":0.8738645876218802,"id":1,"start":105,"end":114,"text":"factor XI","terms":[]}]}]},{"id":1,"start":127,"end":298,"text":"Factor XI (FXI) deficiency is a rare autosomal recessive coagulation disorder most commonly found in Ashkenazi and Iraqi Jews, but it is also found in other ethnic groups.","terms":[{"ids":"UNIPROT:P03951:T116:PRGE","score":0.9656024818334333,"id":1,"start":127,"end":136,"text":"Factor XI","terms":[]},{"ids":"UMLS:C0005779:T047:DISO","score":1.0,"id":2,"start":184,"end":204,"text":"coagulation disorder","terms":[]}]},{"id":2,"start":299,"end":392,"text":"It is a trauma or surgery-related bleeding disorder, but spontaneous bleeding is rarely seen.","terms":[{"ids":"UMLS:C0005779:T047:DISO","score":1.0,"id":1,"start":333,"end":350,"text":"bleeding disorder","terms":[]}]},{"id":3,"start":393,"end":521,"text":"The clinical manifestation of bleeding in FXI deficiency cases is variable and seems to poorly correlate with plasma FXI levels.","terms":[]},{"id":4,"start":522,"end":620,"text":"The molecular pathology of FXI deficiency is mutation in the F11 gene on the chromosome band 4q35.","terms":[{"ids":"UNIPROT:Q9HCG1:T116:PRGE|UNIPROT:P03951:T116:PRGE","score":0.8663131762121838,"id":1,"start":583,"end":591,"text":"F11 gene","terms":[]}]},{"id":5,"start":621,"end":733,"text":"We report a novel mutation of the F11 gene in an 18-year-old asymptomatic Korean woman with mild FXI deficiency.","terms":[{"ids":"UNIPROT:Q9HCG1:T116:PRGE|UNIPROT:P03951:T116:PRGE","score":0.9201726960137663,"id":1,"start":655,"end":663,"text":"F11 gene","terms":[]}]},{"id":6,"start":734,"end":904,"text":"Pre-operative laboratory screen tests for lipoma on her back revealed slightly prolonged activated partial thromboplastin time (45.2 sec; reference range, 23.2-39.4 sec).","terms":[{"ids":"UNIPROT:P13726:T116:PRGE","score":0.9931337938832747,"id":1,"start":841,"end":855,"text":"thromboplastin","terms":[]}]},{"id":7,"start":905,"end":1003,"text":"Her FXI activity (35%) was slightly lower than the normal FXI activity (reference range, 50-150%).","terms":[]},{"id":8,"start":1004,"end":1219,"text":"Direct sequence analysis of the F11 gene revealed a heterozygous A to G substitution in nucleotide 1517 (c.1517A\u003eG) of exon 13, resulting in the substitution of aspartic acid with glycine in codon 506 (p.Asp506Gly).","terms":[{"ids":"UNIPROT:Q9HCG1:T116:PRGE|UNIPROT:P03951:T116:PRGE","score":0.6879543030946024,"id":1,"start":1036,"end":1044,"text":"F11 gene","terms":[]},{"ids":"UNIPROT:P48775:T116:PRGE","score":0.6879543030946024,"id":2,"start":1069,"end":1075,"text":"A to G","terms":[]}]},{"id":9,"start":1220,"end":1376,"text":"To the best of our knowledge, the Asp506Gly is a novel missense mutation, and this is the first genetically confirmed case of mild FXI deficiency in Korea..","terms":[]}]