[{"id":0,"start":0,"end":141,"text":"APOE genotype-function relationship: evidence of -491 A/T promoter polymorphism modifying transcription control but not type 2 diabetes risk.","terms":[{"ids":"UNIPROT:P02649:T116:PRGE","score":0.9287353045061069,"id":1,"start":0,"end":4,"text":"APOE","terms":[]},{"ids":"UMLS:C0011860:T047:DISO","score":1.0,"id":2,"start":120,"end":135,"text":"type 2 diabetes","terms":[]}]},{"id":1,"start":142,"end":294,"text":"BACKGROUND: The apolipoprotein E gene (APOE) coding polymorphism modifies the risks of Alzheimer\u0027s disease, type 2 diabetes, and coronary heart disease.","terms":[{"ids":"UNIPROT:P02649:T116:PRGE","score":0.999375642531798,"id":1,"start":158,"end":179,"text":"apolipoprotein E gene","terms":[]},{"ids":"UNIPROT:P02649:T116:PRGE","score":0.999375642531798,"id":2,"start":181,"end":185,"text":"APOE","terms":[]},{"ids":"UMLS:C0002395:T047:DISO","score":1.0,"id":3,"start":229,"end":248,"text":"Alzheimer\u0027s disease","terms":[]},{"ids":"UMLS:C0011860:T047:DISO","score":1.0,"id":4,"start":250,"end":265,"text":"type 2 diabetes","terms":[]},{"ids":"UMLS:C0010068:T047:DISO|UMLS:C0010054:T047:DISO","score":1.0,"id":5,"start":271,"end":293,"text":"coronary heart disease","terms":[{"ids":"UMLS:C0018787:T023:ANAT","score":1.0,"id":1,"start":271,"end":279,"text":"coronary","terms":[]},{"ids":"UMLS:C0018787:T023:ANAT","score":1.0,"id":2,"start":280,"end":285,"text":"heart","terms":[]}]}]},{"id":2,"start":295,"end":447,"text":"Aside from the coding variants, single nucleotide polymorphism (SNP) of the APOE promoter has also been shown to modify the risk of Alzheimer\u0027s disease.","terms":[{"ids":"UNIPROT:P02649:T116:PRGE","score":0.92962986610739,"id":1,"start":371,"end":384,"text":"APOE promoter","terms":[]},{"ids":"UMLS:C0002395:T047:DISO","score":1.0,"id":2,"start":427,"end":446,"text":"Alzheimer\u0027s disease","terms":[]}]},{"id":3,"start":448,"end":699,"text":"METHODOLOGY/PRINCIPAL FINDINGS: In this study we investigate the genotype-function relationship of APOE promoter polymorphism at molecular level and at physiological level: i.e., in transcription control of the gene and in the risk of type 2 diabetes.","terms":[{"ids":"UNIPROT:P02649:T116:PRGE","score":0.7694757256850508,"id":1,"start":547,"end":560,"text":"APOE promoter","terms":[]},{"ids":"UMLS:C0011860:T047:DISO","score":1.0,"id":2,"start":683,"end":698,"text":"type 2 diabetes","terms":[]}]},{"id":4,"start":700,"end":852,"text":"In molecular studies, the effect of the APOE -491A/T (rs449647) polymorphism on gene transcription was accessed by dual-luciferase reporter gene assays.","terms":[{"ids":"UNIPROT:P02649:T116:PRGE","score":0.5565806277710307,"id":1,"start":740,"end":750,"text":"APOE -491A","terms":[]}]},{"id":5,"start":853,"end":958,"text":"The -491 A to T substitution decreased the activity (p\u003c0.05) of the cloned APOE promoter (-1017 to +406).","terms":[{"ids":"UNIPROT:P02649:T116:PRGE","score":0.8386260466425997,"id":1,"start":928,"end":941,"text":"APOE promoter","terms":[]}]},{"id":6,"start":959,"end":1196,"text":"Using the -501 to -481 nucleotide sequence of the APOE promoter as a \u0027bait\u0027 to screen the human brain cDNA library by yeast one-hybrid system yielded ATF4, an endoplasmic reticulum stress response gene, as one of the interacting factors.","terms":[{"ids":"UNIPROT:P02649:T116:PRGE","score":0.8782505828584029,"id":1,"start":1009,"end":1022,"text":"APOE promoter","terms":[]},{"ids":"UMLS:C0006104:T023:ANAT","score":1.0,"id":2,"start":1055,"end":1060,"text":"brain","terms":[]},{"ids":"UNIPROT:P18848:T116:PRGE","score":0.8782505828584029,"id":3,"start":1109,"end":1113,"text":"ATF4","terms":[]},{"ids":"UMLS:C0035295:T023:ANAT","score":1.0,"id":4,"start":1130,"end":1139,"text":"reticulum","terms":[]}]},{"id":7,"start":1197,"end":1375,"text":"Electrophoretic-mobility-shift assays (EMSA) and chromatin immuno-precipitation (ChIP) analyses further substantiated the physical interaction between ATF4 and the APOE promoter.","terms":[{"ids":"UNIPROT:P18848:T116:PRGE","score":0.8937249502911854,"id":1,"start":1348,"end":1352,"text":"ATF4","terms":[]},{"ids":"UNIPROT:P02649:T116:PRGE","score":0.8937249502911854,"id":2,"start":1361,"end":1374,"text":"APOE promoter","terms":[]}]},{"id":8,"start":1376,"end":1492,"text":"Over-expression of ATF4 stimulated APOE expression whereas siRNA against ATF4 suppressed the expression of the gene.","terms":[{"ids":"UNIPROT:P18848:T116:PRGE","score":0.9986169566682075,"id":1,"start":1395,"end":1399,"text":"ATF4","terms":[]},{"ids":"UNIPROT:P02649:T116:PRGE","score":0.9986169566682075,"id":2,"start":1411,"end":1415,"text":"APOE","terms":[]},{"ids":"UNIPROT:P18848:T116:PRGE","score":0.9986169566682075,"id":3,"start":1449,"end":1453,"text":"ATF4","terms":[]}]},{"id":9,"start":1493,"end":1570,"text":"However, interaction between APOE promoter and ATF4 was not -491A/T-specific.","terms":[{"ids":"UNIPROT:P02649:T116:PRGE","score":0.7609155984432199,"id":1,"start":1522,"end":1535,"text":"APOE promoter","terms":[]},{"ids":"UNIPROT:P18848:T116:PRGE","score":0.7609155984432199,"id":2,"start":1540,"end":1544,"text":"ATF4","terms":[]}]},{"id":10,"start":1571,"end":1691,"text":"At physiological level, the genotype-function relationship of APOE promoter polymorphism was studied in type 2 diabetes.","terms":[{"ids":"UNIPROT:P02649:T116:PRGE","score":0.8673458813281262,"id":1,"start":1633,"end":1646,"text":"APOE promoter","terms":[]},{"ids":"UMLS:C0011860:T047:DISO","score":1.0,"id":2,"start":1675,"end":1690,"text":"type 2 diabetes","terms":[]}]},{"id":11,"start":1692,"end":1884,"text":"In 630 cases and 595 controls, three APOE promoter SNPs -491A/T, -219G/T (rs405509), and +113G/C (rs440446) were genotyped and tested for association with type 2 diabetes in Hong Kong Chinese.","terms":[{"ids":"UNIPROT:P02649:T116:PRGE","score":0.5383973296196694,"id":1,"start":1729,"end":1753,"text":"APOE promoter SNPs -491A","terms":[]},{"ids":"UMLS:C0011860:T047:DISO","score":1.0,"id":2,"start":1847,"end":1862,"text":"type 2 diabetes","terms":[]}]},{"id":12,"start":1885,"end":1951,"text":"No SNP or haplotype association with type 2 diabetes was detected.","terms":[{"ids":"UMLS:C0011860:T047:DISO","score":1.0,"id":1,"start":1922,"end":1937,"text":"type 2 diabetes","terms":[]}]},{"id":13,"start":1952,"end":2079,"text":"CONCLUSIONS/SIGNIFICANCE: At molecular level, polymorphism -491A/T and ATF4 elicit independent control of APOE gene expression.","terms":[{"ids":"UNIPROT:P18848:T116:PRGE","score":0.3575432072314385,"id":1,"start":2023,"end":2027,"text":"ATF4","terms":[]},{"ids":"UNIPROT:P02649:T116:PRGE","score":0.3575432072314385,"id":2,"start":2058,"end":2067,"text":"APOE gene","terms":[]}]},{"id":14,"start":2080,"end":2227,"text":"At physiological level, no genotype-risk association was detected between the studied APOE promoter SNPs and type 2 diabetes in Hong Kong Chinese..","terms":[{"ids":"UNIPROT:P02649:T116:PRGE","score":0.6509661546678436,"id":1,"start":2166,"end":2184,"text":"APOE promoter SNPs","terms":[]},{"ids":"UMLS:C0011860:T047:DISO","score":1.0,"id":2,"start":2189,"end":2204,"text":"type 2 diabetes","terms":[]}]}]