[{"id":0,"start":0,"end":93,"text":"Exploratory investigation on functional significance of ETS2 and SIM2 genes in Down syndrome.","terms":[{"ids":"UNIPROT:P15036:T116:PRGE","score":0.6292395064148908,"id":1,"start":56,"end":60,"text":"ETS2","terms":[]},{"ids":"UNIPROT:Q14190:T116:PRGE","score":0.6292395064148908,"id":2,"start":65,"end":75,"text":"SIM2 genes","terms":[]},{"ids":"UMLS:C0013080:T047:DISO","score":1.0,"id":3,"start":79,"end":92,"text":"Down syndrome","terms":[]}]},{"id":1,"start":94,"end":201,"text":"Trisomy of the 21{st} chromosome leads to an over dosage of several regulatory genes in Down syndrome (DS).","terms":[{"ids":"UMLS:C0041107:T047:DISO","score":1.0,"id":1,"start":94,"end":101,"text":"Trisomy","terms":[]},{"ids":"UMLS:C0013080:T047:DISO","score":1.0,"id":2,"start":182,"end":195,"text":"Down syndrome","terms":[]}]},{"id":2,"start":202,"end":344,"text":"Though allelic and genotypic combinations formed between genes are interesting, till date, this particular area has never been explored in DS.","terms":[]},{"id":3,"start":345,"end":579,"text":"In the present investigation four SNPs in two transcription factors, Single minded 2 (SIM2) and V-ets erythroblastosis virus E26 oncogene homolog2 (ETS2), located in the 21{st} chromosome were genotyped to understand their role in DS.","terms":[{"ids":"UNIPROT:P35125:T116:PRGE|UNIPROT:Q7Z628:T116:PRGE","score":0.0,"id":1,"start":447,"end":491,"text":"erythroblastosis virus E26 oncogene homolog2","terms":[{"ids":"UMLS:C0272138:T047:DISO","score":1.0,"id":1,"start":447,"end":463,"text":"erythroblastosis","terms":[]}]},{"ids":"UNIPROT:P15036:T116:PRGE","score":0.49617117199196,"id":2,"start":493,"end":497,"text":"ETS2","terms":[]}]},{"id":4,"start":580,"end":798,"text":"Genomic DNA of eastern Indian probands with DS (N\u003d132), their parents (N\u003d209) and ethnically matched controls (N\u003d149) was subjected to PCR-based analyses of functionally important SNPs followed by statistical analyses.","terms":[]},{"id":5,"start":799,"end":846,"text":"ETS2 rs461155 showed high heterozygosity in DS.","terms":[{"ids":"UNIPROT:P15036:T116:PRGE","score":0.825234843725533,"id":1,"start":799,"end":812,"text":"ETS2 rs461155","terms":[]}]},{"id":6,"start":847,"end":1011,"text":"Significantly lower frequency of SIM2 C-G haplotype (rs2073601-rs2073416) was noticed in individuals with DS (P value \u003d0.01669) and their fathers (P value\u003d0.01185).","terms":[{"ids":"UNIPROT:Q14190:T116:PRGE","score":0.6943586094284121,"id":1,"start":880,"end":888,"text":"SIM2 C-G","terms":[]}]},{"id":7,"start":1012,"end":1182,"text":"Significantly lower frequency of the A-C-C-G with higher frequency of A-C-A-G haplotypes was also noticed in subjects with DS (P value \u003d0.02089 and 0.00588 respectively).","terms":[]},{"id":8,"start":1183,"end":1351,"text":"Data obtained indicate that the rs2073601 \u0027A\u0027 allele, responsible for nonsynonymous substitution of leucine to methionine, may have some role in DS in this population..","terms":[]}]