[{"id":0,"start":0,"end":87,"text":"OPA1 mutations in Japanese patients suspected to have autosomal dominant optic atrophy.","terms":[{"ids":"UMLS:C0338508:T047:DISO|UNIPROT:Q93074:T116:PRGE|UNIPROT:O60313:T116:PRGE","score":1.0,"id":1,"start":0,"end":4,"text":"OPA1","terms":[]},{"ids":"UMLS:C0338508:T047:DISO","score":1.0,"id":2,"start":54,"end":86,"text":"autosomal dominant optic atrophy","terms":[{"ids":"UMLS:C0015392:T023:ANAT","score":1.0,"id":1,"start":73,"end":78,"text":"optic","terms":[]}]}]},{"id":1,"start":88,"end":256,"text":"PURPOSE: To report three types of heterozygous mutations in the OPA1 gene in five patients from three families with autosomal dominant optic atrophy (ADOA, MIM#165500).","terms":[{"ids":"UNIPROT:O60313:T116:PRGE","score":0.9690894527360381,"id":1,"start":152,"end":161,"text":"OPA1 gene","terms":[{"ids":"UMLS:C0338508:T047:DISO","score":1.0,"id":1,"start":152,"end":156,"text":"OPA1","terms":[]}]},{"ids":"UMLS:C0338508:T047:DISO","score":1.0,"id":2,"start":204,"end":236,"text":"autosomal dominant optic atrophy","terms":[{"ids":"UMLS:C0015392:T023:ANAT","score":1.0,"id":1,"start":223,"end":228,"text":"optic","terms":[]}]}]},{"id":2,"start":257,"end":328,"text":"METHODS: DNA was extracted from the leukocytes of the peripheral blood.","terms":[]},{"id":3,"start":329,"end":399,"text":"For mtDNA, mutations were examined at positions 11778, 3460 and 14484.","terms":[]},{"id":4,"start":400,"end":531,"text":"For the OPA1 gene, the exons were amplified by PCR and mutations were detected by restriction enzymes or the dye terminator method.","terms":[{"ids":"UNIPROT:O60313:T116:PRGE","score":0.8490782433204743,"id":1,"start":408,"end":417,"text":"OPA1 gene","terms":[{"ids":"UMLS:C0338508:T047:DISO","score":1.0,"id":1,"start":408,"end":412,"text":"OPA1","terms":[]}]}]},{"id":5,"start":532,"end":605,"text":"RESULTS: We detected three types of OPA1 mutation but no mtDNA mutations.","terms":[{"ids":"UMLS:C0338508:T047:DISO|UNIPROT:Q93074:T116:PRGE|UNIPROT:O60313:T116:PRGE","score":1.0,"id":1,"start":568,"end":572,"text":"OPA1","terms":[]}]},{"id":6,"start":606,"end":801,"text":"In the OPA1 gene, heterozygous frameshift mutations from codon 903 due to a four-base pair deletion in exon 27 were detected in three patients from one family (c.2708_2711delTTAG, p.V903GfsX905).","terms":[{"ids":"UNIPROT:O60313:T116:PRGE","score":0.4236226680237635,"id":1,"start":613,"end":622,"text":"OPA1 gene","terms":[{"ids":"UMLS:C0338508:T047:DISO","score":1.0,"id":1,"start":613,"end":617,"text":"OPA1","terms":[]}]}]},{"id":7,"start":802,"end":1090,"text":"A heterozygous mutation due to a three-base pair deletion in exon 17, leading to a one-amino acid deletion (c.1618_1620delACT, p.T540del), and a heterozygous mutation due to a one-base substitution in exon 11, leading to a stop codon (c.1084G\u003eT, p.E362X), were detected in sporadic cases.","terms":[]},{"id":8,"start":1091,"end":1163,"text":"CONCLUSION: OPA1 mutations existed in three Japanese families with ADOA.","terms":[{"ids":"UMLS:C0338508:T047:DISO","score":1.0,"id":1,"start":1103,"end":1107,"text":"OPA1","terms":[]}]},{"id":9,"start":1164,"end":1362,"text":"After a detailed clinical assessment of the proband, the screening of the OPA1 gene may be helpful for precise diagnosis of ADOA, provided the relevant information of the family members is limited..","terms":[{"ids":"UNIPROT:O60313:T116:PRGE","score":0.9539074430850059,"id":1,"start":1238,"end":1247,"text":"OPA1 gene","terms":[{"ids":"UMLS:C0338508:T047:DISO","score":1.0,"id":1,"start":1238,"end":1242,"text":"OPA1","terms":[]}]}]}]