[{"id":0,"start":0,"end":99,"text":"Variation in the CXCR1 gene (IL8RA) is not associated with susceptibility to chronic periodontitis.","terms":[{"ids":"UNIPROT:Q9H3M7:T116:PRGE","score":0.9884178824869004,"id":1,"start":17,"end":27,"text":"CXCR1 gene","terms":[]},{"ids":"UNIPROT:P25025:T116:PRGE","score":0.9884178824869004,"id":2,"start":29,"end":34,"text":"IL8RA","terms":[]},{"ids":"UMLS:C0266929:T047:DISO","score":1.0,"id":3,"start":77,"end":98,"text":"chronic periodontitis","terms":[]}]},{"id":1,"start":100,"end":309,"text":"BACKGROUND: The chemokine receptor 1 CXCR-1 (or IL8R-alpha) is a specific receptor for the interleukin 8 (IL-8), which is chemoattractant for neutrophils and has an important role in the inflammatory response.","terms":[{"ids":"UNIPROT:P51677:T116:PRGE|UNIPROT:P61073:T116:PRGE|UNIPROT:Q9NPB9:T116:PRGE|UNIPROT:O00421:T116:PRGE","score":0.926465861415406,"id":1,"start":116,"end":143,"text":"chemokine receptor 1 CXCR-1","terms":[]},{"ids":"UNIPROT:P35611:T116:PRGE|UNIPROT:P27986:T116:PRGE|UNIPROT:Q13131:T116:PRGE|UNIPROT:P07225:T116:PRGE|UNIPROT:Q96RQ3:T116:PRGE","score":0.926465861415406,"id":2,"start":148,"end":158,"text":"IL8R-alpha","terms":[]},{"ids":"UNIPROT:P60568:T116:PRGE","score":0.926465861415406,"id":3,"start":191,"end":204,"text":"interleukin 8","terms":[]}]},{"id":2,"start":310,"end":432,"text":"The polymorphism rs2234671 at position Ex2+860G\u003eC of the CXCR1 gene causes a conservative amino acid substitution (S276T).","terms":[{"ids":"UNIPROT:Q9H3M7:T116:PRGE","score":0.9925256968885549,"id":1,"start":367,"end":377,"text":"CXCR1 gene","terms":[]}]},{"id":3,"start":433,"end":552,"text":"This single nucleotide polymorphism (SNP) seemed to be functional as it was associated with decreased lung cancer risk.","terms":[{"ids":"UMLS:C0024109:T023:ANAT","score":1.0,"id":1,"start":535,"end":539,"text":"lung","terms":[]}]},{"id":4,"start":553,"end":703,"text":"Previous studies of our group found association of haplotypes in the IL8 and in the CXCR2 genes with the multifactorial disease chronic periodontitis.","terms":[{"ids":"UNIPROT:P25025:T116:PRGE","score":0.5455203252782249,"id":1,"start":637,"end":648,"text":"CXCR2 genes","terms":[]},{"ids":"UMLS:C0266929:T047:DISO","score":1.0,"id":2,"start":681,"end":702,"text":"chronic periodontitis","terms":[]}]},{"id":5,"start":704,"end":826,"text":"In this study we investigated the polymorphism rs2234671 in 395 Brazilian subjects with and without chronic periodontitis.","terms":[{"ids":"UMLS:C0266929:T047:DISO","score":1.0,"id":1,"start":804,"end":825,"text":"chronic periodontitis","terms":[]}]},{"id":6,"start":827,"end":941,"text":"FINDINGS: Similar distribution of the allelic and genotypic frequencies were observed between the groups (p\u003e0.05).","terms":[]},{"id":7,"start":942,"end":1105,"text":"CONCLUSIONS: The polymorphism rs2234671 in the CXCR1 gene was not associated with the susceptibility to chronic periodontitis in the studied Brazilian population..","terms":[{"ids":"UNIPROT:Q9H3M7:T116:PRGE","score":0.9949752083071345,"id":1,"start":989,"end":999,"text":"CXCR1 gene","terms":[]},{"ids":"UMLS:C0266929:T047:DISO","score":1.0,"id":2,"start":1046,"end":1067,"text":"chronic periodontitis","terms":[]}]}]