[{"id":0,"start":0,"end":98,"text":"The association between GJB2 mutation and GJB6 gene in non syndromic hearing loss school children.","terms":[{"ids":"UNIPROT:O95452:T116:PRGE","score":0.789565215185953,"id":1,"start":42,"end":51,"text":"GJB6 gene","terms":[]},{"ids":"UMLS:C0011053:T047:DISO","score":1.0,"id":2,"start":69,"end":81,"text":"hearing loss","terms":[]}]},{"id":1,"start":99,"end":263,"text":"Recently, molecular testing for GJB2 mutations has become the standard of care for the diagnosis of patients with non syndromic hearing impairment of unknown cause.","terms":[]},{"id":2,"start":264,"end":436,"text":"The aims of this study are to determine the association between GJB2 mutation and GJB6 and to report the variation of mutations in deaf students who have heterozygous GJB2.","terms":[{"ids":"UNIPROT:O95452:T116:PRGE","score":0.8459980729842315,"id":1,"start":346,"end":350,"text":"GJB6","terms":[]}]},{"id":3,"start":437,"end":533,"text":"This retrospective study was conducted at Universiti Kebangsaan Malaysia Medical Center (UKMMC).","terms":[]},{"id":4,"start":534,"end":653,"text":"Data was collected from previous files and records from Tissue Engineering and Human Genetic Research Group Laboratory.","terms":[]},{"id":5,"start":654,"end":718,"text":"Approval from Ethical Committee was obtained prior to the study.","terms":[]},{"id":6,"start":719,"end":854,"text":"A total of 138 students have been screened in previous studies in UKMMC for the presence of GJB2 mutations as a cause for hearing loss.","terms":[{"ids":"UMLS:C0011053:T047:DISO","score":1.0,"id":1,"start":841,"end":853,"text":"hearing loss","terms":[]}]},{"id":7,"start":855,"end":998,"text":"Thirty four of the 138 subjects have GJB2 mutations; 2 showed homozygous mutations whereas another 32 were heterozygous for GJB2 gene mutation.","terms":[{"ids":"UNIPROT:Q9H3M7:T116:PRGE","score":0.3207464815917057,"id":1,"start":979,"end":988,"text":"GJB2 gene","terms":[]}]},{"id":8,"start":999,"end":1141,"text":"Only 31 DNA samples of students presented with sensorineural hearing loss with heterozygous mutation in GJB2 gene were included in this study.","terms":[{"ids":"UMLS:C0018784:T047:DISO","score":1.0,"id":1,"start":1046,"end":1072,"text":"sensorineural hearing loss","terms":[]},{"ids":"UNIPROT:Q9H3M7:T116:PRGE","score":0.5559165123168881,"id":2,"start":1103,"end":1112,"text":"GJB2 gene","terms":[]}]},{"id":9,"start":1142,"end":1188,"text":"The sequencing results obtained were analyzed.","terms":[]},{"id":10,"start":1189,"end":1309,"text":"The degree of hearing loss of those students with association between GJB2 mutation and GJB6 mutation will be discussed.","terms":[{"ids":"UMLS:C0011053:T047:DISO","score":1.0,"id":1,"start":1203,"end":1215,"text":"hearing loss","terms":[]},{"ids":"UNIPROT:O95452:T116:PRGE","score":0.40668450237072723,"id":2,"start":1277,"end":1290,"text":"GJB6 mutation","terms":[]}]},{"id":11,"start":1310,"end":1432,"text":"Five out of 31 subjects (16.2%) have mutations in their GJB6 gene, suggesting a digenic inheritance of GJB2/GJB6 mutation.","terms":[{"ids":"UNIPROT:O95452:T116:PRGE","score":0.7568224691351678,"id":1,"start":1366,"end":1375,"text":"GJB6 gene","terms":[]},{"ids":"UNIPROT:O95452:T116:PRGE","score":0.7568224691351678,"id":2,"start":1418,"end":1422,"text":"GJB6","terms":[]}]},{"id":12,"start":1433,"end":1575,"text":"In total, four novel mutations were identified; E137D (n\u003d1), R32Q (n\u003d1), E101K (n\u003d1) and Y156H (n\u003d1) and one mutation deletion; 366delT (n\u003d1).","terms":[]},{"id":13,"start":1576,"end":1681,"text":"All students with association GJB2 mutation and GJB6 showed severe to profound hearing loss in both ears.","terms":[{"ids":"UNIPROT:O95452:T116:PRGE","score":0.7856130643715998,"id":1,"start":1624,"end":1628,"text":"GJB6","terms":[]},{"ids":"UMLS:C0011053:T047:DISO","score":1.0,"id":2,"start":1655,"end":1667,"text":"hearing loss","terms":[]},{"ids":"UMLS:C0013443:T023:ANAT","score":1.0,"id":3,"start":1676,"end":1680,"text":"ears","terms":[]}]},{"id":14,"start":1682,"end":1859,"text":"Interestingly this study not detected the large deletion of 342 kb in GJB6 gene suggesting that the mutation is very rare in this region compared to certain parts of the world..","terms":[{"ids":"UNIPROT:O95452:T116:PRGE","score":0.9909201152072113,"id":1,"start":1752,"end":1761,"text":"GJB6 gene","terms":[]}]}]