[{"id":0,"start":0,"end":89,"text":"Novel compound heterozygous mutation of MLYCD in a Chinese patient with malonic aciduria.","terms":[{"ids":"UNIPROT:O95822:T116:PRGE","score":0.807603577761207,"id":1,"start":40,"end":45,"text":"MLYCD","terms":[]},{"ids":"UMLS:C0342793:T047:DISO","score":1.0,"id":2,"start":72,"end":88,"text":"malonic aciduria","terms":[]}]},{"id":1,"start":90,"end":306,"text":"A 3-year-old Chinese boy presented with prominent clinical features of malonic aciduria, including developmental delay, short stature, brain abnormalities and massive excretion of malonic acid and methylmalonic acid.","terms":[{"ids":"UMLS:C0342793:T047:DISO","score":1.0,"id":1,"start":161,"end":177,"text":"malonic aciduria","terms":[]},{"ids":"UMLS:C0013336:T047:DISO","score":1.0,"id":2,"start":210,"end":223,"text":"short stature","terms":[]},{"ids":"UMLS:C0006104:T023:ANAT","score":1.0,"id":3,"start":225,"end":230,"text":"brain","terms":[]}]},{"id":2,"start":307,"end":595,"text":"Molecular characterization by DNA sequencing analysis and multiplex ligation-dependent probe amplification of the MLYCD gene revealed a heterozygous mutation (c.920T\u003eG, p.Leu307Arg) in the patient and his father and a heterozygous deletion comprising exon 1 in the patient and his mother.","terms":[{"ids":"UNIPROT:O95822:T116:PRGE","score":0.5284293113380905,"id":1,"start":421,"end":431,"text":"MLYCD gene","terms":[]}]},{"id":3,"start":596,"end":704,"text":"The missense mutation (c.920T\u003eG) was not found in 100 healthy controls and has not been reported previously.","terms":[]},{"id":4,"start":705,"end":814,"text":"Our findings expand the number of reported cases and add a novel entry to the repertoire of MLYCD mutations..","terms":[{"ids":"UMLS:C0004269:T047:DISO","score":1.0,"id":1,"start":758,"end":761,"text":"add","terms":[]}]}]