[{"id":0,"start":0,"end":235,"text":"The Arabic allele: a single base pair substitution activates a 10-base downstream cryptic splice acceptor site in exon 12 of LDLR and severely decreases LDLR expression in two unrelated Arab families with familial hypercholesterolemia.","terms":[{"ids":"UNIPROT:P01130:T116:PRGE","score":0.7572491719384417,"id":1,"start":125,"end":129,"text":"LDLR","terms":[]},{"ids":"UNIPROT:P01130:T116:PRGE","score":0.7572491719384417,"id":2,"start":153,"end":157,"text":"LDLR","terms":[]},{"ids":"UMLS:C0020445:T047:DISO","score":1.0,"id":3,"start":205,"end":234,"text":"familial hypercholesterolemia","terms":[]}]},{"id":1,"start":236,"end":340,"text":"Familial hypercholesterolemia (FH) is a monogenic autosomal dominant disorder caused by defects in LDLR.","terms":[{"ids":"UMLS:C0020445:T047:DISO","score":1.0,"id":1,"start":236,"end":265,"text":"Familial hypercholesterolemia","terms":[]},{"ids":"UMLS:C0745103:T047:DISO","score":1.0,"id":2,"start":267,"end":269,"text":"FH","terms":[]},{"ids":"UNIPROT:P01130:T116:PRGE","score":0.8941254763490336,"id":3,"start":335,"end":339,"text":"LDLR","terms":[]}]},{"id":2,"start":341,"end":387,"text":"Few reports describe FH mutations among Arabs.","terms":[{"ids":"UMLS:C0745103:T047:DISO","score":1.0,"id":1,"start":362,"end":364,"text":"FH","terms":[]}]},{"id":3,"start":388,"end":450,"text":"We describe a mutation in LDLR of two unrelated Arab families.","terms":[{"ids":"UNIPROT:P01130:T116:PRGE","score":0.9654046149806532,"id":1,"start":414,"end":418,"text":"LDLR","terms":[]}]},{"id":4,"start":451,"end":530,"text":"We investigated 19 patients using DNA sequencing, RFLP, and real-time (RT) PCR.","terms":[]},{"id":5,"start":531,"end":639,"text":"DNA sequencing showed a base pair substitution (c.1706-2 A\u003eT) in the splice acceptor site of LDLR intron 11.","terms":[{"ids":"UNIPROT:P01130:T116:PRGE","score":0.9138563319827706,"id":1,"start":624,"end":638,"text":"LDLR intron 11","terms":[]}]},{"id":6,"start":640,"end":693,"text":"Our results were confirmed by RFLP on 2% agarose gel.","terms":[]},{"id":7,"start":694,"end":874,"text":"In silico analysis predicted a new cryptic splice site downstream of the original position generating a 10-base deletion from the beginning of exon 12; (c.1706-1715del.ATCTCCTCAG).","terms":[]},{"id":8,"start":875,"end":939,"text":"cDNA sequencing of exon 12 confirmed the computational analysis.","terms":[]},{"id":9,"start":940,"end":986,"text":"The deletion was visualized on 4% agarose gel.","terms":[]},{"id":10,"start":987,"end":1090,"text":"The deletion generates a frameshift and a premature termination codon (c.1991-1993; p.(Asp569Valfs*93).","terms":[]},{"id":11,"start":1091,"end":1248,"text":"RT-PCR revealed that LDLR mRNA is 9.3%  6.5 and 17.9%  8.0 for FH homozygote and heterozygote individuals respectively, compared to a healthy family control.","terms":[{"ids":"UNIPROT:P01130:T116:PRGE","score":0.8702082808818383,"id":1,"start":1112,"end":1121,"text":"LDLR mRNA","terms":[]},{"ids":"UMLS:C0745103:T047:DISO","score":1.0,"id":2,"start":1154,"end":1156,"text":"FH","terms":[]}]},{"id":12,"start":1249,"end":1340,"text":"We predict a class II LDLR mutation that leads to a truncated receptor missing exons 14-18.","terms":[{"ids":"UNIPROT:P01130:T116:PRGE","score":0.7338421430247528,"id":1,"start":1271,"end":1275,"text":"LDLR","terms":[]}]},{"id":13,"start":1341,"end":1385,"text":"We called this mutation \"the Arabic allele\".","terms":[]},{"id":14,"start":1386,"end":1476,"text":"We expect a significant contribution of this mutation to the prevalence of FH among Arabs.","terms":[{"ids":"UMLS:C0745103:T047:DISO","score":1.0,"id":1,"start":1461,"end":1463,"text":"FH","terms":[]}]},{"id":15,"start":1477,"end":1585,"text":"Also, we propose that the severe down regulation of LDLR mRNA expression is due to nonsense-mediated-decay..","terms":[{"ids":"UNIPROT:P01130:T116:PRGE","score":0.9768966446309426,"id":1,"start":1529,"end":1538,"text":"LDLR mRNA","terms":[]}]}]