[{"id":0,"start":0,"end":116,"text":"Identification of LIPH gene mutation in a consanguineous family segregating the woolly hair/hypotrichosis phenotype.","terms":[{"ids":"UNIPROT:P11150:T116:PRGE|UNIPROT:Q96S06:T116:PRGE|UNIPROT:Q8WWY8:T116:PRGE","score":0.7338967577989558,"id":1,"start":18,"end":27,"text":"LIPH gene","terms":[]},{"ids":"UMLS:C0343073:T047:DISO","score":1.0,"id":2,"start":80,"end":91,"text":"woolly hair","terms":[{"ids":"UMLS:C0018494:T023:ANAT","score":1.0,"id":1,"start":87,"end":91,"text":"hair","terms":[]}]},{"ids":"UMLS:C0020678:T047:DISO","score":1.0,"id":3,"start":92,"end":105,"text":"hypotrichosis","terms":[]}]},{"id":1,"start":117,"end":295,"text":"OBJECTIVE: To identify the disease causing gene in a four generation consanguineous family in which eleven family members were suffering from Woolly hair/hypotrichosis phenotype.","terms":[{"ids":"UMLS:C0343073:T047:DISO","score":1.0,"id":1,"start":259,"end":270,"text":"Woolly hair","terms":[{"ids":"UMLS:C0018494:T023:ANAT","score":1.0,"id":1,"start":266,"end":270,"text":"hair","terms":[]}]},{"ids":"UMLS:C0020678:T047:DISO","score":1.0,"id":2,"start":271,"end":284,"text":"hypotrichosis","terms":[]}]},{"id":2,"start":296,"end":390,"text":"METHODS: Linkage analysis was carried out to identify the disease-causing gene in this family.","terms":[]},{"id":3,"start":391,"end":635,"text":"Genomic DNA of all the available family members was genotyped for the microsatellite markers for all the known woolly hair/hypotrichosis loci.Automated DNA sequencing of the candidate gene was performed to identify the disease-causing mutation.","terms":[{"ids":"UMLS:C0343073:T047:DISO","score":1.0,"id":1,"start":502,"end":513,"text":"woolly hair","terms":[{"ids":"UMLS:C0018494:T023:ANAT","score":1.0,"id":1,"start":509,"end":513,"text":"hair","terms":[]}]},{"ids":"UMLS:C0020678:T047:DISO","score":1.0,"id":2,"start":514,"end":527,"text":"hypotrichosis","terms":[]}]},{"id":4,"start":636,"end":897,"text":"RESULTS: By using homozygosity linkage analysis we have mapped the family on chromosome 3q27.3 with a two point LOD score of 4.04, Mutation screening of the LIPH gene revealed a homozygous c.659_660delTA deletion mutation segregating with the disease phenotype.","terms":[{"ids":"UNIPROT:P11150:T116:PRGE|UNIPROT:Q96S06:T116:PRGE|UNIPROT:Q8WWY8:T116:PRGE","score":0.959721959220402,"id":1,"start":793,"end":802,"text":"LIPH gene","terms":[]}]},{"id":5,"start":898,"end":1049,"text":"CONCLUSION: The results indicate that the c.659_660delTA mutation in the LIPH gene cause autosomal recessive WH/hypotrichosis phenotype in this family.","terms":[{"ids":"UNIPROT:P11150:T116:PRGE|UNIPROT:Q96S06:T116:PRGE|UNIPROT:Q8WWY8:T116:PRGE","score":0.6677344566830036,"id":1,"start":971,"end":980,"text":"LIPH gene","terms":[]},{"ids":"UMLS:C0020678:T047:DISO","score":1.0,"id":2,"start":1010,"end":1023,"text":"hypotrichosis","terms":[]}]},{"id":6,"start":1050,"end":1199,"text":"This mutation has been reported in several Pakistani and Guyanese families suggesting a founder mutation in the LIPH gene in Indo-Pak sub-continent..","terms":[{"ids":"UMLS:C0263541:T047:DISO","score":1.0,"id":1,"start":1138,"end":1145,"text":"founder","terms":[]},{"ids":"UNIPROT:P11150:T116:PRGE|UNIPROT:Q96S06:T116:PRGE|UNIPROT:Q8WWY8:T116:PRGE","score":0.7066511864571612,"id":2,"start":1162,"end":1171,"text":"LIPH gene","terms":[]}]}]