[{"id":0,"start":0,"end":135,"text":"Genetic polymorphism of the glutathione-S-transferase P1 gene (GSTP1) and susceptibility to prostate cancer in the Kashmiri population.","terms":[{"ids":"UNIPROT:P14222:T116:PRGE","score":0.9926958934128614,"id":1,"start":28,"end":61,"text":"glutathione-S-transferase P1 gene","terms":[]},{"ids":"UNIPROT:P09211:T116:PRGE","score":0.9926958934128614,"id":2,"start":63,"end":68,"text":"GSTP1","terms":[]},{"ids":"UMLS:C0033572:T023:ANAT","score":1.0,"id":3,"start":92,"end":100,"text":"prostate","terms":[]}]},{"id":1,"start":136,"end":233,"text":"Glutathione-S-transferase P1 (GSTP1) is a critical enzyme of the phase II detoxification pathway.","terms":[{"ids":"UNIPROT:P14222:T116:PRGE","score":0.9961962655364875,"id":1,"start":136,"end":164,"text":"Glutathione-S-transferase P1","terms":[]},{"ids":"UNIPROT:P09211:T116:PRGE","score":0.9961962655364875,"id":2,"start":166,"end":171,"text":"GSTP1","terms":[]}]},{"id":2,"start":234,"end":449,"text":"One of the common functional polymorphisms of GSTP1 is A \u003e G at nucleotide 313, which results in an amino acid substitution (Ile105Val) at the substrate binding site of GSTP1 and reduces catalytic activity of GSTP1.","terms":[{"ids":"UNIPROT:P09211:T116:PRGE","score":0.9887562851916136,"id":1,"start":280,"end":285,"text":"GSTP1","terms":[]},{"ids":"UNIPROT:P09211:T116:PRGE","score":0.9887562851916136,"id":2,"start":403,"end":408,"text":"GSTP1","terms":[]},{"ids":"UNIPROT:P09211:T116:PRGE","score":0.9887562851916136,"id":3,"start":443,"end":448,"text":"GSTP1","terms":[]}]},{"id":3,"start":450,"end":805,"text":"To investigate the GSTP1 Ile105Val genotype frequency in prostate cancer cases in the Kashmiri population, we designed a case-control study, in which 50 prostate cancer cases and 45 benign prostate hyperplasia cases were studied for GSTP1 Ile105Val polymorphism, compared to 80 controls taken from the general population, employing the PCR-RFLP technique.","terms":[{"ids":"UNIPROT:P09211:T116:PRGE","score":0.5856244409653569,"id":1,"start":469,"end":493,"text":"GSTP1 Ile105Val genotype","terms":[]},{"ids":"UMLS:C0033572:T023:ANAT","score":1.0,"id":2,"start":507,"end":515,"text":"prostate","terms":[]},{"ids":"UMLS:C0033572:T023:ANAT","score":1.0,"id":3,"start":603,"end":611,"text":"prostate","terms":[]},{"ids":"UMLS:C2937421:T047:DISO","score":1.0,"id":4,"start":639,"end":659,"text":"prostate hyperplasia","terms":[{"ids":"UMLS:C0033572:T023:ANAT","score":1.0,"id":1,"start":639,"end":647,"text":"prostate","terms":[]}]},{"ids":"UNIPROT:P09211:T116:PRGE","score":0.5856244409653569,"id":5,"start":683,"end":698,"text":"GSTP1 Ile105Val","terms":[]}]},{"id":4,"start":806,"end":1128,"text":"We found the frequency of the three different genotypes of GSTP1 Ile105Val in our ethnic Kashmir population, i.e., Ile/Ile, Ile/Val and Val/Val, to be 52.4, 33.3 and 14.3% among prostate cancer cases, 48.5, 37.5 and 14% among benign prostate hyperplasia cases and 73.8, 21.3 and 5% in the control population, respectively.","terms":[{"ids":"UNIPROT:P09211:T116:PRGE","score":0.6650967012538188,"id":1,"start":865,"end":880,"text":"GSTP1 Ile105Val","terms":[]},{"ids":"UMLS:C0033572:T023:ANAT","score":1.0,"id":2,"start":984,"end":992,"text":"prostate","terms":[]},{"ids":"UMLS:C2937421:T047:DISO","score":1.0,"id":3,"start":1039,"end":1059,"text":"prostate hyperplasia","terms":[{"ids":"UMLS:C0033572:T023:ANAT","score":1.0,"id":1,"start":1039,"end":1047,"text":"prostate","terms":[]}]}]},{"id":5,"start":1129,"end":1243,"text":"There was a significant association between the GSTP1 Ile/Val genotype and the advanced age group among the cases.","terms":[{"ids":"UNIPROT:P09211:T116:PRGE","score":0.7788939382487565,"id":1,"start":1177,"end":1199,"text":"GSTP1 Ile/Val genotype","terms":[]}]},{"id":6,"start":1244,"end":1362,"text":"We conclude that GSTP1 Ile/Val polymorphism is involved in the risk of prostate cancer development in our population..","terms":[{"ids":"UNIPROT:P09211:T116:PRGE","score":0.7963025200934316,"id":1,"start":1261,"end":1270,"text":"GSTP1 Ile","terms":[]},{"ids":"UMLS:C0033572:T023:ANAT","score":1.0,"id":2,"start":1315,"end":1323,"text":"prostate","terms":[]}]}]