[{"id":0,"start":0,"end":100,"text":"A case of Werner syndrome without metabolic abnormality: implications for the early pathophysiology.","terms":[{"ids":"UMLS:C0043119:T047:DISO","score":1.0,"id":1,"start":10,"end":25,"text":"Werner syndrome","terms":[]}]},{"id":1,"start":101,"end":211,"text":"Werner syndrome (WS) is an autosomal recessive progeroid disorder caused by mutations in the WRN DNA helicase.","terms":[{"ids":"UMLS:C0043119:T047:DISO","score":1.0,"id":1,"start":101,"end":116,"text":"Werner syndrome","terms":[]},{"ids":"UMLS:C0043119:T047:DISO","score":1.0,"id":2,"start":118,"end":120,"text":"WS","terms":[]},{"ids":"UNIPROT:Q14191:T116:PRGE|UNIPROT:P02545:T116:PRGE","score":0.9972158294850139,"id":3,"start":194,"end":210,"text":"WRN DNA helicase","terms":[{"ids":"UMLS:C0043119:T047:DISO","score":1.0,"id":1,"start":194,"end":197,"text":"WRN","terms":[]}]}]},{"id":2,"start":212,"end":445,"text":"It is characterized by the graying and loss of hair, juvenile cataracts, sclerosis and ulceration of skin, insulin-resistant diabetes mellitus, dyslipidemia, abdominal adiposity, osteoporosis, atherosclerosis, and malignant neoplasm.","terms":[{"ids":"UMLS:C0018494:T023:ANAT","score":1.0,"id":1,"start":259,"end":263,"text":"hair","terms":[]},{"ids":"UMLS:C0743125:T047:DISO","score":1.0,"id":2,"start":319,"end":354,"text":"insulin-resistant diabetes mellitus","terms":[{"ids":"UNIPROT:P01308:T116:PRGE","score":0.9248225873100506,"id":1,"start":319,"end":326,"text":"insulin","terms":[]}]},{"ids":"UMLS:C0242339:T047:DISO","score":1.0,"id":3,"start":356,"end":368,"text":"dyslipidemia","terms":[]},{"ids":"UMLS:C0028754:T047:DISO","score":1.0,"id":4,"start":380,"end":389,"text":"adiposity","terms":[]},{"ids":"UMLS:C0029456:T047:DISO|UMLS:C2678504:T047:DISO","score":1.0,"id":5,"start":391,"end":403,"text":"osteoporosis","terms":[]},{"ids":"UMLS:C0004153:T047:DISO","score":1.0,"id":6,"start":405,"end":420,"text":"atherosclerosis","terms":[]}]},{"id":3,"start":446,"end":574,"text":"Patients are usually diagnosed in their 30s or 40s, but the early pathophysiology of the syndrome is still not fully understood.","terms":[{"ids":"UMLS:C0227073:T023:ANAT","score":1.0,"id":1,"start":486,"end":489,"text":"30s","terms":[]},{"ids":"UMLS:C1857276:T047:DISO","score":1.0,"id":2,"start":531,"end":543,"text":"the syndrome","terms":[]}]},{"id":4,"start":575,"end":683,"text":"Here we report a 29-year-old female patient who displayed cataracts, hair graying, and tendinous calcinosis.","terms":[{"ids":"UMLS:C0018494:T023:ANAT","score":1.0,"id":1,"start":644,"end":648,"text":"hair","terms":[]},{"ids":"UMLS:C0006663:T047:DISO","score":1.0,"id":2,"start":672,"end":682,"text":"calcinosis","terms":[]}]},{"id":5,"start":684,"end":715,"text":"Her parents were first cousins.","terms":[]},{"id":6,"start":716,"end":861,"text":"Interestingly, the patient lacked the metabolic signs typical for WS, including glucose intolerance, dyslipidemia, and visceral fat accumulation.","terms":[{"ids":"UMLS:C0043119:T047:DISO|UMLS:C0175702:T047:DISO","score":1.0,"id":1,"start":782,"end":784,"text":"WS","terms":[]},{"ids":"UMLS:C0271650:T047:DISO","score":1.0,"id":2,"start":796,"end":815,"text":"glucose intolerance","terms":[]},{"ids":"UMLS:C0242339:T047:DISO","score":1.0,"id":3,"start":817,"end":829,"text":"dyslipidemia","terms":[]}]},{"id":7,"start":862,"end":947,"text":"A hyperinsulinemic response at 30 min was observed in an oral glucose tolerance test.","terms":[]},{"id":8,"start":948,"end":1171,"text":"Mutational analysis for the WRN gene revealed a homozygous nucleotide substitution 3190C\u003eT in exon 24, resulting in a protein product with replacement of an arginine residue at position 573 by termination codon (Arg987Ter).","terms":[{"ids":"UNIPROT:Q14191:T116:PRGE","score":0.9757706220822311,"id":1,"start":976,"end":984,"text":"WRN gene","terms":[{"ids":"UMLS:C0043119:T047:DISO","score":1.0,"id":1,"start":976,"end":979,"text":"WRN","terms":[]}]}]},{"id":9,"start":1172,"end":1265,"text":"The mutated WRN protein was unable to translocate into the nucleus in an in vitro cell assay.","terms":[{"ids":"UNIPROT:Q14191:T116:PRGE|UNIPROT:P02545:T116:PRGE","score":0.8906290989574024,"id":1,"start":1184,"end":1195,"text":"WRN protein","terms":[{"ids":"UMLS:C0043119:T047:DISO","score":1.0,"id":1,"start":1184,"end":1187,"text":"WRN","terms":[]}]}]},{"id":10,"start":1266,"end":1406,"text":"A WS patient with an Arg987Ter mutation has been previously reported in Switzerland, the present case is the first to be identified in Asia.","terms":[{"ids":"UMLS:C0043119:T047:DISO|UMLS:C0175702:T047:DISO","score":1.0,"id":1,"start":1268,"end":1270,"text":"WS","terms":[]}]},{"id":11,"start":1407,"end":1588,"text":"This case demonstrates the early clinical features of WS and suggests that metabolic abnormality, including insulin resistance, is not an essential component of WS at disease onset.","terms":[{"ids":"UMLS:C0043119:T047:DISO|UMLS:C0175702:T047:DISO","score":1.0,"id":1,"start":1461,"end":1463,"text":"WS","terms":[]},{"ids":"UNIPROT:P01308:T116:PRGE","score":0.9931549784959799,"id":2,"start":1515,"end":1522,"text":"insulin","terms":[]},{"ids":"UMLS:C0043119:T047:DISO|UMLS:C0175702:T047:DISO","score":1.0,"id":3,"start":1568,"end":1570,"text":"WS","terms":[]}]},{"id":12,"start":1589,"end":1737,"text":"Moreover, a follow-up study of such case would be useful to understand how the various clinical symptoms in WS develop and progress over the years..","terms":[{"ids":"UMLS:C0043119:T047:DISO|UMLS:C0175702:T047:DISO","score":1.0,"id":1,"start":1697,"end":1699,"text":"WS","terms":[]}]}]