[{"id":0,"start":0,"end":56,"text":"Aberrations of the APC gene in primary breast carcinoma.","terms":[{"ids":"UNIPROT:P25054:T116:PRGE","score":0.992791603792076,"id":1,"start":19,"end":27,"text":"APC gene","terms":[{"ids":"UMLS:C0033036:T047:DISO","score":1.0,"id":1,"start":19,"end":22,"text":"APC","terms":[]}]},{"ids":"UMLS:C0006141:T023:ANAT","score":1.0,"id":2,"start":39,"end":45,"text":"breast","terms":[]}]},{"id":1,"start":57,"end":263,"text":"Aberrations of the APC gene, which plays an important role in the genesis of familial adenomatous polyposis and colorectal carcinoma, were investigated in 31  surgical specimens of primary breast carcinoma.","terms":[{"ids":"UNIPROT:P25054:T116:PRGE","score":0.9972943052787753,"id":1,"start":76,"end":84,"text":"APC gene","terms":[{"ids":"UMLS:C0033036:T047:DISO","score":1.0,"id":1,"start":76,"end":79,"text":"APC","terms":[]}]},{"ids":"UMLS:C0006141:T023:ANAT","score":1.0,"id":2,"start":246,"end":252,"text":"breast","terms":[]}]},{"id":2,"start":264,"end":475,"text":"These studies utilized the polymerase chain reaction followed by restriction-fragment-length polymorphism and single-strand-conformation polymorphism analyses combined with tumor cell enrichment by cell sorting.","terms":[]},{"id":3,"start":476,"end":622,"text":"Loss of heterozygosity at the APC locus was detected  in 8 (38%) of 21 informative cases, but only 2 (6%) of 31 tumors carried a mutated APC gene.","terms":[{"ids":"UNIPROT:P25054:T116:PRGE|UNIPROT:P05177:T116:PRGE|UNIPROT:P04070:T116:PRGE","score":0.9597441596346239,"id":1,"start":506,"end":515,"text":"APC locus","terms":[{"ids":"UMLS:C0033036:T047:DISO","score":1.0,"id":1,"start":506,"end":509,"text":"APC","terms":[]}]},{"ids":"UNIPROT:P25054:T116:PRGE","score":0.9597441596346239,"id":2,"start":613,"end":621,"text":"APC gene","terms":[{"ids":"UMLS:C0033036:T047:DISO","score":1.0,"id":1,"start":613,"end":616,"text":"APC","terms":[]}]}]},{"id":4,"start":623,"end":853,"text":"Direct DNA sequencing analysis confirmed mutations at codon 1081 (AGC to ATC) resulting in an amino acid substitution of serine for isoleucine, and at codon 1096 (CAG to CAT) resulting in a substitution of glutamine for histidine.","terms":[{"ids":"UNIPROT:Q6IB77:T116:PRGE|UNIPROT:P04040:T116:PRGE|UNIPROT:P43155:T116:PRGE","score":0.52684137058863,"id":1,"start":793,"end":796,"text":"CAT","terms":[]}]},{"id":5,"start":854,"end":1002,"text":"There were no significant correlations between the loss  of heterozygosity or mutation at the APC locus and any clinicopathological characteristics.","terms":[{"ids":"UNIPROT:P25054:T116:PRGE|UNIPROT:P05177:T116:PRGE|UNIPROT:P04070:T116:PRGE","score":0.9882175096895568,"id":1,"start":948,"end":957,"text":"APC locus","terms":[{"ids":"UMLS:C0033036:T047:DISO","score":1.0,"id":1,"start":948,"end":951,"text":"APC","terms":[]}]}]},{"id":6,"start":1003,"end":1275,"text":"Our present observations suggest that the mutations of the APC gene may play an important role in the genesis of certain breast carcinomas, and  that another tumor-suppressor gene, which is the true target of frequent loss of  heterozygosity, may exist near the APC gene..","terms":[{"ids":"UNIPROT:P25054:T116:PRGE","score":0.9523791923962782,"id":1,"start":1062,"end":1070,"text":"APC gene","terms":[{"ids":"UMLS:C0033036:T047:DISO","score":1.0,"id":1,"start":1062,"end":1065,"text":"APC","terms":[]}]},{"ids":"UMLS:C0006141:T023:ANAT","score":1.0,"id":2,"start":1124,"end":1130,"text":"breast","terms":[]},{"ids":"UNIPROT:P25054:T116:PRGE","score":0.9523791923962782,"id":3,"start":1265,"end":1273,"text":"APC gene","terms":[{"ids":"UMLS:C0033036:T047:DISO","score":1.0,"id":1,"start":1265,"end":1268,"text":"APC","terms":[]}]}]}]