[{"id":0,"start":0,"end":81,"text":"A novel p53 germline alteration identified in a late onset breast cancer kindred.","terms":[{"ids":"UNIPROT:P42771:T116:PRGE","score":0.987622917504814,"id":1,"start":8,"end":11,"text":"p53","terms":[]},{"ids":"UMLS:C0006141:T023:ANAT","score":1.0,"id":2,"start":59,"end":65,"text":"breast","terms":[]}]},{"id":1,"start":82,"end":326,"text":"Germline mutations in the p53 tumor suppressor gene are associated with the Li-Fraumeni syndrome, characterized by childhood sarcoma, leukemia and early onset breast cancer and has occasionally been found also in familial breast-ovarian cancer.","terms":[{"ids":"UNIPROT:P42771:T116:PRGE","score":0.9906535167293236,"id":1,"start":108,"end":133,"text":"p53 tumor suppressor gene","terms":[]},{"ids":"UMLS:C0020758:T047:DISO","score":1.0,"id":2,"start":158,"end":160,"text":"Li","terms":[]},{"ids":"UMLS:C0039082:T047:DISO","score":1.0,"id":3,"start":170,"end":178,"text":"syndrome","terms":[]},{"ids":"UMLS:C0006141:T023:ANAT","score":1.0,"id":4,"start":241,"end":247,"text":"breast","terms":[]},{"ids":"UMLS:C0006141:T023:ANAT","score":1.0,"id":5,"start":304,"end":310,"text":"breast","terms":[]},{"ids":"UMLS:C0205065:T023:ANAT","score":1.0,"id":6,"start":311,"end":318,"text":"ovarian","terms":[]}]},{"id":2,"start":327,"end":430,"text":"Most mutations found are of missense type and located in the central region of the gene (exons 5 to 8).","terms":[]},{"id":3,"start":431,"end":638,"text":"In the present study, a germline p53 alteration was identified in a late onset breast cancer family (kindred Lund  5; mean age 58 years) using single stranded conformation polymorphism and sequence analysis.","terms":[{"ids":"UNIPROT:P42771:T116:PRGE","score":0.875698579264258,"id":1,"start":464,"end":467,"text":"p53","terms":[]},{"ids":"UMLS:C0006141:T023:ANAT","score":1.0,"id":2,"start":510,"end":516,"text":"breast","terms":[]}]},{"id":4,"start":639,"end":847,"text":"The mutation (a CCG to CTG transition) at codon 82 in exon 4,  resulting in a proline to leucine substitution, has not previously been reported  and was not present in a control set of 60 healthy individuals.","terms":[]},{"id":5,"start":848,"end":941,"text":"Three of five woman with breast cancer (45, 57 and 65 years) were carriers of the alteration.","terms":[{"ids":"UMLS:C0006141:T023:ANAT","score":1.0,"id":1,"start":873,"end":879,"text":"breast","terms":[]}]},{"id":6,"start":942,"end":1141,"text":"Loss of heterozygosity at the p53 locus was not seen in the primary tumors of these women, but appeared as a partial loss of the wildtype allele in subsequent  recurrent lesions of two gene carriers.","terms":[{"ids":"UNIPROT:P42771:T116:PRGE","score":0.9873316033708909,"id":1,"start":972,"end":981,"text":"p53 locus","terms":[]}]},{"id":7,"start":1142,"end":1359,"text":"The family manifested no linkage to the p53 gene (a two-point LOD-score of -0.41), and has previously also been excluded  for linkage to the BRCA1 and BRCA2 loci, as well as being carrier of a BRCA1 germline mutation.","terms":[{"ids":"UNIPROT:P42771:T116:PRGE","score":0.8938019136396194,"id":1,"start":1182,"end":1190,"text":"p53 gene","terms":[]},{"ids":"UNIPROT:P38398:T116:PRGE","score":0.8938019136396194,"id":2,"start":1283,"end":1288,"text":"BRCA1","terms":[]},{"ids":"UNIPROT:P51587:T116:PRGE","score":0.8938019136396194,"id":3,"start":1293,"end":1303,"text":"BRCA2 loci","terms":[]},{"ids":"UNIPROT:P38398:T116:PRGE","score":0.8938019136396194,"id":4,"start":1335,"end":1340,"text":"BRCA1","terms":[]}]},{"id":8,"start":1360,"end":1592,"text":"Although it seems unlikely that the p53 germline mutation is the major cause of disease predisposition in Lund 5, the data suggest that some p53 alteration may confer a subtle influence on breast cancer development and progression..","terms":[{"ids":"UNIPROT:P42771:T116:PRGE","score":0.4943769347972085,"id":1,"start":1396,"end":1399,"text":"p53","terms":[]},{"ids":"UNIPROT:P42771:T116:PRGE","score":0.4943769347972085,"id":2,"start":1501,"end":1504,"text":"p53","terms":[]},{"ids":"UMLS:C0006141:T023:ANAT","score":1.0,"id":3,"start":1549,"end":1555,"text":"breast","terms":[]}]}]