[{"id":0,"start":0,"end":118,"text":"Identification of two germline point mutations in the 5\u0027UTR of the androgen receptor gene in men with prostate cancer.","terms":[{"ids":"UNIPROT:P10275:T116:PRGE","score":0.9830630555895117,"id":1,"start":67,"end":89,"text":"androgen receptor gene","terms":[]},{"ids":"UMLS:C0033572:T023:ANAT","score":1.0,"id":2,"start":102,"end":110,"text":"prostate","terms":[]}]},{"id":1,"start":119,"end":394,"text":"PURPOSE: As part of an ongoing study to identify germline mutations and/or polymorphisms in the androgen receptor (AR) gene which might be associated with prostate cancer, the 5\u0027-untranslated region (5\u0027UTR) of the AR gene was screened in genomic DNA of prostate cancer cases.","terms":[{"ids":"UNIPROT:P10275:T116:PRGE","score":0.8485889022688936,"id":1,"start":215,"end":232,"text":"androgen receptor","terms":[]},{"ids":"UMLS:C0003504:T047:DISO|UNIPROT:P01721:T116:PRGE|UNIPROT:Q9NZJ4:T116:PRGE|UNIPROT:P10275:T116:PRGE","score":1.0,"id":2,"start":234,"end":236,"text":"AR","terms":[]},{"ids":"UMLS:C0033572:T023:ANAT","score":1.0,"id":3,"start":274,"end":282,"text":"prostate","terms":[]},{"ids":"UNIPROT:P01721:T116:PRGE|UNIPROT:Q9NZJ4:T116:PRGE|UNIPROT:P10275:T116:PRGE","score":0.8485889022688936,"id":4,"start":333,"end":340,"text":"AR gene","terms":[{"ids":"UMLS:C0003504:T047:DISO","score":1.0,"id":1,"start":333,"end":335,"text":"AR","terms":[]}]},{"ids":"UMLS:C0033572:T023:ANAT","score":1.0,"id":5,"start":372,"end":380,"text":"prostate","terms":[]}]},{"id":2,"start":395,"end":517,"text":"This region, which is \u003e 1 kb in length,  might modulate AR expression by affecting transcription and/or translation rates.","terms":[{"ids":"UMLS:C0003504:T047:DISO|UNIPROT:P01721:T116:PRGE|UNIPROT:Q9NZJ4:T116:PRGE|UNIPROT:P10275:T116:PRGE","score":1.0,"id":1,"start":451,"end":453,"text":"AR","terms":[]}]},{"id":3,"start":518,"end":623,"text":"A life-time exposure to enhanced AR expression, in turn, could potentially predispose to prostate cancer.","terms":[{"ids":"UMLS:C0003504:T047:DISO|UNIPROT:P01721:T116:PRGE|UNIPROT:Q9NZJ4:T116:PRGE|UNIPROT:P10275:T116:PRGE","score":1.0,"id":1,"start":551,"end":553,"text":"AR","terms":[]},{"ids":"UMLS:C0033572:T023:ANAT","score":1.0,"id":2,"start":607,"end":615,"text":"prostate","terms":[]}]},{"id":4,"start":624,"end":753,"text":"MATERIALS AND METHODS: Genomic DNA samples from 38 prostate cancer cases were analyzed for mutations in the 5\u0027UTR of the AR gene.","terms":[{"ids":"UMLS:C0033572:T023:ANAT","score":1.0,"id":1,"start":675,"end":683,"text":"prostate","terms":[]},{"ids":"UNIPROT:P01721:T116:PRGE|UNIPROT:Q9NZJ4:T116:PRGE|UNIPROT:P10275:T116:PRGE","score":0.9565554485336009,"id":2,"start":745,"end":752,"text":"AR gene","terms":[{"ids":"UMLS:C0003504:T047:DISO","score":1.0,"id":1,"start":745,"end":747,"text":"AR","terms":[]}]}]},{"id":5,"start":754,"end":793,"text":"RESULTS: Two mutations were identified.","terms":[]},{"id":6,"start":794,"end":943,"text":"One mutation, G2T, is located within the  AR transcription initiation site 1 (AR-TIS I), and the second, C214A, within a GC rich region of the 5\u0027UTR.","terms":[{"ids":"UNIPROT:P01721:T116:PRGE|UNIPROT:Q9NZJ4:T116:PRGE|UNIPROT:P10275:T116:PRGE","score":0.3514767490366912,"id":1,"start":836,"end":870,"text":"AR transcription initiation site 1","terms":[{"ids":"UMLS:C0003504:T047:DISO","score":1.0,"id":1,"start":836,"end":838,"text":"AR","terms":[]}]},{"ids":"UNIPROT:P01721:T116:PRGE|UNIPROT:Q9NZJ4:T116:PRGE|UNIPROT:P10275:T116:PRGE","score":0.3514767490366912,"id":2,"start":872,"end":880,"text":"AR-TIS I","terms":[{"ids":"UMLS:C0003504:T047:DISO","score":1.0,"id":1,"start":872,"end":874,"text":"AR","terms":[]}]}]},{"id":7,"start":944,"end":1186,"text":"CONCLUSIONS: Although 5\u0027UTR mutations in the AR gene might only rarely occur in men with prostate cancer, the occasional mutation in this area may contribute to  the disease by altering rates of transcription and/or translation of this gene..","terms":[{"ids":"UNIPROT:P01721:T116:PRGE|UNIPROT:Q9NZJ4:T116:PRGE|UNIPROT:P10275:T116:PRGE","score":0.8189511465592617,"id":1,"start":989,"end":996,"text":"AR gene","terms":[{"ids":"UMLS:C0003504:T047:DISO","score":1.0,"id":1,"start":989,"end":991,"text":"AR","terms":[]}]},{"ids":"UMLS:C0033572:T023:ANAT","score":1.0,"id":2,"start":1033,"end":1041,"text":"prostate","terms":[]}]}]