[{"id":0,"start":0,"end":149,"text":"Abrogation of wild-type p53-mediated transactivation is insufficient for mutant p53-induced immortalization of normal human mammary epithelial cells.","terms":[{"ids":"UNIPROT:P42771:T116:PRGE","score":0.6435849039485697,"id":1,"start":24,"end":27,"text":"p53","terms":[]},{"ids":"UNIPROT:P42771:T116:PRGE","score":0.6435849039485697,"id":2,"start":80,"end":83,"text":"p53","terms":[]},{"ids":"UMLS:C0929301:T023:ANAT|UMLS:C0006141:T023:ANAT","score":1.0,"id":3,"start":124,"end":131,"text":"mammary","terms":[]}]},{"id":1,"start":150,"end":279,"text":"The p53 protein has become a subject of intense interest since the discovery that about 50% of human cancers carry p53 mutations.","terms":[{"ids":"UNIPROT:P42771:T116:PRGE","score":0.5892621672975308,"id":1,"start":154,"end":165,"text":"p53 protein","terms":[]},{"ids":"UNIPROT:P42771:T116:PRGE","score":0.5892621672975308,"id":2,"start":265,"end":268,"text":"p53","terms":[]}]},{"id":2,"start":280,"end":460,"text":"Mutations in the p53 gene are the most frequent genetic lesions in breast cancer, suggesting a critical role for p53 protein in normal mammary epithelial cell (MEC) growth control.","terms":[{"ids":"UNIPROT:P42771:T116:PRGE","score":0.9924124913511241,"id":1,"start":297,"end":305,"text":"p53 gene","terms":[]},{"ids":"UMLS:C0006141:T023:ANAT","score":1.0,"id":2,"start":347,"end":353,"text":"breast","terms":[]},{"ids":"UNIPROT:P42771:T116:PRGE","score":0.9924124913511241,"id":3,"start":393,"end":404,"text":"p53 protein","terms":[]},{"ids":"UMLS:C0006141:T023:ANAT","score":1.0,"id":4,"start":415,"end":422,"text":"mammary","terms":[]}]},{"id":3,"start":461,"end":621,"text":"We previously demonstrated that abrogation of the p53 function by a cancer-derived p53 mutant,  del239, was sufficient to induce immortalization of normal MECs.","terms":[{"ids":"UNIPROT:P42771:T116:PRGE","score":0.9699453222377714,"id":1,"start":511,"end":514,"text":"p53","terms":[]},{"ids":"UNIPROT:P42771:T116:PRGE","score":0.9699453222377714,"id":2,"start":544,"end":554,"text":"p53 mutant","terms":[]}]},{"id":4,"start":622,"end":974,"text":"To further extend these findings and to examine the mechanism of mutant p53-induced immortalization of MECs, we tested the immortalizing ability of four selected p53 mutants (R175H, R248W, R249S, and R273H), which involve residues that cluster close to N239 in the three-dimensional structure and which are critical for the DNA-binding function of p53.","terms":[{"ids":"UNIPROT:P42771:T116:PRGE","score":0.6919848814780634,"id":1,"start":694,"end":697,"text":"p53","terms":[]},{"ids":"UNIPROT:P42771:T116:PRGE","score":0.6919848814780634,"id":2,"start":784,"end":795,"text":"p53 mutants","terms":[]},{"ids":"UNIPROT:P42771:T116:PRGE","score":0.6919848814780634,"id":3,"start":970,"end":973,"text":"p53","terms":[]}]},{"id":5,"start":975,"end":1178,"text":"Interestingly, two of these mutants (R175H and R249S) reproducibly immortalized 76N normal MECs, whereas the other two mutants (R248W and R273H) induced an extension of life span but not immortalization.","terms":[]},{"id":6,"start":1179,"end":1327,"text":"These results further substantiate that selective ablation of p53 function with dominant-negative mutants is sufficient for immortalization of MECs.","terms":[{"ids":"UNIPROT:P42771:T116:PRGE","score":0.9501126834612795,"id":1,"start":1241,"end":1244,"text":"p53","terms":[]}]},{"id":7,"start":1328,"end":1710,"text":"To determine whether abrogation of the transactivation function of endogenous p53 was important for the differential immortalizing ability of p53 mutants, we measured  the effects of mutant p53 on the endogenous wild-type p53-mediated transactivation of a chloramphenicol acetyltransferase reporter linked to a consensus p53 binding DNA sequence in transiently transfected 76N MECs.","terms":[{"ids":"UNIPROT:P42771:T116:PRGE","score":0.25662452024348553,"id":1,"start":1406,"end":1409,"text":"p53","terms":[]},{"ids":"UNIPROT:P42771:T116:PRGE","score":0.25662452024348553,"id":2,"start":1470,"end":1481,"text":"p53 mutants","terms":[]},{"ids":"UNIPROT:P42771:T116:PRGE","score":0.25662452024348553,"id":3,"start":1518,"end":1521,"text":"p53","terms":[]},{"ids":"UNIPROT:P42771:T116:PRGE","score":0.25662452024348553,"id":4,"start":1550,"end":1553,"text":"p53","terms":[]},{"ids":"UNIPROT:P18440:T116:PRGE","score":0.25662452024348553,"id":5,"start":1584,"end":1626,"text":"chloramphenicol acetyltransferase reporter","terms":[]},{"ids":"UNIPROT:P42771:T116:PRGE","score":0.25662452024348553,"id":6,"start":1649,"end":1673,"text":"p53 binding DNA sequence","terms":[]}]},{"id":8,"start":1711,"end":1860,"text":"All of the mutants, regardless of their immortalizing phenotype, abrogated the endogenous wild-type p53-mediated transactivation to a similar extent.","terms":[{"ids":"UNIPROT:P42771:T116:PRGE","score":0.6608183474165357,"id":1,"start":1811,"end":1814,"text":"p53","terms":[]}]},{"id":9,"start":1861,"end":1978,"text":"Thus, abrogation of transactivation function is not sufficient for mutant p53-induced immortalization of normal MECs.","terms":[{"ids":"UNIPROT:P42771:T116:PRGE","score":0.8378218383351391,"id":1,"start":1935,"end":1938,"text":"p53","terms":[]}]},{"id":10,"start":1979,"end":2190,"text":"The p53-immortalized MECs showed substantial telomerase activity; however, induction of telomerase activity occurred at late passages and was undetectable in mutant p53-expressing cells prior to immortalization.","terms":[{"ids":"UNIPROT:P42771:T116:PRGE","score":0.5084036133736267,"id":1,"start":1983,"end":2004,"text":"p53-immortalized MECs","terms":[]},{"ids":"UNIPROT:P42771:T116:PRGE","score":0.5084036133736267,"id":2,"start":2137,"end":2147,"text":"mutant p53","terms":[]}]},{"id":11,"start":2191,"end":2374,"text":"We suggest that mechanisms other than abrogation of transactivation and induction of telomerase activity determine the differential MEC-immortalizing behavior of various p53 mutants..","terms":[{"ids":"UNIPROT:P42771:T116:PRGE","score":0.9858197118395973,"id":1,"start":2361,"end":2372,"text":"p53 mutants","terms":[]}]}]