[{"id":0,"start":0,"end":114,"text":"Resistance of MCF7 human breast carcinoma cells to TNF-induced cell death is associated with loss of p53 function.","terms":[{"ids":"UMLS:C0006141:T023:ANAT","score":1.0,"id":1,"start":25,"end":31,"text":"breast","terms":[]},{"ids":"UNIPROT:P01375:T116:PRGE","score":0.9690313846090525,"id":2,"start":51,"end":54,"text":"TNF","terms":[]},{"ids":"UNIPROT:P42771:T116:PRGE","score":0.9690313846090525,"id":3,"start":101,"end":104,"text":"p53","terms":[]}]},{"id":1,"start":115,"end":404,"text":"We have investigated the relationship between the development of tumor resistance towards the cytotoxic action of tumor necrosis factor-alpha (TNF) and p53 function, using the TNF-sensitive MCF7 human breast adenocarcinoma cell line and  two TNF-resistant sublines, MCF7/R-A1 and MCF7/Adr.","terms":[{"ids":"UNIPROT:P01375:T116:PRGE","score":0.2773381074512686,"id":1,"start":229,"end":256,"text":"tumor necrosis factor-alpha","terms":[]},{"ids":"UNIPROT:P01375:T116:PRGE","score":0.2773381074512686,"id":2,"start":258,"end":261,"text":"TNF","terms":[]},{"ids":"UNIPROT:P42771:T116:PRGE","score":0.2773381074512686,"id":3,"start":267,"end":270,"text":"p53","terms":[]},{"ids":"UNIPROT:P01375:T116:PRGE","score":0.2773381074512686,"id":4,"start":291,"end":309,"text":"TNF-sensitive MCF7","terms":[]},{"ids":"UMLS:C0006141:T023:ANAT","score":1.0,"id":5,"start":316,"end":322,"text":"breast","terms":[]},{"ids":"UNIPROT:P01375:T116:PRGE","score":0.2773381074512686,"id":6,"start":357,"end":360,"text":"TNF","terms":[]},{"ids":"UMLS:C0933653:T023:ANAT|UNIPROT:P30542:T116:PRGE|UNIPROT:P35251:T116:PRGE|UNIPROT:P35249:T116:PRGE|UNIPROT:P35250:T116:PRGE|UNIPROT:Q9UIG0:T116:PRGE|UNIPROT:P12314:T116:PRGE|UNIPROT:Q93050:T116:PRGE","score":1.0,"id":7,"start":388,"end":390,"text":"A1","terms":[]},{"ids":"UNIPROT:P10275:T116:PRGE|UNIPROT:P15121:T116:PRGE","score":0.2773381074512686,"id":8,"start":400,"end":403,"text":"Adr","terms":[]}]},{"id":2,"start":405,"end":585,"text":"Use of single-strand conformation polymorphism (SSCP) analysis and DNA sequencing shows that MCF7 has  a wild-type p53 gene, whereas both TNF-resistant sublines exhibit mutant p53.","terms":[{"ids":"UNIPROT:P42771:T116:PRGE","score":0.5018185444306185,"id":1,"start":520,"end":528,"text":"p53 gene","terms":[]},{"ids":"UNIPROT:P01375:T116:PRGE","score":0.5018185444306185,"id":2,"start":543,"end":546,"text":"TNF","terms":[]},{"ids":"UNIPROT:P42771:T116:PRGE","score":0.5018185444306185,"id":3,"start":574,"end":584,"text":"mutant p53","terms":[]}]},{"id":3,"start":586,"end":777,"text":"This includes a point mutation R280K in MCF7/R-A1 cells, and a point mutation at  the splicing acceptor site on the upstream border of exon 5 resulting in a 21 pb  deletion in MCF7/Adr cells.","terms":[{"ids":"UMLS:C0933653:T023:ANAT","score":1.0,"id":1,"start":633,"end":635,"text":"A1","terms":[]},{"ids":"UNIPROT:P10275:T116:PRGE|UNIPROT:P15121:T116:PRGE","score":0.781026022777718,"id":2,"start":767,"end":770,"text":"Adr","terms":[]}]},{"id":4,"start":778,"end":876,"text":"These mutations result in loss of p53 capacity to transactivate FASAY (functional assay in yeast).","terms":[{"ids":"UNIPROT:P42771:T116:PRGE","score":0.6424680458828813,"id":1,"start":812,"end":815,"text":"p53","terms":[]}]},{"id":5,"start":877,"end":1152,"text":"In contrast to what is observed  for parental MCF7 cells, treatment of resistant sublines with TNF or gamma-irradiation fails neither to induce the expression of the p53-regulated gene products p21waf1/CIP1 and MDM2, nor to arrest the cells in the G1 phase of the cell cycle.","terms":[{"ids":"UNIPROT:P01375:T116:PRGE","score":0.3396860971146286,"id":1,"start":972,"end":975,"text":"TNF","terms":[]},{"ids":"UNIPROT:P42771:T116:PRGE","score":0.3396860971146286,"id":2,"start":1043,"end":1070,"text":"p53-regulated gene products","terms":[]},{"ids":"UNIPROT:P38936:T116:PRGE|UNIPROT:Q9BXP2:T116:PRGE","score":0.3396860971146286,"id":3,"start":1079,"end":1083,"text":"CIP1","terms":[]}]},{"id":6,"start":1153,"end":1340,"text":"Disruption of p53 wild-type function in MCF7 cells by transfection with human papillomavirus type-16 E6 gene, leads to abrogation of the cytotoxic, but not the cytostatic activity of TNF.","terms":[{"ids":"UNIPROT:P42771:T116:PRGE","score":0.3530298563157227,"id":1,"start":1167,"end":1170,"text":"p53","terms":[]},{"ids":"UNIPROT:Q8TA86:T116:PRGE|UNIPROT:Q9H0Z9:T116:PRGE","score":0.3530298563157227,"id":2,"start":1225,"end":1261,"text":"human papillomavirus type-16 E6 gene","terms":[]},{"ids":"UNIPROT:P01375:T116:PRGE","score":0.3530298563157227,"id":3,"start":1336,"end":1339,"text":"TNF","terms":[]}]},{"id":7,"start":1341,"end":1545,"text":"Altogether, our results strongly suggest that wild-type p53 is involved in cytotoxic action of TNF, and point out that loss of p53 function contributes to resistance of tumor cell to TNF-induced killing..","terms":[{"ids":"UNIPROT:Q13326:T116:PRGE|UNIPROT:P38405:T116:PRGE","score":0.8117429646026985,"id":1,"start":1387,"end":1400,"text":"wild-type p53","terms":[]},{"ids":"UNIPROT:P01375:T116:PRGE","score":0.8117429646026985,"id":2,"start":1436,"end":1439,"text":"TNF","terms":[]},{"ids":"UNIPROT:P42771:T116:PRGE","score":0.8117429646026985,"id":3,"start":1468,"end":1471,"text":"p53","terms":[]},{"ids":"UNIPROT:P01375:T116:PRGE","score":0.8117429646026985,"id":4,"start":1524,"end":1527,"text":"TNF","terms":[]}]}]