[{"id":0,"start":0,"end":79,"text":"Missense mutations in disease genes: a Bayesian approach to evaluate causality.","terms":[]},{"id":1,"start":80,"end":185,"text":"The problem of interpreting missense mutations of disease-causing genes is an increasingly important one.","terms":[]},{"id":2,"start":186,"end":366,"text":"Because these point mutations result in alteration of only a single amino acid of the protein product, it is often unclear whether this change alone is sufficient to cause disease.","terms":[]},{"id":3,"start":367,"end":520,"text":"We propose a Bayesian approach that  utilizes genetic information on affected relatives in families ascertained through known missense-mutation carriers.","terms":[]},{"id":4,"start":521,"end":651,"text":"This method is useful in evaluating known disease genes for common disease phenotypes, such as breast cancer or colorectal cancer.","terms":[{"ids":"UMLS:C0006141:T023:ANAT","score":1.0,"id":1,"start":616,"end":622,"text":"breast","terms":[]}]},{"id":5,"start":652,"end":871,"text":"The posterior probability that a missense mutation is disease  causing is conditioned on the relationship of the relatives to the proband, the population frequency of the mutation, and the phenocopy rate of the disease.","terms":[]},{"id":6,"start":872,"end":954,"text":"The  approach is demonstrated in two cancer data sets: BRCA1 R841W and APC I1307K.","terms":[{"ids":"UNIPROT:P38398:T116:PRGE","score":0.9762050831728037,"id":1,"start":927,"end":938,"text":"BRCA1 R841W","terms":[]},{"ids":"UNIPROT:P25054:T116:PRGE|UNIPROT:P05177:T116:PRGE|UNIPROT:P04070:T116:PRGE","score":0.9762050831728037,"id":2,"start":943,"end":953,"text":"APC I1307K","terms":[{"ids":"UMLS:C0033036:T047:DISO","score":1.0,"id":1,"start":943,"end":946,"text":"APC","terms":[]}]}]},{"id":7,"start":955,"end":1177,"text":"In  both examples, this method helps establish that these mutations are likely to be  disease causing, with Bayes factors in favor of causality of 5.09 and 66.97, respectively, and posterior probabilities of .836 and .985.","terms":[]},{"id":8,"start":1178,"end":1300,"text":"We also develop a simple approximation for rare alleles and consider the case of unknown penetrance and allele frequency..","terms":[]}]