[{"id":0,"start":0,"end":48,"text":"Beta-catenin mutations in human prostate cancer.","terms":[{"ids":"UNIPROT:P35222:T116:PRGE","score":0.9647937846349184,"id":1,"start":0,"end":12,"text":"Beta-catenin","terms":[]},{"ids":"UMLS:C0033572:T023:ANAT","score":1.0,"id":2,"start":32,"end":40,"text":"prostate","terms":[]}]},{"id":1,"start":49,"end":139,"text":"Beta-catenin plays essential roles in both intercellular adhesion and signal transduction.","terms":[{"ids":"UNIPROT:P35222:T116:PRGE","score":0.9993108768305747,"id":1,"start":49,"end":61,"text":"Beta-catenin","terms":[]}]},{"id":2,"start":140,"end":326,"text":"As a signaling molecule, beta-catenin supplies an activating domain to the T-cell factor/lymphoid enhancer-binding factor family of DNA-binding proteins and activates gene transcription.","terms":[{"ids":"UNIPROT:P35222:T116:PRGE","score":0.5948765186839963,"id":1,"start":165,"end":177,"text":"beta-catenin","terms":[]},{"ids":"UNIPROT:P19835:T116:PRGE","score":0.5948765186839963,"id":2,"start":215,"end":228,"text":"T-cell factor","terms":[]},{"ids":"UNIPROT:Q9Y2R2:T116:PRGE","score":0.5948765186839963,"id":3,"start":229,"end":292,"text":"lymphoid enhancer-binding factor family of DNA-binding proteins","terms":[]}]},{"id":3,"start":327,"end":499,"text":"Posttranslational stabilization of beta-catenin, leading to elevated protein levels and constitutive gene activation, has been proposed as an important step in oncogenesis.","terms":[{"ids":"UNIPROT:P35222:T116:PRGE","score":0.9626055454895298,"id":1,"start":362,"end":374,"text":"beta-catenin","terms":[]}]},{"id":4,"start":500,"end":642,"text":"Stabilization  of beta-catenin can occur through mutation to highly conserved amino acids encoded in exon 3 of the beta-catenin gene (CTNNB1).","terms":[{"ids":"UNIPROT:P35222:T116:PRGE","score":0.9667287980493512,"id":1,"start":518,"end":530,"text":"beta-catenin","terms":[]},{"ids":"UNIPROT:P35222:T116:PRGE","score":0.9667287980493512,"id":2,"start":615,"end":632,"text":"beta-catenin gene","terms":[]},{"ids":"UNIPROT:P35222:T116:PRGE","score":0.9667287980493512,"id":3,"start":634,"end":640,"text":"CTNNB1","terms":[]}]},{"id":5,"start":643,"end":896,"text":"To determine whether this pathway of malignant transformation is important in prostate cancer, we analyzed  104 prostate cancer tissue specimens, 4 prostate cancer cell lines, and 3 prostate tumor xenografts for activating mutations in exon 3 of CTNNB1.","terms":[{"ids":"UMLS:C0033572:T023:ANAT","score":1.0,"id":1,"start":721,"end":729,"text":"prostate","terms":[]},{"ids":"UMLS:C0033572:T023:ANAT","score":1.0,"id":2,"start":755,"end":763,"text":"prostate","terms":[]},{"ids":"UMLS:C0033572:T023:ANAT","score":1.0,"id":3,"start":791,"end":799,"text":"prostate","terms":[]},{"ids":"UMLS:C0033572:T023:ANAT","score":1.0,"id":4,"start":825,"end":833,"text":"prostate","terms":[]},{"ids":"UNIPROT:P35222:T116:PRGE","score":0.5073798129485734,"id":5,"start":889,"end":895,"text":"CTNNB1","terms":[]}]},{"id":6,"start":897,"end":968,"text":"Mutations were detected in 5 of the 104 prostate cancer tissue samples.","terms":[{"ids":"UMLS:C0033572:T023:ANAT","score":1.0,"id":1,"start":937,"end":945,"text":"prostate","terms":[]}]},{"id":7,"start":969,"end":1081,"text":"Four of the five mutations involved serine or threonine residues implicated in the degradation of  beta-catenin.","terms":[{"ids":"UNIPROT:P35222:T116:PRGE","score":0.999420779474845,"id":1,"start":1068,"end":1080,"text":"beta-catenin","terms":[]}]},{"id":8,"start":1082,"end":1180,"text":"A fifth tumor had a mutation at codon 32, changing a highly conserved aspartic acid to a tyrosine.","terms":[]},{"id":9,"start":1181,"end":1358,"text":"Mutational analysis of multiple regions from several tumor samples showed that the beta-catenin mutations were present focally and therefore may occur during tumor progression..","terms":[{"ids":"UNIPROT:P35222:T116:PRGE","score":0.9774654958434926,"id":1,"start":1264,"end":1276,"text":"beta-catenin","terms":[]}]}]