[{"id":0,"start":0,"end":92,"text":"Screening for tumour suppressor p16(CDKN2A) germline mutations in Israeli melanoma families.","terms":[{"ids":"UNIPROT:Q8N726:T116:PRGE|UNIPROT:P42771:T116:PRGE","score":0.6624010627433103,"id":1,"start":32,"end":35,"text":"p16","terms":[]},{"ids":"UNIPROT:Q8N726:T116:PRGE|UNIPROT:P42771:T116:PRGE","score":0.6624010627433103,"id":2,"start":36,"end":42,"text":"CDKN2A","terms":[]}]},{"id":1,"start":93,"end":229,"text":"Approximately ten percent of patients with malignant melanoma have family histories of the disease, suggesting a genetic predisposition.","terms":[{"ids":"UMLS:C0014518:T047:DISO","score":1.0,"id":1,"start":107,"end":110,"text":"ten","terms":[]}]},{"id":2,"start":230,"end":362,"text":"Germline mutations in tumour suppressor p16 gene have been implicated as disease causing mutations in some of the melanoma families.","terms":[{"ids":"UNIPROT:Q8N726:T116:PRGE|UNIPROT:P42771:T116:PRGE","score":0.8625326049413928,"id":1,"start":270,"end":278,"text":"p16 gene","terms":[]}]},{"id":3,"start":363,"end":482,"text":"The frequency of families with p16 germline mutations among melanoma prone families varies from eight to fifty percent.","terms":[{"ids":"UNIPROT:Q8N726:T116:PRGE|UNIPROT:P42771:T116:PRGE","score":0.841180975973439,"id":1,"start":394,"end":397,"text":"p16","terms":[]}]},{"id":4,"start":483,"end":649,"text":"The range of the variability is influenced apparently by the number of melanoma affected individuals within the family, as well as by other, yet unidentified factors.","terms":[]},{"id":5,"start":650,"end":748,"text":"Ethnic background is known to determine both the frequency and the nature of germline alterations.","terms":[]},{"id":6,"start":749,"end":905,"text":"Recently, specific mutations in tumour suppressor genes involved in breast cancer and in colon cancer were found at elevated frequency among Ashkenazi Jews.","terms":[{"ids":"UMLS:C0006141:T023:ANAT","score":1.0,"id":1,"start":817,"end":823,"text":"breast","terms":[]},{"ids":"UMLS:C0009368:T023:ANAT","score":1.0,"id":2,"start":838,"end":843,"text":"colon","terms":[]}]},{"id":7,"start":906,"end":1026,"text":"This report describes results of a screening for  p16 germline alterations in a collection of Israeli melanoma families.","terms":[]},{"id":8,"start":1027,"end":1218,"text":"We have analyzed genomic DNA from thirty one Ashkenazi and non-Ashkenazi Jewish melanoma  families, as well as from thirty melanoma patients without an apparent family history of the disease.","terms":[]},{"id":9,"start":1219,"end":1352,"text":"The entire coding region of the p16 gene was screened by  single strand conformation polymorphism analysis and direct DNA sequencing.","terms":[{"ids":"UNIPROT:Q8N726:T116:PRGE|UNIPROT:P42771:T116:PRGE","score":0.9897451309631128,"id":1,"start":1251,"end":1259,"text":"p16 gene","terms":[]}]},{"id":10,"start":1353,"end":1546,"text":"We have detected a number of carriers with the Ala148 Thr polymorphism at the end of the second exon and several instances of 500(G\u003d\u003eC) substitution at the 3\u0027 untranslated portion of the gene..","terms":[]}]