[{"id":0,"start":0,"end":55,"text":"p53 mutation and tamoxifen resistance in breast cancer.","terms":[{"ids":"UNIPROT:P42771:T116:PRGE","score":0.769002853154409,"id":1,"start":0,"end":12,"text":"p53 mutation","terms":[]},{"ids":"UMLS:C0006141:T023:ANAT","score":1.0,"id":2,"start":41,"end":47,"text":"breast","terms":[]}]},{"id":1,"start":56,"end":207,"text":"A substantial portion of patients with estrogen receptor-positive breast cancer fail to respond to estrogen depletion or to the antiestrogen tamoxifen.","terms":[{"ids":"UMLS:C0006141:T023:ANAT","score":1.0,"id":1,"start":122,"end":128,"text":"breast","terms":[]}]},{"id":2,"start":208,"end":308,"text":"The molecular changes that lead to tamoxifen resistance and estrogen-independent growth are unknown.","terms":[]},{"id":3,"start":309,"end":528,"text":"To test the hypothesis that a p53 mutation could result in tamoxifen resistance and estrogen-independent growth, the MCF-7 cell line was transfected with p53 cDNA which was mutated at codon 179 (histidine to glutamine).","terms":[{"ids":"UNIPROT:P42771:T116:PRGE","score":0.9045409665351656,"id":1,"start":339,"end":351,"text":"p53 mutation","terms":[]},{"ids":"UNIPROT:P42771:T116:PRGE","score":0.9045409665351656,"id":2,"start":463,"end":471,"text":"p53 cDNA","terms":[]}]},{"id":4,"start":529,"end":643,"text":"MCF-7 is an estrogen receptor-positive, estrogen-dependent, tamoxifen-sensitive cell line with only wild-type p53.","terms":[{"ids":"UNIPROT:P03372:T116:PRGE","score":0.5669152556949583,"id":1,"start":541,"end":558,"text":"estrogen receptor","terms":[]},{"ids":"UNIPROT:Q13326:T116:PRGE|UNIPROT:P38405:T116:PRGE","score":0.5669152556949583,"id":2,"start":629,"end":642,"text":"wild-type p53","terms":[]}]},{"id":5,"start":644,"end":780,"text":"The presence of transfected mutant p53 cDNA was verified by the PCR, and overexpression of p53 protein was assessed by Western blotting.","terms":[{"ids":"UNIPROT:P42771:T116:PRGE","score":0.4874965808137086,"id":1,"start":660,"end":687,"text":"transfected mutant p53 cDNA","terms":[]},{"ids":"UNIPROT:P42771:T116:PRGE","score":0.4874965808137086,"id":2,"start":735,"end":746,"text":"p53 protein","terms":[]}]},{"id":6,"start":781,"end":879,"text":"Five separate mutant-transfected clones were selected and tested in subsequent growth experiments.","terms":[]},{"id":7,"start":880,"end":1081,"text":"In monolayer culture,  there was no consistent evidence of estrogen-independent growth or tamoxifen resistance in the mutant transfectants compared with vector-only controls or the  parental cell line.","terms":[]},{"id":8,"start":1082,"end":1208,"text":"In soft agar growth experiments, four of five mutant transfectants remained sensitive to tamoxifen in a dose-dependent manner.","terms":[]},{"id":9,"start":1209,"end":1338,"text":"In the  presence of wild-type p53, mutant 179 p53 protein does not result in estrogen-independent growth or tamoxifen resistance.","terms":[{"ids":"UNIPROT:P42771:T116:PRGE","score":0.4047120239387429,"id":1,"start":1239,"end":1242,"text":"p53","terms":[]},{"ids":"UNIPROT:P42771:T116:PRGE","score":0.4047120239387429,"id":2,"start":1244,"end":1266,"text":"mutant 179 p53 protein","terms":[]}]},{"id":10,"start":1339,"end":1547,"text":"These results do not exclude the possibility that other p53 mutational types could result in tamoxifen resistance, or that loss of the remaining wild-type allele may be necessary to result in this phenotype..","terms":[{"ids":"UNIPROT:P42771:T116:PRGE","score":0.8327679936602831,"id":1,"start":1395,"end":1415,"text":"p53 mutational types","terms":[]}]}]