[{"id":0,"start":0,"end":93,"text":"Astrocytomas and choroid plexus tumors in two families with identical p53 germline mutations.","terms":[{"ids":"UMLS:C0008524:T023:ANAT","score":1.0,"id":1,"start":17,"end":31,"text":"choroid plexus","terms":[]},{"ids":"UNIPROT:P42771:T116:PRGE","score":0.780807666874571,"id":2,"start":70,"end":92,"text":"p53 germline mutations","terms":[]}]},{"id":1,"start":94,"end":258,"text":"Germline p53 mutations carry an increased risk of development of breast cancer, soft tissue and osteosarcomas, brain tumors, leukemia and adrenocortical carcinomas.","terms":[{"ids":"UNIPROT:P42771:T116:PRGE","score":0.8041512445688653,"id":1,"start":103,"end":116,"text":"p53 mutations","terms":[]},{"ids":"UMLS:C0006141:T023:ANAT","score":1.0,"id":2,"start":159,"end":165,"text":"breast","terms":[]},{"ids":"UMLS:C0006104:T023:ANAT","score":1.0,"id":3,"start":205,"end":210,"text":"brain","terms":[]}]},{"id":2,"start":259,"end":350,"text":"Cerebral neoplasms are usually of astrocytic lineage and occur in 40% of affected families.","terms":[{"ids":"UMLS:C0228174:T023:ANAT|UMLS:C0006104:T023:ANAT","score":1.0,"id":1,"start":259,"end":267,"text":"Cerebral","terms":[]}]},{"id":3,"start":351,"end":558,"text":"This report presents clinical, neuropathological and molecular genetic data from 2 families in France with an identical p53 germline mutation in codon 248 (CGG-\u003eTGG; Arg-\u003eTrp) and a clustering of CNS tumors.","terms":[{"ids":"UNIPROT:P42771:T116:PRGE","score":0.7355445194459915,"id":1,"start":471,"end":492,"text":"p53 germline mutation","terms":[]}]},{"id":4,"start":559,"end":757,"text":"The youngest patient in each family developed a malignant choroid plexus tumor while  several young adults of both kindred succumbed to low-grade astrocytoma, anaplastic astrocytoma or glioblastoma.","terms":[{"ids":"UMLS:C0008524:T023:ANAT","score":1.0,"id":1,"start":617,"end":631,"text":"choroid plexus","terms":[]}]},{"id":5,"start":758,"end":908,"text":"The only non-neural neoplasm was an adrenocortical carcinoma in a boy aged 4 years who developed an anaplastic choroid plexus papilloma 2 years later.","terms":[{"ids":"UMLS:C0008524:T023:ANAT","score":1.0,"id":1,"start":869,"end":883,"text":"choroid plexus","terms":[]}]},{"id":6,"start":909,"end":1042,"text":"Of 2 previously reported inherited choroid plexus tumors, 1 occurred in a family which also carried a germline mutation in codon 248.","terms":[{"ids":"UMLS:C0008524:T023:ANAT","score":1.0,"id":1,"start":944,"end":958,"text":"choroid plexus","terms":[]}]},{"id":7,"start":1043,"end":1248,"text":"It remains to be shown whether this unusual pattern of CNS tumors is due to an organ-specific effect of this particular p53 mutation or whether it reflects the genetic background of the affected families..","terms":[{"ids":"UMLS:C0178784:T023:ANAT","score":1.0,"id":1,"start":1122,"end":1127,"text":"organ","terms":[]},{"ids":"UNIPROT:P42771:T116:PRGE","score":0.7496724704572495,"id":2,"start":1163,"end":1175,"text":"p53 mutation","terms":[]}]}]