[{"id":0,"start":0,"end":91,"text":"Very frequent p53 mutations in metastatic prostate carcinoma and in matched primary tumors.","terms":[{"ids":"UNIPROT:P42771:T116:PRGE","score":0.7008466579532648,"id":1,"start":14,"end":27,"text":"p53 mutations","terms":[]},{"ids":"UMLS:C0033572:T023:ANAT","score":1.0,"id":2,"start":42,"end":50,"text":"prostate","terms":[]}]},{"id":1,"start":92,"end":301,"text":"BACKGROUND: The frequency of mutant p53 in bone marrow metastases of patients with carcinoma of the prostate (CaP) and in matched sets of metastatic and primary lesions from the same patients was investigated.","terms":[{"ids":"UNIPROT:P42771:T116:PRGE","score":0.7115211486506928,"id":1,"start":121,"end":131,"text":"mutant p53","terms":[]},{"ids":"UMLS:C0262950:T023:ANAT","score":1.0,"id":2,"start":135,"end":139,"text":"bone","terms":[]},{"ids":"UMLS:C0376152:T023:ANAT","score":1.0,"id":3,"start":140,"end":146,"text":"marrow","terms":[]},{"ids":"UMLS:C0033572:T023:ANAT","score":1.0,"id":4,"start":192,"end":200,"text":"prostate","terms":[]},{"ids":"UMLS:C1855179:T047:DISO","score":1.0,"id":5,"start":202,"end":205,"text":"CaP","terms":[]}]},{"id":2,"start":302,"end":468,"text":"The data were examined in relation to prior treatment with androgen ablation (AA) therapy and were compared with the frequency of mutant p53 reported for primary CaP.","terms":[{"ids":"UMLS:C1862382:T047:DISO","score":1.0,"id":1,"start":380,"end":382,"text":"AA","terms":[]},{"ids":"UNIPROT:P42771:T116:PRGE","score":0.5761017456657653,"id":2,"start":432,"end":442,"text":"mutant p53","terms":[]},{"ids":"UMLS:C1855179:T047:DISO","score":1.0,"id":3,"start":464,"end":467,"text":"CaP","terms":[]}]},{"id":3,"start":469,"end":622,"text":"METHODS: Seventeen patients with M1b (bone metastasis: TNM Stage IV) CaP had either unilateral or bilateral bone marrow biopsies taken for these studies.","terms":[{"ids":"UMLS:C0262950:T023:ANAT","score":1.0,"id":1,"start":507,"end":511,"text":"bone","terms":[]},{"ids":"UMLS:C1855179:T047:DISO","score":1.0,"id":2,"start":538,"end":541,"text":"CaP","terms":[]},{"ids":"UMLS:C0262950:T023:ANAT","score":1.0,"id":3,"start":577,"end":581,"text":"bone","terms":[]},{"ids":"UMLS:C0376152:T023:ANAT","score":1.0,"id":4,"start":582,"end":588,"text":"marrow","terms":[]}]},{"id":4,"start":623,"end":731,"text":"Specimens were divided and the outer one-third examined histologically to confirm the presence of CaP cells.","terms":[{"ids":"UMLS:C1855179:T047:DISO","score":1.0,"id":1,"start":721,"end":724,"text":"CaP","terms":[]}]},{"id":5,"start":732,"end":843,"text":"Immunohistochemical (IHC) staining for accumulated p53 protein was performed by an antibody cocktail technique.","terms":[{"ids":"UNIPROT:P42771:T116:PRGE","score":0.953716169629837,"id":1,"start":783,"end":794,"text":"p53 protein","terms":[]}]},{"id":6,"start":844,"end":1162,"text":"RNA was extracted from the remaining portion of the biopsy, and p53 transcripts were amplified by reverse transcriptase-polymerase chain reaction (RT-PCR) and screened for base sequence changes in the exon 4-11 region using nonisotopic single-strand conformation polymorphism (SSCP) analysis and direct DNA sequencing.","terms":[{"ids":"UNIPROT:P42771:T116:PRGE","score":0.5964226566391408,"id":1,"start":908,"end":923,"text":"p53 transcripts","terms":[]},{"ids":"UNIPROT:P63132:T116:PRGE|UNIPROT:P63135:T116:PRGE|UNIPROT:P63128:T116:PRGE|UNIPROT:Q9BXR3:T116:PRGE|UNIPROT:O15314:T116:PRGE|UNIPROT:O14746:T116:PRGE|UNIPROT:Q9UQG0:T116:PRGE|UNIPROT:P10266:T116:PRGE|UNIPROT:Q9WJR5:T116:PRGE|UNIPROT:P63133:T116:PRGE|UNIPROT:Q9QC07:T116:PRGE|UNIPROT:P63136:T116:PRGE","score":0.5964226566391408,"id":2,"start":942,"end":963,"text":"reverse transcriptase","terms":[]}]},{"id":7,"start":1163,"end":1232,"text":"RESULTS: Ten of 17 metastases (59%) demonstrated accumulation of p53.","terms":[{"ids":"UMLS:C0014518:T047:DISO","score":1.0,"id":1,"start":1172,"end":1175,"text":"Ten","terms":[]},{"ids":"UNIPROT:P42771:T116:PRGE","score":0.9987614995488736,"id":2,"start":1228,"end":1231,"text":"p53","terms":[]}]},{"id":8,"start":1233,"end":1364,"text":"Six of 7 (86%) of the p53 IHC positive bone marrow samples contained RT-PCR-SSCP abnormalities, as did 2 of 3 IHC negative samples.","terms":[{"ids":"UNIPROT:P42771:T116:PRGE","score":0.9553545567038833,"id":1,"start":1255,"end":1262,"text":"p53 IHC","terms":[]},{"ids":"UMLS:C0262950:T023:ANAT","score":1.0,"id":2,"start":1272,"end":1276,"text":"bone","terms":[]},{"ids":"UMLS:C0376152:T023:ANAT","score":1.0,"id":3,"start":1277,"end":1283,"text":"marrow","terms":[]}]},{"id":9,"start":1365,"end":1421,"text":"Overall, 12 of 17 metastases (71%) contained mutant p53.","terms":[{"ids":"UNIPROT:P42771:T116:PRGE","score":0.996289808293421,"id":1,"start":1410,"end":1420,"text":"mutant p53","terms":[]}]},{"id":10,"start":1422,"end":1551,"text":"Four of 7 biopsies (57%) retrieved prior to AA contained mutant p53, whereas 8 of 10 post-AA biopsies (80%) contained mutant p53.","terms":[{"ids":"UMLS:C1862382:T047:DISO","score":1.0,"id":1,"start":1466,"end":1468,"text":"AA","terms":[]},{"ids":"UNIPROT:P42771:T116:PRGE","score":0.8823483272698354,"id":2,"start":1479,"end":1489,"text":"mutant p53","terms":[]},{"ids":"UMLS:C1862382:T047:DISO","score":1.0,"id":3,"start":1512,"end":1514,"text":"AA","terms":[]},{"ids":"UNIPROT:P42771:T116:PRGE","score":0.8823483272698354,"id":4,"start":1540,"end":1550,"text":"mutant p53","terms":[]}]},{"id":11,"start":1552,"end":1764,"text":"One patient showed identical SSCP abnormalities in right and left iliac crest metastases after therapy, and in this patient DNA sequencing demonstrated a missense mutation at codon 126 (TAC --\u003e GGC, Tyr --\u003e Gly).","terms":[{"ids":"UMLS:C0735694:T023:ANAT","score":1.0,"id":1,"start":1613,"end":1629,"text":"left iliac crest","terms":[{"ids":"UMLS:C0206138:T047:DISO","score":1.0,"id":1,"start":1624,"end":1629,"text":"crest","terms":[]}]}]},{"id":12,"start":1765,"end":1825,"text":"Archival primary cancers from seven patients were retrieved.","terms":[]},{"id":13,"start":1826,"end":1875,"text":"All seven were IHC positive for p53 accumulation.","terms":[{"ids":"UNIPROT:P42771:T116:PRGE","score":0.8247664810459833,"id":1,"start":1858,"end":1861,"text":"p53","terms":[]}]},{"id":14,"start":1876,"end":1962,"text":"CONCLUSIONS: p53 mutations are associated with increased metastatic potential of  CaP.","terms":[{"ids":"UNIPROT:P42771:T116:PRGE","score":0.8406731306381262,"id":1,"start":1889,"end":1902,"text":"p53 mutations","terms":[]},{"ids":"UMLS:C1855179:T047:DISO","score":1.0,"id":2,"start":1958,"end":1961,"text":"CaP","terms":[]}]},{"id":15,"start":1963,"end":2146,"text":"Abnormalities are found at approximately twice the frequency in metastases than in unselected samples of primary CaP, whereas in matched specimens there is  a high rate of consonance.","terms":[{"ids":"UMLS:C1855179:T047:DISO","score":1.0,"id":1,"start":2076,"end":2079,"text":"CaP","terms":[]}]},{"id":16,"start":2147,"end":2262,"text":"Mutant p53 may contribute to systemic therapy resistance, due to increased association with post-AA CaP specimens..","terms":[{"ids":"UNIPROT:P42771:T116:PRGE","score":0.9558134870928457,"id":1,"start":2154,"end":2157,"text":"p53","terms":[]},{"ids":"UMLS:C1862382:T047:DISO","score":1.0,"id":2,"start":2244,"end":2246,"text":"AA","terms":[]},{"ids":"UMLS:C1855179:T047:DISO","score":1.0,"id":3,"start":2247,"end":2250,"text":"CaP","terms":[]}]}]